tree
version=v4
num_class=1
num_tree_per_iteration=1
label_index=0
max_feature_idx=47
objective=regression
feature_names=Open High Low Close Volume Daily_Return Open_Lag_1 Open_Lag_2 Open_Lag_3 Open_Lag_5 Open_Lag_10 High_Lag_1 High_Lag_2 High_Lag_3 High_Lag_5 High_Lag_10 Low_Lag_1 Low_Lag_2 Low_Lag_3 Low_Lag_5 Low_Lag_10 Close_Lag_1 Close_Lag_2 Close_Lag_3 Close_Lag_5 Close_Lag_10 Volume_Lag_1 Volume_Lag_2 Volume_Lag_3 Volume_Lag_5 Volume_Lag_10 SMA_Close_5 EMA_Close_5 Volatility_5 SMA_Close_10 EMA_Close_10 Volatility_10 SMA_Close_20 EMA_Close_20 Volatility_20 Volume_Ratio_20 DayOfWeek Month DayOfYear WeekOfYear Day Daily_Range Open_Close_Diff
feature_infos=[0.69999999999999996:40699.75] [0.69999999999999996:40699.75] [0.69999999999999996:39507] [0.69999999999999996:39773.5] [1:65498764] [-99.795134443021766:7137.5] [0.69999999999999996:39596.25] [0.69999999999999996:40000] [0.69999999999999996:40699.75] [0.80000000000000004:39799] [0.80000000000000004:44999.75] [0.69999999999999996:39596.25] [0.69999999999999996:40000] [0.69999999999999996:40699.75] [0.80000000000000004:39799] [0.80000000000000004:60000] [0.69999999999999996:39596.25] [0.69999999999999996:39475.25] [0.69999999999999996:39499] [0.69999999999999996:39507] [0.80000000000000004:38298] [0.69999999999999996:39596.25] [0.69999999999999996:39895.25] [0.69999999999999996:39895.25] [0.69999999999999996:39773.5] [0.80000000000000004:39112.25] [1:94006000] [1:94006000] [1:57601065] [1:86105504] [1:84019198] [0.80000000000000004:39192.849999999999] [0.79698184688304519:38817.609985758929] [0:21800.869309706428] [0.84000000000000008:37309.224999999999] [0.8284492085591163:37252.082659080057] [0:15406.540496860594] [0.85999999999999999:35267.3125] [0.8625419483589235:35117.129239701142] [0:10945.709109225429] [4.4926053737220955e-07:19.539202437240714] [0:6] [1:12] [1:365] [1:53] [1:31] [0:9000] [-709.5:1420]
tree_sizes=2881 2902 2901 2883 2896 2885 2876 2872 2882 2875 2867 2862 2867 2882 2864 2848 2851 2850 2845 2849 2861 2842 2837 2843 2856 2855 2834 2839 2829 2826 2825 2841 2846 2839 2841 2840 2850 2832 2842 2833 2859 2840 2826 2832 2837 2839 2823 2855 2835 2840 2833 2846 2841 2809 2808 2855 2838 2837 2810 2851 2846 2837 2846 2829 2819 2830 2820 2827 2837 2833 2825 2840 2844 2840

Tree=0
num_leaves=31
num_cat=0
split_feature=3 0 32 4 32 3 10 39 32 46 46 4 2 27 42 46 44 46 4 3 32 3 3 44 10 9 3 40 30 33
split_gain=3.64646e+11 1.56945e+11 8.52333e+10 2.37206e+10 1.221e+10 1.09472e+10 1.05648e+10 1.0515e+10 9.85021e+09 4.43292e+09 3.59784e+09 2.01543e+09 1.92555e+09 1.90405e+09 1.81831e+09 1.51636e+09 2.97701e+09 2.29064e+09 1.49915e+09 1.41137e+09 1.4e+09 1.3719e+09 1.32316e+09 1.31095e+09 1.27159e+09 1.26951e+09 1.26697e+09 1.23824e+09 1.16976e+09 1.12051e+09
threshold=1943.0500000000002 5005.0000000000009 569.92035172488829 1000.5000000000001 200.65737131805753 1137.2750000000003 5054.2500000000009 12.201544419150512 2989.9416925118549 1.4000000000000201 239.12500000000003 242.50000000000003 3763.5000000000005 1000.5000000000001 9.5000000000000018 4.9000000000000208 12.500000000000002 200.50000000000003 25.500000000000004 364.05000000000007 841.4863195838044 1502.1250000000002 2541.1250000000005 43.500000000000007 5054.2500000000009 5050.5000000000009 79.15000000000002 2.0039948356555115 900.50000000000011 12.394282417567217
decision_type=2 2 2 2 2 2 2 2 2 2 2 2 2 2 2 2 2 2 2 2 2 2 2 2 2 2 2 2 2 2
left_child=2 8 4 6 26 20 -3 15 22 14 25 23 -10 24 18 16 -8 -17 -9 -6 -4 -7 -2 -12 -5 -11 -1 -13 29 -27
right_child=1 3 5 13 19 21 7 9 12 10 11 27 -14 -15 -16 17 -18 -19 -20 -21 -22 -23 -24 -25 -26 28 -28 -29 -30 -31
leaf_value=280.44962915033466 389.06292743962541 575.97159520049706 313.28168302207411 544.65580658642421 292.58728499826066 344.17111974718318 1372.1600688975423 940.38679474767048 444.57495294230569 589.82644835989026 1328.4695660309401 976.64422719216429 490.71349613532885 584.56763647088133 1727.0883227495387 742.63723272399034 765.09239697890348 884.83019225752412 1505.2869860796168 301.99450277415184 327.98849944648248 363.26249714696178 416.87737278694306 987.23058416989454 805.46883499973296 870.10683760024972 285.36264540416062 1373.6643020863642 661.10814425561512 1103.0797477169867
leaf_weight=642465 11342 263 43786 63 100427 23787 36 23 5928 32 129 183 3656 1169 30 607 46 531 24 66123 25668 15569 6863 36 181 121 164905 22 36 90
leaf_count=642465 11342 263 43786 63 100427 23787 36 23 5928 32 129 183 3656 1169 30 607 46 531 24 66123 25668 15569 6863 36 181 121 164905 22 36 90
internal_value=293.557 461.497 288.685 771.072 283.996 330.655 873.409 913.607 421.148 1064.27 1021.72 1123.94 462.175 611.085 1422.97 823.949 1031.61 808.986 1228.85 296.322 318.717 351.724 399.549 1254.02 738.128 886.145 281.453 1019.25 924.534 969.479
internal_weight=1.11414e+06 31411 1.08273e+06 3622 973920 108810 2209 1946 27789 726 649 370 9584 1413 77 1220 82 1138 47 166550 69454 39356 18205 165 244 279 807370 205 247 211
internal_count=1114141 31411 1082730 3622 973920 108810 2209 1946 27789 726 649 370 9584 1413 77 1220 82 1138 47 166550 69454 39356 18205 165 244 279 807370 205 247 211
is_linear=0
shrinkage=1


Tree=1
num_leaves=31
num_cat=0
split_feature=2 0 32 4 32 32 3 10 39 46 46 4 2 27 3 2 42 40 4 33 43 3 10 46 3 9 32 36 39 40
split_gain=3.29169e+11 1.45014e+11 7.34715e+10 2.14079e+10 1.02816e+10 9.86476e+09 9.77887e+09 9.5347e+09 9.50215e+09 4.5392e+09 4.19992e+09 1.97012e+09 1.73807e+09 1.71841e+09 1.59054e+09 1.50037e+09 1.49589e+09 1.38328e+09 1.32121e+09 1.21725e+09 2.96512e+09 1.14783e+09 1.14761e+09 1.1364e+09 1.04886e+09 1.00673e+09 9.80163e+08 9.73428e+08 1.36245e+09 9.25515e+08
threshold=1840.2500000000002 5005.0000000000009 533.99479831920064 1000.5000000000001 1035.8006261931193 2989.9416925118549 184.95000000000002 5054.2500000000009 11.759559458731106 1.4000000000000201 200.50000000000003 242.50000000000003 3763.5000000000005 1000.5000000000001 1359.3750000000002 2366.7500000000005 9.5000000000000018 1.8402201149261528 25.500000000000004 0.46309698799556581 172.50000000000003 336.85000000000008 5054.2500000000009 291.00000000000006 752.37500000000011 5050.5000000000009 71.091185247308289 171.21406299172821 14.289998401524725 0.057715327091156947
decision_type=2 2 2 2 2 2 2 2 2 2 2 2 2 2 2 2 2 2 2 2 2 2 2 2 2 2 2 2 2 2
left_child=2 5 6 7 24 15 26 -3 19 16 25 27 -7 22 -6 -2 18 -13 -10 20 -9 -8 -5 29 -4 -11 -1 28 -12 -21
right_child=1 3 4 13 14 12 21 8 9 10 11 17 -14 -15 -16 -17 -18 -19 -20 23 -22 -23 -24 -25 -26 -27 -28 -29 -30 -31
leaf_value=-12.548966940455157 85.959558058919853 268.29383090204163 15.821137885759825 238.54383793179952 42.584144538404537 143.46518861280364 -1.7840015804912051 1211.2574291992187 648.5623860677083 260.75471761067706 957.23144387637876 634.25802690958244 187.29864710677634 276.46006483693117 61.281884041169889 113.43845774392217 1361.8547371419272 984.42843979344218 1167.9344240722655 690.79747674404052 419.89586223733841 6.5973987333522688 486.31620343455955 561.32799028306795 28.294391966775208 567.22133456226368 -8.3611137954576531 1233.3390295410156 648.34648976045503 440.71455796983514
leaf_weight=615420 10883 263 41856 63 24314 5929 99848 20 24 30 119 194 3656 1169 21371 9139 30 33 25 39 29 69132 181 361 28215 251 180756 20 51 720
leaf_count=615420 10883 263 41856 63 24314 5929 99848 20 24 30 119 194 3656 1169 21371 9139 30 33 25 39 29 69132 181 361 28215 251 180756 20 51 720
internal_value=-6.01655e-09 155.005 -4.76511 453.639 32.8759 118.471 -9.27958 550.859 589.048 724.569 683.912 784.593 160.185 301.651 51.3308 98.5022 1083.79 685.164 913.548 498.971 742.901 1.64494 422.342 488.299 20.8437 534.502 -11.5982 903.384 864.566 453.565
internal_weight=1.11414e+06 33229 1.08091e+06 3622 115756 29607 965156 2209 1946 777 698 417 9585 1413 45685 20022 79 227 49 1169 49 168980 244 1120 70071 281 796176 190 170 759
internal_count=1114141 33229 1080912 3622 115756 29607 965156 2209 1946 777 698 417 9585 1413 45685 20022 79 227 49 1169 49 168980 244 1120 70071 281 796176 190 170 759
is_linear=0
shrinkage=0.05


Tree=2
num_leaves=31
num_cat=0
split_feature=2 0 32 4 3 3 10 39 2 9 46 36 29 26 39 3 42 2 46 44 46 3 32 46 27 3 37 36 39 36
split_gain=2.97188e+11 1.24451e+11 7.28722e+10 1.93206e+10 1.05849e+10 9.19685e+09 8.60506e+09 8.59504e+09 7.29423e+09 3.61085e+09 4.54295e+09 2.39011e+09 1.91838e+09 1.59154e+09 1.57775e+09 1.41172e+09 1.40421e+09 1.32746e+09 1.29824e+09 2.61736e+09 1.92443e+09 1.17601e+09 1.17313e+09 1.16975e+09 1.13746e+09 1.00857e+09 9.10025e+08 9.03606e+08 8.83021e+08 8.75671e+08
threshold=2000.0500000000002 5005.0000000000009 587.96999503867335 1000.5000000000001 209.55000000000004 1137.2750000000003 5054.2500000000009 12.201544419150512 3220.5000000000005 5050.5000000000009 1.4000000000000201 9.95095377898412 450.50000000000006 1300.5000000000002 15.288341513335753 1589.6000000000001 9.5000000000000018 2595.2500000000005 4.9000000000000208 12.500000000000002 200.50000000000003 391.55000000000007 90.953283674688038 200.50000000000003 190.50000000000003 853.05000000000007 3501.2625000000003 171.21406299172821 11.690701912731685 21.395941739008901
decision_type=2 2 2 2 2 2 2 2 2 2 2 2 2 2 2 2 2 2 2 2 2 2 2 2 2 2 2 2 2 2
left_child=2 8 4 6 22 25 27 18 17 -9 16 14 23 -5 -12 -7 -11 -2 19 -8 -20 -6 -1 -13 -25 -4 -10 -3 -22 -14
right_child=1 3 5 13 21 15 7 9 26 10 11 12 29 -15 -16 -17 -18 -19 20 -21 28 -23 -24 24 -26 -27 -28 -29 -30 -31
leaf_value=-11.748802810209382 89.912358878600614 226.18851428349814 18.7192649418743 393.7904227277358 -0.083466416612247171 47.087141976740625 989.99817708333342 313.79677659419548 139.12813184170582 936.63880677804718 655.61759884617913 684.45564162129108 669.18833725873174 260.30653003440551 365.14988631211321 66.823749345479413 1406.3658508300782 117.13854837103122 403.87543958509968 420.78073703931727 521.12336650923191 8.7720702606919758 -6.8408890678966259 1039.7940069580079 791.53134677432001 31.706237734368933 174.46620534821153 554.25954589843752 851.95578031994046 365.71875947894478
leaf_weight=667377 10810 240 41924 278 102953 27748 36 57 3130 41 119 99 85 1135 77 13453 26 7642 607 46 510 58961 148927 80 109 23235 4359 23 21 33
leaf_count=667377 10810 240 41924 278 102953 27748 36 57 3130 41 119 99 85 1135 77 13453 26 7642 607 46 510 58961 148927 80 109 23235 4359 23 21 33
internal_value=1.53072e-08 156.412 -4.26343 430.957 -8.53701 35.0417 523.316 559.595 118.079 695.813 728.362 684.894 754.116 286.569 541.505 53.5316 1118.92 101.188 478.535 670.681 464.689 3.14128 -10.8534 823.686 896.616 23.3503 159.697 254.879 534.207 584.32
internal_weight=1.11414e+06 29563 1.08458e+06 3622 978218 106360 2209 1946 25941 726 669 602 406 1413 196 41201 67 18452 1220 82 1138 161914 816304 288 189 65159 7489 263 531 118
internal_count=1114141 29563 1084578 3622 978218 106360 2209 1946 25941 726 669 602 406 1413 196 41201 67 18452 1220 82 1138 161914 816304 288 189 65159 7489 263 531 118
is_linear=0
shrinkage=0.05


Tree=3
num_leaves=31
num_cat=0
split_feature=3 0 32 4 32 32 10 39 32 9 46 36 36 3 32 27 39 28 3 42 46 44 46 46 10 4 3 33 36 3
split_gain=2.68253e+11 1.20865e+11 5.71036e+10 1.74368e+10 8.93439e+09 8.58853e+09 7.76607e+09 7.75702e+09 7.07067e+09 3.25879e+09 4.10001e+09 2.15707e+09 1.77561e+09 1.50824e+09 1.48162e+09 1.46622e+09 1.42392e+09 1.34924e+09 1.31192e+09 1.2673e+09 1.17166e+09 2.36216e+09 1.73679e+09 1.04847e+09 1.01902e+09 1.00944e+09 9.41944e+08 8.56682e+08 8.18439e+08 8.17227e+08
threshold=1801.1250000000002 5005.0000000000009 503.39587119808414 1000.5000000000001 2989.9416925118549 985.08892143279695 5054.2500000000009 12.201544419150512 167.6714308412451 5050.5000000000009 1.4000000000000201 9.95095377898412 14.972661768424443 2317.7750000000005 3525.5595675824202 1000.5000000000001 15.288341513335753 350.50000000000006 1359.3750000000002 9.5000000000000018 4.9000000000000208 12.500000000000002 200.50000000000003 185.29999999999998 5054.2500000000009 99.500000000000014 305.55000000000007 1.9703997863943965 14.718454223665903 700.05000000000007
decision_type=2 2 2 2 2 2 2 2 2 2 2 2 2 2 2 2 2 2 2 2 2 2 2 2 2 2 2 2 2 2
left_child=2 4 8 6 13 29 -3 20 -1 -9 19 16 17 -2 -6 24 27 -13 -7 28 21 -8 -22 -14 -5 -25 -10 -12 -11 -4
right_child=1 3 5 15 14 18 7 9 26 10 11 12 23 -15 -16 -17 -18 -19 -20 -21 22 -23 -24 25 -26 -27 -28 -29 -30 -31
leaf_value=-10.619204908869317 74.31837148865273 242.13518456288617 12.605254859773764 210.52906750875806 123.97038516560595 37.358518519966701 940.49827507866758 298.10693776983965 -2.713276927642454 1118.7174517822266 791.83753210979967 970.85747569094428 512.1186361083985 100.53353403136926 163.33753384723479 248.9708730780844 346.89239278025445 646.65259530203684 54.192625806943731 1336.0475494384766 383.68165747251305 399.74168946639355 507.49678793007371 1010.0312343750001 444.00707444670456 664.92333319959027 4.6101445065144331 516.34307409835196 671.79682035900305 23.196020077063324
leaf_weight=776398 11439 263 43049 63 4532 28462 36 57 103934 20 46 93 100 10544 5057 1169 77 49 19505 26 607 46 531 25 181 139 76024 73 21 31575
leaf_count=776398 11439 263 43049 63 4532 28462 36 57 103934 20 46 93 100 10544 5057 1169 77 49 19505 26 607 46 531 25 181 139 76024 73 21 31575
internal_value=-9.29938e-09 135.843 -4.43105 409.409 104.459 27.6968 497.151 531.616 -8.54938 661.023 691.944 650.649 716.411 86.8923 144.732 272.24 514.43 858.984 44.2038 1062.97 454.608 637.147 441.455 639.723 383.724 717.531 0.380533 622.837 889.807 17.0864
internal_weight=1.11414e+06 35194 1.07895e+06 3622 31572 122591 2209 1946 956356 726 669 602 406 21983 9589 1413 196 142 47967 67 1220 82 1138 264 244 164 179958 119 41 74624
internal_count=1114141 35194 1078947 3622 31572 122591 2209 1946 956356 726 669 602 406 21983 9589 1413 196 142 47967 67 1220 82 1138 264 244 164 179958 119 41 74624
is_linear=0
shrinkage=0.05


Tree=4
num_leaves=31
num_cat=0
split_feature=2 0 32 26 32 10 32 39 3 46 46 4 30 28 8 32 1 3 39 39 3 32 2 36 46 44 46 42 36 2
split_gain=2.42242e+11 1.01323e+11 5.9409e+10 1.5808e+10 9.18498e+09 7.13694e+09 7.03713e+09 6.93179e+09 5.9948e+09 3.19033e+09 3.05457e+09 2.00901e+09 1.44858e+09 1.41718e+09 1.27053e+09 1.1816e+09 1.13404e+09 1.1314e+09 9.77208e+08 1.20717e+09 9.72845e+08 9.44192e+08 9.42813e+08 9.35885e+08 9.34176e+08 1.81642e+09 1.20362e+09 9.27202e+08 1.3521e+09 8.4228e+08
threshold=2000.0500000000002 5005.0000000000009 607.5691914367851 1000.5000000000001 222.90650567142768 5054.2500000000009 1203.1480104464247 11.759559458731106 3180.7500000000005 4.4000000000000634 185.29999999999998 242.50000000000003 130.50000000000003 1000.5000000000001 5051.0000000000009 4623.5779193300286 93.050000000000011 894.95000000000016 195.41621396968984 14.289998401524725 411.45000000000005 1567.2857949142549 3763.5000000000005 171.21406299172821 4.9000000000000208 15.500000000000002 200.50000000000003 9.5000000000000018 14.972661768424443 2595.2500000000005
decision_type=2 2 2 2 2 2 2 2 2 2 2 2 2 2 2 2 2 2 2 2 2 2 2 2 2 2 2 2 2 2
left_child=2 8 4 5 16 23 17 24 15 27 -11 18 -13 14 -5 29 -1 -4 19 -12 -6 -8 -10 -3 25 -7 -26 28 -9 -2
right_child=1 3 6 13 20 7 21 9 22 10 11 12 -14 -15 -16 -17 -18 -19 -20 -21 -22 -23 -24 -25 26 -27 -28 -29 -30 -31
leaf_value=-10.623501840994118 81.068945874695231 203.03609410490586 17.545820250067823 185.48411333356586 0.55046740274118355 836.7107762263372 43.67783651699164 1009.6457805238921 126.39180186473602 445.0470742202387 829.37807092587809 840.6886658747992 519.88682056901644 234.60874101559736 436.72284003742584 465.04903390066966 -5.8750889824413184 31.053401507078934 1082.5588651657106 543.22535791936912 8.7809089467802348 60.205139770325644 160.34213487564867 550.72473028273805 366.16052538955421 354.14036207932691 471.46035920956888 1148.2309599514665 475.25578231811528 103.46264574076628
leaf_weight=670278 10805 247 40661 70 102086 39 22189 29 4496 246 121 42 217 1158 179 21 154774 25055 24 53 55381 14154 3751 21 570 39 518 29 20 6868
leaf_count=670278 10805 247 40661 70 102086 39 22189 29 4496 246 121 42 217 1158 179 21 154774 25055 24 53 55381 14154 3751 21 570 39 518 29 20 6868
internal_value=-8.24044e-09 141.215 -3.84918 388.939 -7.62074 472.191 32.4595 505.489 106.627 620.764 587.102 663.57 571.909 257.878 366.093 90.2169 -9.73273 22.6957 783.47 742.217 3.44511 50.1145 141.834 230.28 428.277 595.426 416.294 924.148 791.527 89.7715
internal_weight=1.11414e+06 29563 1.08458e+06 3622 982519 2215 102059 1947 25941 781 703 457 259 1407 249 17694 825052 65716 198 174 157467 36343 8247 268 1166 78 1088 78 49 17673
internal_count=1114141 29563 1084578 3622 982519 2215 102059 1947 25941 781 703 457 259 1407 249 17694 825052 65716 198 174 157467 36343 8247 268 1166 78 1088 78 49 17673
is_linear=0
shrinkage=0.05


Tree=5
num_leaves=31
num_cat=0
split_feature=32 0 3 4 32 2 9 39 32 46 46 2 4 27 36 2 40 33 33 32 36 46 46 44 44 14 29 45 3 33
split_gain=2.18747e+11 9.31326e+10 5.21297e+10 1.43214e+10 7.12467e+09 7.10004e+09 6.59857e+09 6.20315e+09 5.91751e+09 3.23467e+09 2.27825e+09 1.82654e+09 1.24822e+09 1.19027e+09 1.18158e+09 1.1795e+09 1.05547e+09 1.05475e+09 1.72653e+09 9.15504e+08 9.03793e+08 9.03629e+08 1.20165e+09 1.77014e+09 8.78253e+08 8.51719e+08 7.2407e+08 8.44395e+08 7.18218e+08 6.94984e+08
threshold=1961.4484895317244 5005.0000000000009 556.62500000000011 1000.5000000000001 185.81523621852526 1070.1250000000002 5050.5000000000009 12.126062680023731 3525.5595675824202 1.4000000000000201 239.12500000000003 2595.2500000000005 310.50000000000006 1000.5000000000001 16.928952069654397 1460.0500000000002 1.9696225704220027 12.394282417567217 22.012908918928201 347.08505122569863 11.511554255883462 291.00000000000006 4.7000000000000108 12.500000000000002 47.500000000000007 5074.5000000000009 450.50000000000006 4.5000000000000009 61.050000000000004 80.571853435927167
decision_type=2 2 2 2 2 2 2 2 2 2 2 2 2 2 2 2 2 2 2 2 2 2 2 2 2 2 2 2 2 2
left_child=2 8 4 6 28 -4 29 21 11 14 17 -2 24 25 20 -7 -14 -11 -19 -6 -9 22 23 -8 26 -5 27 -12 -1 -3
right_child=1 3 5 13 19 15 7 9 -10 10 12 -13 16 -15 -16 -17 -18 18 -20 -21 -22 -23 -24 -25 -26 -27 -28 -29 -30 -31
leaf_value=-10.385593659981069 75.375997185207567 176.52110588626087 18.466030550904048 180.20790332858849 -1.388247185380697 37.634562950695333 824.53443777296275 820.74495864868175 148.20780773976614 383.84877460140211 526.14240404211967 104.23983597835509 490.06793183627201 224.21375089323962 673.19344380696612 54.336483751998145 861.56934758966622 761.96799812963457 362.61245678710941 5.9031798471861627 1275.8483703613283 472.70048765039564 360.17399123084738 358.61299604050657 444.8604196777344 398.38095802100929 532.29472698343216 855.19272437095651 -6.9988162586844203 484.31131774902343
leaf_weight=579753 12123 221 66957 59 105255 26438 36 20 5092 191 23 10004 146 1169 33 17613 22 59 50 72844 24 387 748 47 25 185 29 128 214440 20
leaf_count=579753 12123 221 66957 59 105255 26438 36 20 5092 191 23 10004 146 1169 33 17613 22 59 50 72844 24 387 748 47 25 185 29 128 214440 20
internal_value=2.72249e-08 131.305 -3.73818 369.492 -7.44428 28.7226 449.009 479.25 99.6096 592.375 557.252 88.4258 639.755 245.179 899.359 44.3125 538.717 454.673 578.777 1.59401 1068.98 409.592 380.202 560.699 722.556 345.626 761.125 805.072 -9.47113 202.064
internal_weight=1.11414e+06 30841 1.0833e+06 3622 972292 111008 2209 1968 27219 750 673 22127 373 1413 77 44051 168 300 109 178099 44 1218 831 83 205 244 180 151 794193 241
internal_count=1114141 30841 1083300 3622 972292 111008 2209 1968 27219 750 673 22127 373 1413 77 44051 168 300 109 178099 44 1218 831 83 205 244 180 151 794193 241
is_linear=0
shrinkage=0.05


Tree=6
num_leaves=31
num_cat=0
split_feature=3 0 32 26 37 3 9 3 39 29 10 46 36 2 2 28 26 42 33 37 39 36 5 40 36 3 33 28 4 39
split_gain=1.97602e+11 8.87548e+10 4.20346e+10 1.3053e+10 6.69125e+09 6.3656e+09 6.17435e+09 5.23917e+09 5.07296e+09 2.9276e+09 2.57333e+09 2.9763e+09 2.01791e+09 1.19183e+09 1.17652e+09 1.07862e+09 1.0304e+09 9.97502e+08 9.72324e+08 9.32151e+08 9.08795e+08 8.72522e+08 8.69505e+08 8.52864e+08 7.62928e+08 7.6145e+08 7.61141e+08 7.40392e+08 7.11754e+08 6.65772e+08
threshold=1801.1250000000002 5005.0000000000009 503.39587119808414 1300.5000000000002 2994.4937500000005 988.62500000000011 5050.5000000000009 156.15000000000001 11.759559458731106 890.50000000000011 5054.2500000000009 2.9000000000000203 9.7837686386844691 2366.7500000000005 3763.5000000000005 190.50000000000003 75.500000000000014 9.5000000000000018 1.8741415332142852 1335.0750000000003 5.3121517332010617 14.718454223665903 -54.487983802874439 0.057715327091156947 12.441287912387917 290.05000000000007 80.571853435927167 613.50000000000011 455.50000000000006 195.41621396968984
decision_type=2 2 2 2 2 2 2 2 2 2 2 2 2 2 2 2 2 2 2 2 2 2 2 2 2 2 2 2 2 2
left_child=2 4 7 6 13 -4 26 -1 20 10 -10 17 18 -2 22 21 -17 -12 -13 -7 -8 24 -6 -22 -14 -9 -3 -11 -5 -23
right_child=1 3 5 28 14 19 8 25 9 27 11 12 15 -15 -16 16 -18 -19 -20 -21 23 29 -24 -25 -26 -27 -28 -29 -30 -31
leaf_value=-9.1696429906318695 64.811673722331847 173.44237161266946 14.736643424839958 390.93631514209812 411.99173151652025 31.985969725055625 263.60246256807426 -2.7168084714418779 277.00977642725383 489.64068646098298 787.65160037250052 607.20591034889219 677.07577921549489 88.165962764112351 148.4848770585325 862.56801710862385 527.27095930662801 1199.0485733695652 370.58930566858362 46.15028465181576 623.92712819169219 572.53265559498857 110.41538369979173 391.49859782755379 1008.8849109184453 3.6775755229585609 493.8541711425782 234.00999825718893 213.07196488656447 858.79033270941841
leaf_weight=767922 12715 253 75327 59 24 26711 137 104412 63 43 41 64 30 9578 3456 26 193 23 135 20553 41 82 5799 1056 41 84022 20 83 1205 27
leaf_count=767922 12715 253 75327 59 24 26711 137 104412 63 43 41 64 30 9578 3456 26 193 23 135 20553 41 82 5799 1056 41 84022 20 83 1205 27
internal_value=3.29106e-08 116.59 -3.80303 351.017 89.6961 23.7617 420.512 -7.33643 449.789 543.705 582.367 611.426 576.743 74.8456 125.375 641.608 567.078 935.497 446.687 38.1454 385.022 732.287 111.658 400.186 868.684 0.134423 196.916 321.249 221.374 643.441
internal_weight=1.11414e+06 35194 1.07895e+06 3622 31572 122591 2358 956356 2085 851 725 662 598 22293 9279 399 219 64 199 47264 1234 180 5823 1097 71 188434 273 126 1264 109
internal_count=1114141 35194 1078947 3622 31572 122591 2358 956356 2085 851 725 662 598 22293 9279 399 219 64 199 47264 1234 180 5823 1097 71 188434 273 126 1264 109
is_linear=0
shrinkage=0.05


Tree=7
num_leaves=31
num_cat=0
split_feature=32 0 3 26 32 8 3 32 39 10 46 46 26 42 33 28 32 3 33 46 44 46 32 33 2 36 39 39 36 37
split_gain=1.78482e+11 8.00321e+10 3.81228e+10 1.17804e+10 6.12864e+09 5.66902e+09 5.25515e+09 5.22161e+09 4.54448e+09 2.76284e+09 2.38911e+09 2.22057e+09 1.66223e+09 1.21511e+09 1.41391e+09 1.14058e+09 1.04473e+09 1.04296e+09 1.02113e+09 9.0162e+08 1.45804e+09 1.05612e+09 8.2463e+08 7.75704e+08 7.5611e+08 6.99614e+08 6.89861e+08 7.81423e+08 6.68503e+08 6.5867e+08
threshold=1794.8701936265691 5005.0000000000009 526.05000000000007 1300.5000000000002 2989.9416925118549 5051.0000000000009 1034.6250000000002 154.79234576422553 11.759559458731106 5054.2500000000009 5.9000000000000208 185.29999999999998 150.50000000000003 9.5000000000000018 10.410567940392601 350.50000000000006 3525.5595675824202 2317.7750000000005 1.2513949025198265 4.7000000000000108 5.5000000000000009 200.50000000000003 310.87715715667383 259.12046077007852 1397.7250000000001 9.7837686386844691 195.41621396968984 15.178663325635819 56.964295999053434 4612.0500000000011
decision_type=2 2 2 2 2 2 2 2 2 2 2 2 2 2 2 2 2 2 2 2 2 2 2 2 2 2 2 2 2 2
left_child=2 4 7 5 17 23 -4 -1 19 28 13 -12 26 14 -11 18 -6 -2 -14 20 -7 -21 -9 -3 -8 -20 27 -13 -10 -5
right_child=1 3 6 29 16 8 24 22 9 10 11 12 15 -15 -16 -17 -18 -19 25 21 -22 -23 -24 -25 -26 -27 -28 -29 -30 -31
leaf_value=-8.737234660226525 60.28773090728744 150.72297918979939 15.251645543034426 137.43297556298805 101.11145811462215 875.38878631591797 32.004061737029055 -2.3619325313057531 192.31665018717447 335.35101293563844 389.60091436954968 746.31596161060122 917.10584239130446 1066.3627004689185 885.7878029687065 418.71131818657682 134.04043073183144 82.156080068664266 386.22838396344866 308.68265650221139 392.4933678874263 403.83418633848908 4.147020320104402 467.95028257824129 45.470800868382035 627.03906044648079 984.06951626864338 424.83772125244144 511.48290492466526 228.18256026131769
leaf_weight=763701 11507 234 70853 249 4571 22 26495 117893 75 20 228 89 23 29 28 151 5092 10362 42 605 54 563 82862 21 17183 107 22 24 21 1015
leaf_count=763701 11507 234 70853 249 4571 22 26495 117893 75 20 228 89 23 29 28 151 5092 10362 42 605 54 563 82862 21 17183 107 22 24 21 1015
internal_value=-5.09413e-09 110.871 -3.61224 333.467 85.3021 399.487 23.6608 -6.85097 426.483 514.935 546.742 517.1 580.571 810.826 656.439 518.99 118.464 70.6494 607.024 365.406 532.279 354.548 0.32465 176.848 37.3019 559.16 727.909 678.037 262.134 210.305
internal_weight=1.11414e+06 35154 1.07899e+06 3622 31532 2358 114531 964456 2103 859 763 686 458 77 48 323 9663 21869 172 1244 76 1168 200755 255 43678 149 135 113 96 1264
internal_count=1114141 35154 1078987 3622 31532 2358 114531 964456 2103 859 763 686 458 77 48 323 9663 21869 172 1244 76 1168 200755 255 43678 149 135 113 96 1264
is_linear=0
shrinkage=0.05


Tree=8
num_leaves=31
num_cat=0
split_feature=2 0 32 4 3 10 2 39 3 30 9 46 46 4 5 42 32 5 33 33 42 46 3 37 28 36 39 37 40 36
split_gain=1.61211e+11 6.70998e+10 3.98289e+10 1.07374e+10 6.86213e+09 5.2827e+09 4.10044e+09 4.03249e+09 3.92128e+09 3.41665e+09 2.43031e+09 2.85043e+09 1.75508e+09 1.14629e+09 1.10735e+09 1.04082e+09 9.39882e+08 9.32729e+08 8.83522e+08 8.48294e+08 2.20982e+09 7.58762e+08 6.86141e+08 6.84351e+08 6.6499e+08 6.97996e+08 6.40238e+08 6.21836e+08 6.18554e+08 5.48548e+08
threshold=2000.0500000000002 5005.0000000000009 651.67625897440973 1550.5000000000002 234.55000000000004 5054.2500000000009 3220.5000000000005 11.759559458731106 1240.0500000000002 900.50000000000011 5050.5000000000009 5.9000000000000208 185.29999999999998 99.500000000000014 -0.81544750304251001 9.5000000000000018 83.150510037535796 -54.487983802874439 13.557546431931298 0.46309698799556581 3.5000000000000004 291.00000000000006 435.77500000000003 2382.3625000000006 190.50000000000003 10.03624626858686 15.616047930903447 891.79750000000001 0.057715327091156947 10.200398081899253
decision_type=2 2 2 2 2 2 2 2 2 2 2 2 2 2 2 2 2 2 2 2 2 2 2 2 2 2 2 2 2 2
left_child=2 6 4 5 16 -3 17 19 27 10 -9 15 29 -14 -15 18 -1 -2 -12 20 -7 28 -6 -19 25 -16 -11 -4 -21 -13
right_child=1 3 8 -5 22 7 -8 9 -10 26 11 12 13 14 24 -17 -18 23 -20 21 -22 -23 -24 -25 -26 -27 -28 -29 -30 -31
leaf_value=-8.7641297883534666 407.4242916652135 183.17928050038094 15.580348284568883 193.79957744428634 1.0873056161964871 958.04924957275398 118.25621370466963 202.65480834153982 41.941425944896267 421.30098439092228 454.06100528717047 284.69371407452752 798.16717822956593 440.48850945817668 467.3934337659316 1090.5553148542133 -4.736117183677389 63.433211597682956 896.09530064509477 504.63038220527847 291.98768680456914 394.51239856663597 8.0145902853916322 82.78623302218648 536.36681374443913 786.73631895981828 195.90908094787599 25.764126045209885 300.42020366299374 459.72414770927139
leaf_weight=650174 21 307 30996 1191 99018 20 7489 52 33098 46 20 68 53 141 22 28 186323 8359 26 39 33 406 55941 10072 108 77 100 29028 754 131
leaf_count=650174 21 307 30996 1191 99018 20 7489 52 33098 46 20 68 53 141 22 28 186323 8359 26 39 33 406 55941 10072 108 77 100 29028 754 131
internal_value=-6.96164e-09 115.2 -3.14008 316.793 -6.07657 377.051 87.0528 405.072 28.1243 487.624 532.007 557.417 521.306 581.548 548.557 850.206 -7.86692 74.3885 703.906 347.577 543.332 338.924 3.58809 74.0091 622.169 715.771 266.923 20.5053 310.463 399.915
internal_weight=1.11414e+06 29563 1.08458e+06 3622 991456 2431 25941 2124 93122 872 726 674 600 401 348 74 836497 18452 46 1252 53 1199 154959 18431 207 99 146 60024 793 199
internal_count=1114141 29563 1084578 3622 991456 2431 25941 2124 93122 872 726 674 600 401 348 74 836497 18452 46 1252 53 1199 154959 18431 207 99 146 60024 793 199
is_linear=0
shrinkage=0.05


Tree=9
num_leaves=31
num_cat=0
split_feature=2 6 32 26 3 10 32 39 3 30 33 36 36 33 28 38 46 46 44 37 33 39 39 42 30 46 37 3 3 36
split_gain=1.45774e+11 6.64596e+10 2.95861e+10 1.06541e+10 5.71759e+09 4.67916e+09 4.5725e+09 4.55817e+09 3.6636e+09 2.25935e+09 1.65412e+09 1.62915e+09 1.61149e+09 1.45823e+09 1.30811e+09 1.11969e+09 7.74994e+08 1.01384e+09 1.62216e+09 7.6996e+08 7.492e+08 7.41515e+08 7.12459e+08 7.70619e+08 8.50698e+08 6.09974e+08 6.05057e+08 5.89468e+08 5.74942e+08 5.69377e+08
threshold=1725.3000000000002 5023.0000000000009 488.80299535005923 1300.5000000000002 3180.7500000000005 5054.2500000000009 985.08892143279695 12.126062680023731 141.05000000000004 1000.5000000000001 0.51195337459163126 9.95095377898412 14.972661768424443 9.3891478717842052 350.50000000000006 2364.1635847887842 200.50000000000003 4.9000000000000208 12.500000000000002 4612.0500000000011 1.8741415332142852 195.41621396968984 27.100850446973826 6.5000000000000009 249.00000000000003 385.75000000000006 1406.3675000000001 700.05000000000007 282.77500000000003 171.21406299172821
decision_type=2 2 2 2 2 2 2 2 2 2 2 2 2 2 2 2 2 2 2 2 2 2 2 2 2 2 2 2 2 2
left_child=2 4 8 5 15 29 27 16 -1 10 -9 20 14 -14 -13 -2 17 18 -7 -6 25 22 23 -15 -25 -12 -8 -4 -10 -3
right_child=1 3 6 -5 19 7 26 9 28 -11 11 12 13 21 -16 -17 -18 -19 -20 -21 -22 -23 -24 24 -26 -27 -28 -29 -30 -31
leaf_value=-7.9579334920892508 55.176215691903195 150.82253650996995 8.6719466188123331 184.36516792835729 106.06637474529951 721.84754480634422 27.872057709858662 937.18211935292118 -2.6180977981608415 264.66794027078032 410.53975221845843 774.26195644212805 278.26821036049813 402.69513422268545 475.93672236689821 76.7523112890254 377.32844119760352 276.94444021734012 274.23615671793618 153.60252329350013 314.78112743671124 706.94590033072018 214.2197801589966 767.27507548429537 458.60897767601949 754.93208862304698 39.941884721454372 17.483974745709254 2.8160007781033958 392.37239232946331
leaf_weight=751861 15093 253 47494 1240 7380 35 30394 23 116308 99 36 115 66 67 54 9995 568 622 48 963 130 54 20 49 41 20 15771 31608 83707 27
leaf_count=751861 15093 253 47494 1240 7380 35 30394 23 116308 99 36 115 66 67 54 9995 568 622 48 963 130 54 20 49 41 20 15771 31608 83707 27
internal_value=-2.90789e-08 97.5858 -3.3519 302.741 75.6963 365.821 19.4909 392.043 -6.35802 487.73 520.446 505.745 555.678 485.539 678.939 63.7721 333.865 298.847 462.988 111.553 380.643 544.76 495.279 531.083 626.661 533.537 31.9954 12.1931 -0.343908 174.115
internal_weight=1.11414e+06 36998 1.07714e+06 3567 33431 2327 125267 2047 951876 774 675 652 466 297 169 25088 1273 705 83 8343 186 231 177 157 90 56 46165 79102 200015 280
internal_count=1114141 36998 1077143 3567 33431 2327 125267 2047 951876 774 675 652 466 297 169 25088 1273 705 83 8343 186 231 177 157 90 56 46165 79102 200015 280
is_linear=0
shrinkage=0.05


Tree=10
num_leaves=31
num_cat=0
split_feature=32 1 3 4 37 32 9 39 3 30 33 39 10 36 36 39 28 4 2 3 39 46 44 46 3 39 33 33 43 39
split_gain=1.31648e+11 5.89951e+10 2.80762e+10 9.14359e+09 4.50332e+09 4.48777e+09 4.44048e+09 3.27852e+09 3.1918e+09 3.05187e+09 2.87267e+09 2.38686e+09 2.24814e+09 1.5995e+09 1.27826e+09 1.43892e+09 1.01992e+09 1.00376e+09 8.2556e+08 8.00325e+08 7.9448e+08 7.63168e+08 1.74501e+09 7.30995e+08 6.70267e+08 6.62102e+08 6.20493e+08 5.90637e+08 5.65387e+08 6.57922e+08
threshold=1794.8701936265691 5051.5000000000009 572.35000000000002 1550.5000000000002 2994.4937500000005 211.97348938217343 5050.5000000000009 12.126062680023731 1088.1500000000003 900.50000000000011 0.51195337459163126 252.25026023052416 5054.2500000000009 6.3314412970465677 21.395941739008901 195.41621396968984 190.50000000000003 75.500000000000014 3763.5000000000005 2317.7750000000005 5.7824791804075293 4.7000000000000108 12.500000000000002 200.50000000000003 56.550000000000004 15.616047930903447 0.85836797259202746 259.12046077007852 290.50000000000006 13.470666561905924
decision_type=2 2 2 2 2 2 2 2 2 2 2 2 2 2 2 2 2 2 2 2 2 2 2 2 2 2 2 2 2 2
left_child=2 4 5 6 19 24 -3 20 -4 10 -9 12 -12 25 15 16 28 -18 -6 -2 -8 22 -22 -23 -1 -14 -25 -16 29 -15
right_child=1 3 8 -5 18 -7 7 9 -10 -11 11 -13 13 14 27 -17 17 -19 -20 -21 21 23 -24 26 -26 -27 -28 -29 -30 -31
leaf_value=-8.1965996937909402 51.475688239495611 156.63643870935209 14.719881725176998 174.10189697101384 90.90091791359913 1.9373858174374989 215.90913205509298 1078.4488339233399 32.785817690793969 241.74955784190786 141.49142003942418 913.96545589052403 406.15523759751096 700.57789927144211 250.52177140587256 970.14703125000005 801.79103271484382 429.8518542167468 121.68568368267778 70.523340346266323 772.44894665133575 278.06338780079074 277.88158496675038 556.03689703690384 -5.1147469292629237 151.65929835119911 346.54323983173595 513.83581950243786 827.96436767578132 469.2920965976403
leaf_weight=558157 11294 287 62979 1231 6002 159922 171 20 39962 154 54 29 63 62 57 20 20 195 3418 10777 31 515 42 38 257967 43 506 34 30 61
leaf_count=558157 11294 287 62979 1231 6002 159922 171 20 39962 154 54 29 63 62 57 20 20 195 3418 10777 31 515 42 38 257967 43 506 34 30 61
internal_value=2.01559e-08 95.22 -3.10232 285.138 73.129 -5.72165 341.34 366.054 21.7331 442.951 487.987 470.309 450.174 478.668 517.561 557.117 534.67 464.451 102.071 60.7764 316.362 331.537 487.903 320.758 -7.22246 302.916 361.177 348.903 633.344 585.875
internal_weight=1.11414e+06 35154 1.07899e+06 3663 31491 976046 2432 2145 102941 842 688 668 639 585 479 388 368 215 9420 22071 1303 1132 73 1059 816124 106 544 91 153 123
internal_count=1114141 35154 1078987 3663 31491 976046 2432 2145 102941 842 688 668 639 585 479 388 368 215 9420 22071 1303 1132 73 1059 816124 106 544 91 153 123
is_linear=0
shrinkage=0.05


Tree=11
num_leaves=31
num_cat=0
split_feature=2 2 32 26 8 37 32 39 3 33 39 10 36 36 46 3 29 27 39 10 43 33 39 5 27 3 33 37 36 33
split_gain=1.1894e+11 5.4334e+10 2.42084e+10 7.53128e+09 4.40823e+09 4.30382e+09 4.12432e+09 3.49201e+09 2.66536e+09 2.14819e+09 1.97535e+09 1.9583e+09 1.23848e+09 1.35311e+09 1.266e+09 1.22154e+09 1.00258e+09 8.25722e+08 6.74937e+08 6.57327e+08 6.8968e+08 2.48738e+09 1.18796e+09 6.46632e+08 6.34858e+08 6.29193e+08 6.28673e+08 5.6144e+08 5.17599e+08 6.16228e+08
threshold=1725.3000000000002 4911.0000000000009 460.67281081383106 1000.5000000000001 5051.0000000000009 2652.4750000000004 930.61378543917476 12.126062680023731 128.15000000000001 0.51195337459163126 252.25026023052416 5054.2500000000009 6.3314412970465677 21.395941739008901 5.9000000000000208 3725.3750000000005 190.50000000000003 130.50000000000003 14.865919462138539 5054.2500000000009 118.50000000000001 0.51195337459163126 10.257239417991705 -54.487983802874439 190.50000000000003 1299.1250000000002 80.571853435927167 4612.0500000000011 9.95095377898412 16.454430087201612
decision_type=2 2 2 2 2 2 2 2 2 2 2 2 2 2 2 2 2 2 2 2 2 2 2 2 2 2 2 2 2 2
left_child=2 5 8 4 26 -2 -4 19 -1 -9 11 -11 18 14 -14 23 28 -5 -13 -6 21 -21 -23 -7 -18 -8 -3 -19 -16 -30
right_child=1 3 6 17 7 15 25 9 -10 10 -12 12 13 -15 16 -17 24 27 -20 20 -22 22 -24 -25 -26 -27 -28 -29 29 -31
leaf_value=-7.265051576928383 53.080313755564525 113.1580335344587 10.00964438732121 470.80944188435871 122.49285083007813 329.0590193455036 23.310674832105413 911.79937757409141 -0.84519602654899151 175.70830452151415 849.32639747032761 401.43414123289051 815.23791976436496 303.07936525344849 384.25129761872472 113.06570949087082 543.60867432070461 109.19895004881653 160.82207969665529 862.87281587020209 277.74578140777794 289.52178286629163 505.41528907189007 79.369922896129339 364.79806115352744 34.577568004431278 404.70414138793944 190.27629088985762 725.9895077912704 503.83049739369176
leaf_weight=735828 19738 245 83382 24 50 26 29211 23 207202 82 26 62 31 100 27 3951 71 263 55 23 735 348 78 9594 165 21520 20 1135 69 57
leaf_count=735828 19738 245 83382 24 50 26 29211 23 207202 82 26 62 31 100 27 3951 71 263 55 23 735 348 78 9594 165 21520 20 1135 69 57
internal_value=-2.31841e-08 88.1478 -3.02773 270.22 326.801 67.9832 16.8489 352.168 -5.85448 435.873 421.18 405.698 435.304 468.374 507.73 89.6583 483.224 180.016 288.326 300.073 307.572 356.397 329.052 80.0448 418.593 28.0901 135.162 175.024 582.918 625.489
internal_weight=1.11414e+06 36998 1.07714e+06 3689 2267 33309 134113 2002 943030 768 745 719 637 520 420 13571 389 1422 117 1234 1184 449 426 9620 236 50731 265 1398 153 126
internal_count=1114141 36998 1077143 3689 2267 33309 134113 2002 943030 768 745 719 637 520 420 13571 389 1422 117 1234 1184 449 426 9620 236 50731 265 1398 153 126
is_linear=0
shrinkage=0.05


Tree=12
num_leaves=31
num_cat=0
split_feature=37 6 3 26 32 10 39 3 3 28 36 36 4 36 33 44 3 46 46 44 39 39 37 3 29 45 39 3 36 36
split_gain=1.07622e+11 4.55281e+10 2.59553e+10 8.15895e+09 4.30861e+09 3.48142e+09 3.39304e+09 3.33144e+09 2.67745e+09 1.89036e+09 1.29233e+09 1.71516e+09 7.86767e+08 7.77507e+08 7.19978e+08 8.42474e+08 6.82009e+08 6.27948e+08 7.97229e+08 1.29053e+09 6.53597e+08 6.08206e+08 5.51321e+08 5.50778e+08 5.39762e+08 4.89236e+08 4.85625e+08 4.67746e+08 4.66799e+08 4.56061e+08
threshold=1957.2175000000002 5023.0000000000009 629.10000000000014 1300.5000000000002 241.28247699208202 5054.2500000000009 12.126062680023731 3180.7500000000005 1240.0500000000002 613.50000000000011 11.511554255883462 14.972661768424443 400.50000000000006 1.4077910471960244 9.905296113495039 24.500000000000004 67.550000000000011 200.50000000000003 4.9000000000000208 15.500000000000002 9.182296922419388 195.41621396968984 4612.0500000000011 2541.1250000000005 400.50000000000006 12.500000000000002 11.554746998312403 894.95000000000016 171.21406299172821 6.187056083891032
decision_type=2 2 2 2 2 2 2 2 2 2 2 2 2 2 2 2 2 2 2 2 2 2 2 2 2 2 2 2 2 2
left_child=2 7 4 5 16 28 17 23 27 10 13 -12 24 -8 15 -13 -1 18 19 20 -7 25 -9 -2 -11 -16 -19 -4 -3 -15
right_child=1 3 8 -5 -6 6 9 22 -10 12 11 14 -14 29 21 -17 -18 26 -20 -21 -22 -23 -24 -25 -26 -27 -28 -29 -30 -31
leaf_value=-7.3029126973300613 51.638819087723135 129.0364690324372 12.445021645428962 156.89350313951101 2.8044932215363381 403.24705612182618 664.11209114074711 92.079029071689519 33.824675805315671 509.61793489456181 678.55208542326579 524.92060450801148 200.87698504513708 254.61020469875126 558.80832997984805 165.23016773782126 -4.1190336625670767 315.7050560011661 235.96629920235785 210.7866815256518 807.47379865646371 660.59492901888768 132.35636897577305 69.073771860029055 233.38318383353101 371.40601045047538 532.98219830548328 21.125876284403507 347.66530360469113 406.55141425662572
leaf_weight=605524 11319 255 35822 1260 149156 20 20 7216 32728 48 117 27 116 91 59 41 232885 541 622 43 20 44 963 7552 28 85 27 27377 27 108
leaf_count=605524 11319 255 35822 1260 149156 20 20 7216 32728 48 117 27 116 91 59 41 232885 541 622 43 20 44 963 7552 28 85 27 27377 27 108
internal_value=-2.02245e-09 92.3965 -2.61364 259.465 -5.02554 314.719 337.305 70.1681 22.2167 419.134 463.349 519.955 282.803 366.938 447.471 308.048 -6.41853 286.91 255.389 400.943 605.36 497.901 96.8213 58.6161 407.847 448.189 326.033 16.2055 149.969 337.071
internal_weight=1.11414e+06 30649 1.08349e+06 3599 987565 2339 2057 27050 95927 784 592 373 192 219 256 68 838409 1273 705 83 40 188 8179 18871 76 144 568 63199 282 199
internal_count=1114141 30649 1083492 3599 987565 2339 2057 27050 95927 784 592 373 192 219 256 68 838409 1273 705 83 40 188 8179 18871 76 144 568 63199 282 199
is_linear=0
shrinkage=0.05


Tree=13
num_leaves=31
num_cat=0
split_feature=3 1 32 4 3 8 37 39 37 46 46 43 26 46 33 39 44 4 27 32 3 46 5 3 33 33 2 39 33 3
split_gain=9.72628e+10 3.91168e+10 2.53338e+10 6.85205e+09 4.43369e+09 3.45229e+09 2.45632e+09 2.44836e+09 2.21897e+09 1.9463e+09 1.51021e+09 1.31744e+09 1.60265e+09 1.30831e+09 1.41143e+09 1.18682e+09 1.15768e+09 8.57351e+08 7.9598e+08 6.79586e+08 6.00959e+08 5.3101e+08 5.02442e+08 4.437e+08 4.42513e+08 4.33057e+08 4.14705e+08 4.11618e+08 4.05395e+08 3.87451e+08
threshold=2127.1250000000005 5051.5000000000009 678.113986153268 1550.5000000000002 252.15000000000001 5051.0000000000009 1273.1750000000004 195.41621396968984 3501.2625000000003 291.00000000000006 7.9000000000000208 156.50000000000003 245.50000000000003 4.7000000000000108 0.63491996703133002 11.554746998312403 7.5000000000000009 50.500000000000007 190.50000000000003 99.738270649579263 2816.8750000000005 185.29999999999998 -54.487983802874439 1589.6000000000001 10.956032000620837 0.85836797259202746 424.10000000000008 15.178663325635819 80.571853435927167 894.95000000000016
decision_type=2 2 2 2 2 2 2 2 2 2 2 2 2 2 2 2 2 2 2 2 2 2 2 2 2 2 2 2 2 2
left_child=2 8 4 5 19 28 29 9 20 13 -9 12 -12 14 -7 25 -16 -18 27 -1 -2 -13 -10 -8 -15 -11 -6 -17 -3 -4
right_child=1 3 6 -5 26 7 23 10 22 15 11 21 -14 24 16 18 17 -19 -20 -21 -22 -23 -24 -25 -26 -27 -28 -29 -30 -31
leaf_value=-6.7385963597542133 54.380630201630154 102.02551666131001 12.324269393757959 148.7973992980466 1.1030897449442554 799.93141567230225 28.675390741873823 768.01827400021443 322.98230261230469 508.89661425781253 881.27822949218762 124.04376526287625 325.70783827039935 225.01716004461602 631.83111654428342 577.90393786430366 146.97312364249396 513.5534122813832 375.46039088832009 -3.1577500822903835 72.518413131083506 442.07651359921414 98.257365917778884 40.3233849747267 293.6199318404644 294.32811017758917 6.4844223558647052 334.40309064955937 336.44128588438036 20.548970502841104
leaf_weight=684507 11327 237 26997 1231 85422 20 18720 41 25 25 25 35 27 811 26 100 58 22 216 164303 7652 21 4886 14515 331 396 61632 21 20 30492
leaf_count=684507 11327 237 26997 1231 85422 20 18720 41 25 25 25 35 27 811 26 100 58 22 216 164303 7652 21 4886 14515 331 396 61632 21 20 30492
internal_value=4.88515e-09 92.773 -2.35248 244.918 -4.65683 293.57 22.9421 314.048 69.445 299.662 509.664 411.585 592.809 261.771 414.673 363.046 341.983 247.783 432.974 -6.04546 61.6935 243.306 99.4014 33.7625 244.901 307.07 3.35847 535.643 120.268 16.6866
internal_weight=1.11414e+06 27553 1.08659e+06 3663 995864 2432 90724 2175 23890 2026 149 108 52 1268 126 758 106 80 337 848810 18979 56 4911 33235 1142 421 147054 121 257 57489
internal_count=1114141 27553 1086588 3663 995864 2432 90724 2175 23890 2026 149 108 52 1268 126 758 106 80 337 848810 18979 56 4911 33235 1142 421 147054 121 257 57489
is_linear=0
shrinkage=0.05


Tree=14
num_leaves=31
num_cat=0
split_feature=38 6 3 28 32 8 39 3 2 39 10 33 36 36 28 33 26 33 1 46 40 26 45 29 2 36 39 3 46 33
split_gain=8.78679e+10 3.72439e+10 2.10518e+10 6.7902e+09 3.70992e+09 3.59308e+09 3.17925e+09 2.69552e+09 2.00556e+09 1.80852e+09 1.75109e+09 1.59207e+09 1.03703e+09 8.50167e+08 1.17008e+09 8.20343e+08 8.11725e+08 6.2757e+08 6.21379e+08 6.01923e+08 7.31963e+08 5.17188e+08 5.89466e+08 7.61645e+08 4.74116e+08 4.66113e+08 4.51912e+08 4.33441e+08 4.16127e+08 3.91259e+08
threshold=1950.0795491318972 5023.0000000000009 650.10000000000014 1000.5000000000001 254.35154247205233 5051.0000000000009 12.126062680023731 3180.7500000000005 1273.1250000000002 252.25026023052416 5054.2500000000009 0.51195337459163126 8.4156472905216955 15.106438528006882 350.50000000000006 9.3891478717842052 500.50000000000006 1.9703997863943965 53.45000000000001 291.00000000000006 0.057715327091156947 460.50000000000006 12.500000000000002 245.50000000000003 3763.5000000000005 13.224406682402885 11.493002246575687 2541.1250000000005 385.75000000000006 0.8878290749455523
decision_type=2 2 2 2 2 2 2 2 2 2 2 2 2 2 2 2 2 2 2 2 2 2 2 2 2 2 2 2 2 2
left_child=2 7 4 5 18 -3 19 27 -4 10 -8 -12 17 14 25 -15 -5 28 -1 20 -7 22 23 -17 -9 -14 29 -2 -13 -21
right_child=1 3 8 16 -6 6 9 24 -10 -11 11 12 13 15 -16 21 -18 -19 -20 26 -22 -23 -24 -25 -26 -27 -28 -29 -30 -31
leaf_value=-6.7818859422855899 46.698980004189437 100.96078822680141 15.519577146648686 271.4119741808467 2.9282449271510891 452.89460993586363 159.27989191606821 75.83673224392183 31.417952272832252 825.96001613451085 831.27504977271678 307.82957862615586 512.76248365280242 209.44397595117962 334.69006447928291 800.90554150390631 134.74047017969096 211.84785290544684 -3.9742089851819373 477.51152430943085 225.38272160492858 297.85948934555057 387.48763872190966 427.22806884765623 99.876726153791807 700.18997941193766 535.89257463727688 62.10770863121661 586.90795787464492 283.31409377184781
leaf_weight=535744 11333 230 62737 119 144124 37 83 4352 29009 23 21 34 86 63 70 25 1248 110 311722 28 794 64 86 30 3879 54 21 7641 22 352
leaf_count=535744 11333 230 62737 119 144124 37 83 4352 29009 23 21 34 86 63 70 25 1248 110 311722 28 794 64 86 30 3879 54 21 7641 22 352
internal_value=-5.91507e-09 83.2695 -2.3678 234.403 -4.48792 288.131 309.623 63.2703 20.5465 389.252 375.824 402.851 388.88 426.271 501.601 367.244 146.638 281.214 -5.74914 259.79 235.513 415.739 469.244 597.081 87.166 585.056 310.101 52.9042 417.468 297.623
internal_weight=1.11414e+06 30805 1.08334e+06 3600 991590 2233 2003 27205 91746 771 748 665 644 478 210 268 1367 166 847466 1232 831 205 141 55 8231 140 401 18974 56 380
internal_count=1114141 30805 1083336 3600 991590 2233 2003 27205 91746 771 748 665 644 478 210 268 1367 166 847466 1232 831 205 141 55 8231 140 401 18974 56 380
is_linear=0
shrinkage=0.05


Tree=15
num_leaves=31
num_cat=0
split_feature=3 2 32 29 9 37 39 37 32 33 39 10 36 36 39 3 28 39 36 43 36 40 4 46 28 39 5 39 44 27
split_gain=7.94517e+10 3.71496e+10 1.53516e+10 5.21202e+09 4.37293e+09 3.168e+09 2.86102e+09 2.58516e+09 1.68488e+09 1.6803e+09 1.58071e+09 1.25312e+09 1.31234e+09 8.48869e+08 1.20461e+09 8.31956e+08 7.49777e+08 5.97464e+08 5.53171e+08 8.79182e+08 8.24129e+08 5.39606e+08 6.29431e+08 9.6487e+08 5.3028e+08 5.23733e+08 8.72462e+08 5.21979e+08 4.87527e+08 5.2624e+08
threshold=1692.6500000000003 4911.0000000000009 446.5022609289623 890.50000000000011 5050.5000000000009 2652.4750000000004 12.126062680023731 891.79750000000001 124.64230913873034 0.51195337459163126 252.25026023052416 5054.2500000000009 6.3314412970465677 21.395941739008901 195.41621396968984 3725.3750000000005 350.50000000000006 5.3121517332010617 11.317454447524449 183.50000000000003 14.464786187722353 0.057715327091156947 75.500000000000014 20.049999999999958 613.50000000000011 195.41621396968984 0.38620692594202316 15.616047930903447 43.500000000000007 200.50000000000003
decision_type=2 2 2 2 2 2 2 2 2 2 2 2 2 2 2 2 2 2 2 2 2 2 2 2 2 2 2 2 2 2
left_child=2 5 8 4 -3 -2 17 -4 -1 -8 11 -11 27 14 16 -7 18 -6 -14 20 -20 -19 -23 -24 -5 -15 -27 28 29 -13
right_child=1 3 7 24 6 15 9 -9 -10 10 -12 12 13 25 -16 -17 -18 21 19 -21 -22 22 23 -25 -26 26 -28 -29 -30 -31
leaf_value=-5.9682033170413886 42.462208591190716 100.02771598172475 7.7098988066738334 226.9612167478289 145.96566698589024 65.244972351045121 794.71537462317428 21.879057899060044 -0.88600611176963273 134.54067571163179 722.07112531990845 597.14381347656251 341.79252785576716 157.77612468719485 813.50965515136727 92.485860426369811 323.42969307218277 443.61270603277745 581.63255890636913 635.63141323136699 285.47014728199355 173.18934816605008 615.98891296386728 264.52695503234867 133.9805702742114 610.30895067297899 179.36313271522522 104.26876294171369 117.56152697476473 258.75641969663127
leaf_weight=728387 22006 332 84230 175 126 9645 23 52105 210128 64 29 20 63 50 20 3951 140 39 41 81 55 195 20 827 1239 23 24 54 22 27
leaf_count=728387 22006 332 84230 175 126 9645 23 52105 210128 64 29 20 63 50 20 3951 140 39 41 81 55 195 20 827 1239 23 24 54 22 27
internal_value=-2.19929e-08 69.8359 -2.55284 220.873 267.728 54.1858 296.382 13.1251 -4.83033 374.08 360.511 345.182 366.926 403.114 435.293 73.1612 415.387 249.004 469.029 514.316 411.956 261.014 254.18 272.826 145.488 270.419 390.252 220.701 311.821 402.751
internal_weight=1.11414e+06 39291 1.07485e+06 3689 2275 35602 1943 136335 938515 736 713 684 620 497 400 13596 380 1207 240 177 96 1081 1042 847 1414 97 47 123 69 47
internal_count=1114141 39291 1074850 3689 2275 35602 1943 136335 938515 736 713 684 620 497 400 13596 380 1207 240 177 96 1081 1042 847 1414 97 47 123 69 47
is_linear=0
shrinkage=0.05


Tree=16
num_leaves=31
num_cat=0
split_feature=37 6 3 26 2 8 39 3 32 29 39 46 10 36 33 37 26 46 46 40 39 42 39 28 3 5 46 33 4 8
split_gain=7.18857e+10 3.34692e+10 1.40554e+10 5.58191e+09 3.22023e+09 2.51629e+09 2.23228e+09 2.16452e+09 1.69738e+09 1.4604e+09 1.51962e+09 9.99139e+08 9.87363e+08 8.47021e+08 7.97098e+08 6.36145e+08 5.79393e+08 5.64463e+08 4.97749e+08 4.9233e+08 4.87693e+08 1.35786e+09 8.32416e+08 5.46776e+08 4.72474e+08 4.50601e+08 5.19445e+08 4.33023e+08 3.94341e+08 3.93302e+08
threshold=1680.5812500000004 5023.0000000000009 473.15000000000003 1300.5000000000002 2859.5000000000005 5051.0000000000009 12.126062680023731 937.87500000000011 138.06584747555499 500.50000000000006 252.25026023052416 35.000000000000021 5054.2500000000009 8.4156472905216955 1.8741415332142852 3501.2625000000003 7.5000000000000009 200.50000000000003 385.75000000000006 0.057715327091156947 195.41621396968984 6.5000000000000009 33.469728038841787 350.50000000000006 2127.1250000000005 1.1966044410972378 97.774999999999991 0.8878290749455523 190.50000000000003 2920.0500000000006
decision_type=2 2 2 2 2 2 2 2 2 2 2 2 2 2 2 2 2 2 2 2 2 2 2 2 2 2 2 2 2 2
left_child=2 4 8 5 24 29 16 -4 -1 10 12 -11 -8 14 28 -6 -7 19 -13 -18 22 -22 23 25 -2 26 -15 -19 -14 -3
right_child=1 3 7 -5 15 6 9 -9 -10 11 -12 18 13 20 -16 -17 17 27 -20 -21 21 -23 -24 -25 -26 -27 -28 -29 -30 -31
leaf_value=-5.6118459108069096 34.767097881531974 291.90170973902167 8.097398545270357 127.11094844132191 63.905440781671849 500.40139892578128 167.36890081933566 21.54936835359382 -0.44420033862782526 517.34107938494003 810.09483581542975 147.72154474712553 557.92341018676768 241.77959764480593 193.67895192564205 88.036434408002947 381.91743277413502 424.67027839660642 309.71492575509205 189.5330118042061 799.17711265827052 284.73499384341034 155.87742551167807 333.67466243246326 48.739142864787752 579.4475379316774 485.33529777997813 254.09761055486513 294.53252393934463 73.345468794752136
leaf_weight=746235 12271 23 78821 1260 6476 20 56 48185 201895 28 20 147 30 30 89 4723 35 40 70 667 29 23 30 92 11936 73 81 533 27 196
leaf_count=746235 12271 23 78821 1260 6476 20 56 48185 201895 28 20 147 30 30 89 4723 35 40 70 667 29 23 30 92 11936 73 81 533 27 196
internal_value=1.06138e-09 66.6796 -2.41908 211.951 51.9128 257.653 274.322 13.201 -4.51145 338.603 381.839 236.248 366.544 388.675 287.175 74.0823 233.37 229.182 199.977 199.125 430.069 571.635 406.012 433.2 41.6564 482.963 419.509 266.005 433.159 96.2989
internal_weight=1.11414e+06 39005 1.07514e+06 3599 35406 2339 2120 127006 948130 825 580 245 560 504 146 11199 1295 1275 217 702 358 52 306 276 24207 184 111 573 57 219
internal_count=1114141 39005 1075136 3599 35406 2339 2120 127006 948130 825 580 245 560 504 146 11199 1295 1275 217 702 358 52 306 276 24207 184 111 573 57 219
is_linear=0
shrinkage=0.05


Tree=17
num_leaves=31
num_cat=0
split_feature=37 1 3 29 9 32 39 32 33 33 40 37 39 39 44 43 3 7 28 36 33 37 26 39 46 43 29 46 39 36
split_gain=6.49365e+10 2.75042e+10 1.56428e+10 4.68894e+09 3.40891e+09 2.93331e+09 2.28235e+09 1.75607e+09 1.64643e+09 1.44614e+09 1.85223e+09 1.40539e+09 9.83471e+08 7.92028e+08 9.66174e+08 8.58813e+08 6.3181e+08 6.20913e+08 6.89362e+08 7.5037e+08 5.32075e+08 5.22341e+08 5.04839e+08 5.02793e+08 5.28473e+08 1.33434e+09 4.84752e+08 4.67474e+08 4.464e+08 4.30122e+08
threshold=1957.2175000000002 5051.5000000000009 673.95000000000016 1011.0000000000001 5050.5000000000009 266.70665569373506 12.126062680023731 3525.5595675824202 0.51195337459163126 8.776725545542396 0.14751159520907095 1218.3562500000003 14.190955029269137 13.215586135404292 42.500000000000007 178.50000000000003 2816.8750000000005 5000.5000000000009 400.50000000000006 10.03624626858686 19.197281681823601 50.957500000000003 310.50000000000006 5.4476828995567983 4.7000000000000108 89.500000000000014 75.500000000000014 291.00000000000006 11.554746998312403 15.106438528006882
decision_type=2 2 2 2 2 2 2 2 2 2 2 2 2 2 2 2 2 2 2 2 2 2 2 2 2 2 2 2 2 2
left_child=2 7 5 4 -3 21 23 16 -8 12 26 -4 13 14 22 -15 -2 -12 19 -19 -21 -1 -10 -6 25 -25 -11 -26 -29 -22
right_child=1 3 11 -5 6 -7 8 -9 9 10 17 -13 -14 15 -16 -17 -18 18 -20 20 29 -23 -24 24 27 -27 -28 28 -30 -31
leaf_value=-5.8919132102592817 42.362131869528412 89.668809868070127 13.194162220152055 128.00231704560866 135.00867373053708 2.9088041862160408 763.36825228604403 80.905824791066991 517.06355894633703 881.8014361572267 112.10029724121094 26.190474146649485 168.77289730019041 322.42882648158718 13.665907589594523 697.40352877103373 60.527332067579998 188.91307484179737 265.38732672555108 538.93156458017779 575.84421386718748 -3.355633606205271 238.78968052008213 623.24771708170579 201.95179015343066 186.64719299361821 541.6846330816096 259.15023421437553 496.37949305943084 313.33644977623311
leaf_weight=525160 14880 307 54227 1389 134 139439 22 5051 28 20 25 33747 180 37 30 26 7057 30 105 98 20 330919 39 30 629 42 22 356 21 71
leaf_count=525160 14880 307 54227 1389 134 139439 22 5051 28 20 25 33747 180 37 30 26 7057 30 105 98 20 330919 39 30 629 42 22 356 21 71
internal_value=-1.06828e-08 71.771 -2.0302 200.373 244.617 -3.81614 268.825 54.3258 337.19 324.364 389.943 18.1796 248.947 339.143 249.49 477.18 48.2058 352.191 370.716 421.217 458.09 -4.91151 355.083 226.351 237.705 368.564 703.645 228.339 272.365 371.03
internal_weight=1.11414e+06 30649 1.08349e+06 3661 2272 995518 1965 26988 753 731 391 87974 340 160 97 63 21937 349 324 219 189 856079 67 1212 1078 72 42 1006 377 91
internal_count=1114141 30649 1083492 3661 2272 995518 1965 26988 753 731 391 87974 340 160 97 63 21937 349 324 219 189 856079 67 1212 1078 72 42 1006 377 91
is_linear=0
shrinkage=0.05


Tree=18
num_leaves=31
num_cat=0
split_feature=2 8 35 28 2 3 10 39 3 33 36 28 33 46 6 41 37 29 39 40 43 33 39 45 39 39 2 36 29 44
split_gain=5.87799e+10 2.7779e+10 1.10148e+10 5.15882e+09 2.69046e+09 1.96911e+09 1.94555e+09 2.20195e+09 1.11725e+09 1.0237e+09 9.05744e+08 8.0961e+08 6.65886e+08 7.62992e+08 8.50784e+08 7.33173e+08 5.87159e+08 5.29425e+08 5.04288e+08 4.89985e+08 4.78719e+08 1.66924e+09 9.76424e+08 5.10912e+08 5.05815e+08 7.26945e+08 4.51869e+08 4.51626e+08 4.38501e+08 4.23698e+08
threshold=1625.2500000000002 5051.0000000000009 421.65983946016632 1000.5000000000001 2859.5000000000005 817.77500000000009 5054.2500000000009 12.126062680023731 115.55000000000001 0.59615902891856665 9.95095377898412 613.50000000000011 5.0272969851928178 0.20000000000000998 5023.0000000000009 2.5000000000000004 3501.2625000000003 500.50000000000006 15.288341513335753 0.79229158655091647 118.50000000000001 0.51195337459163126 10.188661606751323 7.5000000000000009 7.39644419059998 5.8447938344444088 4911.0000000000009 171.21406299172821 100.50000000000001 43.500000000000007
decision_type=2 2 2 2 2 2 2 2 2 2 2 2 2 2 2 2 2 2 2 2 2 2 2 2 2 2 2 2 2 2
left_child=2 4 8 6 -2 -4 27 20 -1 -9 18 12 19 15 -15 -14 -6 -16 29 -12 21 -8 -23 -24 25 -22 -5 -3 -28 -11
right_child=1 3 5 26 16 -7 7 9 -10 10 11 -13 13 14 17 -17 -18 -19 -20 -21 24 22 23 -25 -26 -27 28 -29 -30 -31
leaf_value=-5.1737836638574732 37.345504063709676 81.495525475780369 5.8835922712153499 69.650059037350715 56.874570116295914 17.833206197529663 653.83563586425782 647.82277940114341 -1.0557728746259056 330.82559701316768 125.20020229633037 216.8871613311768 769.60138640227149 82.12534907947888 450.6078396622853 389.78755226135257 79.816941690037737 290.92462469206919 131.68668136015171 382.89824811662947 138.32320668597035 196.80675451584739 607.27369964599609 317.75425839424133 159.65556832767766 306.78272811671667 360.61022774832594 310.50777085622155 129.63326994391636 79.916980359256272
leaf_weight=715710 25650 209 86607 369 6654 57273 25 24 213943 106 39 90 27 22 186 24 4801 72 82 35 101 349 20 64 464 175 21 24 955 20
leaf_count=715710 25650 209 86607 369 6654 57273 25 24 213943 106 39 90 27 22 186 24 4801 72 82 35 101 349 20 64 464 175 21 24 955 20
internal_value=1.3082e-08 59.0495 -2.23364 193.641 46.343 10.6403 241.544 258.061 -4.2261 326.708 315.745 352.535 382.678 412.993 380.594 590.865 66.4901 406.045 228.193 247.084 216.403 256.579 233.643 386.687 191.538 245.136 116.783 105.085 134.603 290.999
internal_weight=1.11414e+06 40608 1.07353e+06 3503 37105 143880 2158 1925 929653 727 703 495 405 331 280 51 11455 258 208 74 1198 458 433 84 740 276 1345 233 976 126
internal_count=1114141 40608 1073533 3503 37105 143880 2158 1925 929653 727 703 495 405 331 280 51 11455 258 208 74 1198 458 433 84 740 276 1345 233 976 126
is_linear=0
shrinkage=0.05


Tree=19
num_leaves=31
num_cat=0
split_feature=3 8 37 28 3 10 39 3 37 33 36 36 33 28 4 46 29 33 44 42 42 43 33 39 45 39 39 32 29 36
split_gain=5.32248e+10 2.14249e+10 1.38453e+10 4.68701e+09 2.33428e+09 1.72705e+09 2.02988e+09 1.49001e+09 1.33566e+09 9.16436e+08 8.4982e+08 8.34643e+08 7.84277e+08 6.52406e+08 6.88003e+08 6.50015e+08 5.24555e+08 4.59225e+08 4.43899e+08 4.74094e+08 4.32558e+08 4.32044e+08 1.50649e+09 8.81223e+08 4.61098e+08 4.56498e+08 6.56068e+08 4.23173e+08 4.21431e+08 4.03826e+08
threshold=2127.1250000000005 5051.0000000000009 658.41875000000016 1000.5000000000001 258.35000000000008 5054.2500000000009 12.126062680023731 1299.1250000000002 3501.2625000000003 0.59615902891856665 11.511554255883462 15.106438528006882 9.3891478717842052 190.50000000000003 190.50000000000003 24.799999999999972 600.50000000000011 1.7496904607942374 29.500000000000004 1.5000000000000002 7.5000000000000009 118.50000000000001 0.51195337459163126 10.188661606751323 7.5000000000000009 7.39644419059998 5.8447938344444088 45.304834816691333 890.50000000000011 171.21406299172821
decision_type=2 2 2 2 2 2 2 2 2 2 2 2 2 2 2 2 2 2 2 2 2 2 2 2 2 2 2 2 2 2
left_child=2 8 4 5 27 29 21 -4 -2 -8 17 13 -13 -12 -15 -14 20 -11 19 -19 -17 22 -7 -24 -25 26 -23 -1 -5 -3
right_child=1 3 7 28 -6 6 9 -9 -10 10 11 12 15 14 -16 16 -18 18 -20 -21 -22 25 23 24 -26 -27 -28 -29 -30 -31
leaf_value=-5.4188389436304334 45.739683287469141 78.32051610624157 12.1637740293055 175.5215539099465 2.5041365609110016 621.14384741210938 615.43164545694992 25.540094123882028 74.654319041098731 344.05523725940338 542.28241804250081 136.72850383576892 516.24229526984982 587.40407684326181 246.55824087042558 273.23133903825789 184.98806539142834 58.065528760637555 110.72226573051292 329.39011914902841 456.42431920584988 131.40704727550545 186.9664181974351 576.91001808166504 301.866544008255 151.67279000302841 291.44359215872629 -3.1635746512335157 98.853969143682832 294.98238249222436
leaf_weight=491706 18999 207 63541 213 139882 25 24 30964 5057 62 75 63 41 20 57 71 68 21 94 69 59 101 349 20 64 464 175 360495 1131 24
leaf_count=491706 18999 207 63541 213 139882 25 24 30964 5057 62 75 63 41 20 57 71 68 21 94 69 59 101 349 20 64 464 175 360495 1131 24
internal_value=-2.17046e-08 68.6286 -1.74024 184.269 -3.48221 230.004 245.529 16.5464 51.8181 311.626 301.21 341.763 293.667 437.323 335.09 335.036 297.513 226.368 186.713 266.081 356.373 205.583 243.75 221.961 367.353 181.961 232.879 -4.46483 111.004 100.831
internal_weight=1.11414e+06 27553 1.08659e+06 3497 992083 2153 1922 94505 24056 724 700 454 302 152 77 239 198 246 184 90 130 1198 458 433 84 740 276 852201 1344 231
internal_count=1114141 27553 1086588 3497 992083 2153 1922 94505 24056 724 700 454 302 152 77 239 198 246 184 90 130 1198 458 433 84 740 276 852201 1344 231
is_linear=0
shrinkage=0.05


Tree=20
num_leaves=31
num_cat=0
split_feature=37 1 3 4 32 9 46 46 37 4 40 37 39 26 26 33 33 37 5 27 36 33 28 46 45 30 3 37 46 40
split_gain=4.81898e+10 2.24401e+10 9.39483e+09 3.4778e+09 1.91226e+09 1.88946e+09 1.59499e+09 1.58762e+09 1.506e+09 1.43766e+09 2.12505e+09 1.08304e+09 1.04327e+09 9.5399e+08 7.25829e+08 6.97164e+08 6.41111e+08 5.24248e+08 6.47138e+08 5.44738e+08 4.28263e+08 3.99203e+08 3.96757e+08 3.10103e+08 5.31015e+08 3.07437e+08 2.91948e+08 2.86462e+08 2.84181e+08 2.77666e+08
threshold=1680.5812500000004 5051.5000000000009 460.15000000000003 900.50000000000011 2665.7362365710464 5050.5000000000009 4.7000000000000108 200.50000000000003 994.12750000000017 25.500000000000004 0.12714565480533388 137.66375000000002 11.493002246575687 99.500000000000014 150.50000000000003 7.0847858692848193 1.2229180849147243 4612.0500000000011 -54.487983802874439 1300.5000000000002 9.4538534933096035 0.8878290749455523 190.50000000000003 90.049999999999969 5.5000000000000009 70.500000000000014 3725.3750000000005 4612.0500000000011 385.75000000000006 0.38314016652380212
decision_type=2 2 2 2 2 2 2 2 2 2 2 2 2 2 2 2 2 2 2 2 2 2 2 2 2 2 2 2 2 2
left_child=2 4 11 5 -2 -3 9 23 -4 10 13 -1 21 -7 29 -11 -16 26 19 -19 -18 -9 -5 24 -8 -22 -6 -24 -29 -14
right_child=1 3 8 22 17 6 7 12 -10 15 -12 -13 14 -15 16 -17 20 18 -20 -21 25 -23 27 -25 -26 -27 -28 28 -30 -31
leaf_value=-4.6009331390723718 32.920543179350197 79.398014719203374 6.8191483772590349 229.16295635798866 49.644098289725662 619.84268100261693 306.45287917287732 383.05730497837067 18.235339064616618 364.5142952845647 -66.955073466445455 -0.45816106350187602 550.47191711425785 230.65754269015406 498.00898911048625 700.52189652292361 149.36815989875794 439.36295145352682 82.680934279488 90.660688173203255 476.14647003173832 200.48132005835092 62.522166371152565 191.46914746980858 108.38365127978587 268.5706005258271 66.846485829031735 107.76150040793419 173.74786213763477 377.23300553123551
leaf_weight=743824 21256 236 88098 71 9773 32 38 32 42983 26 33 200231 30 31 29 38 75 24 971 21 20 465 278 505 309 165 3299 950 197 101
leaf_count=743824 21256 236 88098 71 9773 32 38 32 42983 26 33 200231 30 31 29 38 75 24 971 21 20 465 278 505 309 165 3299 950 197 101
internal_value=-3.41262e-08 54.5945 -1.98064 172.431 42.3888 212.941 229.279 215.605 10.5627 380.456 258.082 -3.72226 261.263 428.339 319.278 564.019 275.024 56.6745 91.2714 276.635 250.153 212.237 113.806 166.464 130.074 291.011 53.9855 108.058 119.095 416.906
internal_weight=1.11414e+06 39005 1.07514e+06 3661 35344 2165 1929 1769 131081 160 96 944055 917 63 420 64 289 14088 1016 45 260 497 1496 852 347 185 13072 1425 1147 131
internal_count=1114141 39005 1075136 3661 35344 2165 1929 1769 131081 160 96 944055 917 63 420 64 289 14088 1016 45 260 497 1496 852 347 185 13072 1425 1147 131
is_linear=0
shrinkage=0.05


Tree=21
num_leaves=31
num_cat=0
split_feature=37 6 3 26 1 8 39 3 2 33 46 33 33 33 44 5 39 4 39 28 40 45 39 36 32 39 39 29 43 8
split_gain=4.35894e+10 1.71219e+10 1.17536e+10 3.51191e+09 1.9794e+09 1.60341e+09 1.693e+09 1.25443e+09 1.03823e+09 9.42537e+08 9.31859e+08 8.90233e+08 7.62577e+08 6.25072e+08 8.2428e+08 5.18927e+08 4.89276e+08 4.91055e+08 4.48456e+08 5.92701e+08 4.23614e+08 3.96875e+08 4.74133e+08 5.18788e+08 3.88729e+08 3.5866e+08 4.61087e+08 3.85401e+08 3.61128e+08 3.18748e+08
threshold=2158.4137500000006 5023.0000000000009 673.95000000000016 1300.5000000000002 276.55000000000007 5051.0000000000009 195.41621396968984 1428.0000000000002 3220.5000000000005 12.551317038632886 385.75000000000006 1.0843937600311844 0.26027157384257521 12.242189041588922 5.5000000000000009 -1.030927835051537 10.763665139277077 310.50000000000006 12.201544419150512 613.50000000000011 0.74688010105506275 14.500000000000002 13.215586135404292 19.03085069465936 48.07063181621114 15.499325291716049 13.215586135404292 275.50000000000006 174.50000000000003 2920.0500000000006
decision_type=2 2 2 2 2 2 2 2 2 2 2 2 2 2 2 2 2 2 2 2 2 2 2 2 2 2 2 2 2 2
left_child=2 8 4 5 24 29 10 -4 -2 11 12 -8 -7 25 -15 -11 -12 20 -16 21 -18 22 -20 -24 -1 26 -14 28 -28 -3
right_child=1 3 7 -5 -6 6 9 -9 -10 15 16 -13 13 14 18 -17 17 -19 19 -21 -22 -23 23 -25 -26 -27 27 -29 -30 -31
leaf_value=-4.881017651657066 40.086510824751741 248.44895047726837 11.946050690394429 97.615009822088581 2.546598469109739 468.4856975389564 547.08434156417843 25.00467869431818 62.876716490671726 376.31273000081381 208.60618930067628 155.58566569562231 158.51689742858002 495.14189870016918 154.93719815953949 663.63919807202899 315.96736488342287 243.69793413793536 531.81266117403584 107.9111042577167 511.27360370915113 161.78760848999025 197.79980502335923 480.77303491210944 -2.7218101891532349 73.145101795721502 230.19982925415039 165.47894459028504 520.70642514436145 51.694966573131332
leaf_weight=509258 15297 23 66854 1260 133448 23 20 25369 7422 30 233 53 898 28 169 33 86 142 31 43 41 30 46 25 352894 109 20 37 23 196
leaf_count=509258 15297 23 66854 1260 133448 23 20 25369 7422 30 233 53 898 28 169 33 86 142 31 43 41 30 46 25 352894 109 20 37 23 196
internal_value=2.52698e-08 63.5833 -1.53829 164.91 -3.1201 201.161 214.466 15.5383 47.5318 385.126 202.768 262.846 182.824 178.321 234.265 526.817 261.645 307.586 213.031 269.132 379.019 321.651 368.67 297.438 -3.99722 159.176 168.764 283.787 385.587 72.3586
internal_weight=1.11414e+06 26318 1.08782e+06 3599 995600 2339 2120 92223 22719 136 1984 73 1482 1459 372 63 502 269 344 175 127 132 102 71 862152 1087 978 80 43 219
internal_count=1114141 26318 1087823 3599 995600 2339 2120 92223 22719 136 1984 73 1482 1459 372 63 502 269 344 175 127 132 102 71 862152 1087 978 80 43 219
is_linear=0
shrinkage=0.05


Tree=22
num_leaves=31
num_cat=0
split_feature=3 2 37 29 9 39 3 3 33 39 37 36 10 27 29 4 43 39 36 46 36 36 43 46 4 46 39 39 46 27
split_gain=3.94019e+10 1.68101e+10 9.23293e+09 2.60143e+09 2.41004e+09 1.54268e+09 1.36925e+09 1.2149e+09 1.13514e+09 1.10977e+09 1.07153e+09 7.47424e+08 7.74278e+08 5.28045e+08 6.72855e+08 6.3709e+08 4.25448e+08 8.79546e+08 7.00875e+08 4.64131e+08 4.21211e+08 5.47605e+08 4.28566e+08 5.67517e+08 3.97241e+08 3.88648e+08 3.70458e+08 3.44525e+08 3.32536e+08 3.00216e+08
threshold=1943.0500000000002 4911.0000000000009 578.90875000000017 890.50000000000011 5050.5000000000009 12.126062680023731 194.27500000000003 1188.1750000000002 0.41029363785562234 252.25026023052416 2994.4937500000005 6.3314412970465677 5054.2500000000009 190.50000000000003 190.50000000000003 280.50000000000006 36.500000000000007 8.8815549789048962 10.117531623045553 169.37500000000003 14.972661768424443 12.441287912387917 279.50000000000006 97.774999999999991 99.500000000000014 385.75000000000006 11.690701912731685 5.3121517332010617 385.75000000000006 400.50000000000006
decision_type=2 2 2 2 2 2 2 2 2 2 2 2 2 2 2 2 2 2 2 2 2 2 2 2 2 2 2 2 2 2
left_child=2 10 6 4 -3 16 -1 -4 -7 11 -2 25 -13 20 15 -15 17 18 24 27 21 -14 23 -22 -6 -10 -21 -18 -16 -5
right_child=1 3 7 29 5 8 -8 -9 9 -11 -12 12 13 14 28 -17 19 -19 -20 26 22 -23 -24 -25 -26 -27 -28 -29 -30 -31
leaf_value=-4.001428227590309 34.937233595304122 64.080127923029011 8.5975859998316775 171.71642141750883 -5.1303077793121341 638.43671539306649 0.91855956608939016 19.926147434178731 85.305977154761251 559.50332168052944 55.816584223514354 92.743202931540353 311.28325574309741 461.32237122399465 134.02645963204873 201.92212301114711 20.054594931526793 556.95150709152222 470.48280487060549 187.02893878294151 27.245086787297176 542.13199565653895 437.95311180853082 312.4443206211306 218.98099682577728 281.75896660299867 391.78956285559616 145.17936179879624 268.2383875979653 94.579370142461002
leaf_weight=803484 18528 332 72487 140 30 20 171620 35139 97 29 9194 56 54 56 111 41 63 21 20 558 26 49 31 53 58 34 23 434 79 1274
leaf_count=803484 18528 332 72487 140 30 20 171620 35139 97 29 9194 56 54 56 111 41 63 21 20 558 26 49 31 53 58 34 23 434 79 1274
internal_value=1.45941e-08 55.2049 -1.60155 155.475 188.577 209.85 -3.1355 12.2963 266.904 256.526 41.8619 243.736 269.051 288.798 244.532 351.679 175.06 260.873 203.302 164.791 348.442 421.105 280.404 218.581 142.579 136.294 195.135 129.318 189.83 102.217
internal_weight=1.11414e+06 31411 1.08273e+06 3689 2275 1943 975104 107626 736 716 27722 687 556 500 287 97 1207 129 108 1078 213 103 110 79 88 131 581 497 190 1414
internal_count=1114141 31411 1082730 3689 2275 1943 975104 107626 736 716 27722 687 556 500 287 97 1207 129 108 1078 213 103 110 79 88 131 581 497 190 1414
is_linear=0
shrinkage=0.05


Tree=23
num_leaves=31
num_cat=0
split_feature=37 37 3 6 30 3 3 39 27 39 29 29 33 46 4 32 44 27 46 39 40 4 26 46 26 33 43 46 40 33
split_gain=3.56551e+10 1.66848e+10 6.9715e+09 2.17342e+09 2.38042e+09 1.37996e+09 1.21856e+09 1.07124e+09 1.25521e+09 9.79069e+08 8.99372e+08 8.56025e+08 1.26657e+09 6.93552e+08 6.52852e+08 6.34073e+08 5.52779e+08 5.41573e+08 5.16832e+08 5.14127e+08 4.44039e+08 4.84539e+08 4.37913e+08 4.30682e+08 3.90265e+08 3.36462e+08 1.03806e+09 3.57167e+08 2.90048e+08 2.8571e+08
threshold=1680.5812500000004 4612.0500000000011 401.77500000000003 5023.0000000000009 1601.0000000000002 817.77500000000009 2816.8750000000005 12.201544419150512 190.50000000000003 252.25026023052416 190.50000000000003 100.50000000000001 0.97397160184077769 147.87500000000003 242.50000000000003 106.14897134267588 40.500000000000007 300.50000000000006 1.9000000000000201 5.7824791804075293 0.057715327091156947 15.500000000000002 150.50000000000003 385.75000000000006 245.50000000000003 0.46309698799556581 172.50000000000003 291.00000000000006 1.9029567440228869 8.776725545542396
decision_type=2 2 2 2 2 2 2 2 2 2 2 2 2 2 2 2 2 2 2 2 2 2 2 2 2 2 2 2 2 2
left_child=2 6 15 -3 7 -4 -2 19 9 11 14 13 -13 -9 17 -1 -15 -10 -14 -5 22 -22 -21 28 -16 26 -23 -27 -12 -20
right_child=1 3 5 4 -6 -7 -8 8 10 -11 23 12 18 16 24 -17 -18 -19 29 20 21 25 -24 -25 -26 27 -28 -29 -30 -31
leaf_value=-4.079414307052545 28.787368050523156 76.812856818364509 4.396163947891945 84.906968029224927 89.608297462227654 14.169226973943845 48.660777203988211 65.558278184778558 254.44101142322316 629.0751004173643 100.67008535577079 706.92317810058603 516.90525360107426 420.41056444322743 356.33505798903383 -1.0341187273002086 122.86538662380643 530.87245281322589 190.05355365656425 499.25965122222897 -57.888762000047919 574.97620513916024 175.9919540058483 223.39150121301637 101.17405960407663 141.12463260920609 109.93508773803711 200.3446767246987 252.90592520577567 319.8426281356812
leaf_weight=697415 23108 1044 91704 207 885 59591 11578 68 34 21 295 21 24 37 22 226426 27 37 69 20 24 20 22 133 47 680 30 407 35 110
leaf_count=697415 23108 1044 91704 207 885 59591 11578 68 34 21 295 21 24 37 22 226426 27 37 69 20 24 20 22 133 47 680 30 407 35 110
internal_value=-1.44587e-08 46.9604 -1.70368 139.634 159.66 8.24551 35.421 185.6 225.752 297.317 181.009 277.747 337.266 176.746 292.056 -3.33304 294.884 398.497 299.025 157.692 170.216 164.439 329.929 147.431 182.53 169.132 295.952 163.298 116.816 269.812
internal_weight=1.11414e+06 39005 1.07514e+06 4319 3275 151295 34686 2390 980 377 603 356 224 132 140 923841 64 71 203 1410 1203 1161 42 463 69 1137 50 1087 330 179
internal_count=1114141 39005 1075136 4319 3275 151295 34686 2390 980 377 603 356 224 132 140 923841 64 71 203 1410 1203 1161 42 463 69 1137 50 1087 330 179
is_linear=0
shrinkage=0.05


Tree=24
num_leaves=31
num_cat=0
split_feature=37 1 3 29 9 37 39 36 36 33 46 37 32 40 44 33 39 46 4 43 3 5 27 39 39 26 29 46 45 4
split_gain=3.22928e+10 1.26502e+10 8.68894e+09 2.37239e+09 1.91854e+09 1.66425e+09 1.32912e+09 1.30114e+09 1.05982e+09 8.47988e+08 8.44811e+08 8.057e+08 6.87228e+08 6.01144e+08 1.09495e+09 4.88416e+08 3.67899e+08 3.54884e+08 8.28404e+08 6.61895e+08 3.27128e+08 3.20311e+08 5.72332e+08 3.11095e+08 3.09128e+08 3.94352e+08 2.71835e+08 2.56795e+08 5.0083e+08 2.47261e+08
threshold=2158.4137500000006 5051.5000000000009 724.77500000000009 1011.0000000000001 5050.5000000000009 285.14125000000007 195.41621396968984 9.1204238494811047 171.21406299172821 0.26027157384257521 291.00000000000006 1406.3675000000001 3525.5595675824202 0.20914551777822199 21.500000000000004 1.1412651348369782 10.763665139277077 4.7000000000000108 50.500000000000007 53.500000000000007 40.850000000000001 -54.487983802874439 800.50000000000011 8.2415694648367559 21.931067037981308 75.500000000000014 41.500000000000007 90.049999999999969 5.5000000000000009 130.50000000000003
decision_type=2 2 2 2 2 2 2 2 2 2 2 2 2 2 2 2 2 2 2 2 2 2 2 2 2 2 2 2 2 2
left_child=2 12 5 4 -3 20 9 -8 -9 -6 17 -4 -2 -10 -15 23 -17 18 19 -11 -1 22 -14 -12 25 -18 -27 28 -19 -5
right_child=1 3 11 29 6 -7 7 8 13 10 15 -13 21 14 -16 16 24 27 -20 -21 -22 -23 -24 -25 -26 26 -28 -29 -30 -31
leaf_value=-4.3370922794849118 36.129362024816338 56.193364022686744 10.909387923520269 218.81570031907825 495.05666910807298 2.4872719798009029 74.171083374023439 726.11238376783285 553.53015899658203 366.0904384765625 199.36912342418327 21.589797693931331 354.71914392089843 475.80811860972437 44.951195780436201 165.74469488255392 417.156552401456 280.63114722756779 462.51025372209227 57.513157874659491 -2.3888758182301362 55.660398954577197 43.305391690466138 432.43765028046403 50.910150022506713 412.09876663208007 220.831394585065 155.37978839790981 76.835305105295404 86.04610087822212
leaf_weight=462689 17607 307 58922 36 21 137735 35 23 24 25 22 25214 25 29 30 308 33 34 29 57 403263 4989 36 41 20 20 261 687 266 1353
leaf_count=462689 17607 307 58922 36 21 137735 35 23 24 25 22 25214 25 29 30 308 33 34 29 57 403263 4989 36 41 20 20 261 687 266 1353
internal_value=-1.40662e-08 54.7275 -1.32404 140.965 172.436 -2.61783 190.596 338.498 425.776 179.163 175.484 14.1101 40.793 342.551 256.728 218.197 205.16 148.059 232.823 151.592 -3.42983 57.0528 170.934 351.049 241.507 253.647 234.445 138.526 99.9322 89.4872
internal_weight=1.11414e+06 26318 1.08782e+06 3661 2272 1.00369e+06 1965 141 106 1824 1803 84136 22657 83 59 705 642 1098 111 82 865952 5050 61 63 334 314 281 987 300 1389
internal_count=1114141 26318 1087823 3661 2272 1003687 1965 141 106 1824 1803 84136 22657 83 59 705 642 1098 111 82 865952 5050 61 63 334 314 281 987 300 1389
is_linear=0
shrinkage=0.05


Tree=25
num_leaves=31
num_cat=0
split_feature=3 10 37 30 3 9 39 33 1 3 31 39 36 29 39 42 39 43 33 39 39 39 43 33 42 4 46 26 45 32
split_gain=2.9248e+10 1.17177e+10 7.56952e+09 2.59355e+09 1.36948e+09 1.24731e+09 1.29311e+09 9.0353e+08 7.93874e+08 7.62474e+08 7.5571e+08 1.18978e+09 6.40505e+08 5.01803e+08 3.76534e+08 7.68802e+08 6.8783e+08 3.58646e+08 1.38901e+09 6.09305e+08 4.44165e+08 5.72764e+08 3.65464e+08 7.92988e+08 3.38564e+08 3.24223e+08 3.11739e+08 2.93928e+08 3.78922e+08 2.88054e+08
threshold=2127.1250000000005 5054.2500000000009 691.14875000000018 1000.5000000000001 276.05000000000007 5050.5000000000009 12.201544419150512 0.51195337459163126 3850.1000000000004 1359.3750000000002 4658.9500000000007 252.25026023052416 6.187056083891032 500.50000000000006 195.41621396968984 6.5000000000000009 31.309431904251195 118.50000000000001 0.55567434936926974 10.957885068715791 7.39644419059998 5.8447938344444088 36.500000000000007 12.242189041588922 1.5000000000000002 99.500000000000014 385.75000000000006 310.50000000000006 3.5000000000000004 38.424775118501991
decision_type=2 2 2 2 2 2 2 2 2 2 2 2 2 2 2 2 2 2 2 2 2 2 2 2 2 2 2 2 2 2
left_child=2 8 4 5 29 -3 17 -8 -2 -4 -9 12 26 14 16 -16 24 18 -7 22 21 -19 23 25 -14 -20 -12 28 -26 -1
right_child=1 3 9 -5 -6 6 7 10 -10 -11 11 -13 13 -15 15 -17 -18 20 19 -21 -22 -23 -24 -25 27 -27 -28 -29 -30 -31
leaf_value=-4.1600863373690666 34.326447680691558 54.850844197031996 9.5811126591606488 81.617338986836842 2.1820666866083385 557.0074023564656 551.76905018199579 -43.602988281249999 58.282394683240028 19.61286153596491 66.049291576657978 567.99444791353665 82.846511486768733 166.67805687739931 594.32281517615684 219.89071723674908 55.458727404945776 88.023698078583337 35.581002340818706 304.96042101845813 101.00313187435836 233.94637258698268 104.63703972399236 482.42930700128727 142.52845729481089 217.92800579071047 253.81552969614665 229.6317278641921 364.82799649846635 -2.3334720846378638
leaf_weight=442693 19894 210 62638 1322 132925 24 22 25 4186 27152 84 26 20 145 26 29 38 107 38 67 474 181 240 22 22 68 30 104 149 421180
leaf_count=442693 19894 210 62638 1322 132925 24 22 25 4186 27152 84 26 20 145 26 29 38 107 38 67 474 181 240 22 22 68 30 104 149 421180
internal_value=8.71281e-09 50.874 -1.29003 136.732 -2.54254 170.606 183.129 236.275 38.4909 12.6147 226.331 236.358 223.031 246.039 275.697 396.895 255.679 151.791 186.706 166.276 130.759 179.732 141.026 209.255 281.47 152.558 115.461 295.915 336.228 -3.26952
internal_weight=1.11414e+06 27553 1.08659e+06 3473 996798 2151 1941 720 24080 89790 698 673 647 533 388 55 333 1221 459 435 762 288 368 128 295 106 114 275 171 863873
internal_count=1114141 27553 1086588 3473 996798 2151 1941 720 24080 89790 698 673 647 533 388 55 333 1221 459 435 762 288 368 128 295 106 114 275 171 863873
is_linear=0
shrinkage=0.05


Tree=26
num_leaves=31
num_cat=0
split_feature=2 8 37 28 3 10 39 3 37 43 46 46 4 40 30 5 40 4 5 5 43 43 33 39 39 39 45 29 36 46
split_gain=2.64152e+10 1.03377e+10 7.13676e+09 2.46985e+09 1.24123e+09 9.54897e+08 1.10136e+09 7.6029e+08 6.38987e+08 6.00061e+08 5.62716e+08 6.40491e+08 6.61426e+08 4.76778e+08 8.20282e+08 4.01501e+08 3.70834e+08 5.31973e+08 3.24149e+08 3.22366e+08 3.03773e+08 2.94174e+08 1.05669e+09 6.57387e+08 3.90202e+08 4.72496e+08 3.81046e+08 2.89016e+08 2.8642e+08 2.56849e+08
threshold=2171.0000000000005 5051.0000000000009 691.14875000000018 1000.5000000000001 229.45000000000002 5054.2500000000009 12.126062680023731 1428.0000000000002 3501.2625000000003 30.500000000000004 12.800000000000098 185.29999999999998 190.50000000000003 0.25916915436464844 100.50000000000001 -1.0987753377316165 0.72781320444764719 310.50000000000006 -9.5691264294950162 3.2068239579510109 116.50000000000001 118.50000000000001 0.51195337459163126 10.188661606751323 7.39644419059998 5.8447938344444088 7.5000000000000009 100.50000000000001 171.21406299172821 291.00000000000006
decision_type=2 2 2 2 2 2 2 2 2 2 2 2 2 2 2 2 2 2 2 2 2 2 2 2 2 2 2 2 2 2
left_child=2 8 4 5 -1 28 21 -4 -2 -8 13 18 15 -11 -15 -13 -14 -18 -12 -17 -20 22 -7 -24 25 -23 -25 -5 -3 -26
right_child=1 3 7 27 -6 6 9 -9 -10 10 11 12 16 14 -16 19 17 -19 20 -21 -22 24 23 26 29 -27 -28 -29 -30 -31
leaf_value=-3.2007734954409623 32.85333330125497 47.696004844265225 9.3900186177054561 252.34929006825325 1.5488404452076314 492.68499114990237 39.80267441386269 19.627537400926773 53.055215577329761 465.86803722805445 310.55210169243816 213.144211234116 107.41750434101492 42.216760894775398 460.83589089133523 473.27422501794229 425.25031606500801 204.64801340283088 286.69820357612946 281.12535312652591 91.28850843144113 86.589984605690049 128.13980989087278 474.44098201751717 73.919808666489345 222.40383945574081 224.41033658236267 73.570910009807207 230.21001609166467 156.00389392660625
leaf_weight=832001 17440 206 66407 23 164801 25 42 24949 5047 45 25 41 69 25 22 58 33 159 23 35 147 101 349 20 330 175 64 1321 24 134
leaf_count=832001 17440 206 66407 23 164801 25 42 24949 5047 45 25 41 69 25 22 58 33 159 23 35 147 101 349 20 330 175 64 1321 24 134
internal_value=1.05822e-08 49.8228 -1.18967 129.81 -2.41552 163.022 174.543 12.1858 37.3875 223.231 234.527 216.593 253.196 349.542 238.166 343.494 206.836 242.564 142.448 400.96 117.726 145.12 176.614 158.365 125.627 172.704 283.941 76.6304 66.7409 97.6251
internal_weight=1.11414e+06 25983 1.08816e+06 3496 996802 2152 1922 91356 22487 724 682 590 395 92 47 134 261 192 195 93 170 1198 458 433 740 276 84 1344 230 464
internal_count=1114141 25983 1088158 3496 996802 2152 1922 91356 22487 724 682 590 395 92 47 134 261 192 195 93 170 1198 458 433 740 276 84 1344 230 464
is_linear=0
shrinkage=0.05


Tree=27
num_leaves=31
num_cat=0
split_feature=37 37 3 46 46 9 37 37 4 40 29 4 33 44 4 40 2 6 39 36 40 45 30 26 26 5 46 45 33 47
split_gain=2.39208e+10 9.42623e+09 6.41681e+09 1.54155e+09 9.52812e+08 9.99471e+08 9.30294e+08 8.90546e+08 7.85595e+08 1.4667e+09 7.87247e+08 7.21867e+08 8.21453e+08 6.55494e+08 4.88606e+08 4.55941e+08 4.05046e+08 3.97739e+08 3.90326e+08 3.56122e+08 3.94258e+08 4.53502e+08 3.72569e+08 3.33335e+08 3.03948e+08 2.93137e+08 2.80425e+08 3.16448e+08 3.10723e+08 2.60493e+08
threshold=2158.4137500000006 4612.0500000000011 610.05000000000007 291.00000000000006 4.2000000000000108 5050.5000000000009 176.31625000000003 1160.4937500000003 25.500000000000004 0.12714565480533388 75.500000000000014 900.50000000000011 0.83000882289657962 31.500000000000004 400.50000000000006 0.422330599603085 2859.5000000000005 5023.0000000000009 10.763665139277077 19.03085069465936 0.58701828421184954 14.500000000000002 150.50000000000003 99.500000000000014 245.50000000000003 -1.6422569065478951 87.20000000000006 5.5000000000000009 0.51195337459163126 21.049999999999958
decision_type=2 2 2 2 2 2 2 2 2 2 2 2 2 2 2 2 2 2 2 2 2 2 2 2 2 2 2 2 2 2
left_child=2 16 6 4 5 -3 -1 -4 9 10 -7 12 -5 15 17 -10 -2 -6 -14 26 21 -21 -22 -12 -15 -20 27 -19 -28 -27
right_child=1 3 7 11 14 8 -8 -9 13 -11 23 -13 18 24 -16 -17 -18 19 25 20 22 -23 -24 -25 -26 29 28 -29 -30 -31
leaf_value=-3.1671177979907004 27.49019793029349 38.770348888635638 6.8423454658868454 443.45700426101689 53.172441867389516 544.68150551535871 0.64527223531010924 16.263450376285299 617.26599621582034 -61.844224023818974 326.72602532126689 112.06438086299093 142.45619151545506 324.85507662963869 71.158769139239112 323.49220572880336 41.08857362065033 205.95691083908082 155.51218988699992 328.95938822428388 184.70481429662556 46.549175236441876 489.89704887390138 62.282571352445167 70.032798385620126 201.70389263739955 320.61829393560242 54.23241213860571 129.00235956052074 304.77460668498071
leaf_weight=782743 11721 88 61658 32 226 22 201135 42287 25 48 22 403 306 25 1715 28 10278 40 122 21 20 44 20 26 22 130 22 244 552 116
leaf_count=782743 11721 88 61658 32 226 22 201135 42287 25 48 22 403 306 25 1715 28 10278 40 122 21 20 44 20 26 22 130 22 244 552 116
internal_value=-1.48017e-09 47.1022 -1.13956 114.636 97.0784 180.997 -2.38775 10.675 238.41 151.032 297.004 165.457 195.935 341.515 88.2357 462.065 33.8434 112.867 184.183 126.877 213.794 137.789 337.301 183.486 205.577 218.88 116.24 75.6021 136.347 250.306
internal_weight=1.11414e+06 26318 1.08782e+06 4319 3210 306 983878 103945 218 118 70 1109 706 100 2904 53 21999 1189 674 963 105 65 40 48 47 368 858 284 574 246
internal_count=1114141 26318 1087823 4319 3210 306 983878 103945 218 118 70 1109 706 100 2904 53 21999 1189 674 963 105 65 40 48 47 368 858 284 574 246
is_linear=0
shrinkage=0.05


Tree=28
num_leaves=31
num_cat=0
split_feature=37 37 3 46 1 46 9 4 40 29 37 33 1 4 4 6 33 37 26 36 40 45 30 26 28 8 5 46 33 36
split_gain=2.16507e+10 1.05906e+10 3.89103e+09 1.39124e+09 8.9852e+08 8.67132e+08 9.09931e+08 9.41499e+08 1.31558e+09 7.33069e+08 7.25376e+08 6.61736e+08 4.76308e+08 4.58465e+08 4.27943e+08 3.71125e+08 3.70156e+08 3.69001e+08 3.00835e+08 2.96475e+08 3.76103e+08 4.27949e+08 3.36244e+08 2.79256e+08 2.56307e+08 2.48695e+08 2.62396e+08 2.69525e+08 2.77021e+08 2.66456e+08
threshold=1561.6250000000002 4612.0500000000011 383.05000000000007 291.00000000000006 2661.3750000000005 1.1000000000000052 5050.5000000000009 25.500000000000004 0.12714565480533388 75.500000000000014 845.40999999999997 1.1412651348369782 5051.5000000000009 1951.0000000000002 400.50000000000006 5023.0000000000009 7.0847858692848193 78.162500000000009 99.500000000000014 19.03085069465936 0.58701828421184954 14.500000000000002 150.50000000000003 245.50000000000003 280.50000000000006 5051.0000000000009 8.6706474395505957 87.20000000000006 0.51195337459163126 9.4538534933096035
decision_type=2 2 2 2 2 2 2 2 2 2 2 2 2 2 2 2 2 2 2 2 2 2 2 2 2 2 2 2 2 2
left_child=2 4 17 5 -2 6 -3 8 9 -8 -4 23 -9 -13 15 -7 -14 -1 -11 25 21 -21 -22 -5 -16 -17 27 -27 -29 -28
right_child=1 3 10 11 -6 14 7 12 -10 18 -12 13 16 -15 24 19 -18 -19 -20 20 22 -23 -24 -25 -26 26 29 28 -30 -31
leaf_value=-3.3098386485529545 20.624129235256333 37.539351900418602 3.5030278207679646 403.93224227007704 36.340207362657218 50.023507123411477 528.50177350725448 156.63333342415947 -58.752012791236247 310.38973055752842 10.76012701436818 165.87096320070111 273.06274759043816 89.248793279487671 123.2411731590616 0.25635242462158203 525.97027220114694 -1.1343245722747415 59.168439446962793 312.51142167590916 175.46957041740419 39.159650461011466 465.40220682144167 215.81646436326048 61.386156057075851 68.292651762449466 106.3011501312256 304.58738648024473 123.19095893357517 330.88163185119629
leaf_weight=634895 24746 84 102751 34 14379 231 21 21 48 22 51788 766 23 262 188 48 39 281263 26 21 20 45 20 47 1534 258 25 22 486 28
leaf_count=634895 24746 84 102751 34 14379 231 21 21 48 22 51788 766 23 262 188 48 39 281263 26 21 20 45 20 47 1534 258 25 22 486 28
internal_value=1.18884e-08 34.6022 -1.404 108.904 26.4 92.2245 175.638 233.64 142.268 282.109 5.93497 157.184 362.441 146.343 84.1282 106.996 432.15 -2.64195 174.312 120.522 199.456 126.135 320.436 294.779 68.1392 110.872 117.355 109.91 131.047 224.947
internal_weight=1.11414e+06 43444 1.0707e+06 4319 39125 3210 284 200 117 69 154539 1109 83 1028 2926 1204 62 916158 48 973 106 66 40 81 1722 867 819 766 508 53
internal_count=1114141 43444 1070697 4319 39125 3210 284 200 117 69 154539 1109 83 1028 2926 1204 62 916158 48 973 106 66 40 81 1722 867 819 766 508 53
is_linear=0
shrinkage=0.05


Tree=29
num_leaves=31
num_cat=0
split_feature=3 37 37 46 46 37 9 4 40 1 29 4 33 44 36 4 39 1 46 40 4 26 26 36 47 46 43 40 4 27
split_gain=1.95994e+10 9.47416e+09 3.53346e+09 1.24119e+09 8.46349e+08 7.90168e+08 7.81813e+08 7.56395e+08 1.19578e+09 6.49817e+08 6.43159e+08 6.02755e+08 6.98953e+08 5.10297e+08 4.30148e+08 4.04956e+08 3.48679e+08 3.459e+08 3.33564e+08 2.9142e+08 4.6998e+08 2.79499e+08 2.71503e+08 2.70618e+08 3.04934e+08 3.47395e+08 4.11631e+08 2.61935e+08 4.95201e+08 3.44291e+08
threshold=1589.6000000000001 4612.0500000000011 392.7937500000001 291.00000000000006 4.2000000000000108 2652.4750000000004 5050.5000000000009 25.500000000000004 0.12714565480533388 910.05000000000007 75.500000000000014 900.50000000000011 0.83000882289657962 32.500000000000007 11.511554255883462 400.50000000000006 10.763665139277077 104.15000000000002 169.37500000000003 1.7813331779482864 310.50000000000006 190.50000000000003 99.500000000000014 12.999306223166142 65.050000000000026 200.50000000000003 259.50000000000006 0.52581705783124011 99.500000000000014 50.500000000000007
decision_type=2 2 2 2 2 2 2 2 2 2 2 2 2 2 2 2 2 2 2 2 2 2 2 2 2 2 2 2 2 2
left_child=2 5 17 4 6 -2 -3 8 10 -4 -8 12 -5 14 -9 18 -14 -1 -6 20 27 -15 -12 -20 25 -25 -27 28 -18 -29
right_child=1 3 9 11 15 -7 7 13 -10 -11 22 -13 16 21 -16 -17 19 -19 23 -21 -22 -23 -24 24 -26 26 -28 29 -30 -31
leaf_value=-3.0596543761001604 20.221016475063596 39.700608798577676 3.527210556947447 405.49650824069977 85.395641325209255 35.329601235756492 492.06828335848724 259.68122793152219 -55.814412210881713 10.579991903396399 294.87024189342151 100.53582283592698 126.896747882635 330.09250539779669 554.72983385721852 63.679212540649978 335.01264191763744 -0.81050181340018956 114.9497773260906 328.36101226806642 110.80334192767289 68.919845126924073 56.210018099271338 135.75874467072663 86.716666209697735 528.27215339660643 207.47985748291018 129.64919360616932 106.25427047520469 354.29174412814058
leaf_weight=690584 25705 84 106199 32 858 13046 22 21 48 47164 22 403 306 20 30 1673 35 227178 232 39 132 21 26 27 32 20 20 23 73 66
leaf_count=690584 25705 84 106199 32 858 13046 22 21 48 47164 22 403 306 20 30 1673 35 227178 232 39 132 21 26 27 32 20 20 23 73 66
internal_value=5.9402e-09 33.0922 -1.32897 103.823 87.8336 25.3075 168.62 220.188 136.398 5.69617 268.202 149.325 177.175 327.656 433.239 79.5348 166.335 -2.50291 101.845 199.129 183.809 196.321 165.596 144.483 213.692 274.336 367.876 232.727 180.389 296.238
internal_weight=1.11414e+06 43016 1.07112e+06 4265 3156 38751 294 210 118 153363 70 1109 706 92 51 2862 674 917762 1189 368 329 41 48 331 99 67 40 197 108 89
internal_count=1114141 43016 1071125 4265 3156 38751 294 210 118 153363 70 1109 706 92 51 2862 674 917762 1189 368 329 41 48 331 99 67 40 197 108 89
is_linear=0
shrinkage=0.05


Tree=30
num_leaves=31
num_cat=0
split_feature=37 31 3 10 30 39 37 39 37 43 33 43 39 46 29 3 33 29 47 36 27 43 39 42 5 43 33 39 39 39
split_gain=1.77435e+10 7.52089e+09 4.25407e+09 1.51152e+09 1.30712e+09 1.00797e+09 7.1925e+08 6.85197e+08 5.16364e+08 4.81849e+08 4.35946e+08 4.79502e+08 4.6326e+08 4.43945e+08 6.77051e+08 4.17078e+08 3.72039e+08 3.66759e+08 4.64652e+08 4.1953e+08 3.55174e+08 3.42583e+08 2.8256e+08 6.55155e+08 2.6624e+08 2.54738e+08 1.15299e+09 4.87477e+08 3.36057e+08 4.80109e+08
threshold=1957.2175000000002 4658.9500000000007 513.10000000000014 5054.2500000000009 900.50000000000011 12.126062680023731 1102.4937500000003 252.25026023052416 113.795 30.500000000000004 0.51195337459163126 235.50000000000003 14.969690403010366 34.049999999999962 301.50000000000006 2816.8750000000005 7.9676617649643395 245.50000000000003 23.049999999999958 14.464786187722353 400.50000000000006 324.50000000000006 13.132694191934464 9.5000000000000018 0.21321961620469623 118.50000000000001 0.55567434936926974 10.957885068715791 7.39644419059998 5.8447938344444088
decision_type=2 2 2 2 2 2 2 2 2 2 2 2 2 2 2 2 2 2 2 2 2 2 2 2 2 2 2 2 2 2
left_child=2 15 8 -3 5 25 -4 9 -1 -7 -11 13 20 14 -12 -2 -14 18 19 -15 22 -18 23 -13 -24 26 -5 -28 29 -27
right_child=1 3 6 4 -6 7 -8 -9 -10 10 11 12 16 17 -16 -17 21 -19 -20 -21 -22 -23 24 -25 -26 28 27 -29 -30 -31
leaf_value=-2.8737444671899435 22.019735486143322 53.51024673001897 4.908986412696394 488.40974054751189 71.906181203494427 15.783332579080449 12.9424141246751 430.1902904510498 -0.2367854650736359 402.34255397630773 214.89116821289065 305.32125641724161 -24.094259540496335 299.46563479774881 572.12872401646212 34.718143621384023 46.672280140356584 151.32510381369067 379.5531969947815 62.933822853500786 49.295731943845752 256.2795234680176 215.29868746399882 -61.385108729771211 428.49289406670471 60.341831076440741 104.27305365818616 253.26738605313005 70.265832219395449 188.71033903861959
leaf_weight=708831 14957 1289 80538 23 1012 43 42600 28 251523 23 36 29 62 38 21 11391 44 191 50 37 32 35 32 21 27 121 386 64 474 183
leaf_count=708831 14957 1289 80538 23 1012 43 42600 28 251523 23 36 29 62 38 21 11391 44 191 50 37 32 35 32 21 27 121 386 64 474 183
internal_value=2.70335e-09 37.5167 -1.06124 98.8202 118.211 141.641 7.68818 187.515 -2.18311 178.091 188.385 180.872 131.67 218.069 346.505 27.5096 67.5852 194.902 261.487 182.777 195.756 139.536 238.753 151.305 312.862 114.175 143.112 125.463 96.5827 137.616
internal_weight=1.11414e+06 30649 1.08349e+06 4301 3012 2000 123138 749 960354 721 678 655 282 373 57 26348 141 316 125 75 141 79 109 50 59 1251 473 450 778 304
internal_count=1114141 30649 1083492 4301 3012 2000 123138 749 960354 721 678 655 282 373 57 26348 141 316 125 75 141 79 109 50 59 1251 473 450 778 304
is_linear=0
shrinkage=0.05


Tree=31
num_leaves=31
num_cat=0
split_feature=3 2 37 10 30 39 31 39 37 1 33 33 39 39 40 39 39 43 44 43 40 4 36 44 46 3 46 27 4 26
split_gain=1.60454e+10 7.4834e+09 3.1393e+09 1.1402e+09 9.52182e+08 6.70974e+08 7.55043e+08 6.63901e+08 6.61015e+08 6.43071e+08 5.43497e+08 4.4259e+08 6.03735e+08 4.83231e+08 7.36359e+08 4.97132e+08 3.91462e+08 4.31585e+08 3.01947e+08 3.20385e+08 2.8753e+08 4.09081e+08 3.95998e+08 2.83208e+08 2.89125e+08 2.74336e+08 2.43424e+08 2.92345e+08 2.51704e+08 2.71044e+08
threshold=1692.6500000000003 4911.0000000000009 383.18250000000006 5054.2500000000009 1000.5000000000001 12.201544419150512 4658.9500000000007 252.25026023052416 2652.4750000000004 955.10000000000014 0.41029363785562234 8.776725545542396 13.918386244796034 195.41621396968984 0.67497183838732655 20.534345915525691 13.215586135404292 174.50000000000003 38.500000000000007 198.50000000000003 0.057715327091156947 15.500000000000002 8.7956548332737903 29.500000000000004 78.125000000000014 43.225000000000009 4.2000000000000108 200.50000000000003 99.500000000000014 25.500000000000004
decision_type=2 2 2 2 2 2 2 2 2 2 2 2 2 2 2 2 2 2 2 2 2 2 2 2 2 2 2 2 2 2
left_child=2 8 25 -3 5 20 -7 10 -2 -4 -8 12 16 15 -15 -13 18 -18 19 -12 22 -22 -5 -14 -25 -1 -23 28 -28 -30
right_child=1 3 9 4 -6 6 7 -9 -10 -11 11 13 23 14 -16 -17 17 -19 -20 -21 21 26 -24 24 -26 -27 27 -29 29 -31
leaf_value=-3.1053918436760295 19.004357239648098 48.907947791988654 3.2540966795303063 101.85466385621292 70.62962691836988 -98.815762748718271 421.46158937726705 419.3811904907227 33.027219022285259 10.19445446198359 77.858023482958487 199.91723778043476 131.22326147332788 502.66828018188482 135.24591157531739 19.127852405201306 131.13697677525607 420.70397634198594 -27.722824295707369 320.21586499023442 -73.050809024226282 242.80856122409597 393.77813749767483 -163.81269673434173 43.637492335850084 -1.3703159544384622 26.111964310399742 132.36748200896795 257.97972795137997 91.025522214907383
leaf_weight=480189 22006 864 113999 26 859 25 21 28 13596 47193 30 280 64 30 25 44 22 31 23 25 31 34 21 22 71 433469 151 562 26 374
leaf_count=480189 22006 864 113999 26 859 25 21 28 13596 47193 30 280 64 30 25 44 22 31 23 25 31 34 21 22 71 433469 151 562 26 374
internal_value=6.52377e-09 31.3836 -1.14722 99.1721 114.545 133.733 171.29 180.721 24.3595 5.28606 171.008 163.122 116.399 198.627 335.658 175.366 195.652 300.506 124.404 188.021 111.015 106.176 232.289 50.2718 -5.43675 -2.28222 111.02 106.994 81.1142 101.878
internal_weight=1.11414e+06 39291 1.07485e+06 3689 2825 1966 741 716 35602 161192 688 667 288 379 55 324 131 53 78 55 1225 1178 47 157 93 913658 1147 1113 551 400
internal_count=1114141 39291 1074850 3689 2825 1966 741 716 35602 161192 688 667 288 379 55 324 131 53 78 55 1225 1178 47 157 93 913658 1147 1113 551 400
is_linear=0
shrinkage=0.05


Tree=32
num_leaves=31
num_cat=0
split_feature=37 31 3 10 30 33 14 33 5 36 3 3 39 36 5 39 43 44 39 33 43 28 33 46 5 28 37 27 27 26
split_gain=1.45207e+10 7.12454e+09 2.60165e+09 1.21591e+09 1.06751e+09 8.74724e+08 7.12128e+08 6.91085e+08 1.25008e+09 6.03883e+08 5.95313e+08 4.98294e+08 4.93946e+08 5.28577e+08 1.00512e+09 8.98527e+08 5.7999e+08 4.33626e+08 3.78529e+08 3.71408e+08 3.64047e+08 3.60132e+08 3.29758e+08 3.20005e+08 2.81868e+08 2.74386e+08 2.46092e+08 2.38135e+08 2.19446e+08 2.08704e+08
threshold=1561.6250000000002 4658.9500000000007 373.77500000000003 5054.2500000000009 900.50000000000011 80.571853435927167 5074.5000000000009 0.46309698799556581 0.55411257072731657 7.8793810337772117 2541.1250000000005 784.12500000000011 11.759559458731106 21.395941739008901 -5.6542369710157123 195.41621396968984 307.50000000000006 5.5000000000000009 13.64551154955481 12.242189041588922 172.50000000000003 613.50000000000011 1.8422003678598802 185.29999999999998 0.55411257072731657 460.50000000000006 63.336250000000007 99.500000000000014 559.50000000000011 100.50000000000001
decision_type=2 2 2 2 2 2 2 2 2 2 2 2 2 2 2 2 2 2 2 2 2 2 2 2 2 2 2 2 2 2
left_child=2 10 26 -3 5 6 -5 8 20 23 -2 -4 17 15 -15 16 18 19 21 -11 -8 -14 -16 -9 -18 29 -1 -7 -6 -19
right_child=1 3 11 4 28 27 7 9 -10 12 -12 -13 13 14 22 -17 24 25 -20 -21 -22 -23 -24 -25 -26 -27 -28 -29 -30 -31
leaf_value=-2.7884956650998078 16.658610739431762 48.782889905995042 2.5861314472409882 -11.726846341883883 121.44661272739877 464.5443229675293 302.49362778436574 53.198780448436743 606.20896126883372 114.05938914616902 29.280423890704629 8.37403760417806 243.2235413792622 378.37344374883742 157.77452224731448 474.23166193468819 229.92442575454712 17.421807508375132 102.96155803733403 389.43011140441899 27.09715490000589 91.311662716959049 -81.126134050809426 118.95177541583631 492.20120958600728 171.98526940779254 -1.0741707524257351 245.89506949222451 55.368492629155952 101.6783643896589
leaf_weight=586830 23739 1289 98810 94 147 20 21 340 21 24 15404 59626 166 21 20 29 20 102 144 25 28 51 52 406 21 99 325431 33 865 263
leaf_count=586830 23739 1289 98810 94 147 20 21 340 21 24 15404 59626 166 21 20 29 20 102 144 25 28 51 52 406 21 99 325431 33 865 263
internal_value=2.19632e-09 28.3375 -1.14981 89.4213 106.813 127.987 122.531 129.342 283.45 123.292 21.6257 4.76436 147.972 182.116 74.0083 205.443 186.053 113.096 165.813 254.555 145.124 207.521 -14.7648 88.9839 364.261 98.1573 -2.17694 328.404 64.9668 78.1327
internal_weight=1.11414e+06 43444 1.0707e+06 4301 3012 2000 1947 1853 70 1783 39143 158436 1037 524 93 431 402 513 361 49 49 217 72 746 41 464 912261 53 1012 365
internal_count=1114141 43444 1070697 4301 3012 2000 1947 1853 70 1783 39143 158436 1037 524 93 431 402 513 361 49 49 217 72 746 41 464 912261 53 1012 365
is_linear=0
shrinkage=0.05


Tree=33
num_leaves=31
num_cat=0
split_feature=37 7 3 28 1 39 10 26 36 36 39 45 43 4 3 44 39 47 14 26 43 37 29 36 46 33 36 36 40 4
split_gain=1.31355e+10 5.15826e+09 3.51719e+09 1.31834e+09 7.46227e+08 7.29213e+08 6.5241e+08 5.72168e+08 5.3215e+08 4.05958e+08 6.73786e+08 4.87573e+08 6.03094e+08 7.95474e+08 3.88326e+08 3.74787e+08 6.23466e+08 3.5135e+08 3.46626e+08 3.3429e+08 3.40327e+08 3.18225e+08 2.91747e+08 2.90255e+08 2.97528e+08 3.71879e+08 2.85793e+08 3.56731e+08 2.59318e+08 4.006e+08
threshold=2158.4137500000006 5000.5000000000009 752.37500000000011 901.00000000000011 314.12500000000006 252.25026023052416 5054.2500000000009 7.5000000000000009 13.224406682402885 14.718454223665903 11.836239932428844 12.500000000000002 184.50000000000003 400.50000000000006 3725.3750000000005 24.500000000000004 195.41621396968984 7.7749999999999782 5074.5000000000009 150.50000000000003 146.50000000000003 1335.0750000000003 150.50000000000003 0.60000691113785964 291.00000000000006 1.1412651348369782 17.643511064764962 21.958550445513495 0.12714565480533388 25.500000000000004
decision_type=2 2 2 2 2 2 2 2 2 2 2 2 2 2 2 2 2 2 2 2 2 2 2 2 2 2 2 2 2 2
left_child=2 14 4 5 -1 6 -3 -8 18 10 -10 12 -11 17 -2 16 -13 -14 -9 -12 -21 -4 -17 -20 28 -26 -24 -28 -25 -30
right_child=1 3 21 -5 -6 -7 7 8 9 11 19 15 13 -15 -16 22 -18 -19 23 20 -22 -23 26 24 25 -27 27 -29 29 -31
leaf_value=-2.1596415837708705 22.863697838852733 35.418498531913762 6.8229917198383383 53.391198766092259 1.9684156917795477 351.79337320327761 363.9372224926949 -74.771456979822233 108.94964599256161 67.918674659729007 505.41466002030802 101.13053514280438 547.32146415710451 119.72617653511666 39.484889315546923 -68.501621229383687 412.86130474090578 270.82355242729187 271.60375239298895 152.63052419026693 421.00889086042139 13.348520353293816 -70.870033988952642 168.13192525975845 248.63928989902621 117.4774292327446 276.107498386928 25.900202678811965 -120.76569146442415 82.706015443498671
leaf_weight=882460 18340 250 50847 1455 124981 32 24 27 54 46 22 81 27 37 4347 45 20 20 26 27 21 29535 20 85 62 421 28 29 25 747
leaf_count=882460 18340 250 50847 1455 124981 32 24 27 54 46 22 81 27 37 4347 45 20 20 26 27 21 29535 20 85 62 421 28 29 25 747
internal_value=-7.75085e-09 34.9041 -0.844444 90.2353 -1.64752 114.871 111.335 121.356 118.243 163.824 241.65 136.485 213.448 293.143 26.0484 91.6186 162.859 429.663 102.635 344.019 270.046 9.22069 32.6405 106.141 102.931 134.314 91.7495 148.809 85.2432 76.1169
internal_weight=1.11414e+06 26318 1.08782e+06 3631 1.00744e+06 2176 2144 1894 1870 477 124 353 130 84 22687 223 101 47 1393 70 48 80382 122 1366 1340 483 77 57 857 772
internal_count=1114141 26318 1087823 3631 1007441 2176 2144 1894 1870 477 124 353 130 84 22687 223 101 47 1393 70 48 80382 122 1366 1340 483 77 57 857 772
is_linear=0
shrinkage=0.05


Tree=34
num_leaves=31
num_cat=0
split_feature=1 9 37 29 37 26 6 36 39 42 40 5 36 43 37 2 15 45 33 46 5 30 33 5 46 33 45 40 4 36
split_gain=1.19007e+10 4.64133e+09 3.18152e+09 1.27862e+09 6.22423e+08 6.08893e+08 5.37181e+08 7.01536e+08 6.68993e+08 5.10224e+08 5.40533e+08 4.52742e+08 4.18359e+08 5.4762e+08 3.38041e+08 3.27256e+08 2.6617e+08 2.59741e+08 4.22169e+08 2.6597e+08 2.33151e+08 2.11363e+08 2.10774e+08 9.23913e+08 2.30185e+08 2.95259e+08 2.06798e+08 1.98211e+08 3.22702e+08 2.52616e+08
threshold=2232.0000000000005 5050.5000000000009 717.42125000000021 890.50000000000011 300.85500000000008 7.5000000000000009 5023.0000000000009 13.224406682402885 195.41621396968984 6.5000000000000009 0.29523300972729943 0.38620692594202316 21.395941739008901 308.50000000000006 3501.2625000000003 1273.1250000000002 5085.5000000000009 14.500000000000002 18.118157824191716 385.75000000000006 32.279256850649467 70.500000000000014 0.46309698799556581 0.44855367718342759 291.00000000000006 1.6608711915072081 12.500000000000002 0.12714565480533388 40.500000000000007 7.2082279404325282
decision_type=2 2 2 2 2 2 2 2 2 2 2 2 2 2 2 2 2 2 2 2 2 2 2 2 2 2 2 2 2 2
left_child=2 14 4 5 -1 -3 20 16 11 -10 -11 17 13 21 -2 -4 -8 18 -9 -19 -7 -13 23 -18 27 -26 -23 29 -29 -24
right_child=1 3 15 -5 -6 6 7 8 9 10 -12 12 -14 -15 -16 -17 22 19 -20 -21 -22 26 24 -25 25 -27 -28 28 -30 -31
leaf_value=-2.0709718418262892 21.79281754739814 324.64680403507123 5.9862578174782026 49.765060961598117 1.6872781229700013 3.2481701832432908 -7.3229670775564095 286.56091279249927 437.65153646984618 363.84272178649906 -3.7621420288085936 345.96876876831061 14.681111462910971 475.89879339308965 36.473938608412347 12.315171118008299 59.835717672393436 1.6013265448537741 76.596399562589582 155.78850510760051 177.18760336095636 240.13004569808641 87.807579889837314 472.73269081115723 199.69968188663699 105.38112193352265 92.581245308734012 -39.051843570840774 83.83521444748213 265.71604297161105
leaf_weight=875017 17598 33 54158 1390 126036 155 57 39 37 20 20 20 24 21 5045 32793 42 88 62 41 22 48 53 20 106 382 47 58 677 32
leaf_count=875017 17598 33 54158 1390 126036 155 57 39 37 20 20 20 24 21 5045 32793 42 88 62 41 22 48 53 20 106 382 47 58 677 32
internal_value=-6.37891e-09 33.3406 -0.800937 86.9781 -1.5978 111.563 108.167 115.952 169.146 303.828 180.04 142.555 207.145 241.109 25.0639 8.37317 98.544 97.6222 157.672 50.6066 24.8678 198.234 102.949 193.028 98.6788 125.868 167.132 82.4977 74.138 154.785
internal_weight=1.11414e+06 26137 1.088e+06 3494 1.00105e+06 2104 2071 1894 467 77 40 390 160 136 22643 86951 1427 230 101 129 177 115 1370 62 1308 488 95 820 735 85
internal_count=1114141 26137 1088004 3494 1001053 2104 2071 1894 467 77 40 390 160 136 22643 86951 1427 230 101 129 177 115 1370 62 1308 488 95 820 735 85
is_linear=0
shrinkage=0.05


Tree=35
num_leaves=31
num_cat=0
split_feature=2 37 37 46 29 9 39 6 36 37 45 44 27 43 30 28 3 4 27 36 28 4 8 3 28 30 27 29 46 4
split_gain=1.07712e+10 5.28015e+09 1.87907e+09 7.89513e+08 5.12169e+08 5.72883e+08 7.56278e+08 4.60057e+08 5.43508e+08 4.4676e+08 4.03572e+08 4.28107e+08 7.05357e+08 4.88996e+08 4.10957e+08 4.87632e+08 3.52461e+08 3.10174e+08 2.87439e+08 2.65842e+08 2.45185e+08 2.61733e+08 2.17684e+08 2.16042e+08 2.09833e+08 1.79805e+08 1.70703e+08 3.10009e+08 1.95569e+08 5.47518e+08
threshold=1537.5000000000002 4612.0500000000011 373.28875000000005 385.75000000000006 556.00000000000011 5050.5000000000009 252.25026023052416 5023.0000000000009 13.340479718254175 2652.4750000000004 14.500000000000002 24.500000000000004 190.50000000000003 324.50000000000006 191.50000000000003 200.50000000000003 784.12500000000011 310.50000000000006 130.50000000000003 0.60000691113785964 40.500000000000007 40.500000000000007 5051.0000000000009 35.050000000000004 350.50000000000006 350.50000000000006 741.00000000000011 99.500000000000014 1.9000000000000201 25.500000000000004
decision_type=2 2 2 2 2 2 2 2 2 2 2 2 2 2 2 2 2 2 2 2 2 2 2 2 2 2 2 2 2 2
left_child=2 9 23 4 5 -3 7 -7 19 -2 14 12 -12 -13 15 -10 -4 18 25 -9 -6 -22 -21 -1 -16 -5 28 -28 29 -24
right_child=1 3 16 17 20 6 -8 8 10 -11 11 13 -14 -15 24 -17 -18 -19 -20 22 21 -23 26 -25 -26 -27 27 -29 -30 -31
leaf_value=-2.7179758469686797 14.855338142649869 34.567698963950669 2.2257525892903232 207.09223426536278 192.97162432177313 -11.874335819286305 359.2279079437256 259.89333275231451 211.500327857765 26.128368981943687 391.37884677648549 -40.606926767449636 57.928169839041573 246.74593550682067 223.48471501449058 497.35216723632811 7.1027223407798026 102.16198531255617 135.11391270371934 -71.35904263583096 179.83363831837971 43.619228945080437 66.143061188415246 -1.1712301573805382 18.70760830965909 382.59129119873046 326.24031478881835 104.68940191904704 73.172866899568575 349.16223645019534
leaf_weight=416967 26942 408 102658 54 29 91 28 22 37 13044 29 57 35 20 29 25 57965 455 158 22 36 1729 54 492300 22 20 20 75 785 25
leaf_count=416967 26942 408 102658 54 29 91 28 22 37 13044 29 57 35 20 29 25 57965 455 158 22 36 1729 54 492300 22 20 20 75 785 25
internal_value=-9.76806e-10 24.1735 -0.999824 77.0577 67.6313 86.6014 102.03 96.6876 104.547 18.5328 169.881 113.46 209.023 34.0302 240.283 326.763 3.98573 126.152 173.202 88.0017 48.7669 46.3975 84.1469 -1.88053 135.149 254.524 87.7143 151.332 80.7193 155.706
internal_weight=1.11414e+06 44251 1.06989e+06 4265 3578 1784 1376 1348 1257 39986 254 141 64 77 113 62 160623 687 232 1003 1794 1765 981 909267 51 74 959 95 864 79
internal_count=1114141 44251 1069890 4265 3578 1784 1376 1348 1257 39986 254 141 64 77 113 62 160623 687 232 1003 1794 1765 981 909267 51 74 959 95 864 79
is_linear=0
shrinkage=0.05


Tree=36
num_leaves=31
num_cat=0
split_feature=37 32 3 10 30 26 39 37 43 8 4 40 40 28 47 5 45 11 39 3 27 30 40 4 43 30 33 41 33 43
split_gain=9.74488e+09 4.15409e+09 2.33118e+09 7.31887e+08 7.06901e+08 5.72466e+08 5.11742e+08 4.38165e+08 4.02785e+08 4.09349e+08 3.67559e+08 7.56686e+08 6.23344e+08 4.64454e+08 4.97944e+08 3.04235e+08 3.09459e+08 2.95366e+08 2.58942e+08 2.52844e+08 2.31608e+08 2.6368e+08 2.48374e+08 2.85282e+08 2.25923e+08 2.25625e+08 2.15391e+08 2.04942e+08 2.67106e+08 3.98571e+08
threshold=1957.2175000000002 4623.5779193300286 486.27500000000003 5054.2500000000009 900.50000000000011 7.5000000000000009 12.126062680023731 1047.5562500000003 30.500000000000004 5051.0000000000009 190.50000000000003 1.0634643317652543 0.74688010105506275 190.50000000000003 -21.850000000000076 -2.1276595744680935 5.5000000000000009 109.05000000000001 16.467718044850425 3180.7500000000005 200.50000000000003 681.00000000000011 0.057715327091156947 75.500000000000014 226.50000000000003 560.50000000000011 0.46309698799556581 1.5000000000000002 1.7191012457869419 166.50000000000003
decision_type=2 2 2 2 2 2 2 2 2 2 2 2 2 2 2 2 2 2 2 2 2 2 2 2 2 2 2 2 2 2
left_child=2 19 17 -3 5 -5 20 -4 -8 -10 11 15 -12 14 -14 16 -11 -1 -18 -2 21 22 -7 -24 -16 -15 -25 -17 -29 -30
right_child=1 3 7 4 -6 6 8 -9 9 10 12 -13 13 25 24 27 18 -19 -20 -21 -22 -23 23 26 -26 -27 -28 28 29 -31
leaf_value=-2.1751334159413207 17.24692911216215 41.792873820860279 3.3035917247808095 307.13937188316794 52.804726073351105 221.41788293747678 -17.46450345175607 9.3294153989658124 24.381261270437669 279.24439198037857 20.394391667401351 -91.305768657865983 118.355926348712 142.88824593201849 447.09054524739588 319.76710430781048 161.06939086914065 -0.17727603594579586 -80.305681533813484 28.157679181060974 102.32298922763249 221.52302016814554 -12.439022226710069 206.80163907271168 230.14043823242187 -7.116293999456591 58.285980467498305 347.59415708269398 302.66663574218751 86.828277154402315
leaf_weight=700827 18910 1311 84350 34 1031 21 42 46965 67 23 108 21 37 131 30 72 25 251350 20 7383 612 24 152 26 20 31 400 28 35 55
leaf_count=700827 18910 1311 84350 34 1031 21 42 46965 67 23 108 21 37 131 30 72 25 251350 20 7383 612 24 152 26 20 31 400 28 35 55
internal_value=-1.60314e-09 27.8031 -0.786472 73.0278 86.4757 103.712 100.219 5.45874 132.947 141.933 154.317 197.314 120.714 164.227 257.41 220.806 130.048 -1.64775 53.7916 20.3106 80.4765 59.0158 52.5046 46.3677 360.311 114.184 67.3503 253.288 212.725 170.765
internal_weight=1.11414e+06 30649 1.08349e+06 4356 3045 2014 1980 131315 745 703 636 279 357 249 87 258 68 952177 45 26293 1235 623 599 578 50 162 426 190 118 90
internal_count=1114141 30649 1083492 4356 3045 2014 1980 131315 745 703 636 279 357 249 87 258 68 952177 45 26293 1235 623 599 578 50 162 426 190 118 90
is_linear=0
shrinkage=0.05


Tree=37
num_leaves=31
num_cat=0
split_feature=37 32 3 10 30 39 46 28 3 26 33 37 28 46 5 33 45 29 39 36 42 46 33 40 39 44 4 40 4 40
split_gain=8.81947e+09 4.33117e+09 1.57215e+09 6.60528e+08 6.40007e+08 5.349e+08 4.1292e+08 6.63301e+08 3.67811e+08 3.47728e+08 3.44233e+08 3.16899e+08 3.14351e+08 3.07534e+08 5.17137e+08 3.83879e+08 2.9575e+08 2.86913e+08 2.86511e+08 2.83614e+08 3.97424e+08 2.05653e+08 1.88621e+08 1.86909e+08 1.77612e+08 2.08713e+08 2.04263e+08 2.34708e+08 3.66259e+08 1.91815e+08
threshold=1561.6250000000002 4623.5779193300286 354.05000000000007 5054.2500000000009 1601.0000000000002 337.6677467661961 291.00000000000006 6.5000000000000009 2816.8750000000005 7.5000000000000009 0.83000882289657962 808.18750000000011 25.500000000000004 12.800000000000098 7.1428571428571521 0.70481791173995079 17.500000000000004 50.500000000000007 9.182296922419388 8.6407307214144762 6.5000000000000009 90.049999999999969 0.46309698799556581 0.63040246337667794 10.763665139277077 5.5000000000000009 280.50000000000006 0.53065695842301075 99.500000000000014 1.5396232214652981
decision_type=2 2 2 2 2 2 2 2 2 2 2 2 2 2 2 2 2 2 2 2 2 2 2 2 2 2 2 2 2 2
left_child=2 8 -1 -3 5 6 7 -5 -2 -9 18 -4 17 14 15 -14 19 -11 -8 -17 -21 -15 -23 -19 -12 -26 27 28 -27 -28
right_child=1 3 11 4 -6 -7 10 9 -10 12 24 -13 13 21 -16 16 -18 23 -20 20 -22 22 -24 -25 25 26 29 -29 -30 -31
leaf_value=-1.7178462441055231 13.674595576509061 39.703230003361298 2.0125120840141895 349.49343213168061 42.954717782523829 325.55871557617189 130.98171188354493 257.66346816253662 24.306794899678383 -97.1146161372845 87.808963542088222 6.6266868699251269 309.56236335754397 33.99186128848384 364.58581931374289 -4.401243833700816 -12.815266827174597 153.61465627736061 398.61554046630863 337.1312154134115 63.247271112295302 218.72504984537761 76.349114788854138 -35.01878745357196 9.3708892949422218 293.30849432373049 77.427628429670989 256.6928985171848 64.369861516459238 170.16772835652034
leaf_weight=904338 27545 1311 110169 22 776 25 20 25 11543 52 345 56190 20 337 22 24 56 29 20 27 26 24 757 24 30 25 133 72 58 96
leaf_count=904338 27545 1311 110169 22 776 25 20 25 11543 52 345 56190 20 337 22 24 56 29 20 27 26 24 757 24 30 25 133 72 58 96
internal_value=-1.33808e-08 22.0846 -0.896093 69.3764 82.1519 95.5574 92.995 77.0461 16.8144 72.834 121.839 3.57101 69.5287 76.2852 137.919 105.326 74.6142 -13.6722 264.799 138.199 202.773 66.6377 80.7243 68.1957 114.305 136.384 146.307 190.633 133.327 116.306
internal_weight=1.11414e+06 43444 1.0707e+06 4356 3045 2269 2244 1445 39088 1423 799 166359 1398 1293 175 153 133 105 40 77 53 1118 781 53 759 414 384 155 83 229
internal_count=1114141 43444 1070697 4356 3045 2269 2244 1445 39088 1423 799 166359 1398 1293 175 153 133 105 40 77 53 1118 781 53 759 414 384 155 83 229
is_linear=0
shrinkage=0.05


Tree=38
num_leaves=31
num_cat=0
split_feature=1 2 37 8 29 39 46 28 40 4 29 46 3 33 3 36 27 39 1 46 33 45 28 29 39 26 27 27 30 5
split_gain=7.99271e+09 3.07851e+09 2.12529e+09 5.92094e+08 5.56349e+08 7.32759e+08 3.79822e+08 4.49965e+08 3.85402e+08 6.01976e+08 5.80492e+08 4.98341e+08 3.65232e+08 3.31538e+08 3.17247e+08 2.85296e+08 2.59637e+08 2.40313e+08 2.07472e+08 1.90838e+08 4.69713e+08 2.10522e+08 1.89062e+08 1.71828e+08 1.70593e+08 1.93914e+08 2.05661e+08 2.91181e+08 1.56815e+08 1.55826e+08
threshold=2232.0000000000005 4911.0000000000009 560.34375000000011 5051.0000000000009 1500.5000000000002 337.6677467661961 291.00000000000006 6.5000000000000009 0.185544542501035 50.500000000000007 25.500000000000004 0.20000000000000998 1188.1750000000002 0.83000882289657962 117.72500000000001 21.395941739008901 40.500000000000007 9.182296922419388 3850.1000000000004 90.049999999999969 0.46309698799556581 5.5000000000000009 130.50000000000003 50.500000000000007 10.763665139277077 150.50000000000003 350.50000000000006 40.500000000000007 249.00000000000003 22.845634766886217
decision_type=2 2 2 2 2 2 2 2 2 2 2 2 2 2 2 2 2 2 2 2 2 2 2 2 2 2 2 2 2 2
left_child=2 18 14 -3 5 6 7 -5 10 23 -9 -11 -4 17 -1 16 -12 -8 -2 21 -21 -13 -18 -10 -15 26 27 -26 -29 -27
right_child=1 3 12 4 -6 -7 13 8 9 11 15 19 -14 24 -16 -17 22 -19 -20 20 -22 -23 -24 -25 25 29 -28 28 -30 -31
leaf_value=-1.9585641668133016 18.231991034222812 28.442016638221471 3.6779024919777861 308.6498064422608 43.192761053200122 367.03351360956827 139.21131019592286 390.30913688659666 -111.26907848422812 264.65205211639403 281.0934462865194 149.69330414858732 9.5492363502241844 83.193246888704493 0.10502053389185839 -62.440398753773081 16.565601437590843 378.68476638793948 31.189066627283264 317.09129188537599 71.35393784097117 15.772725295750602 145.7421350295285 16.128911058108013 71.683104497736153 101.01789826389829 54.54081559695981 347.67544143264359 179.10646181973544 236.24212354577108
leaf_weight=719459 18749 705 76812 20 783 24 22 20 59 32 24 33 40428 349 251305 22 43 20 3699 20 702 265 83 48 22 289 22 37 22 23
leaf_count=719459 18749 705 76812 20 783 24 22 20 59 32 24 33 40428 349 251305 22 43 20 3699 20 702 265 83 48 22 289 22 37 22 23
internal_value=1.40474e-08 27.3234 -0.656386 69.6533 79.3898 92.2669 89.2377 73.2245 69.7393 58.8698 135.352 70.362 5.70252 116.476 -1.42436 105.706 130.368 253.246 20.3671 64.2666 78.1611 30.6029 101.658 -54.1186 108.957 130.624 190.109 226.93 284.819 110.986
internal_weight=1.11414e+06 26137 1.088e+06 3689 2984 2201 2177 1371 1351 1159 192 1052 117240 806 970764 172 150 42 22448 1020 722 298 126 107 764 415 103 81 59 312
internal_count=1114141 26137 1088004 3689 2984 2201 2177 1371 1351 1159 192 1052 117240 806 970764 172 150 42 22448 1020 722 298 126 107 764 415 103 81 59 312
is_linear=0
shrinkage=0.05


Tree=39
num_leaves=31
num_cat=0
split_feature=2 37 37 46 29 9 39 6 36 45 30 28 44 27 43 37 1 4 27 36 28 4 28 8 33 2 27 29 5 30
split_gain=7.2384e+09 3.51641e+09 1.26358e+09 5.74e+08 3.67667e+08 4.09537e+08 5.98812e+08 3.66376e+08 4.57386e+08 3.35892e+08 3.66718e+08 4.29032e+08 3.66395e+08 5.99734e+08 4.0922e+08 3.04566e+08 2.39912e+08 2.27182e+08 2.3693e+08 2.13021e+08 1.88439e+08 2.09624e+08 1.83218e+08 1.7659e+08 1.70801e+08 1.68961e+08 1.4967e+08 2.66498e+08 1.54317e+08 1.42129e+08
threshold=1537.5000000000002 4612.0500000000011 362.49250000000001 385.75000000000006 556.00000000000011 5050.5000000000009 252.25026023052416 5023.0000000000009 13.340479718254175 14.500000000000002 191.50000000000003 130.50000000000003 24.500000000000004 190.50000000000003 324.50000000000006 2382.3625000000006 800.05000000000007 310.50000000000006 130.50000000000003 0.60000691113785964 40.500000000000007 40.500000000000007 350.50000000000006 5051.0000000000009 9.3891478717842052 31.550000000000004 741.00000000000011 99.500000000000014 18.147813037399143 50.500000000000007
decision_type=2 2 2 2 2 2 2 2 2 2 2 2 2 2 2 2 2 2 2 2 2 2 2 2 2 2 2 2 2 2
left_child=2 15 25 4 5 -3 7 -7 19 10 11 -10 13 -11 -14 -2 -4 18 24 -9 -6 -22 -12 -21 -5 -1 28 -28 -25 -19
right_child=1 3 16 17 20 6 -8 8 9 12 22 -13 14 -15 -16 -17 -18 29 -20 23 21 -23 -24 26 -26 -27 27 -29 -30 -31
leaf_value=-2.340204898234068 11.430579053461472 27.014465224509145 1.8087984769247143 152.62781226180849 165.37336944053914 -17.580327122028059 312.9148680005755 225.00594385320494 160.64111645606258 351.33161559515986 193.70586989830281 423.69758550582395 -46.984944761845107 43.85906525748117 215.88510297298433 20.247231850586225 5.8087238484464629 205.41446631265723 110.52091823099536 -72.375563465465206 156.2922265370687 34.389403840620233 2.3557575572620739 60.071476056920474 305.95954132080078 -0.96010636529073379 292.63751859664916 87.222219975153621 168.7528606863583 77.855225346885902
leaf_weight=389113 22830 408 107556 42 29 91 28 22 31 29 29 31 57 35 20 17156 57544 23 158 22 36 1729 22 830 32 515677 20 75 34 432
leaf_count=389113 22830 408 107556 42 29 91 28 22 31 29 29 31 57 35 20 17156 57544 23 158 22 36 1729 22 830 32 515677 20 75 34 432
internal_value=-2.23025e-09 19.8166 -0.819621 62.9737 54.9362 71.0089 84.0538 79.3 86.3136 146.248 210.476 292.169 94.7748 183.183 21.293 15.2134 3.20293 104.835 145.101 71.1358 38.953 36.8758 111.163 67.6851 218.933 -1.55363 70.8982 130.468 64.3483 84.3033
internal_weight=1.11414e+06 44251 1.06989e+06 4265 3578 1784 1376 1348 1257 254 113 62 141 64 77 39986 165100 687 232 1003 1794 1765 51 981 74 904790 959 95 864 455
internal_count=1114141 44251 1069890 4265 3578 1784 1376 1348 1257 254 113 62 141 64 77 39986 165100 687 232 1003 1794 1765 51 981 74 904790 959 95 864 455
is_linear=0
shrinkage=0.05


Tree=40
num_leaves=31
num_cat=0
split_feature=37 31 37 10 26 30 33 14 47 6 39 33 28 33 39 33 39 37 43 27 29 39 26 39 3 1 39 26 40 4
split_gain=6.5438e+09 2.93152e+09 1.41103e+09 5.56605e+08 5.23584e+08 4.57067e+08 5.89023e+08 4.19627e+08 3.51174e+08 3.30586e+08 3.72587e+08 6.56077e+08 3.55301e+08 3.10279e+08 5.29578e+08 2.97113e+08 3.51147e+08 2.81377e+08 2.28772e+08 2.43446e+08 3.25231e+08 2.23092e+08 2.26086e+08 2.62401e+08 2.14792e+08 1.85599e+08 1.68559e+08 1.83715e+08 3.53272e+08 3.07078e+08
threshold=1797.0312500000002 4658.9500000000007 440.06875000000008 5054.2500000000009 7.5000000000000009 1601.0000000000002 80.571853435927167 5074.5000000000009 -1.0000000180025095e-35 5023.0000000000009 12.201544419150512 0.51195337459163126 350.50000000000006 12.089860801671842 15.288341513335753 16.454430087201612 14.565348843658283 1047.5562500000003 176.50000000000003 300.50000000000006 100.50000000000001 13.132694191934464 130.50000000000003 15.288341513335753 3180.7500000000005 73.850000000000009 5.3121517332010617 200.50000000000003 0.057715327091156947 75.500000000000014
decision_type=2 2 2 2 2 2 2 2 2 2 2 2 2 2 2 2 2 2 2 2 2 2 2 2 2 2 2 2 2 2
left_child=2 24 25 -3 -5 6 7 -6 -8 -9 26 -12 13 14 18 16 -15 -4 -13 20 -20 -17 -23 -24 -2 -1 -11 28 -28 -30
right_child=1 3 17 4 5 -7 8 9 -10 10 11 12 -14 15 -16 21 -18 -19 19 -21 -22 22 23 -25 -26 -27 27 -29 29 -31
leaf_value=-1.8973197852005428 13.497981408589361 32.506529442512246 2.4616793161696844 266.86939567117128 -13.333629928455977 36.048145861197291 66.52376342773438 -25.442412007373314 324.22090966640377 16.141781000657513 397.22806335449218 74.271036239624024 63.738148961050356 180.30296686225469 2.8484355026416566 277.1132709980011 430.40982931385872 7.269636236804196 126.84094930795523 76.766027893066408 358.91347353193498 -9.9525192786907333 62.544552849360883 260.6429140210152 23.24398381833835 -0.40539947456381742 247.92840722125513 96.294207388280327 -16.006512705257961 69.787012710664555
leaf_weight=621634 22923 1289 100494 34 122 759 20 69 39 132 20 50 283 36 89 24 23 43647 26 25 36 29 35 32 7504 313638 23 557 140 409
leaf_count=621634 22923 1289 100494 34 122 759 20 69 39 132 20 50 283 36 89 24 23 43647 26 25 36 29 35 32 7504 313638 23 557 140 409
internal_value=7.62027e-09 21.3633 -0.687323 60.0019 71.7687 69.5412 80.9974 76.7399 236.866 82.1319 85.9017 114.929 106.722 136.758 97.8096 185.933 277.802 3.91757 159.5 208.482 261.593 140.764 106.677 157.159 15.9016 -1.39701 69.6042 75.8549 55.9516 47.9089
internal_weight=1.11414e+06 34728 1.07941e+06 4301 3012 2978 2219 2160 59 2038 1969 708 688 405 226 179 59 144141 137 87 62 120 96 67 30427 935272 1261 1129 572 549
internal_count=1114141 34728 1079413 4301 3012 2978 2219 2160 59 2038 1969 708 688 405 226 179 59 144141 137 87 62 120 96 67 30427 935272 1261 1129 572 549
is_linear=0
shrinkage=0.05


Tree=41
num_leaves=31
num_cat=0
split_feature=37 31 3 10 26 30 33 14 3 47 33 5 36 28 7 39 36 5 39 43 5 39 5 28 33 36 39 44 27 43
split_gain=5.92445e+09 2.09354e+09 1.78768e+09 5.02336e+08 4.72535e+08 4.12503e+08 5.31593e+08 3.78714e+08 3.6109e+08 3.16934e+08 3.01946e+08 1.6334e+09 3.54586e+08 2.92447e+08 2.78952e+08 2.49892e+08 3.00145e+08 4.82578e+08 4.51299e+08 3.45385e+08 2.68143e+08 2.62338e+08 3.09191e+08 2.18653e+08 2.15136e+08 2.08017e+08 2.05303e+08 2.18194e+08 4.12568e+08 3.06449e+08
threshold=2382.3625000000006 4658.9500000000007 752.37500000000011 5054.2500000000009 7.5000000000000009 1601.0000000000002 80.571853435927167 5074.5000000000009 176.22500000000002 -1.0000000180025095e-35 0.46309698799556581 0.61735724484082166 7.2082279404325282 190.50000000000003 5000.5000000000009 10.957885068715791 21.395941739008901 -5.6542369710157123 195.41621396968984 307.50000000000006 0.51951603223138199 13.735248098785753 12.568773951901459 310.50000000000006 1.6608711915072081 11.912775519956266 13.215586135404292 22.500000000000004 130.50000000000003 101.50000000000001
decision_type=2 2 2 2 2 2 2 2 2 2 2 2 2 2 2 2 2 2 2 2 2 2 2 2 2 2 2 2 2 2
left_child=2 -2 8 -3 -5 6 7 -6 -1 -8 11 13 -12 -9 -14 25 18 -18 19 21 -21 22 26 -24 -19 -16 27 28 -17 -30
right_child=1 3 -4 4 5 -7 9 10 -10 -11 12 -13 14 -15 15 16 17 24 -20 20 -22 -23 23 -25 -26 -27 -28 -29 29 -31
leaf_value=-1.6022583875610614 18.097496605309679 30.881202794860577 6.4603427632402051 253.52592225916248 -12.666948527195416 34.24573834127942 63.197573699951171 150.57092121265552 0.69240546050731844 308.00986503209828 46.817467756725499 563.16958770751955 -40.863952675843848 -82.145327207777243 85.327355976485748 350.50984184265138 225.96418731396017 120.69308547973634 325.5845724446433 127.39338004372337 371.55874328613282 53.688477582623889 139.60041397094727 368.02642087069427 -68.275230473377675 7.6729854496247176 194.02433774433439 48.820113660767674 5.8368157475493678 202.1092580846838
leaf_weight=788428 17643 1289 84688 34 122 759 20 27 219081 39 735 20 39 27 413 20 26 20 28 22 23 155 20 22 61 109 63 128 43 37
leaf_count=788428 17643 1289 84688 34 122 759 20 27 219081 39 735 20 39 27 413 20 26 20 28 22 23 155 20 22 61 109 63 128 43 37
internal_value=9.53856e-09 25.7227 -0.516811 57.0018 68.1803 66.0642 76.9475 72.9029 -1.10329 225.023 78.0253 177.174 74.2896 34.2128 90.7192 95.0316 115.286 38.5434 129.923 119.645 252.189 107.422 132.433 259.252 -21.6164 69.1122 114.13 92.0535 147.392 96.6128
internal_weight=1.11414e+06 21944 1.0922e+06 4301 3012 2978 2219 2160 1.00751e+06 59 2038 74 1964 54 1229 1190 668 107 561 533 45 488 333 42 81 522 291 228 100 80
internal_count=1114141 21944 1092197 4301 3012 2978 2219 2160 1007509 59 2038 74 1964 54 1229 1190 668 107 561 533 45 488 333 42 81 522 291 228 100 80
is_linear=0
shrinkage=0.05


Tree=42
num_leaves=31
num_cat=0
split_feature=2 37 37 46 46 4 40 10 44 29 40 3 28 46 29 33 36 39 27 44 47 4 27 3 28 27 30 26 39 39
split_gain=5.41144e+09 2.57945e+09 9.35728e+08 4.64916e+08 2.87899e+08 3.83838e+08 6.57495e+08 4.55033e+08 3.7653e+08 3.70717e+08 3.32358e+08 2.32896e+08 2.32018e+08 2.07317e+08 3.56698e+08 2.61533e+08 1.94714e+08 2.01083e+08 2.85205e+08 1.93237e+08 1.93818e+08 1.89028e+08 2.05128e+08 1.85733e+08 1.57946e+08 2.12927e+08 1.56542e+08 1.46553e+08 1.44786e+08 2.10266e+08
threshold=1537.5000000000002 4612.0500000000011 333.58500000000009 385.75000000000006 4.2000000000000108 25.500000000000004 0.12714565480533388 5054.2500000000009 35.500000000000007 41.500000000000007 0.422330599603085 3180.7500000000005 150.50000000000003 90.049999999999969 600.50000000000011 0.46309698799556581 9.7837686386844691 195.41621396968984 190.50000000000003 18.500000000000004 65.050000000000026 310.50000000000006 130.50000000000003 937.87500000000011 130.50000000000003 130.50000000000003 350.50000000000006 50.500000000000007 12.126062680023731 13.918386244796034
decision_type=2 2 2 2 2 2 2 2 2 2 2 2 2 2 2 2 2 2 2 2 2 2 2 2 2 2 2 2 2 2
left_child=2 11 -1 4 5 6 9 -7 10 -3 -9 -2 -10 -6 15 -15 24 19 -19 -18 28 22 26 -4 25 -17 -5 -11 -21 -30
right_child=1 3 23 21 13 7 -8 8 12 27 -12 -13 -14 14 -16 16 17 18 -20 20 -22 -23 -24 -25 -26 -27 -28 -29 29 -31
leaf_value=-1.369308004289759 11.333240956920498 289.86087376521181 1.7015700956671471 152.94194576122143 24.35924281980401 14.799780106544496 -74.499094816567251 438.45948815917973 228.82356887090774 149.09163451359191 183.1297971725464 21.026840735935579 -1.0471070538396421 218.25445485432942 32.673954023969017 -46.21056678017905 143.89030635997813 312.70989023844402 75.820263954445167 39.198041667753053 -18.952560029029847 73.042884467276892 96.325038526631616 5.5008581830755769 66.698566614080363 64.418467257239612 316.69522079467777 -2.9017263562338695 205.27290704409285 67.496333311001464
leaf_weight=891870 32320 26 135874 54 1055 40 69 25 21 29 26 7666 23 30 1196 86 93 24 27 103 60 455 158 42146 405 88 20 35 45 72
leaf_count=891870 32320 26 135874 54 1055 40 69 25 21 29 26 7666 23 30 1196 86 93 24 27 103 60 455 158 42146 405 88 20 35 45 72
internal_value=-7.05259e-09 17.1342 -0.708677 54.0971 46.8635 94.2657 41.6229 156.267 215.832 130.65 308.291 13.1917 108.664 42.6198 51.2627 72.7846 68.4336 94.1775 187.298 81.4452 60.7045 91.7709 128.501 2.60105 49.5814 9.73975 197.2 65.9703 82.4292 120.487
internal_weight=1.11414e+06 44251 1.06989e+06 4265 3578 294 159 135 95 90 51 39986 44 3284 2229 1033 1003 424 51 373 280 687 232 178020 579 174 74 64 220 117
internal_count=1114141 44251 1069890 4265 3578 294 159 135 95 90 51 39986 44 3284 2229 1033 1003 424 51 373 280 687 232 178020 579 174 74 64 220 117
is_linear=0
shrinkage=0.05


Tree=43
num_leaves=31
num_cat=0
split_feature=37 32 3 46 0 40 29 36 4 46 4 10 40 1 4 39 27 39 46 33 29 27 47 27 37 27 28 39 39 5
split_gain=4.90245e+09 2.43329e+09 7.91118e+08 3.91263e+08 3.71093e+08 2.57442e+08 5.29005e+08 5.5552e+08 2.75809e+08 2.56448e+08 3.08871e+08 4.05403e+08 2.40039e+08 2.37052e+08 1.88349e+08 2.03473e+08 2.05373e+08 1.97266e+08 1.60599e+08 2.73376e+08 2.09529e+08 1.53543e+08 1.4838e+08 2.03075e+08 1.47613e+08 1.39834e+08 1.94918e+08 1.36746e+08 2.69513e+08 1.64004e+08
threshold=1483.2000000000003 4623.5779193300286 329.72500000000008 385.75000000000006 2900.0500000000006 0.12714565480533388 41.500000000000007 9.8671695107037358 15.500000000000002 1.4000000000000201 25.500000000000004 5054.2500000000009 0.56152341514165227 2932.0000000000005 310.50000000000006 10.763665139277077 400.50000000000006 13.297777872176178 169.37500000000003 0.51195337459163126 556.00000000000011 40.500000000000007 166.37500000000003 150.50000000000003 775.6500000000002 40.500000000000007 50.500000000000007 11.836239932428844 12.894264452898934 -0.62111801242236686
decision_type=2 2 2 2 2 2 2 2 2 2 2 2 2 2 2 2 2 2 2 2 2 2 2 2 2 2 2 2 2 2
left_child=2 13 -1 4 -3 6 7 -6 -7 10 -10 -12 -13 -2 15 -5 17 -17 -11 -20 22 -8 27 -24 -4 -16 -27 -21 -29 -30
right_child=1 3 24 14 5 8 21 -9 9 18 11 12 -14 -15 25 16 -18 -19 19 20 -22 -23 23 -25 -26 26 -28 28 29 -31
leaf_value=-1.3020506595634591 10.004584498308851 229.29194573296442 1.379798303382695 66.083314755558973 62.843023717971079 -82.159724517490559 151.05271421733656 418.53382525340368 -36.97055172390408 28.723885437362551 22.444499037000867 324.87431252219466 121.73536108457125 18.62123991112189 -53.063201970639433 278.71734640431958 58.474385685390899 137.39578945554535 218.7428546269735 59.162431481974011 30.03577611692009 40.904926381855418 -109.58138591003417 56.123268546520819 4.4979255059632015 215.14881193741508 65.869870537519461 247.80929924749557 11.250780799388886 117.92126305232676
leaf_weight=892884 32829 27 117447 96 21 46 38 23 27 1824 36 33 26 10546 23 43 36 58 24 302 711 189 25 71 56079 23 444 31 50 129
leaf_count=892884 32829 27 117447 96 21 46 38 23 27 1824 36 33 26 10546 23 43 36 58 24 302 711 189 25 71 56079 23 444 31 50 129
internal_value=-1.22903e-09 15.6772 -0.701689 51.3011 44.6162 43.2334 90.0997 248.772 39.4251 41.1256 112.26 154.673 235.355 12.0996 84.8922 121.901 161.014 197.562 38.3853 51.5071 48.4641 59.3438 70.0144 12.971 2.38749 67.2943 73.2219 80.71 111.697 88.125
internal_weight=1.11414e+06 47731 1.06641e+06 4356 3633 3606 271 44 3335 3289 122 95 59 43375 723 233 137 101 3167 1343 1319 227 608 96 173526 490 467 512 210 179
internal_count=1114141 47731 1066410 4356 3633 3606 271 44 3335 3289 122 95 59 43375 723 233 137 101 3167 1343 1319 227 608 96 173526 490 467 512 210 179
is_linear=0
shrinkage=0.05


Tree=44
num_leaves=31
num_cat=0
split_feature=3 3 37 46 40 29 4 46 4 5 45 39 26 37 4 39 27 37 46 33 29 30 28 47 9 29 39 27 27 28
split_gain=4.4356e+09 1.71493e+09 1.12104e+09 3.30403e+08 2.54396e+08 5.76674e+08 3.12917e+08 3.24096e+08 3.18074e+08 2.58604e+08 2.4052e+08 2.65212e+08 2.40396e+08 2.23112e+08 1.78857e+08 1.89189e+08 1.9163e+08 1.78215e+08 1.53537e+08 3.14351e+08 1.78362e+08 1.7281e+08 2.09646e+08 1.9485e+08 1.64448e+08 1.47094e+08 1.53955e+08 1.45398e+08 1.25363e+08 1.58895e+08
threshold=2127.1250000000005 4843.9750000000013 509.51875000000007 385.75000000000006 0.12714565480533388 41.500000000000007 15.500000000000002 0.10000000000000499 40.500000000000007 2.3668639053254452 6.5000000000000009 15.499325291716049 50.500000000000007 1160.4937500000003 310.50000000000006 10.763665139277077 300.50000000000006 36.247500000000009 90.049999999999969 0.46309698799556581 600.50000000000011 100.50000000000001 750.50000000000011 10.450000000000033 5050.5000000000009 350.50000000000006 14.096506184201216 40.500000000000007 40.500000000000007 50.500000000000007
decision_type=2 2 2 2 2 2 2 2 2 2 2 2 2 2 2 2 2 2 2 2 2 2 2 2 2 2 2 2 2 2
left_child=2 -2 17 4 5 -3 -6 8 -8 -10 -7 12 -12 -4 15 -5 25 -1 -9 -20 21 22 23 27 -23 26 -17 -21 -16 -30
right_child=1 3 13 14 6 10 7 18 9 -11 11 -13 -14 -15 28 16 -18 -19 19 20 -22 24 -24 -25 -26 -27 -28 -29 29 -31
leaf_value=-1.8587812647184443 14.683205552116485 277.63698697619969 2.4245261897143928 62.779148033758013 -99.515598828792577 190.35161420186364 -2.0545691856971153 18.229032596886498 319.8391121193215 98.908135986328134 240.52518341064453 -46.475009467953548 48.073418573099516 6.8567635663346795 -50.410042273479959 221.3099743540694 68.345005122098058 -0.48514240642482759 191.60030513869393 143.40466216206551 29.534076426823432 13.98337618079141 179.16486289978027 -40.466760973249166 81.202581063854069 304.69286810833472 70.779234892746501 21.526292010912528 191.81464904785159 62.35181443635436
leaf_weight=423498 23569 36 87344 96 40 30 26 704 27 26 20 61 86 42069 23 41 44 533677 36 32 1179 107 20 105 608 23 29 104 25 456
leaf_count=423498 23569 36 87344 96 40 30 26 704 27 26 20 61 86 42069 23 41 44 533677 36 32 1179 107 20 105 608 23 29 104 25 456
internal_value=-2.56502e-10 19.8118 -0.502375 50.1521 43.2921 93.628 39.4008 41.2692 141.188 211.458 60.002 36.5859 84.3851 3.86534 80.3753 116.602 154.317 -1.0929 38.5426 45.0697 42.6218 58.4317 23.6091 10.6999 71.1432 194.992 158.947 50.2036 63.6277 69.0807
internal_weight=1.11414e+06 27553 1.08659e+06 3984 3247 233 3014 2974 79 53 197 167 106 129413 737 233 137 957175 2895 2191 2155 976 261 241 715 93 70 136 504 481
internal_count=1114141 27553 1086588 3984 3247 233 3014 2974 79 53 197 167 106 129413 737 233 137 957175 2895 2191 2155 976 261 241 715 93 70 136 504 481
is_linear=0
shrinkage=0.05


Tree=45
num_leaves=31
num_cat=0
split_feature=37 37 3 46 28 33 5 40 29 4 37 27 39 37 44 4 4 33 4 29 1 46 4 36 40 36 46 29 36 27
split_gain=4.01628e+09 1.55514e+09 1.05555e+09 3.41188e+08 3.82297e+08 2.64048e+08 2.44831e+08 2.17209e+08 5.3344e+08 2.20419e+08 1.9272e+08 1.87273e+08 1.86454e+08 1.77518e+08 1.38774e+08 1.6091e+08 1.21893e+08 1.57013e+08 1.20236e+08 1.42512e+08 1.1922e+08 1.47754e+08 2.28161e+08 2.82862e+08 2.22835e+08 1.14354e+08 1.029e+08 1.14922e+08 1.35728e+08 3.60183e+08
threshold=2158.4137500000006 4612.0500000000011 540.10000000000014 291.00000000000006 6.5000000000000009 0.83000882289657962 -54.487983802874439 0.11291269048769689 41.500000000000007 15.500000000000002 1160.4937500000003 1300.5000000000002 9.182296922419388 102.16375000000001 13.500000000000002 6.5000000000000009 5000.5000000000009 80.571853435927167 40.500000000000007 275.50000000000006 3850.1000000000004 1.4000000000000201 25.500000000000004 6.0456124895742347 0.60339503775571801 0.40500359705989658 90.049999999999969 556.00000000000011 12.771039959903748 190.50000000000003
decision_type=2 2 2 2 2 2 2 2 2 2 2 2 2 2 2 2 2 2 2 2 2 2 2 2 2 2 2 2 2 2
left_child=2 -2 13 4 -3 12 11 8 -8 -9 -4 -6 -5 -1 -10 -16 17 -7 19 -17 -11 22 -22 -24 -25 -23 -27 28 -28 -30
right_child=1 3 10 5 6 16 7 9 14 20 -12 -13 -14 -15 15 18 -18 -19 -20 -21 21 25 23 24 -26 26 27 -29 29 -31
leaf_value=-1.4478579557120193 13.91491554431424 198.2617797922444 2.4767189269256731 85.548850050426665 252.40690347422725 69.144722711270006 264.57595555922563 -77.308226502459988 134.44925867716472 -7.3332518203313972 6.6714571461190815 43.206433563232423 293.83891093730927 0.043528374467906313 -87.246740989685065 26.240850732133197 23.128607063293458 201.4465885742851 -1.1790820026397706 166.98398068972998 -33.899697678177446 146.68729268854315 10.741215022404988 299.74794464111329 94.371605285644534 18.508380782975077 42.394794862347538 27.908137523114235 166.51392865349266 22.20139503153888
leaf_weight=686893 21999 37 77323 21 23 898 34 46 39 172 42394 20 22 281213 25 37 145 23 60 35 27 22 30 28 25 892 556 929 85 88
leaf_count=686893 21999 37 77323 21 23 898 34 46 39 172 42394 20 22 281213 25 37 145 23 60 35 27 22 30 28 25 892 556 929 85 88
internal_value=-5.7968e-09 19.3003 -0.466938 46.7311 38.4709 70.6401 36.6076 34.9797 81.7502 31.2703 3.96215 155.104 192.116 -1.01464 50.0355 29.0665 65.74 72.4487 51.0955 94.6577 33.0203 35.6083 92.3562 133.427 202.872 33.1812 32.202 39.5691 54.4292 93.1064
internal_weight=1.11414e+06 26318 1.08782e+06 4319 3210 1109 3173 3130 230 2900 119717 43 43 968106 196 157 1066 921 132 72 2854 2682 110 83 53 2572 2550 1658 729 173
internal_count=1114141 26318 1087823 4319 3210 1109 3173 3130 230 2900 119717 43 43 968106 196 157 1066 921 132 72 2854 2682 110 83 53 2572 2550 1658 729 173
is_linear=0
shrinkage=0.05


Tree=46
num_leaves=31
num_cat=0
split_feature=3 37 37 46 28 36 40 29 4 1 29 46 39 4 5 4 39 27 29 40 4 1 43 26 39 42 46 43 4 28
split_gain=3.64459e+09 1.71411e+09 6.49383e+08 3.14677e+08 2.14825e+08 7.08655e+08 1.66878e+08 4.79272e+08 2.16582e+08 1.63969e+08 1.5985e+08 2.15246e+08 2.64517e+08 3.81281e+08 1.52945e+08 1.35175e+08 1.77329e+08 1.82487e+08 1.93482e+08 1.49749e+08 1.82797e+08 1.28448e+08 1.22684e+08 2.82731e+08 1.61367e+08 1.20393e+08 1.16894e+08 2.27502e+08 3.72641e+08 1.14278e+08
threshold=1589.6000000000001 4612.0500000000011 333.58500000000009 385.75000000000006 6.5000000000000009 11.716623945143295 0.11291269048769689 41.500000000000007 15.500000000000002 3300.5000000000005 556.00000000000011 147.87500000000003 195.41621396968984 242.50000000000003 -3.0201342281879255 310.50000000000006 11.554746998312403 300.50000000000006 245.50000000000003 2.7560160144454069 1350.5000000000002 873.25000000000011 224.50000000000003 100.50000000000001 15.499325291716049 7.5000000000000009 4.2000000000000108 176.50000000000003 40.500000000000007 70.500000000000014
decision_type=2 2 2 2 2 2 2 2 2 2 2 2 2 2 2 2 2 2 2 2 2 2 2 2 2 2 2 2 2 2
left_child=2 9 -1 4 5 -3 7 -6 -8 -2 11 26 -13 -14 -5 16 -16 18 25 29 -21 -4 23 -9 -24 -18 27 28 -10 -17
right_child=1 3 21 14 6 -7 8 22 10 -11 -12 12 13 -15 15 19 17 -19 -20 20 -22 -23 24 -25 -26 -27 -28 -29 -30 -31
leaf_value=-1.1250147232080974 9.4315065568344512 -48.824271028692074 1.3297934254181112 26.975447737809386 251.34715834224926 357.24549776713053 -72.417723888539257 242.86378956670347 -1.3738102340698244 17.884621776191807 25.095905724094195 59.916646228758708 321.88565489451094 33.711770976673471 67.87683255812702 -52.247115624469259 232.17678419748941 66.311804914474493 329.36475697393007 255.97070041136308 75.720538065983703 4.2975038862107695 63.190399401738091 40.439705700805227 -59.981110598246261 73.80398839314779 23.733963135412381 17.335285954130814 283.37863225583681 63.645132580915529
leaf_weight=891871 31749 22 128322 132 34 21 47 23 20 7002 1700 638 24 22 85 23 24 32 23 22 39 50932 65 69 45 24 757 64 27 283
leaf_count=891871 31749 22 128322 132 34 21 47 23 20 7002 1700 638 24 22 85 23 24 32 23 22 39 50932 65 69 45 24 757 64 27 283
internal_value=-6.72857e-09 14.2702 -0.573085 44.3556 38.4045 149.489 37.0532 77.6705 34.1476 10.9589 35.6878 47.2897 68.2657 184.063 75.3501 86.8555 121.332 165.446 210.126 69.1944 140.729 2.17302 48.4378 91.0457 12.8021 152.99 30.7602 78.6775 162.207 54.9343
internal_weight=1.11414e+06 43016 1.07112e+06 4265 3578 43 3535 236 3299 38751 3252 1552 684 46 687 555 188 103 71 367 61 179254 202 92 110 48 868 111 47 306
internal_count=1114141 43016 1071125 4265 3578 43 3535 236 3299 38751 3252 1552 684 46 687 555 188 103 71 367 61 179254 202 92 110 48 868 111 47 306
is_linear=0
shrinkage=0.05


Tree=47
num_leaves=31
num_cat=0
split_feature=37 31 3 10 26 29 5 46 33 43 5 4 37 5 37 36 4 45 26 39 36 43 39 43 39 28 39 45 39 33
split_gain=3.30548e+09 1.13957e+09 9.69732e+08 3.05526e+08 3.64545e+08 2.77278e+08 2.53669e+08 2.55758e+08 2.49074e+08 1.95535e+08 1.93299e+08 2.23248e+08 1.75751e+08 1.71212e+08 1.69678e+08 1.47927e+08 2.69845e+08 4.74808e+08 1.71035e+08 1.47259e+08 1.41651e+08 1.41143e+08 1.40748e+08 1.28347e+08 1.23801e+08 1.20837e+08 1.49034e+08 1.18847e+08 1.26143e+08 1.17794e+08
threshold=2382.3625000000006 4658.9500000000007 591.40000000000009 5054.2500000000009 7.5000000000000009 7.5000000000000009 -54.487983802874439 185.29999999999998 0.51195337459163126 353.50000000000006 11.948868741321574 190.50000000000003 1335.0750000000003 -5.4389635175805573 108.42750000000001 12.999306223166142 242.50000000000003 13.500000000000002 130.50000000000003 14.289998401524725 171.21406299172821 156.50000000000003 13.215586135404292 12.500000000000002 5.3121517332010617 245.50000000000003 12.277638226214309 14.500000000000002 21.931067037981308 0.66971836740396451
decision_type=2 2 2 2 2 2 2 2 2 2 2 2 2 2 2 2 2 2 2 2 2 2 2 2 2 2 2 2 2 2
left_child=2 -2 14 -3 -5 -6 -7 9 -9 10 24 -12 -4 27 -1 19 17 -17 -19 22 -18 -13 23 -15 -8 26 -25 28 -10 -11
right_child=1 3 12 4 5 6 7 8 13 29 11 21 -14 15 -16 16 20 18 -20 -21 -22 -23 -24 25 -26 -27 -28 -29 -30 -31
leaf_value=-1.3062699074521706 13.587892900101213 21.92001864732098 2.7122873276037684 213.80376371495865 195.53855519592764 203.04635948768032 -30.721449013511734 217.03753749084473 44.15103816258992 220.93207223528907 200.96558649467701 -36.226640245991369 7.0182180690220255 180.21510924994948 0.14976299780103033 293.50820091247562 78.798834671921398 154.51404893538532 -5.2775674689899796 6.713536935758917 -17.922948947819798 108.40779841655011 138.63855299516158 14.308115095562407 26.971403374917067 70.438547767014128 130.4862524217175 -99.298303274881278 -87.202071416945685 53.462033626011447
leaf_weight=699862 17643 1289 78122 34 32 26 101 25 141 21 33 31 34016 20 280197 40 271 34 33 146 44 37 55 252 1172 370 31 21 21 21
leaf_count=699862 17643 1289 78122 34 32 26 101 25 141 21 33 31 34016 20 280197 40 271 34 33 146 44 37 55 252 1172 370 31 21 21 21
internal_value=3.82181e-09 19.2137 -0.386033 42.2909 51.0088 49.1501 47.56 46.1756 60.5338 30.925 27.6765 94.2567 4.01845 57.8884 -0.889993 64.2809 88.5913 157.193 75.8107 52.543 65.2885 42.4715 61.7341 55.4492 22.394 51.6278 27.0343 12.6163 27.1238 137.197
internal_weight=1.11414e+06 21944 1.0922e+06 4301 3012 2978 2946 2920 1504 1416 1374 101 112138 1479 980059 1296 422 107 67 874 315 68 728 673 1273 653 283 183 162 42
internal_count=1114141 21944 1092197 4301 3012 2978 2946 2920 1504 1416 1374 101 112138 1479 980059 1296 422 107 67 874 315 68 728 673 1273 653 283 183 162 42
is_linear=0
shrinkage=0.05


Tree=48
num_leaves=31
num_cat=0
split_feature=2 9 37 29 26 29 6 36 39 42 5 36 43 39 39 30 1 40 39 39 39 33 43 28 33 36 26 33 39 45
split_gain=2.99394e+09 1.11867e+09 7.77966e+08 3.80618e+08 2.87742e+08 2.31946e+08 1.99253e+08 2.83415e+08 3.17932e+08 4.45644e+08 2.7541e+08 2.51677e+08 4.07878e+08 1.83806e+08 2.4202e+08 2.72752e+08 1.71978e+08 1.68561e+08 1.52754e+08 1.46991e+08 2.88781e+08 3.01351e+08 2.2695e+08 2.08182e+08 1.73e+08 1.62674e+08 1.54527e+08 1.64258e+08 1.44191e+08 1.41549e+08
threshold=2171.0000000000005 5050.5000000000009 480.58750000000003 890.50000000000011 7.5000000000000009 7.5000000000000009 5023.0000000000009 13.224406682402885 195.41621396968984 6.5000000000000009 0.38620692594202316 21.395941739008901 308.50000000000006 13.64551154955481 11.690701912731685 191.50000000000003 1200.1250000000002 1.7813331779482864 4.3866736952285477 15.393975628328711 13.215586135404292 1.6895654079200562 8.5000000000000018 100.50000000000001 12.394282417567217 12.121952513787319 100.50000000000001 8.3008158136749177 12.894264452898934 14.500000000000002
decision_type=2 2 2 2 2 2 2 2 2 2 2 2 2 2 2 2 2 2 2 2 2 2 2 2 2 2 2 2 2 2
left_child=2 -2 -1 4 -3 -6 -7 18 10 -10 17 12 13 14 -12 -16 -4 29 -8 20 22 -22 -20 26 -21 28 -24 -28 -25 -9
right_child=1 3 16 -5 5 6 7 8 9 -11 11 -13 -14 -15 15 -17 -18 -19 19 24 21 -23 23 25 -26 -27 27 -29 -30 -31
leaf_value=-0.91370493877316616 12.684793856943308 202.99026748194842 1.9511432829053417 22.785103098912966 185.67277707186614 0.87548391493572586 -37.544368484784975 72.697901135612938 311.89220030042861 63.10526417626275 33.508301720252405 -25.464520529905954 352.70715608142677 21.353547595642709 353.32892650257463 118.06847054617745 5.8021614305482743 169.08971779563211 192.33216488177959 -37.142955150658437 240.56549108505251 68.968937425210456 -37.078859550411963 66.467459544477791 125.76726097106935 -18.687823351105646 71.531227953680627 -29.819299616579151 -63.465226901661268 -11.782403034522755
leaf_weight=948411 22490 33 98699 1389 33 174 53 85 36 36 26 24 21 37 22 28 41048 22 26 88 40 71 119 725 20 67 116 61 22 119
leaf_count=948411 22490 33 98699 1389 33 174 53 85 36 36 26 24 21 37 22 28 41048 22 26 88 40 71 119 725 20 67 116 61 22 119
internal_value=-6.60385e-11 16.7735 -0.400516 43.0987 56.5092 54.1751 52.0458 56.8225 91.0817 187.499 73.0035 123.647 150.353 112.747 157.242 221.583 3.08231 37.5982 45.7271 48.9843 53.8307 130.806 46.3094 42.8891 -6.9744 55.9467 6.98061 36.6025 62.6408 23.4177
internal_weight=1.11414e+06 25983 1.08816e+06 3493 2104 2071 2038 1864 456 72 384 158 134 113 76 50 139747 226 1408 1355 1247 111 1136 1110 108 814 296 177 747 204
internal_count=1114141 25983 1088158 3493 2104 2071 2038 1864 456 72 384 158 134 113 76 50 139747 226 1408 1355 1247 111 1136 1110 108 814 296 177 747 204
is_linear=0
shrinkage=0.05


Tree=49
num_leaves=31
num_cat=0
split_feature=37 3 3 46 3 40 29 4 46 4 5 45 39 26 4 27 33 36 37 27 28 5 45 10 4 40 29 33 36 9
split_gain=2.71477e+09 9.10802e+08 8.16707e+08 2.1779e+08 2.02928e+08 2.02586e+08 4.534e+08 2.29442e+08 2.38598e+08 2.42677e+08 2.1996e+08 1.94178e+08 2.05024e+08 1.98789e+08 1.30516e+08 1.40139e+08 1.42449e+08 1.27263e+08 1.20546e+08 1.14536e+08 1.36684e+08 1.12406e+08 3.47106e+08 3.31386e+08 1.1138e+08 1.81978e+08 1.71439e+08 2.72681e+08 2.53846e+08 3.0748e+08
threshold=2652.4750000000004 784.12500000000011 4843.9750000000013 385.75000000000006 172.05000000000004 0.12714565480533388 41.500000000000007 15.500000000000002 0.10000000000000499 40.500000000000007 1.5006821282401164 6.5000000000000009 15.499325291716049 50.500000000000007 310.50000000000006 130.50000000000003 9.3891478717842052 7.2791817902862741 1483.2000000000003 40.500000000000007 50.500000000000007 -54.487983802874439 11.500000000000002 5054.2500000000009 50.500000000000007 0.23777612599315748 190.50000000000003 18.632316048258449 13.340479718254175 5050.5000000000009
decision_type=2 2 2 2 2 2 2 2 2 2 2 2 2 2 2 2 2 2 2 2 2 2 2 2 2 2 2 2 2 2
left_child=1 4 21 5 -1 6 -4 -7 9 -9 -11 -8 13 -13 15 16 -5 -10 -3 -16 -21 22 -2 -24 25 -19 27 28 -26 -30
right_child=2 18 3 14 -6 7 11 8 17 10 -12 12 -14 -15 19 -17 -18 24 -20 20 -22 -23 23 -25 26 -27 -28 -29 29 -31
leaf_value=-1.1113774425646648 -30.425378437042237 3.2878888751729898 244.72140592302594 90.095456423078275 0.58579114850671021 -88.58650887608529 166.42022583007815 -7.4211942232572117 15.344289975905349 291.04517122904457 86.412560206446159 211.98909927368163 -45.661514293352766 36.982267752359085 -59.36063438083815 68.177796356512019 228.91456245653558 86.126774060341631 7.2457879599049058 168.6869016571045 48.612697523257197 13.155710853747463 56.794268290201821 260.74235783730234 61.792783244760123 -60.044323012408086 31.514378934275829 -16.493815776629326 11.074091083526611 217.85631601326168
leaf_weight=784501 70 55435 35 42 227120 40 30 26 1013 24 29 20 60 86 23 158 33 31 29463 25 456 13481 69 28 257 68 1351 78 25 64
leaf_count=784501 70 55435 35 42 227120 40 30 26 1013 24 29 20 60 86 23 158 33 31 29463 25 456 13481 69 28 257 68 1351 78 25 64
internal_value=-5.70529e-09 -0.312886 19.4691 39.417 -0.730344 33.8318 78.9542 30.3643 31.9685 117.697 179.076 49.3529 28.1962 70.0024 63.9478 94.8939 151.176 29.6226 4.66144 49.6414 54.8536 13.6608 54.43 115.666 37.3408 -14.2736 40.2196 67.9573 86.9954 159.771
internal_weight=1.11414e+06 1.09652e+06 17622 3974 1.01162e+06 3237 231 3006 2966 79 53 196 166 106 737 233 75 2887 84898 504 481 13648 167 97 1874 99 1775 424 346 89
internal_count=1114141 1096519 17622 3974 1011621 3237 231 3006 2966 79 53 196 166 106 737 233 75 2887 84898 504 481 13648 167 97 1874 99 1775 424 346 89
is_linear=0
shrinkage=0.05


Tree=50
num_leaves=31
num_cat=0
split_feature=3 37 37 46 28 36 3 40 29 4 5 26 47 33 44 4 26 4 39 27 29 40 4 39 28 4 29 26 29 43
split_gain=2.45798e+09 8.75654e+08 6.82001e+08 2.23583e+08 1.84032e+08 6.07766e+08 1.74915e+08 1.30258e+08 3.78387e+08 1.71393e+08 1.2557e+08 1.15517e+08 1.16207e+08 3.79627e+08 1.07093e+08 1.5409e+08 1.17706e+08 1.02892e+08 1.39754e+08 1.50297e+08 1.66383e+08 1.30392e+08 1.5441e+08 1.14853e+08 1.08128e+08 8.66683e+07 1.22457e+08 8.66573e+07 2.09118e+08 3.47775e+08
threshold=2317.7750000000005 4612.0500000000011 747.85000000000014 385.75000000000006 6.5000000000000009 11.716623945143295 148.27500000000003 0.11291269048769689 41.500000000000007 15.500000000000002 -3.0201342281879255 7.5000000000000009 -101.17499999999994 0.91640956434513843 13.500000000000002 6.5000000000000009 200.50000000000003 310.50000000000006 11.554746998312403 300.50000000000006 245.50000000000003 2.7560160144454069 1350.5000000000002 14.096506184201216 70.500000000000014 40.500000000000007 275.50000000000006 75.500000000000014 150.50000000000003 138.50000000000003
decision_type=2 2 2 2 2 2 2 2 2 2 2 2 2 2 2 2 2 2 2 2 2 2 2 2 2 2 2 2 2 2
left_child=2 -2 6 4 5 -3 -1 8 -6 -9 -5 -11 13 -13 16 -16 -10 18 -12 20 23 24 -23 -20 -19 26 -17 -14 29 -29
right_child=1 3 -4 10 7 -7 -8 9 14 11 17 12 27 -15 15 25 -18 21 19 -21 -22 22 -24 -25 -26 -27 -28 28 -30 -31
leaf_value=-1.084868727374295 11.429618073886971 -49.406352650035515 3.9527637913134024 18.743213669459024 220.38622297399183 326.64874194917229 0.44991671137228811 -67.182973383842622 194.85465180533274 125.04309425680867 55.624841704649093 234.32895298710579 -0.32142991989184494 40.17681410229558 -92.583055725097665 14.609229526004277 27.446943092346192 -59.971983370573632 200.95174662516669 52.275268888473512 293.36388505023461 230.25977713844992 64.595194221154244 45.726252261075111 52.758600171631727 -1.5689782783633373 143.24928118989274 126.2512268166044 21.114691423253873 28.583457884119269
leaf_weight=759721 19421 22 85063 132 34 21 245671 47 21 31 85 27 313 373 25 37 21 23 26 32 23 22 39 22 283 61 37 134 2089 285
leaf_count=759721 19421 22 85063 132 34 21 245671 47 21 31 85 27 313 373 25 37 21 23 26 32 23 22 39 22 283 61 37 134 2089 285
internal_value=-2.21212e-09 15.9348 -0.346124 36.4496 31.4332 134.248 -0.709839 30.1826 66.0676 27.6155 62.5755 28.9856 28.0611 53.2821 40.0931 21.4405 111.151 73.0005 103.08 142.242 182.79 57.592 124.343 129.807 44.2854 42.556 78.9293 24.4849 27.5808 59.8185
internal_weight=1.11414e+06 23686 1.09046e+06 4265 3578 43 1.00539e+06 3535 236 3299 687 3252 3221 400 202 160 42 555 188 103 71 367 61 48 306 135 74 2821 2508 419
internal_count=1114141 23686 1090455 4265 3578 43 1005392 3535 236 3299 687 3252 3221 400 202 160 42 555 188 103 71 367 61 48 306 135 74 2821 2508 419
is_linear=0
shrinkage=0.05


Tree=51
num_leaves=31
num_cat=0
split_feature=3 37 37 46 28 33 39 30 36 26 1 5 40 4 33 3 28 39 43 26 30 30 3 5 29 28 42 27 30 39
split_gain=2.2377e+09 1.07608e+09 3.76e+08 2.03432e+08 2.8247e+08 2.02063e+08 1.51594e+08 1.44736e+08 1.66199e+08 1.53627e+08 1.24608e+08 1.20847e+08 2.37468e+08 1.11375e+08 9.73594e+07 9.55724e+07 9.20182e+07 9.05861e+07 1.5295e+08 1.20383e+08 1.03243e+08 8.77331e+07 8.67259e+07 1.02958e+08 8.2179e+07 1.10141e+08 8.62793e+07 8.14591e+07 8.07997e+07 1.69548e+08
threshold=1502.1250000000002 4612.0500000000011 317.63625000000008 291.00000000000006 6.5000000000000009 0.83000882289657962 9.182296922419388 9.5000000000000018 0.40500359705989658 7.5000000000000009 3300.5000000000005 12.568773951901459 0.23777612599315748 130.50000000000003 80.571853435927167 27.050000000000004 25.500000000000004 21.931067037981308 176.50000000000003 25.500000000000004 191.50000000000003 191.50000000000003 2816.8750000000005 -29.206203933888464 41.500000000000007 100.50000000000001 3.5000000000000004 150.50000000000003 280.50000000000006 11.759559458731106
decision_type=2 2 2 2 2 2 2 2 2 2 2 2 2 2 2 2 2 2 2 2 2 2 2 2 2 2 2 2 2 2
left_child=2 10 15 4 -3 6 -5 -6 -9 -10 -2 16 -13 -14 17 -1 21 19 -19 -7 -20 -11 -18 -24 25 -21 -26 -15 29 -28
right_child=1 3 -4 5 7 14 -8 8 9 11 -12 12 13 27 -16 -17 22 18 20 24 -22 -23 23 -25 26 -27 28 -29 -30 -31
leaf_value=-1.5625165725466799 7.0925981432163558 165.49305822011587 1.5892985571670315 63.224139449709938 126.19952434433831 151.56725666440767 251.03627200560138 127.92314476600062 122.64559866098257 -46.45348560226725 14.387254484928029 187.3422863896688 -55.596319389343265 122.68713945330997 139.12087604259622 -0.4910540913344294 122.83785224187942 67.454579077243807 -134.15742935512375 200.50324016571045 1.4586782322989571 49.397855746746067 -35.756083121666542 22.574311700183195 12.009981232597715 56.184264916640068 40.417717607432401 37.158001531643819 38.938300404448142 125.04597682380677
leaf_weight=335517 35718 37 183511 21 36 29 22 39 39 94 7002 30 28 33 29 548128 21 50 23 20 36 32 78 2511 168 39 145 178 427 100
leaf_count=335517 35718 37 183511 21 36 29 22 39 39 94 7002 30 28 33 29 548128 21 50 23 20 36 32 78 2511 168 39 145 178 427 100
internal_value=3.30755e-09 10.6791 -0.470182 34.6271 28.1539 53.0485 159.314 26.5247 25.3608 24.0468 8.28823 22.7671 54.7449 38.1008 48.762 -0.897885 19.6231 46.2351 3.11578 51.2998 -51.4086 -22.1103 21.6378 20.817 48.0653 105.106 44.0589 50.5346 52.0712 74.9599
internal_weight=1.11414e+06 46985 1.06716e+06 4265 3156 1109 43 3119 3083 3044 42720 3005 269 239 1066 883645 2736 1037 109 928 59 126 2610 2589 899 59 840 211 672 245
internal_count=1114141 46985 1067156 4265 3156 1109 43 3119 3083 3044 42720 3005 269 239 1066 883645 2736 1037 109 928 59 126 2610 2589 899 59 840 211 672 245
is_linear=0
shrinkage=0.05


Tree=52
num_leaves=31
num_cat=0
split_feature=37 3 31 33 27 4 9 33 36 29 26 29 7 39 42 37 45 36 39 43 39 40 33 27 46 33 39 45 43 39
split_gain=2.02689e+09 6.81384e+08 6.04862e+08 2.66306e+08 4.78874e+08 1.98386e+08 1.90363e+08 2.24343e+08 2.4572e+08 3.37397e+08 2.21738e+08 1.89292e+08 1.82949e+08 2.31593e+08 6.14759e+08 1.51448e+08 1.28039e+08 2.91663e+08 3.75434e+08 2.6419e+08 2.38423e+08 2.21754e+08 1.97053e+08 1.97026e+08 1.06304e+08 1.85096e+08 1.05425e+08 1.18195e+08 1.30758e+08 1.72225e+08
threshold=2652.4750000000004 784.12500000000011 4658.9500000000007 80.571853435927167 74.500000000000014 130.50000000000003 5050.5000000000009 0.26027157384257521 7.2082279404325282 7.5000000000000009 7.5000000000000009 1605.5000000000002 5000.5000000000009 195.41621396968984 6.5000000000000009 59.115000000000009 12.500000000000002 16.128109292433155 13.384710422839467 40.500000000000007 8.7021207156751199 3.0333016405224673 22.012908918928201 350.50000000000006 185.29999999999998 1.5667901419477517 7.8461563175491653 10.500000000000002 130.50000000000003 10.957885068715791
decision_type=2 2 2 2 2 2 2 2 2 2 2 2 2 2 2 2 2 2 2 2 2 2 2 2 2 2 2 2 2 2
left_child=1 15 -2 6 -5 -6 -4 -8 24 -10 -11 12 -12 16 -15 -1 17 19 -19 20 -14 22 -18 -20 -9 -26 -21 28 29 -28
right_child=2 -3 3 4 5 -7 7 8 9 10 11 -13 13 14 -16 -17 21 18 23 26 -22 -23 -24 -25 25 -27 27 -29 -30 -31
leaf_value=-1.1712173419721996 11.559052961236084 4.0321182105337448 12.926895273259646 329.02367866516119 189.08514747619631 25.86547020372138 186.45310456848145 1.6764646693780181 241.41900735334917 202.33362379941073 -20.985811151432088 18.331146888389892 61.048234910231372 279.79635359935276 -8.8540062304905476 0.061937860089226339 37.462740406935865 336.89526556105841 195.33856333414712 91.012750547582456 284.69719779274681 187.2298408508301 -118.19986325218565 28.383997068571489 80.347051440869407 15.233196368813516 -18.702449846267701 -53.460221974442646 14.367860092551021 142.74065711543244
leaf_weight=568806 13321 84898 1084 20 24 83 25 551 22 22 79 563 26 39 35 442815 638 21 30 77 22 24 21 43 149 408 24 41 177 53
leaf_count=568806 13321 84898 1084 20 24 83 25 551 22 22 79 563 26 39 35 442815 638 21 30 77 22 24 21 43 149 408 24 41 177 53
internal_value=8.75386e-09 -0.270355 16.8227 33.1252 104.452 62.4755 30.955 37.2794 36.0627 46.7151 44.5014 42.6863 52.8433 57.4323 143.273 -0.631431 52.1255 70.976 150.59 53.1576 163.554 37.9393 32.5023 96.9955 17.2478 32.6514 38.913 25.314 38.0296 92.4207
internal_weight=1.11414e+06 1.09652e+06 17622 4301 127 107 4174 3090 3065 1957 1935 1913 1350 1271 74 1.01162e+06 1197 514 94 420 48 683 659 73 1108 557 372 295 254 77
internal_count=1114141 1096519 17622 4301 127 107 4174 3090 3065 1957 1935 1913 1350 1271 74 1011621 1197 514 94 420 48 683 659 73 1108 557 372 295 254 77
is_linear=0
shrinkage=0.05


Tree=53
num_leaves=31
num_cat=0
split_feature=37 31 3 33 27 4 9 28 7 36 26 39 42 44 40 5 39 39 40 26 39 4 33 43 45 43 36 16 39 33
split_gain=1.85306e+09 9.01089e+08 3.13632e+08 2.40341e+08 4.32184e+08 1.79043e+08 1.71803e+08 2.06052e+08 2.297e+08 2.53888e+08 3.98362e+08 1.95019e+08 5.44904e+08 1.88797e+08 1.48194e+08 3.95674e+08 1.42805e+08 1.6708e+08 1.98992e+08 1.78857e+08 1.34944e+08 1.45897e+08 1.27985e+08 1.26999e+08 1.91456e+08 1.54077e+08 1.56623e+08 1.22783e+08 1.20128e+08 1.59497e+08
threshold=1483.2000000000003 4658.9500000000007 321.77500000000003 80.571853435927167 74.500000000000014 130.50000000000003 5050.5000000000009 1000.5000000000001 5000.5000000000009 7.2082279404325282 7.5000000000000009 195.41621396968984 6.5000000000000009 49.500000000000007 2.7560160144454069 1.863605705829652 24.735012501715694 12.662874956467126 0.057715327091156947 310.50000000000006 6.5247380329984024 25.500000000000004 13.199968311578425 156.50000000000003 10.500000000000002 258.50000000000006 18.203072849799295 4947.3750000000009 5.3121517332010617 1.9703997863943965
decision_type=2 2 2 2 2 2 2 2 2 2 2 2 2 2 2 2 2 2 2 2 2 2 2 2 2 2 2 2 2 2
left_child=2 -2 -1 6 -5 -6 -3 8 27 13 -11 14 -13 28 16 -16 17 18 -12 23 -20 -22 -17 24 -19 -25 -27 -8 -10 -30
right_child=1 3 -4 4 5 -7 7 -9 9 10 11 12 -14 -15 15 22 -18 19 20 -21 21 -23 -24 25 -26 26 -28 -29 29 -31
leaf_value=-0.81438535482862573 7.4765084967115305 12.28055055378988 1.4884049006452087 312.57249053955081 179.63089122772217 24.572196904722468 10.71041909147192 17.444421590599781 -31.112162806811156 278.03019045875186 182.88326442552651 275.70291383531361 0.60085533989800355 109.06219731315237 248.51462553809671 107.22061793009442 -28.742242191967211 156.90711182103013 103.34433406706781 42.210240016301476 -76.357717051650539 31.882726345495747 -56.069152005513516 238.1993434252058 -4.8902637574730852 34.2495719909668 190.9925674947103 -112.88926343917848 55.455438657215133 1.9063576023964206
leaf_weight=889053 43430 1084 177357 20 24 83 54 1052 108 21 23 36 36 61 34 24 57 33 62 150 33 550 24 35 41 34 30 32 257 303
leaf_count=889053 43430 1084 177357 20 24 83 54 1052 108 21 23 36 36 61 34 24 57 33 62 150 33 550 24 35 41 34 30 32 257 303
internal_value=3.62284e-09 9.63845 -0.431403 31.469 99.229 59.3517 29.4073 35.4155 44.692 48.2153 62.1373 58.3655 138.152 24.8592 53.2818 118.014 48.2169 52.6434 38.3673 82.1678 33.214 25.7559 25.5757 116.813 67.2626 153.851 107.723 -35.2802 17.17 26.4816
internal_weight=1.11414e+06 47731 1.06641e+06 4301 127 107 4174 3090 2038 1952 1223 1202 72 729 1130 82 1048 991 668 323 645 583 48 173 74 99 64 86 668 560
internal_count=1114141 47731 1066410 4301 127 107 4174 3090 2038 1952 1223 1202 72 729 1130 82 1048 991 668 323 645 583 48 173 74 99 64 86 668 560
is_linear=0
shrinkage=0.05


Tree=54
num_leaves=31
num_cat=0
split_feature=2 3 21 29 36 46 33 5 5 27 28 4 27 39 39 36 28 26 27 41 29 46 44 39 41 30 47 30 39 27
split_gain=1.68849e+09 6.80689e+08 3.7568e+08 1.63555e+08 2.5763e+08 1.42613e+08 1.70858e+08 7.63354e+08 2.13229e+08 1.53622e+08 1.19371e+08 1.01845e+08 1.11281e+08 1.24559e+08 1.94786e+08 1.2013e+08 1.01275e+08 3.16195e+08 1.71331e+08 1.83044e+08 1.75756e+08 2.95035e+08 1.48917e+08 1.58336e+08 1.4516e+08 1.38821e+08 1.15821e+08 1.82041e+08 2.13467e+08 9.89603e+07
threshold=1840.2500000000002 4843.9750000000013 383.82500000000005 7.5000000000000009 9.8671695107037358 385.75000000000006 0.41029363785562234 0.656106482472263 -0.40816326530612174 6.5000000000000009 6.5000000000000009 310.50000000000006 350.50000000000006 11.554746998312403 12.584626739872865 12.441287912387917 70.500000000000014 130.50000000000003 40.500000000000007 3.5000000000000004 41.500000000000007 55.549999999999962 35.500000000000007 34.918115684327269 1.0000000180025095e-35 130.50000000000003 32.274999999999871 200.50000000000003 10.257239417991705 40.500000000000007
decision_type=2 2 2 2 2 2 2 2 2 2 2 2 2 2 2 2 2 2 2 2 2 2 2 2 2 2 2 2 2 2
left_child=2 -2 -1 4 -3 6 7 8 -5 -8 -11 12 13 -7 -15 -16 17 22 19 24 21 -20 23 -12 -18 -24 27 -19 -29 -13
right_child=1 3 -4 5 -6 11 9 -9 -10 10 16 29 -14 14 15 -17 18 26 20 -21 -22 -23 25 -25 -26 -27 -28 28 -30 -31
leaf_value=-0.73579895654655114 8.4602849888889438 4.8020008813767205 1.8611450326592569 132.6195475769043 252.47227496192568 49.591901597976687 141.71539837872541 321.01715134840748 -65.73809729076568 122.89699728077856 -50.497826039791107 -67.02949442429977 24.593659184348418 276.13727600097656 8.4682083924611415 145.95794215100878 158.43602785630662 24.734187799786767 227.49624338503236 198.67029324284306 19.064171932860908 36.042355394966997 -31.963527861993704 -200.11006413698198 8.2901788775126146 98.983894558610587 -26.96656286066229 56.849733230590829 273.08912309919083 41.428168201695925
leaf_weight=916704 29245 21 164208 20 21 70 27 26 42 29 112 22 71 20 24 47 22 63 27 27 2480 79 67 21 60 29 33 25 21 478
leaf_count=916704 29245 21 164208 20 21 70 27 26 42 29 112 22 71 20 24 47 22 63 27 27 2480 79 67 21 60 29 33 25 21 478
internal_value=-5.33144e-09 11.1016 -0.341281 30.4904 128.637 29.4447 24.9033 93.6118 -1.75176 22.9666 21.9307 49.3601 76.7396 99.7356 138.308 99.4825 20.9757 -3.51649 24.3473 85.7532 21.759 84.8089 -39.865 -74.1208 48.5732 7.59351 55.1019 79.9483 155.568 36.656
internal_weight=1.11414e+06 33229 1.08091e+06 3984 42 3942 3210 88 62 3122 3095 732 232 161 91 71 3066 371 2695 109 2586 106 229 133 82 96 142 109 46 500
internal_count=1114141 33229 1080912 3984 42 3942 3210 88 62 3122 3095 732 232 161 91 71 3066 371 2695 109 2586 106 229 133 82 96 142 109 46 500
is_linear=0
shrinkage=0.05


Tree=55
num_leaves=31
num_cat=0
split_feature=37 37 3 29 36 3 39 4 33 28 39 28 26 27 5 42 36 39 36 40 30 45 4 44 41 39 39 46 5 45
split_gain=1.54581e+09 6.01119e+08 3.42387e+08 1.62605e+08 2.64098e+08 1.47021e+08 1.29176e+08 1.24767e+08 2.17471e+08 2.07168e+08 1.90187e+08 1.57597e+08 2.6083e+08 3.13383e+08 1.72482e+08 3.25175e+08 1.81087e+08 1.59839e+08 1.45869e+08 1.81989e+08 1.31714e+08 1.25608e+08 1.24494e+08 1.23084e+08 1.19736e+08 1.11932e+08 1.11372e+08 1.05327e+08 1.01812e+08 3.26071e+08
threshold=2994.4937500000005 994.12750000000017 4843.9750000000013 7.5000000000000009 9.8671695107037358 199.72500000000002 4.3866736952285477 500.50000000000006 0.34943051856650142 50.500000000000007 252.25026023052416 70.500000000000014 130.50000000000003 40.500000000000007 8.3357515960534005 2.5000000000000004 14.202793229705625 195.41621396968984 11.610134161373258 0.31008308370384779 191.50000000000003 28.500000000000004 900.50000000000011 4.5000000000000009 2.5000000000000004 65.874897932685002 32.309908269905286 239.12500000000003 -54.487983802874439 11.500000000000002
decision_type=2 2 2 2 2 2 2 2 2 2 2 2 2 2 2 2 2 2 2 2 2 2 2 2 2 2 2 2 2 2
left_child=1 5 28 4 -4 -1 -5 8 -8 22 11 12 17 -14 23 -16 -17 18 -10 -20 -18 25 -9 -13 -15 26 -11 -21 29 -2
right_child=2 -3 3 6 -6 -7 7 9 10 21 -12 14 13 24 15 16 20 -19 19 27 -22 -23 -24 -25 -26 -27 -28 -29 -30 -31
leaf_value=-0.82039813821605145 -35.089415661493938 4.2954948943946887 4.5619007837204704 -26.669589198552643 258.43701087951661 0.62929926759461774 159.17845982732001 205.14298877716067 -46.921026881796422 24.626141760975486 150.48990879058837 -25.095205523751002 232.99567872827703 68.711695308434329 280.17945161819461 18.857891640209015 226.93793421206271 -137.40496906552997 161.68122523047708 -40.038838519690174 66.714810654212698 -24.37216177903689 36.234854602813719 40.229623210787253 -29.752820161672744 -9.4865343247391589 93.567680809146069 90.104483006217265 11.136125202776787 128.95338320524795
leaf_weight=808278 54 69560 21 104 20 223180 37 24 122 1477 36 77 22 76 20 84 23 28 22 53 29 156 20 1135 52 238 61 22 9041 69
leaf_count=808278 54 69560 21 104 20 223180 37 24 122 1477 36 77 22 76 20 84 23 28 22 53 29 156 20 1135 52 238 61 22 9041 69
internal_value=5.56528e-09 -0.203328 17.0592 29.3467 128.403 -0.506722 28.3101 29.8093 39.186 21.0874 36.7209 34.4003 6.66592 58.6723 42.449 91.9356 64.2527 -24.9169 -10.5349 35.2291 137.583 18.6442 128.367 36.0794 28.7105 22.4227 27.3605 -1.86346 11.7508 56.9346
internal_weight=1.11414e+06 1.10102e+06 13123 3959 41 1.03146e+06 3918 3814 1838 1976 1801 1765 397 150 1368 156 136 247 219 97 52 1932 44 1212 128 1776 1538 75 9164 123
internal_count=1114141 1101018 13123 3959 41 1031458 3918 3814 1838 1976 1801 1765 397 150 1368 156 136 247 219 97 52 1932 44 1212 128 1776 1538 75 9164 123
is_linear=0
shrinkage=0.05


Tree=56
num_leaves=31
num_cat=0
split_feature=37 31 3 33 27 4 46 47 33 39 28 27 1 5 30 47 5 5 5 4 43 37 46 27 36 45 28 29 36 9
split_gain=1.40152e+09 4.61051e+08 4.08089e+08 2.13762e+08 3.72397e+08 1.53793e+08 1.37692e+08 1.3976e+08 1.84856e+08 6.5949e+08 1.74479e+08 1.48179e+08 1.04096e+08 1.01841e+08 1.04544e+08 1.11925e+08 1.40399e+08 1.10227e+08 9.38443e+07 1.73862e+08 1.13351e+08 8.90753e+07 8.69317e+07 1.77562e+08 1.45439e+08 8.39982e+07 1.05199e+08 8.25497e+07 1.20873e+08 1.6003e+08
threshold=2382.3625000000006 4658.9500000000007 540.10000000000014 80.571853435927167 74.500000000000014 130.50000000000003 385.75000000000006 9.6999999999999975 0.41029363785562234 9.182296922419388 6.5000000000000009 15.500000000000002 29.050000000000004 -3.0201342281879255 130.50000000000003 166.37500000000003 2.0691206353638307 6.3502305276986313 13.963114057453687 190.50000000000003 126.50000000000001 1218.3562500000003 147.87500000000003 40.500000000000007 9.6194800535945344 8.5000000000000018 613.50000000000011 150.50000000000003 7.3538877922981536 5050.5000000000009
decision_type=2 2 2 2 2 2 2 2 2 2 2 2 2 2 2 2 2 2 2 2 2 2 2 2 2 2 2 2 2 2
left_child=2 -2 12 6 -5 -6 7 8 9 -3 -10 -9 -1 -8 15 16 -15 -18 22 -20 -21 -4 -12 24 -24 26 -22 28 -13 -30
right_child=1 3 21 4 5 -7 13 11 10 -11 18 27 -14 14 -16 -17 17 -19 19 20 25 -23 23 -25 -26 -27 -28 -29 29 -31
leaf_value=-1.2831733533376428 8.9326288479691822 10.040611759130506 1.4815825851753788 289.13112442016603 165.55227961540223 21.842896309243628 6.6626678808647046 -87.869089387592524 173.24171936035157 287.67220198108305 12.870542488384203 -3.6033664184866603 -0.20539147613075315 132.99287113287511 43.304305845567235 164.09764545440675 -80.535156856264393 73.48111181992752 162.83214203329646 -49.348749230702722 184.21452482396907 4.3049900670207562 44.795864577520462 29.264934190414284 233.19425930023195 -15.809045712153116 34.300430152893071 6.6731398831888278 -34.444231950083086 93.100438082719052
leaf_weight=352044 17643 69 81536 20 24 83 136 38 20 31 1071 103 616123 39 437 40 21 26 34 30 22 42494 21 621 20 21 25 1199 31 119
leaf_count=352044 17643 69 81536 20 24 83 136 38 20 31 1071 103 616123 39 437 40 21 26 34 30 22 42494 21 621 20 21 25 1199 31 119
internal_value=6.21739e-09 12.511 -0.251366 27.1897 91.0932 54.0768 25.2454 21.1724 29.86 96.1064 26.3456 9.59873 -0.597294 45.4936 54.8737 94.9992 62.8604 4.66533 24.7703 65.4096 31.61 2.44891 21.6748 35.9186 136.698 67.3271 104.473 12.1495 38.1029 66.7412
internal_weight=1.11414e+06 21944 1.0922e+06 4301 127 107 4174 3475 1985 100 1885 1490 968167 699 563 126 86 47 1865 132 98 124030 1733 662 41 68 47 1452 253 150
internal_count=1114141 21944 1092197 4301 127 107 4174 3475 1985 100 1885 1490 968167 699 563 126 86 47 1865 132 98 124030 1733 662 41 68 47 1452 253 150
is_linear=0
shrinkage=0.05


Tree=57
num_leaves=31
num_cat=0
split_feature=2 37 9 29 33 36 27 3 36 33 30 39 27 36 29 27 42 28 36 4 45 26 43 43 43 33 40 45 45 5
split_gain=1.27611e+09 6.24668e+08 1.74539e+08 1.84722e+08 1.5191e+08 1.51673e+08 1.92116e+08 1.30428e+08 1.27182e+08 3.32982e+08 2.32841e+08 1.65492e+08 4.69145e+08 1.29103e+08 1.80558e+08 1.60095e+08 9.56014e+07 1.28712e+08 9.49021e+07 2.93395e+08 2.39627e+08 8.93289e+07 1.25258e+08 1.07606e+08 1.28985e+08 1.35178e+08 1.30546e+08 1.2936e+08 1.15142e+08 1.0257e+08
threshold=3763.5000000000005 1047.5562500000003 5050.5000000000009 7.5000000000000009 0.26027157384257521 7.2082279404325282 6.5000000000000009 224.05000000000004 21.395941739008901 0.73549183563701648 200.50000000000003 195.41621396968984 400.50000000000006 364.52547831299415 275.50000000000006 1615.5000000000002 5.5000000000000009 150.50000000000003 18.011987198926416 280.50000000000006 15.500000000000002 15.500000000000002 73.500000000000014 28.500000000000004 40.500000000000007 13.035356989922041 3.0333016405224673 9.5000000000000018 19.500000000000004 5.0797249933182256
decision_type=2 2 2 2 2 2 2 2 2 2 2 2 2 2 2 2 2 2 2 2 2 2 2 2 2 2 2 2 2 2
left_child=1 7 -2 -4 -5 -6 -7 -1 11 -10 16 18 -13 14 -12 -15 -11 -18 21 20 -20 22 -8 29 -25 26 28 -27 -26 -23
right_child=2 -3 3 4 5 6 8 -9 9 10 13 12 -14 15 -16 -17 17 -19 19 -21 -22 23 -24 24 25 27 -28 -29 -30 -31
leaf_value=-0.72975840951682436 13.921182645251299 4.3987206114880939 143.66695399284364 150.94457931518556 12.204023883898458 175.80083834330242 195.0250509929657 0.67264653132411101 188.80585067749024 3.3529005116429822 -110.89824708382289 279.84235610961917 -12.653309697118299 201.15121698379517 18.214884239821128 29.27511713817006 -169.10608139855523 -20.563466385364535 263.44151682535806 29.861859242509055 46.187755367972642 -56.686733830359678 20.185699208577475 136.63942331949872 56.709538445348727 34.079795303522985 140.92239945729574 -23.348129803567961 17.534510407674208 73.5330192565918
leaf_weight=828494 4132 71005 35 25 1101 24 20 207270 25 29 30 26 29 20 278 42 35 25 30 123 22 62 21 30 423 214 33 181 337 20
leaf_count=828494 4132 71005 35 25 1101 24 20 207270 25 29 30 26 29 20 278 42 35 25 30 123 22 62 21 30 423 214 33 181 337 20
internal_value=3.4128e-10 -0.138105 20.7338 29.4221 28.1745 27.2093 35.1558 -0.449119 33.5132 11.1032 1.42441 40.4174 125.617 18.8902 5.63893 84.719 -71.1861 -107.213 37.3264 71.9565 171.526 32.8072 105.473 30.5154 34.2479 31.6623 43.5658 7.76472 39.3385 -24.9258
internal_weight=1.11414e+06 1.10677e+06 7372 3240 3205 3180 2079 1.03576e+06 2055 484 459 1571 55 370 308 62 89 60 1516 175 52 1341 41 1300 1218 1188 793 395 760 82
internal_count=1114141 1106769 7372 3240 3205 3180 2079 1035764 2055 484 459 1571 55 370 308 62 89 60 1516 175 52 1341 41 1300 1218 1188 793 395 760 82
is_linear=0
shrinkage=0.05


Tree=58
num_leaves=31
num_cat=0
split_feature=1 37 21 46 28 46 36 39 36 26 30 5 5 27 29 8 39 5 27 27 26 33 43 47 27 27 30 26 36 43
split_gain=1.16651e+09 4.76484e+08 2.32103e+08 1.29565e+08 1.08766e+08 4.94397e+08 9.6824e+07 1.23841e+08 1.05382e+08 1.95552e+08 1.63883e+08 9.00407e+07 8.84667e+07 1.76343e+08 1.67574e+08 2.4165e+08 3.29667e+08 3.7158e+08 2.58952e+08 1.08774e+08 9.36098e+07 1.64623e+08 8.60321e+07 8.2128e+07 1.58745e+08 1.37582e+08 1.55293e+08 1.10915e+08 2.5409e+08 1.03412e+08
threshold=1780.5000000000002 4612.0500000000011 338.05000000000007 385.75000000000006 6.5000000000000009 105.25000000000001 0.40500359705989658 7.0492879041549088 7.2082279404325282 7.5000000000000009 9.5000000000000018 -3.0201342281879255 0.69312079710692764 15.500000000000002 190.50000000000003 5051.0000000000009 12.126062680023731 2.3668639053254452 150.50000000000003 50.500000000000007 200.50000000000003 16.679785516817152 110.50000000000001 16.650000000000009 50.500000000000007 74.500000000000014 130.50000000000003 190.50000000000003 10.03624626858686 250.50000000000003
decision_type=2 2 2 2 2 2 2 2 2 2 2 2 2 2 2 2 2 2 2 2 2 2 2 2 2 2 2 2 2 2
left_child=2 -2 -1 4 5 -3 7 -6 -8 -10 -11 -5 -12 -14 15 -15 22 -18 -19 -16 21 -21 -17 24 -13 -25 -27 28 -26 -28
right_child=1 3 -4 11 6 -7 8 -9 9 10 12 23 13 14 19 16 17 18 -20 20 -22 -23 -24 25 27 26 29 -29 -30 -31
leaf_value=-0.62858261648131109 6.6781854229246704 273.19776778448198 1.3397556100473342 7.2157055793386524 16.797728204727175 -65.974973366477272 7.0085889316511043 185.26178497314456 164.23313639831542 150.90777687835694 13.813633838470166 -80.959263236434367 -89.340336404527932 -20.377889288388769 136.92644925798689 115.00616776602608 357.8152983165923 6.0467320606626318 213.90888305171845 17.709934191433888 28.453899220683674 -142.47435583031697 11.513502484979766 175.76417773016567 15.021257212103869 147.92089426858087 65.980402331386543 25.600552222246684 201.41475614489934 -12.109992072621331
leaf_weight=897319 32783 21 179774 132 24 22 1237 20 25 25 1300 27 28 52 21 28 21 29 31 53 547 23 71 29 41 42 139 183 33 61
leaf_count=897319 32783 21 179774 132 24 22 1237 20 25 25 1300 27 28 52 21 28 21 29 31 53 547 23 71 29 41 42 139 183 33 61
internal_value=4.54183e-09 8.72344 -0.300054 24.4443 20.6256 99.6675 19.6642 93.3723 18.7352 25.1707 23.611 44.3325 22.1671 34.1798 38.128 74.5631 101.99 176.798 113.442 25.0023 21.2295 -30.7669 40.7842 53.1603 34.3717 72.8502 60.5175 46.4882 98.1427 42.1628
internal_weight=1.11414e+06 37048 1.07709e+06 4265 3578 43 3535 44 3491 2254 2229 687 2204 904 876 232 180 81 60 644 623 76 99 555 284 271 242 257 74 200
internal_count=1114141 37048 1077093 4265 3578 43 3535 44 3491 2254 2229 687 2204 904 876 232 180 81 60 644 623 76 99 555 284 271 242 257 74 200
is_linear=0
shrinkage=0.05


Tree=59
num_leaves=31
num_cat=0
split_feature=37 37 10 5 46 28 33 5 45 40 4 30 46 33 36 36 37 30 39 43 40 28 36 43 9 36 43 36 45 33
split_gain=1.06736e+09 4.05893e+08 2.24445e+08 2.36046e+08 1.70565e+08 4.98156e+08 1.56802e+08 1.14194e+08 1.1851e+08 1.13891e+08 3.19035e+08 2.32245e+08 1.83359e+08 2.03798e+08 1.2602e+08 1.19099e+08 1.04358e+08 9.62431e+07 1.02047e+08 1.66587e+08 1.66598e+08 1.5018e+08 1.08687e+08 1.45187e+08 1.13435e+08 1.5866e+08 2.07129e+08 2.16461e+08 1.6314e+08 1.52158e+08
threshold=2994.4937500000005 775.6500000000002 5054.2500000000009 -54.487983802874439 185.29999999999998 6.5000000000000009 0.51195337459163126 -5.4389635175805573 16.500000000000004 0.185544542501035 50.500000000000007 40.500000000000007 2.2000000000000104 13.890585755443295 20.620731303409556 0.8362323116340743 30.457500000000007 1601.0000000000002 10.957885068715791 32.500000000000007 0.19765487762581532 310.50000000000006 21.395941739008901 277.50000000000006 5050.5000000000009 12.999306223166142 289.50000000000006 14.464786187722353 13.500000000000002 14.98568413351574
decision_type=2 2 2 2 2 2 2 2 2 2 2 2 2 2 2 2 2 2 2 2 2 2 2 2 2 2 2 2 2 2
left_child=1 16 -2 -4 5 -5 -6 8 -8 11 -11 -7 13 -12 -13 -14 -1 18 21 -20 -21 -9 24 -24 -22 29 27 -27 -29 -26
right_child=2 -3 3 4 6 9 7 17 -10 10 12 14 15 -15 -16 -17 -18 -19 19 20 22 -23 23 -25 25 26 -28 28 -30 -31
leaf_value=-1.1251182961719401 10.201158333696961 3.020246620174754 148.88026213394969 261.5999220085144 159.77074896574021 162.71337669596954 12.092347619818016 8.9129756506722266 -108.59260944179867 -73.169452831524765 198.92202316655053 43.12491453437395 -93.397797611781527 -8.760037249610539 -41.851642367714334 10.751717134246491 -0.070592583556026281 16.090420840819903 -54.380694264379045 206.73233568100704 -42.130495719909675 63.851862738491263 48.444520415634408 -106.79270566940309 66.131304343276554 183.65432420094808 252.5381904602051 123.59621251424153 -8.8951370257597713 -70.441671715612003
leaf_weight=370825 9583 91478 38 20 25 34 176 314 23 119 27 186 28 21 57 1396 638715 353 29 21 20 206 61 20 180 45 24 42 52 23
leaf_count=370825 9583 91478 38 20 25 34 176 314 23 119 27 186 28 21 57 1396 638715 353 29 21 20 206 61 20 180 45 24 42 52 23
internal_value=-1.49231e-09 -0.168957 14.1754 24.9341 23.5892 13.3866 35.5237 33.5689 -1.85617 10.7291 5.57764 40.3175 11.9437 108.061 23.1921 8.70383 -0.457942 38.6406 46.3168 62.047 68.9659 30.6772 62.7708 10.1143 73.8205 80.1566 116.895 93.4744 50.3031 50.6575
internal_weight=1.11414e+06 1.10102e+06 13123 3540 3502 1888 1614 1589 199 1868 1591 277 1472 48 243 1424 1.00954e+06 1390 1037 517 488 520 467 81 386 366 163 139 94 203
internal_count=1114141 1101018 13123 3540 3502 1888 1614 1589 199 1868 1591 277 1472 48 243 1424 1009540 1390 1037 517 488 520 467 81 386 366 163 139 94 203
is_linear=0
shrinkage=0.05


Tree=60
num_leaves=31
num_cat=0
split_feature=3 10 3 26 46 28 33 30 36 39 30 28 26 33 33 27 33 5 4 40 27 26 43 39 33 4 39 27 39 3
split_gain=9.74401e+08 3.14509e+08 2.59523e+08 1.59875e+08 1.31423e+08 2.4619e+08 1.36195e+08 1.29956e+08 1.49901e+08 1.10317e+08 9.9746e+07 1.91873e+08 1.6665e+08 1.39493e+08 1.31234e+08 1.29285e+08 2.4498e+08 8.64719e+07 2.65574e+08 8.61938e+07 9.14472e+07 1.41454e+08 1.10801e+08 1.04124e+08 1.20082e+08 1.12131e+08 1.08978e+08 8.46637e+07 7.89803e+07 7.23755e+07
threshold=2317.7750000000005 5054.2500000000009 422.27500000000003 7.5000000000000009 291.00000000000006 6.5000000000000009 0.83000882289657962 9.5000000000000018 0.60000691113785964 9.182296922419388 100.50000000000001 750.50000000000011 100.50000000000001 15.799760463879439 15.596295819831392 40.500000000000007 13.890585755443295 11.948868741321574 150.50000000000003 3.7466551698792361 50.500000000000007 40.500000000000007 215.50000000000003 7.8461563175491653 0.66971836740396451 190.50000000000003 5.1727098588252653 250.50000000000003 12.427675620429371 24.950000000000003
decision_type=2 2 2 2 2 2 2 2 2 2 2 2 2 2 2 2 2 2 2 2 2 2 2 2 2 2 2 2 2 2
left_child=2 -2 29 -3 5 -5 9 -7 -9 -6 11 12 13 -10 28 16 -12 19 -19 20 -17 22 -22 24 -23 -26 -27 -28 -14 -1
right_child=1 3 -4 4 6 7 -8 8 10 -11 15 -13 14 -15 -16 17 -18 18 -20 -21 21 23 -24 -25 25 26 27 -29 -30 -31
leaf_value=-1.1655304655582457 7.6466841678707027 127.32292417835545 1.6537047460163377 169.67136069077714 43.44814741134644 122.08478074754987 34.396402537284324 140.7707177701204 -29.571377294980564 207.52951562064038 30.923482961524027 125.81960890491803 14.360381527604728 -133.45873735339143 108.71367993672689 -87.570823943118256 224.71212100642072 213.72320345924015 25.372237498053284 113.74480157852173 163.48486501253569 -56.323794449700245 28.028388622072011 0.70438080998895203 85.90649800953112 -40.798405679066974 121.61601641619649 26.342674153311215 -70.415240595075815 -0.22756510805562399
leaf_weight=306342 20218 37 158323 26 20 28 941 23 130 21 73 24 116 43 30 24 21 21 172 20 26 36 36 1217 95 54 27 171 36 625790
leaf_count=306342 20218 37 158323 26 20 28 941 23 130 21 73 24 116 43 30 24 21 21 172 20 26 36 36 1217 95 54 27 171 36 625790
internal_value=1.03132e-09 10.0329 -0.217927 23.9443 22.8294 16.6328 38.2832 14.9906 13.7386 127.49 12.5068 -11.0055 -20.2556 -55.3931 13.1443 16.978 74.2167 14.1447 45.8664 10.5561 9.33199 10.7313 84.8327 7.85988 30.5968 39.6145 22.1632 39.3345 -5.71806 -0.535824
internal_weight=1.11414e+06 23686 1.09046e+06 3468 3431 2449 982 2423 2395 41 2372 379 355 173 182 1993 94 1899 193 1706 1686 1662 62 1600 383 347 252 198 152 932132
internal_count=1114141 23686 1090455 3468 3431 2449 982 2423 2395 41 2372 379 355 173 182 1993 94 1899 193 1706 1686 1662 62 1600 383 347 252 198 152 932132
is_linear=0
shrinkage=0.05


Tree=61
num_leaves=31
num_cat=0
split_feature=3 1 37 9 29 33 36 27 36 33 30 39 27 36 29 30 22 36 30 42 39 26 45 33 5 43 29 4 39 46
split_gain=8.94329e+08 3.88891e+08 1.40575e+08 1.11959e+08 1.53184e+08 1.2213e+08 1.2764e+08 1.62065e+08 1.00539e+08 2.83464e+08 2.11052e+08 1.51828e+08 3.92265e+08 1.18241e+08 1.73592e+08 1.44082e+08 8.57939e+07 8.24444e+07 2.54578e+08 1.65689e+08 8.13607e+07 9.26266e+07 1.00585e+08 1.67121e+08 1.60432e+08 1.54785e+08 1.04233e+08 8.02845e+07 7.92306e+07 1.30288e+08
threshold=1502.1250000000002 3850.1000000000004 259.2937500000001 5050.5000000000009 7.5000000000000009 0.26027157384257521 7.2082279404325282 6.5000000000000009 21.395941739008901 0.73549183563701648 200.50000000000003 195.41621396968984 400.50000000000006 364.52547831299415 245.50000000000003 1200.5000000000002 4884.7500000000009 18.011987198926416 249.00000000000003 9.5000000000000018 6.5247380329984024 15.500000000000002 8.5000000000000018 18.632316048258449 13.963114057453687 28.500000000000004 301.50000000000006 75.500000000000014 13.918386244796034 47.950000000000053
decision_type=2 2 2 2 2 2 2 2 2 2 2 2 2 2 2 2 2 2 2 2 2 2 2 2 2 2 2 2 2 2
left_child=2 -2 -1 -3 -5 -6 28 -8 11 -10 16 17 -13 14 -12 -15 -11 20 19 -19 -9 -22 24 25 27 -24 -26 -23 -7 -30
right_child=1 3 -4 4 5 6 7 8 9 10 13 12 -14 15 -16 -17 -18 18 -20 -21 21 22 23 -25 26 -27 -28 -29 29 -31
leaf_value=-0.58799832037580779 4.7863471674663893 11.851380350349851 0.83540625218096953 128.29313430649893 133.19963970947265 16.196307659955419 158.73560098012288 69.968055078095091 172.05282833099366 7.2567839736938486 -120.48445928005071 255.99775926333211 -16.102595859103733 181.68680211847482 14.475894403081192 20.901075261517576 -102.46480070506374 75.012660914421076 27.155765920091973 263.15413281700825 99.334217580159518 -40.979039325714112 -64.602851736987077 -79.843341356642711 156.75623552799226 23.043649963378908 46.635019974481494 36.055202865056252 -137.71752946853638 -5.1528783956535253
leaf_weight=849172 39597 4154 217984 35 25 828 24 102 25 25 26 26 27 22 285 38 62 25 129 22 39 40 54 47 44 750 42 219 20 253
leaf_count=849172 39597 4154 217984 35 25 828 24 102 25 25 26 26 27 22 285 38 62 25 129 22 39 40 54 47 44 750 42 219 20 253
internal_value=3.76711e-09 6.75123 -0.297245 17.2823 24.2582 23.1199 22.2529 29.5601 28.0471 8.10416 -0.845008 34.1981 117.381 15.5913 3.19304 79.8558 -70.9356 31.2842 63.4534 163.079 27.0495 23.5048 21.0321 11.7997 43.8054 17.1569 102.976 24.158 8.49456 -14.8646
internal_weight=1.11414e+06 46985 1.06716e+06 7388 3234 3199 3174 2073 2049 483 458 1566 53 371 311 60 87 1513 176 47 1337 1235 1196 851 345 804 86 259 1101 273
internal_count=1114141 46985 1067156 7388 3234 3199 3174 2073 2049 483 458 1566 53 371 311 60 87 1513 176 47 1337 1235 1196 851 345 804 86 259 1101 273
is_linear=0
shrinkage=0.05


Tree=62
num_leaves=31
num_cat=0
split_feature=3 2 16 46 28 5 4 47 33 46 27 30 28 45 4 40 29 9 39 35 5 26 45 27 6 27 29 46 8 39
split_gain=8.09069e+08 3.64523e+08 1.18113e+08 1.00957e+08 8.19898e+07 1.00318e+08 1.04193e+08 6.72547e+07 1.28332e+08 5.9961e+08 1.00924e+08 9.04887e+07 8.71995e+07 7.2964e+07 9.44819e+07 6.85393e+07 1.17799e+08 6.84359e+07 6.16912e+07 5.79674e+07 5.24429e+07 5.15624e+07 8.47408e+07 7.45489e+07 2.17984e+08 7.88877e+07 9.49135e+07 1.79555e+08 5.1429e+07 4.95288e+07
threshold=1428.0000000000002 3763.5000000000005 140.05000000000004 385.75000000000006 25.500000000000004 -5.0760031792387128 75.500000000000014 2.4000000000000203 0.41029363785562234 84.125000000000014 6.5000000000000009 40.500000000000007 6.5000000000000009 28.500000000000004 190.50000000000003 0.66364212346275564 41.500000000000007 5050.5000000000009 65.874897932685002 4589.857539053769 0.21321961620469623 25.500000000000004 6.5000000000000009 40.500000000000007 5023.0000000000009 100.50000000000001 41.500000000000007 29.049999999999958 5051.0000000000009 7.5641969890338627
decision_type=2 2 2 2 2 2 2 2 2 2 2 2 2 2 2 2 2 2 2 2 2 2 2 2 2 2 2 2 2 2
left_child=2 -2 -1 7 -5 -6 -7 8 9 17 -10 15 -12 -13 -15 -9 -17 -3 -8 -4 29 22 -22 24 -23 28 27 -27 -25 -14
right_child=1 3 19 4 5 6 18 11 10 -11 12 13 20 14 -16 16 -18 -19 -20 -21 21 23 -24 25 -26 26 -28 -29 -30 -31
leaf_value=-0.63322389087716913 4.4123724030060485 7.3004882613817861 0.52105983966997671 108.15369777134487 -20.300281156193126 138.78962923685711 35.992494493489552 13.186026451505464 110.04423674714977 312.18054909479054 104.19666321958815 13.349391918346626 24.97105403410761 73.275606411474726 -25.830288547602567 -154.11142938033396 -22.710038660511827 97.658341745229876 -39.900466510227751 83.595446632021947 -87.686631776605338 2.5280856427156699 11.912839961714216 15.158053767100231 161.96475731001962 206.85591379165649 20.600895967255248 26.801083573235406 -49.557797256950295 0.87432353073442981
leaf_weight=753379 43697 108 309672 35 88 24 613 58 29 21 28 2806 285 27 220 23 66 26 28 21 28 53 90 59 36 20 1645 45 64 847
leaf_count=753379 43697 108 309672 35 88 24 613 58 29 21 28 2806 285 27 220 23 66 26 28 21 28 53 90 59 36 20 1645 45 64 847
internal_value=-3.59598e-10 6.14746 -0.295318 16.432 33.3453 29.8681 36.507 14.4078 19.3219 63.7636 17.1886 9.2111 16.3471 11.0561 -14.9969 -29.1064 -56.6677 24.8326 32.6774 0.526693 15.5716 20.3607 -11.7209 22.3304 67.0193 20.1605 22.9425 82.2026 -18.5152 6.94108
internal_weight=1.11414e+06 51069 1.06307e+06 7372 788 753 665 6584 3384 155 3229 3200 3200 3053 247 147 89 134 641 309693 3172 2040 118 1922 89 1833 1710 65 123 1132
internal_count=1114141 51069 1063072 7372 788 753 665 6584 3384 155 3229 3200 3200 3053 247 147 89 134 641 309693 3172 2040 118 1922 89 1833 1710 65 123 1132
is_linear=0
shrinkage=0.05


Tree=63
num_leaves=31
num_cat=0
split_feature=37 3 46 33 5 33 1 5 4 6 46 5 45 27 39 36 5 36 39 45 28 5 5 28 40 36 43 39 39 26
split_gain=7.37268e+08 3.43685e+08 1.17922e+08 1.4688e+08 1.40692e+08 9.13931e+07 8.80341e+07 8.54936e+07 1.01121e+08 2.15231e+08 2.05805e+08 8.61488e+07 3.11859e+08 1.56198e+08 8.4965e+07 7.23623e+07 1.77224e+08 5.83715e+07 5.65405e+07 4.83885e+07 9.71119e+07 6.87975e+07 7.20113e+07 1.86987e+08 6.92421e+07 1.67331e+08 8.93232e+07 1.41326e+08 1.23539e+08 8.86525e+07
threshold=3501.2625000000003 1034.6250000000002 291.00000000000006 0.8878290749455523 0.69312079710692764 80.571853435927167 31.550000000000004 8.6706474395505957 190.50000000000003 5023.0000000000009 49.10000000000003 -54.487983802874439 11.500000000000002 1200.5000000000002 252.25026023052416 0.40500359705989658 1.0000000180025095e-35 50.45678074043834 51.475486625434023 8.5000000000000018 50.500000000000007 -5.6542369710157123 2.804036144219491 245.50000000000003 1.7813331779482864 11.511554255883462 114.50000000000001 14.289998401524725 13.215586135404292 960.50000000000011
decision_type=2 2 2 2 2 2 2 2 2 2 2 2 2 2 2 2 2 2 2 2 2 2 2 2 2 2 2 2 2 2
left_child=1 6 7 4 -4 14 -1 11 9 -9 -11 12 -2 -14 17 16 -13 18 19 20 -5 -21 24 -24 26 -26 -23 28 -28 -29
right_child=2 -3 3 5 -6 -7 -8 8 -10 10 -12 15 13 -15 -16 -17 -18 -19 -20 21 -22 22 23 -25 25 -27 27 29 -30 -31
leaf_value=-0.9525472296264067 -52.638489439993194 3.2768217135912305 42.849277004118889 122.27937854420054 210.46567754745485 106.97466077461388 0.0056967765999234301 18.675457459947339 19.123655373453655 271.73245876312257 68.466818162166717 -3.6738377699980869 240.57063366433852 49.513507995605472 -63.442212183134899 8.9071739692331793 173.06933434527855 -60.082471981048585 105.46422674005683 -25.801981816291814 31.820841738966859 -12.077416853819576 -62.621972216835502 28.169113886949436 19.596340764065587 170.12657900492351 40.906746941695189 -85.218967955453067 128.78205868343136 20.267740089997005
leaf_weight=376787 33 70007 31 33 21 33 658700 92 716 20 33 37 23 20 28 6305 23 20 22 80 294 112 79 201 48 30 163 28 53 69
leaf_count=376787 33 70007 31 33 21 33 658700 92 716 20 33 37 23 20 28 6305 23 20 22 80 294 112 79 201 48 30 163 28 53 69
internal_value=3.31835e-09 -0.113754 14.5431 28.148 110.541 24.8344 -0.342983 12.0372 26.8348 64.9117 145.171 10.0591 62.978 151.707 22.6831 9.42724 64.0777 24.6405 26.0386 24.5702 40.9497 18.3639 22.8764 2.55306 34.1895 77.4926 26.2422 39.954 62.4687 -10.182
internal_weight=1.11414e+06 1.10549e+06 8647 1345 52 1293 1.03549e+06 7302 861 145 53 6441 76 43 1260 6365 60 1232 1212 1190 327 863 783 280 503 78 425 313 216 97
internal_count=1114141 1105494 8647 1345 52 1293 1035487 7302 861 145 53 6441 76 43 1260 6365 60 1232 1212 1190 327 863 783 280 503 78 425 313 216 97
is_linear=0
shrinkage=0.05


Tree=64
num_leaves=31
num_cat=0
split_feature=37 31 3 33 27 4 40 5 39 45 44 28 43 45 26 42 5 47 27 33 33 45 39 40 26 43 46 4 44 0
split_gain=6.74366e+08 2.04664e+08 1.95076e+08 1.83865e+08 3.00551e+08 1.29434e+08 1.07512e+08 2.92624e+08 8.80678e+07 1.5085e+08 1.89699e+08 2.15571e+08 3.7689e+08 1.70297e+08 2.21253e+08 1.60706e+08 9.39722e+07 9.09759e+07 1.10781e+08 8.29656e+07 9.76398e+07 7.84243e+07 7.49657e+07 1.00663e+08 1.54818e+08 2.75486e+08 1.10512e+08 9.48205e+07 7.53453e+07 9.55785e+07
threshold=2382.3625000000006 4658.9500000000007 500.05000000000007 80.571853435927167 74.500000000000014 130.50000000000003 4.8517796964290891 3.327918867392166 20.331754919796257 11.500000000000002 49.500000000000007 245.50000000000003 200.50000000000003 5.5000000000000009 190.50000000000003 9.5000000000000018 -32.327402768675611 25.049999999999958 200.50000000000003 6.3837318656173387 16.679785516817152 9.5000000000000018 5.9114278265894766 0.13415391993961004 130.50000000000003 89.500000000000014 2.9000000000000203 15.500000000000002 50.500000000000007 5005.0000000000009
decision_type=2 2 2 2 2 2 2 2 2 2 2 2 2 2 2 2 2 2 2 2 2 2 2 2 2 2 2 2 2 2
left_child=2 -2 -1 6 -5 -6 8 -8 16 13 11 12 -11 17 -15 -14 -3 18 -10 -13 -21 -16 28 24 25 -24 -26 -25 29 -18
right_child=1 3 -4 4 5 -7 7 -9 9 10 -12 19 15 14 21 -17 22 -19 -20 20 -22 -23 23 27 26 -27 -28 -29 -30 -31
leaf_value=-0.4261103435632948 6.2942745362076806 -40.802118355780841 1.5993282716987278 255.63652770996097 146.73757697741192 14.899125109702709 199.22698935049553 -53.107854480743413 128.56453386545181 244.19500102339123 -103.40854122227637 -12.461795736643229 -48.264569665842203 -210.34455674778334 -17.274899572372437 101.36631322158011 21.683578563830178 -35.175095883537743 8.3732466501732397 134.30594022170359 16.904307797667268 -107.20546130537987 269.27647712344213 -73.855418924184946 -75.94913754670516 52.824615540796401 51.077676164570143 22.096009171364049 88.543651099999749 -23.961414091449139
leaf_weight=956445 17643 64 135752 20 24 83 27 20 26 29 29 188 34 22 100 38 218 68 73 23 77 32 21 26 23 49 67 2654 24 242
leaf_count=956445 17643 64 135752 20 24 83 27 20 26 29 29 188 34 22 100 38 218 68 73 23 77 32 21 26 23 49 67 2654 24 242
internal_value=6.93242e-10 8.67841 -0.174363 18.4583 77.7249 44.4704 16.655 91.8505 15.7987 0.159616 19.9559 29.1528 92.0057 -25.6188 -63.5431 30.7073 19.2099 9.3534 39.9386 7.11059 43.9067 -39.0762 20.3654 23.4652 61.9912 117.76 18.6153 21.1651 2.17646 -2.32966
internal_weight=1.11414e+06 21944 1.0922e+06 4301 127 107 4174 47 4127 739 418 389 101 321 154 72 3388 167 99 288 100 132 3324 2840 160 70 90 2680 484 460
internal_count=1114141 21944 1092197 4301 127 107 4174 47 4127 739 418 389 101 321 154 72 3388 167 99 288 100 132 3324 2840 160 70 90 2680 484 460
is_linear=0
shrinkage=0.05


Tree=65
num_leaves=31
num_cat=0
split_feature=37 31 33 27 4 3 40 5 39 45 44 28 43 45 26 42 5 47 27 33 33 45 36 44 45 40 5 26 43 29
split_gain=6.16384e+08 2.61249e+08 1.65939e+08 2.71248e+08 1.16815e+08 1.0964e+08 9.70299e+07 2.64093e+08 7.94812e+07 1.36142e+08 1.71203e+08 1.94553e+08 3.40143e+08 1.53693e+08 1.99681e+08 1.45037e+08 8.48099e+07 8.21057e+07 9.99802e+07 7.48764e+07 8.81199e+07 7.07779e+07 7.00643e+07 1.1017e+08 9.21952e+07 1.17353e+08 1.13262e+08 9.02743e+07 8.37349e+07 7.85739e+07
threshold=1561.6250000000002 4658.9500000000007 80.571853435927167 74.500000000000014 130.50000000000003 321.77500000000003 4.8517796964290891 3.327918867392166 20.331754919796257 11.500000000000002 49.500000000000007 245.50000000000003 200.50000000000003 5.5000000000000009 190.50000000000003 9.5000000000000018 -32.327402768675611 25.049999999999958 200.50000000000003 6.3837318656173387 16.679785516817152 9.5000000000000018 7.2791817902862741 49.500000000000007 8.5000000000000018 0.057715327091156947 13.963114057453687 460.50000000000006 50.500000000000007 301.50000000000006
decision_type=2 2 2 2 2 2 2 2 2 2 2 2 2 2 2 2 2 2 2 2 2 2 2 2 2 2 2 2 2 2
left_child=5 -2 6 -4 -5 -1 8 -8 16 13 11 12 -11 17 -15 -14 -3 18 -10 -13 -21 -16 23 -18 26 -26 -24 -25 -27 -28
right_child=1 2 3 4 -6 -7 7 -9 9 10 -12 19 15 14 21 -17 22 -19 -20 20 -22 -23 24 27 25 28 29 -29 -30 -31
leaf_value=-0.46557179008461297 4.5531446850947876 -38.76201243028045 242.85470199584961 139.40069957971573 14.154168959123545 0.88259997035871296 189.26563910025141 -50.452459793090824 122.13630727621226 231.98525232117751 -98.238113002119405 -11.838705878625525 -45.851341129751773 -199.8273241043091 -16.41115484905243 96.297998453441423 6.4171551790407726 -33.416340676475976 7.9545846458983753 127.59064526765245 16.059092448593734 -101.84518835544587 30.518979595601561 94.396816824464238 114.35772563815118 -14.086151241344181 131.55265487150712 4.838502979278565 22.039623321286527 48.48071567082809
leaf_weight=889086 39143 64 20 24 83 181611 27 20 26 29 29 188 34 22 100 38 1260 68 73 23 77 32 320 68 32 183 55 48 1299 59
leaf_count=889086 39143 64 20 24 83 181611 27 20 26 29 29 188 34 22 100 38 1260 68 73 23 77 32 320 68 32 183 55 48 1299 59
internal_value=-3.72953e-09 5.8384 17.5354 73.8386 42.2468 -0.236896 15.8223 87.2579 15.0088 0.151635 18.9581 27.6951 87.4055 -24.3378 -60.366 29.1719 18.2494 8.88573 37.9417 6.75506 41.7113 -37.1224 19.3471 10.7099 25.4481 19.6243 45.7646 57.3382 17.5787 88.5593
internal_weight=1.11414e+06 43444 4301 127 107 1.0707e+06 4174 47 4127 739 418 389 101 321 154 72 3388 167 99 288 100 132 3324 1376 1948 1514 434 116 1482 114
internal_count=1114141 43444 4301 127 107 1070697 4174 47 4127 739 418 389 101 321 154 72 3388 167 99 288 100 132 3324 1376 1948 1514 434 116 1482 114
is_linear=0
shrinkage=0.05


Tree=66
num_leaves=31
num_cat=0
split_feature=2 37 10 26 46 5 30 45 39 28 36 29 40 28 5 39 46 4 30 43 5 28 45 45 29 27 43 43 39 4
split_gain=5.60594e+08 1.79268e+08 1.60116e+08 1.20959e+08 9.78533e+07 1.03087e+08 1.0273e+08 1.03909e+08 1.01313e+08 1.24952e+08 2.45029e+08 1.2383e+08 9.658e+07 9.37288e+07 8.68088e+07 1.15724e+08 1.0688e+08 1.25218e+08 1.04697e+08 9.1701e+07 8.66627e+07 1.90921e+08 1.96961e+08 2.04524e+08 1.32675e+08 1.18283e+08 9.92696e+07 9.8148e+07 1.41827e+08 3.42998e+08
threshold=2595.2500000000005 775.6500000000002 5054.2500000000009 7.5000000000000009 169.37500000000003 -8.5323564181855875 1601.0000000000002 28.500000000000004 5.3121517332010617 15.500000000000002 11.716623945143295 50.500000000000007 3.9500363455214855 25.500000000000004 1.5581288308784471 15.393975628328711 29.950000000000049 25.500000000000004 310.50000000000006 75.500000000000014 2.4432178283490873 310.50000000000006 8.5000000000000018 5.5000000000000009 15.500000000000002 300.50000000000006 205.50000000000003 65.500000000000014 12.508696864652388 150.50000000000003
decision_type=2 2 2 2 2 2 2 2 2 2 2 2 2 2 2 2 2 2 2 2 2 2 2 2 2 2 2 2 2 2
left_child=1 -1 -2 -4 8 -6 20 -8 -5 10 -10 -12 13 -11 -15 16 17 -16 -17 -18 24 22 23 -22 -7 -24 -27 -26 -29 -30
right_child=2 -3 3 4 5 6 7 -9 9 12 11 -13 -14 14 15 18 19 -19 -20 -21 21 -23 25 -25 27 26 -28 28 29 -31
leaf_value=-0.33327921238829128 6.3781312354697963 2.0466912849644645 108.22021373027081 -39.464088337094182 -12.160597044744611 160.67617364501953 16.702565075788232 -66.40355941681635 -42.378864170954785 -67.971665382385254 71.071806422146878 242.97366297721865 118.14685026288032 2.4641366666619646 35.841313153221499 -92.899699371337888 -57.205980058149862 203.02537314891816 16.988869693381655 53.561239994725874 -7.5067999315261851 56.403874494225946 -82.856489808218825 160.5228800314444 1.3786493737122107 99.243040542602543 -53.06870356850002 32.395369161393056 192.5998234042415 48.921732359329866
leaf_weight=1009537 15303 85851 37 102 162 25 360 42 26 40 22 20 20 1096 21 25 22 24 163 124 55 181 91 27 116 20 23 372 54 180
leaf_count=1009537 15303 85851 37 102 162 25 360 42 26 40 22 20 20 1096 21 25 22 24 163 124 55 181 91 27 116 20 23 372 54 180
internal_value=-1.09759e-09 -0.146749 8.57181 18.3022 17.3274 25.7862 29.7625 8.01984 8.85376 11.9283 78.253 152.93 8.9901 7.54908 9.5971 30.2244 57.6353 125.006 2.37603 36.8703 37.4029 18.5257 -13.2149 47.82 47.4354 -50.5646 17.774 43.5143 51.5798 82.0782
internal_weight=1.11414e+06 1.09539e+06 18753 3450 3413 1708 1546 402 1705 1603 68 42 1535 1515 1475 379 191 45 188 146 1144 397 216 82 747 134 43 722 606 234
internal_count=1114141 1095388 18753 3450 3413 1708 1546 402 1705 1603 68 42 1535 1515 1475 379 191 45 188 146 1144 397 216 82 747 134 43 722 606 234
is_linear=0
shrinkage=0.05


Tree=67
num_leaves=31
num_cat=0
split_feature=3 1 1 9 29 39 33 29 39 4 28 46 39 5 41 46 39 43 39 33 44 40 45 5 30 33 4 29 41 39
split_gain=5.12006e+08 2.30453e+08 8.74391e+07 6.61332e+07 1.24315e+08 9.61748e+07 9.19688e+07 7.85432e+07 1.38786e+08 9.30727e+07 2.67746e+08 2.66787e+08 1.37648e+08 1.08674e+08 1.01497e+08 1.0869e+08 9.11351e+07 8.83988e+07 8.17426e+07 1.98075e+08 4.73647e+08 1.3678e+08 1.31947e+08 2.59969e+08 1.9728e+08 7.11122e+08 1.27303e+08 2.17825e+08 2.03163e+08 1.23052e+08
threshold=1428.0000000000002 3850.1000000000004 37.850000000000001 5050.5000000000009 7.5000000000000009 4.3866736952285477 0.26027157384257521 500.50000000000006 252.25026023052416 75.500000000000014 280.50000000000006 4.9000000000000208 11.493002246575687 -0.51550870672094617 4.5000000000000009 1.9000000000000201 6.5247380329984024 269.50000000000006 9.7427707531711274 0.76902321320896772 25.500000000000004 0.3739096352987763 8.5000000000000018 4.1033253624940711 130.50000000000003 12.242189041588922 190.50000000000003 75.500000000000014 1.5000000000000002 14.190955029269137
decision_type=2 2 2 2 2 2 2 2 2 2 2 2 2 2 2 2 2 2 2 2 2 2 2 2 2 2 2 2 2 2
left_child=2 -2 -1 -3 -5 -6 -7 8 9 10 13 -11 -12 14 15 -8 -13 -15 -18 20 -20 -21 24 26 25 -23 27 -24 -29 -28
right_child=1 3 -4 4 5 6 7 -9 -10 11 12 16 -14 17 -16 -17 18 -19 19 21 -22 22 23 -25 -26 -27 29 28 -30 -31
leaf_value=-0.78214573407337618 3.5090142435175573 8.8833945485462387 0.14084267506722997 112.13919546536039 -42.337834944508295 114.16871301269532 102.03628921508789 9.5898780019773593 140.09016477144684 206.84940200079055 22.902965209597635 62.773377925921707 157.16128838675365 -77.181394964161484 -77.555207003079943 -3.4052847345670068 4.6760533042625481 5.8255349991169387 315.17024497985841 -32.401081078628017 -14.290110568205515 -42.029230233897337 -44.97924412318639 -84.194777318147516 34.891275582994737 343.20835424232484 42.581646433770658 246.14781124408429 55.189099130630495 -36.128728689915604
leaf_weight=432802 43681 4154 630270 35 66 25 37 1488 26 21 42 156 35 101 26 72 419 47 20 87 24 23 21 52 98 25 160 26 30 72
leaf_count=432802 43681 4154 630270 35 66 25 37 1488 26 21 42 156 35 101 26 72 419 47 20 87 24 23 21 52 98 25 160 26 30 72
internal_value=-2.75291e-09 4.89035 -0.234928 13.0574 18.4188 17.3934 18.6517 17.8834 25.5012 23.6321 1.26327 30.1579 83.9295 -21.229 11.2128 32.3868 27.0989 -50.8211 21.8338 33.102 135.465 25.5195 35.4586 19.2372 75.5677 158.615 36.6432 92.35 143.849 18.1543
internal_weight=1.11414e+06 51069 1.06307e+06 7388 3234 3199 3133 3108 1620 1594 360 1234 77 283 135 109 1213 148 1057 638 44 594 507 361 146 48 309 77 56 232
internal_count=1114141 51069 1063072 7388 3234 3199 3133 3108 1620 1594 360 1234 77 283 135 109 1213 148 1057 638 44 594 507 361 146 48 309 77 56 232
is_linear=0
shrinkage=0.05


Tree=68
num_leaves=31
num_cat=0
split_feature=37 3 46 5 33 9 5 45 0 3 28 5 4 33 27 39 33 27 28 13 45 0 36 29 10 39 6 29 28 39
split_gain=4.65707e+08 1.82278e+08 9.76692e+07 7.90674e+07 2.86945e+08 5.33271e+08 8.09463e+07 2.56801e+08 1.56765e+08 6.71259e+07 6.32856e+07 8.5256e+07 7.70288e+07 1.0328e+08 2.09985e+08 1.2847e+08 1.20782e+08 7.79209e+07 6.68451e+07 4.3418e+07 4.28614e+07 4.19067e+07 3.63827e+07 6.12678e+07 1.08773e+08 5.79916e+07 4.34033e+07 1.62219e+08 1.93374e+08 2.12579e+08
threshold=2994.4937500000005 988.62500000000011 385.75000000000006 0.58479532163743253 0.41029363785562234 5050.5000000000009 -54.487983802874439 11.500000000000002 950.05000000000007 23.725000000000005 25.500000000000004 -5.0760031792387128 310.50000000000006 9.2693548648227537 100.50000000000001 13.132694191934464 1.6286932867940842 250.50000000000003 70.500000000000014 640.05000000000007 2.5000000000000004 5005.0000000000009 4.7416207425289487 200.50000000000003 5054.2500000000009 11.085902388217919 5023.0000000000009 190.50000000000003 130.50000000000003 10.445007548550967
decision_type=2 2 2 2 2 2 2 2 2 2 2 2 2 2 2 2 2 2 2 2 2 2 2 2 2 2 2 2 2 2
left_child=1 9 3 6 5 -5 7 -2 -9 -1 -4 -12 13 16 -15 -16 -13 -18 -14 -6 -20 -3 23 24 -21 -26 -24 28 -28 -30
right_child=2 21 10 4 19 -7 -8 8 -10 -11 11 12 18 14 15 -17 17 -19 20 22 -22 -23 26 -25 25 -27 27 -29 29 -31
leaf_value=-0.92824062950762143 -35.986070417474814 2.3880404451332402 91.077809662289098 9.084974049840655 -53.800940864562989 332.73544913291931 4.3528003996209899 61.058001883824673 227.67296966552738 -0.028160843407395914 -19.072069586017758 102.69875248105903 -60.566636383056647 237.39559042794363 -41.094718482277614 123.07499888493464 -49.45016674041748 47.788251887497154 80.164991694111976 4.7208750823926593 19.21608400580395 -69.998768939971924 11.710881823389759 10.458316279740083 -41.467320243679751 -140.77756663731165 8.8674554911526773 9.4270936713760349 40.862045492808022 165.44785663665289
leaf_weight=286984 54 69463 36 35 25 20 7328 48 20 744551 103 38 25 21 22 26 45 38 31 144 415 20 3098 696 49 21 110 537 75 63
leaf_count=286984 54 69463 36 35 25 20 7328 48 20 744551 103 38 25 21 22 26 45 38 31 144 415 20 3098 696 49 21 110 537 75 63
internal_value=1.62734e-09 -0.111603 9.36348 8.26442 13.2165 126.776 5.02528 45.418 110.062 -0.278573 26.293 23.2403 29.8337 56.7075 105.524 47.8305 28.8698 -4.93137 18.9928 11.9202 23.4524 2.3672 12.263 3.26436 -20.1328 -71.2604 14.3719 24.8734 58.3197 97.7382
internal_weight=1.11414e+06 1.10102e+06 13123 12323 4873 55 7450 122 68 1.03154e+06 800 764 661 190 69 48 121 83 471 4818 446 69483 4793 910 214 70 3883 785 248 138
internal_count=1114141 1101018 13123 12323 4873 55 7450 122 68 1031535 800 764 661 190 69 48 121 83 471 4818 446 69483 4793 910 214 70 3883 785 248 138
is_linear=0
shrinkage=0.05


Tree=69
num_leaves=31
num_cat=0
split_feature=37 1 1 5 9 36 29 40 29 45 4 46 40 36 44 39 33 30 45 44 36 30 26 5 39 33 39 46 5 5
split_gain=4.25692e+08 1.61499e+08 9.71777e+07 6.17217e+07 5.74096e+07 1.14186e+08 1.94148e+08 1.12027e+08 2.35047e+08 1.56855e+08 1.10605e+08 1.7625e+08 1.08787e+08 1.06519e+08 1.04319e+08 9.27643e+07 2.37693e+08 1.24622e+08 1.11771e+08 1.04546e+08 1.4802e+08 3.04685e+08 1.24246e+08 1.04073e+08 1.02532e+08 8.45294e+07 1.06113e+08 8.07593e+07 1.02126e+08 8.83428e+07
threshold=1797.0312500000002 3850.1000000000004 330.05000000000007 -29.206203933888464 5050.5000000000009 7.2082279404325282 7.5000000000000009 0.12714565480533388 50.500000000000007 7.5000000000000009 25.500000000000004 1.9000000000000201 0.55633138835647789 12.016046866334298 49.500000000000007 22.194022003321301 0.73549183563701648 99.500000000000014 8.5000000000000018 18.500000000000004 12.999306223166142 280.50000000000006 190.50000000000003 7.4152178180378456 8.6481146753012563 1.1123135381993101 10.895949500343127 90.049999999999969 1.7398050305252546 4.7383583524848065
decision_type=2 2 2 2 2 2 2 2 2 2 2 2 2 2 2 2 2 2 2 2 2 2 2 2 2 2 2 2 2 2
left_child=2 -2 -1 -3 -5 14 -7 8 -8 -10 -9 12 -12 -11 -6 18 -17 -18 19 22 24 -22 -13 -24 -21 -16 -27 28 -20 -29
right_child=1 3 -4 4 5 6 7 10 9 13 11 15 -14 -15 25 16 17 -19 27 20 21 -23 23 -25 -26 26 -28 29 -30 -31
leaf_value=-0.39384741191993822 3.6831954458608744 -27.586600923046628 0.85456646409630843 8.6268772977500756 0.16446360842695515 163.08984893798831 201.7694697746864 -48.265233247033478 162.06389065265657 93.615454846162066 203.84950881231399 168.69421964100431 40.910248632431035 -25.618844228360189 124.34623291015626 162.39484627723695 -107.2962076476126 -4.4258589223081817 -24.152776193883685 49.668512611389161 201.15240940903175 26.15539904726614 -4.4551778660880199 125.40513089851098 -42.285834278998436 75.042502362758682 -55.361952634958122 29.759886526478461 87.736133509096902 -15.069673832878472
leaf_weight=890455 27385 97 188958 4065 1030 25 26 58 20 26 21 35 20 67 30 20 33 273 180 50 33 101 36 27 77 39 26 777 23 128
leaf_count=890455 27385 97 188958 4065 1030 25 26 58 20 26 21 35 20 67 30 20 33 273 180 50 33 101 36 27 77 39 26 777 23 128
internal_value=-3.16823e-09 5.44881 -0.175305 12.0335 12.5639 17.595 24.6024 22.8977 66.2218 35.0338 19.7148 21.8647 124.367 7.71548 4.78847 19.5208 -4.60472 -15.5197 24.882 49.1281 32.5944 69.2517 93.1617 51.1992 -6.08334 54.9225 22.8807 17.0261 -11.4757 23.4194
internal_weight=1.11414e+06 34728 1.07941e+06 7343 7246 3181 2056 2031 139 113 1892 1834 41 93 1125 1793 326 306 1467 359 261 134 98 63 127 95 65 1108 203 905
internal_count=1114141 34728 1079413 7343 7246 3181 2056 2031 139 113 1892 1834 41 93 1125 1793 326 306 1467 359 261 134 98 63 127 95 65 1108 203 905
is_linear=0
shrinkage=0.05


Tree=70
num_leaves=31
num_cat=0
split_feature=1 10 3 26 46 5 39 28 26 28 40 30 45 5 28 33 42 40 29 43 39 4 40 28 36 5 4 42 40 28
split_gain=3.86299e+08 1.27543e+08 1.02919e+08 9.98482e+07 8.28239e+07 8.70798e+07 8.47216e+07 1.1069e+08 2.34028e+08 8.96835e+07 1.06529e+08 8.42008e+07 9.16087e+07 7.7374e+07 1.66963e+08 1.66328e+08 1.07571e+08 1.07633e+08 1.06948e+08 8.47787e+07 1.12167e+08 2.61393e+08 1.83979e+08 1.70325e+08 1.05112e+08 1.24873e+08 9.77687e+07 7.62123e+07 7.51646e+07 8.24932e+07
threshold=2232.0000000000005 5054.2500000000009 383.05000000000007 7.5000000000000009 169.37500000000003 -8.5323564181855875 5.3121517332010617 15.500000000000002 40.500000000000007 25.500000000000004 0.64095033299454285 1601.0000000000002 28.500000000000004 2.4432178283490873 310.50000000000006 19.48053440950434 5.5000000000000009 0.79229158655091647 15.500000000000002 30.500000000000004 12.508696864652388 150.50000000000003 0.58191954083719477 150.50000000000003 21.958550445513495 0.69312079710692764 310.50000000000006 5.5000000000000009 1.1184775284098416 150.50000000000003
decision_type=2 2 2 2 2 2 2 2 2 2 2 2 2 2 2 2 2 2 2 2 2 2 2 2 2 2 2 2 2 2
left_child=2 -2 -1 -3 6 28 -5 8 -8 10 -9 13 -13 18 15 16 17 -15 -7 -20 -21 23 -23 -22 25 26 -24 -16 29 -6
right_child=1 3 -4 4 5 11 7 9 -10 -11 -12 12 -14 14 27 -17 -18 -19 19 20 21 22 24 -25 -26 -27 -28 -29 -30 -31
leaf_value=-0.35463177142491409 4.6400668426654104 96.630454532520204 0.9800635852242463 -37.877881089378803 97.224456769769859 143.57910391235353 -15.910085095299616 12.055945332845052 169.92708336114885 8.3463869100360295 -149.18378036022187 13.98337185136004 -64.037820271083291 105.01351954720238 89.028107689522415 100.99482495343244 -66.141610337287474 -23.187414586544037 -23.112359573290902 27.528514271143202 72.361418274470736 -60.516399644480821 153.74125697923745 242.48940000226423 -8.1125086346188109 199.00796545119513 35.125953781772665 23.032661824360076 -61.866179630891331 -11.148583589751146
leaf_weight=916550 22666 37 171454 102 22 25 36 21 32 1514 20 361 42 22 74 27 103 64 52 423 28 36 23 31 37 21 71 107 53 87
leaf_count=916550 22666 37 171454 102 22 25 36 21 32 1514 20 361 42 22 74 27 103 64 52 423 28 36 23 31 37 21 71 107 53 87
internal_value=3.16679e-10 6.00688 -0.144303 14.9323 14.0521 21.8535 6.32307 9.10094 71.5427 6.37037 -66.5976 25.5058 5.85213 32.4292 14.5923 -15.0899 -31.6735 9.60817 41.9088 38.3884 43.1616 69.934 41.1192 161.751 65.1908 88.7753 64.1488 50.0142 -13.0241 10.7249
internal_weight=1.11414e+06 26137 1.088e+06 3471 3434 1709 1725 1623 68 1555 41 1547 403 1144 397 216 189 86 747 722 670 247 188 59 152 115 94 181 162 109
internal_count=1114141 26137 1088004 3471 3434 1709 1725 1623 68 1555 41 1547 403 1144 397 216 189 86 747 722 670 247 188 59 152 115 94 181 162 109
is_linear=0
shrinkage=0.05


Tree=71
num_leaves=31
num_cat=0
split_feature=37 2 37 5 46 28 4 39 45 30 36 47 33 45 33 44 4 28 36 5 39 44 20 5 27 4 19 39 40 22
split_gain=3.55104e+08 1.60905e+08 6.69389e+07 5.35585e+07 5.18395e+07 6.53956e+07 6.9825e+07 5.98156e+07 5.15985e+07 7.19676e+07 5.88705e+07 5.03107e+07 2.87973e+08 5.04206e+07 1.71517e+08 5.17981e+07 2.18072e+08 5.46347e+07 1.16619e+08 4.49786e+07 4.49773e+07 6.01329e+07 4.81985e+07 4.07065e+07 4.00636e+07 1.18755e+08 1.04577e+08 1.52331e+08 7.05756e+07 8.07933e+07
threshold=1406.3675000000001 3763.5000000000005 32.322500000000012 -32.327402768675611 385.75000000000006 25.500000000000004 75.500000000000014 195.41621396968984 29.500000000000004 25.500000000000004 9.7009407250247754 -101.17499999999994 0.76902321320896772 6.5000000000000009 259.12046077007852 5.5000000000000009 190.50000000000003 25.500000000000004 11.810228272212301 -7.0707070707070772 10.507267419321776 21.500000000000004 4917.5000000000009 2.531645569620256 100.50000000000001 310.50000000000006 4954.5000000000009 9.9916316088908115 0.93043517147625054 4884.7500000000009
decision_type=2 2 2 2 2 2 2 2 2 2 2 2 2 2 2 2 2 2 2 2 2 2 2 2 2 2 2 2 2 2
left_child=2 23 -1 -3 8 -6 -7 19 11 -10 20 12 -5 14 15 16 -13 18 -17 -8 -11 -22 -23 -2 25 28 -27 -28 -15 -30
right_child=1 3 -4 4 5 6 7 -9 9 10 -12 13 -14 24 -16 17 -18 -19 -20 -21 21 22 -24 -25 -26 26 27 -29 29 -31
leaf_value=-0.7206937048717843 2.011958833696263 -31.733195482133187 0.10358897259805494 206.06484647478379 91.304085821263925 102.5474080810547 -22.338696687263354 -60.0607860426108 80.504627264113651 0.69008529967275167 42.476737271822422 148.32693245672698 17.933159184014354 -5.003302689000618 148.17227604675293 -113.90202229481477 6.8079911417174106 14.628037017345429 29.687920625748173 24.012631293622547 3.7084061948758258 -31.459450468469839 -98.051164222250179 5.4555974372254941 8.8400309388701626 2.9561301042293682 10.471302671432497 205.61926654815676 -0.69956900762475061 -88.775259480476393
leaf_weight=388183 33151 73 673868 21 34 25 57 24 21 116 39 37 648 430 25 26 103 925 31 640 53 61 49 11579 3718 58 20 20 46 60
leaf_count=388183 33151 73 673868 21 34 25 57 24 21 116 39 37 648 430 25 26 103 925 31 640 53 61 49 11579 3718 58 20 20 46 60
internal_value=1.56684e-10 4.03063 -0.197689 10.8814 11.3083 23.4889 20.3981 17.5497 9.84818 -9.1438 -15.064 10.892 23.8386 9.31693 18.6429 15.7568 44.2094 11.7004 -35.8092 20.2221 -23.1073 -40.0429 -61.123 2.90339 6.859 -4.75844 45.8497 108.045 -14.0114 -50.5537
internal_weight=1.11414e+06 52090 1.06205e+06 7360 7287 780 746 721 6507 339 318 6168 669 5499 1147 1122 140 982 57 697 279 163 110 44730 4352 634 98 40 536 106
internal_count=1114141 52090 1062051 7360 7287 780 746 721 6507 339 318 6168 669 5499 1147 1122 140 982 57 697 279 163 110 44730 4352 634 98 40 536 106
is_linear=0
shrinkage=0.05


Tree=72
num_leaves=31
num_cat=0
split_feature=37 37 5 40 4 4 43 40 18 31 36 26 39 28 37 17 36 5 45 36 36 33 46 28 16 33 46 14 4 40
split_gain=3.23162e+08 1.5553e+08 7.78184e+07 8.24804e+07 1.72917e+08 5.9517e+07 1.19795e+08 1.62274e+08 9.26644e+07 8.43022e+07 1.80042e+08 6.23283e+07 9.95964e+07 9.53778e+07 5.44506e+07 5.1945e+07 4.96265e+07 1.39706e+08 5.11931e+07 5.95645e+07 4.86188e+07 4.79722e+07 4.77093e+07 9.67054e+07 7.05182e+07 8.81443e+07 6.65274e+07 1.78745e+08 1.95923e+08 1.28843e+08
threshold=3501.2625000000003 1102.4937500000003 7.6923076923076996 4.8517796964290891 2650.5000000000005 190.50000000000003 42.500000000000007 0.72167331174463545 4927.5000000000009 4658.9500000000007 16.602762631160079 130.50000000000003 25.577550823576843 50.500000000000007 24.636250000000004 1963.5000000000002 0.40500359705989658 1.0000000180025095e-35 29.500000000000004 9.7009407250247754 9.3706033804112963 11.508896892922797 90.049999999999969 6.5000000000000009 4947.3750000000009 4.8120813627309564 1.9000000000000201 5074.5000000000009 25.500000000000004 0.090223568740080279
decision_type=2 2 2 2 2 2 2 2 2 2 2 2 2 2 2 2 2 2 2 2 2 2 2 2 2 2 2 2 2 2
left_child=1 14 3 15 -5 6 -4 9 -9 -8 21 12 20 -13 -1 -2 17 -17 22 -20 -7 -11 23 -18 -25 -26 27 -27 29 -29
right_child=2 -3 5 4 -6 11 7 8 -10 10 -12 13 -14 -15 -16 16 18 -19 19 -21 -22 -23 -24 24 25 26 -28 28 -30 -31
leaf_value=-0.79791157120060485 -31.442271665362426 2.2913656318567246 138.60299474080406 177.80299630598589 7.9576529066613375 47.206082675192093 15.964554035222088 33.078824520111084 -108.9179911578143 92.984440536499037 216.30669540058486 125.92557714553107 -120.69694170475007 18.14825652220793 0.0040742264684331285 -7.2233468777424577 87.66055378072403 149.70036785291589 -17.666043027230472 40.738613548278806 -30.751260422600637 -16.52830842971802 12.180480570417007 7.2100142296280687 -31.346021061105986 -58.489805216259427 -7.6863933015998702 102.46242280373207 180.01270010060279 -48.465964745706131
leaf_weight=295716 86 65317 30 22 47 36 54 20 27 20 22 21 20 912 744461 37 34 23 344 50 45 20 3647 2348 301 36 359 26 29 31
leaf_count=295716 86 65317 30 22 47 36 54 20 27 20 22 21 20 912 744461 37 34 23 344 50 45 20 3647 2348 301 36 359 26 29 31
internal_value=-1.87585e-09 -0.075312 9.62842 7.69957 62.1112 21.2927 46.7815 29.8819 -48.4938 61.6376 101.417 16.5351 -20.7755 20.5741 -0.223925 7.18884 7.64614 52.9307 7.26903 -10.2543 3.89645 38.2281 8.28271 3.78992 2.87887 -10.1256 3.15363 35.0517 74.2087 20.3786
internal_weight=1.11414e+06 1.10549e+06 8647 7420 69 1227 193 163 47 116 62 1034 101 933 1.04018e+06 7351 7265 60 7205 394 81 40 6811 3164 3130 782 481 122 86 57
internal_count=1114141 1105494 8647 7420 69 1227 193 163 47 116 62 1034 101 933 1040177 7351 7265 60 7205 394 81 40 6811 3164 3130 782 481 122 86 57
is_linear=0
shrinkage=0.05


Tree=73
num_leaves=31
num_cat=0
split_feature=37 3 1 5 45 10 5 31 36 9 29 40 26 45 4 40 39 45 46 39 45 41 28 33 4 39 5 27 29 43
split_gain=2.93933e+08 1.03031e+08 7.80169e+07 8.31556e+07 2.00667e+08 1.72944e+08 5.19045e+07 4.80485e+07 4.67383e+07 7.79541e+07 1.65818e+08 9.44249e+07 2.10184e+08 1.81944e+08 1.02352e+08 1.06958e+08 1.74167e+08 9.8055e+07 9.71389e+07 8.06853e+07 7.75762e+07 5.93281e+07 1.07058e+08 1.47138e+08 1.79399e+08 1.56969e+08 8.27025e+07 7.48851e+07 9.09114e+07 2.64628e+08
threshold=2652.4750000000004 591.40000000000009 3850.1000000000004 -54.487983802874439 11.500000000000002 5054.2500000000009 -29.206203933888464 4658.9500000000007 7.2082279404325282 5050.5000000000009 7.5000000000000009 0.12714565480533388 99.500000000000014 17.500000000000004 50.500000000000007 0.34927673960266853 10.763665139277077 8.5000000000000018 1.9000000000000201 6.5247380329984024 14.500000000000002 1.0000000180025095e-35 830.50000000000011 12.242189041588922 455.50000000000006 11.759559458731106 0.61735724484082166 15.500000000000002 150.50000000000003 55.500000000000007
decision_type=2 2 2 2 2 2 2 2 2 2 2 2 2 2 2 2 2 2 2 2 2 2 2 2 2 2 2 2 2 2
left_child=1 -1 3 4 -2 -6 -4 -5 -8 -10 -11 12 13 -12 15 16 -13 -14 -16 -20 -18 22 23 26 25 -25 -21 -23 29 -29
right_child=2 -3 6 7 5 -7 8 -9 9 10 11 14 17 -15 18 -17 20 -19 19 21 -22 27 -24 24 -26 -27 -28 28 -30 -31
leaf_value=-0.26997402846810287 -30.068199354504785 1.3034934590545555 -26.105855222543081 3.4709497529255722 42.009259055317315 189.34398746490479 5.3089902415127783 -27.355814373493196 8.0872021227945829 149.10651794433593 251.67413276325576 -65.580787614675671 103.33052158355713 45.918580023447674 114.00381139119466 -78.071956699022223 145.93196620941163 -11.813467510653215 65.926177454836235 -9.0419805353338063 13.150401616096497 -74.247873350143436 1.9946670957712027 80.331284962529722 0.67243723869323735 263.12306489944461 86.946211401154017 191.20567374596229 6.7313314587940205 22.726236515045169
leaf_weight=980126 63 116393 96 10143 69 28 2444 128 2595 25 22 39 25 21 27 56 22 71 85 66 22 25 130 23 22 24 34 26 1066 225
leaf_count=980126 63 116393 96 10143 69 28 2444 128 2595 25 22 39 25 21 27 56 22 71 85 66 22 25 130 23 22 24 34 26 1066 225
internal_value=2.45911e-11 -0.102954 6.40626 3.64397 39.4123 84.5389 10.4131 3.08678 10.9073 13.849 21.1213 19.5459 59.3211 151.189 16.6238 -24.6753 11.3513 18.1719 19.8985 18.4264 79.5412 15.966 36.1073 62.3477 118.513 173.672 23.594 11.4785 13.1058 40.1783
internal_weight=1.11414e+06 1.09652e+06 17622 10431 160 97 7191 10271 7095 4651 2056 2031 139 43 1892 139 83 96 1753 1726 44 1641 299 169 69 47 100 1342 1317 251
internal_count=1114141 1096519 17622 10431 160 97 7191 10271 7095 4651 2056 2031 139 43 1892 139 83 96 1753 1726 44 1641 299 169 69 47 100 1342 1317 251
is_linear=0
shrinkage=0.05


end of trees

feature_importances:
Volatility_20=235
Volatility_5=160
Daily_Range=150
Close=148
Volatility_10=142
Volume=127
SMA_Close_20=127
Daily_Return=96
Volume_Lag_3=92
Volume_Lag_5=89
Volume_Lag_2=86
Volume_Ratio_20=83
Volume_Lag_1=78
DayOfYear=75
Day=66
Volume_Lag_10=56
EMA_Close_5=56
Low=47
WeekOfYear=46
Open_Lag_10=42
High=36
Open_Lag_5=34
Month=30
Open_Lag_3=19
Open_Close_Diff=19
Open_Lag_1=17
SMA_Close_5=14
Open=13
DayOfWeek=8
High_Lag_5=6
Open_Lag_2=5
Low_Lag_1=3
Close_Lag_1=2
Close_Lag_2=2
EMA_Close_10=2
EMA_Close_20=2
High_Lag_1=1
High_Lag_3=1
High_Lag_10=1
Low_Lag_2=1
Low_Lag_3=1
Low_Lag_5=1
Low_Lag_10=1

parameters:
[boosting: gbdt]
[objective: regression]
[metric: rmse,l2]
[tree_learner: serial]
[device_type: cpu]
[data_sample_strategy: bagging]
[data: ]
[valid: ]
[num_iterations: 2000]
[learning_rate: 0.05]
[num_leaves: 31]
[num_threads: 1]
[seed: 42]
[deterministic: 0]
[force_col_wise: 0]
[force_row_wise: 0]
[histogram_pool_size: -1]
[max_depth: -1]
[min_data_in_leaf: 20]
[min_sum_hessian_in_leaf: 0.001]
[bagging_fraction: 1]
[pos_bagging_fraction: 1]
[neg_bagging_fraction: 1]
[bagging_freq: 0]
[bagging_seed: 400]
[bagging_by_query: 0]
[feature_fraction: 1]
[feature_fraction_bynode: 1]
[feature_fraction_seed: 30056]
[extra_trees: 0]
[extra_seed: 12879]
[early_stopping_round: 0]
[early_stopping_min_delta: 0]
[first_metric_only: 0]
[max_delta_step: 0]
[lambda_l1: 0]
[lambda_l2: 0]
[linear_lambda: 0]
[min_gain_to_split: 0]
[drop_rate: 0.1]
[max_drop: 50]
[skip_drop: 0.5]
[xgboost_dart_mode: 0]
[uniform_drop: 0]
[drop_seed: 17869]
[top_rate: 0.2]
[other_rate: 0.1]
[min_data_per_group: 100]
[max_cat_threshold: 32]
[cat_l2: 10]
[cat_smooth: 10]
[max_cat_to_onehot: 4]
[top_k: 20]
[monotone_constraints: ]
[monotone_constraints_method: basic]
[monotone_penalty: 0]
[feature_contri: ]
[forcedsplits_filename: ]
[refit_decay_rate: 0.9]
[cegb_tradeoff: 1]
[cegb_penalty_split: 0]
[cegb_penalty_feature_lazy: ]
[cegb_penalty_feature_coupled: ]
[path_smooth: 0]
[interaction_constraints: ]
[verbosity: 1]
[saved_feature_importance_type: 0]
[use_quantized_grad: 0]
[num_grad_quant_bins: 4]
[quant_train_renew_leaf: 0]
[stochastic_rounding: 1]
[linear_tree: 0]
[max_bin: 255]
[max_bin_by_feature: ]
[min_data_in_bin: 3]
[bin_construct_sample_cnt: 200000]
[data_random_seed: 175]
[is_enable_sparse: 1]
[enable_bundle: 1]
[use_missing: 1]
[zero_as_missing: 0]
[feature_pre_filter: 1]
[pre_partition: 0]
[two_round: 0]
[header: 0]
[label_column: ]
[weight_column: ]
[group_column: ]
[ignore_column: ]
[categorical_feature: ]
[forcedbins_filename: ]
[precise_float_parser: 0]
[parser_config_file: ]
[objective_seed: 16083]
[num_class: 1]
[is_unbalance: 0]
[scale_pos_weight: 1]
[sigmoid: 1]
[boost_from_average: 1]
[reg_sqrt: 0]
[alpha: 0.9]
[fair_c: 1]
[poisson_max_delta_step: 0.7]
[tweedie_variance_power: 1.5]
[lambdarank_truncation_level: 30]
[lambdarank_norm: 1]
[label_gain: ]
[lambdarank_position_bias_regularization: 0]
[eval_at: ]
[multi_error_top_k: 1]
[auc_mu_weights: ]
[num_machines: 1]
[local_listen_port: 12400]
[time_out: 120]
[machine_list_filename: ]
[machines: ]
[gpu_platform_id: -1]
[gpu_device_id: -1]
[gpu_device_id_list: ]
[gpu_use_dp: 0]
[num_gpu: 1]

end of parameters

pandas_categorical:[]
