Trading_Code,Date,Open,High,Low,Close,Volume
SQURPHARMA,2022-05-16,223.2,223.2,221.0,221.4,427581.0
SQURPHARMA,2022-05-17,222.0,222.8,217.0,220.5,524946.0
SQURPHARMA,2022-05-18,220.1,220.2,216.5,217.5,370915.0
SQURPHARMA,2022-05-19,217.0,217.5,213.5,215.1,394271.0
SQURPHARMA,2022-05-22,215.1,215.9,212.3,213.8,253293.0
SQURPHARMA,2022-05-23,216.7,216.7,212.0,212.4,721556.0
SQURPHARMA,2022-05-24,211.6,211.9,209.3,211.1,556294.0
SQURPHARMA,2022-05-25,211.1,212.8,210.0,211.5,589058.0
SQURPHARMA,2022-05-26,210.5,212.0,209.8,211.7,413262.0
SQURPHARMA,2022-05-29,214.0,217.1,213.2,216.5,375768.0
SQURPHARMA,2022-05-30,216.4,216.9,215.0,215.8,359551.0
SQURPHARMA,2022-05-31,217.8,218.3,215.1,216.1,598231.0
SQURPHARMA,2022-06-01,216.0,216.2,215.0,215.8,255608.0
SQURPHARMA,2022-06-02,228.0,232.8,226.7,232.2,1090401.0
SQURPHARMA,2022-06-03,218.1,218.1,216.7,216.9,155060.0
SQURPHARMA,2022-06-04,219.4,220.9,217.9,218.4,112545.0
SQURPHARMA,2022-06-06,221.2,221.2,217.6,218.3,180578.0
SQURPHARMA,2022-06-07,215.4,215.8,214.6,215.1,155903.0
SQURPHARMA,2022-06-13,216.5,216.5,214.5,215.4,128327.0
SQURPHARMA,2022-06-14,216.0,216.5,213.6,214.2,273331.0
SQURPHARMA,2022-06-15,215.9,215.9,212.6,213.3,517282.0
SQURPHARMA,2022-06-16,213.6,216.6,213.6,215.7,467839.0
SQURPHARMA,2022-06-19,216.4,216.4,214.6,214.9,139569.0
SQURPHARMA,2022-06-20,215.5,215.8,214.0,214.7,297767.0
SQURPHARMA,2022-06-21,214.3,216.2,213.9,215.3,245932.0
SQURPHARMA,2022-06-22,216.0,216.1,214.5,215.0,682028.0
SQURPHARMA,2022-06-23,215.8,215.8,214.6,215.0,215981.0
SQURPHARMA,2022-06-26,215.5,216.0,214.7,215.8,336352.0
SQURPHARMA,2022-06-27,215.0,215.9,214.6,215.8,407444.0
SQURPHARMA,2022-06-28,216.0,217.5,215.9,217.2,430790.0
SQURPHARMA,2022-06-29,217.0,218.2,216.6,218.0,354071.0
SQURPHARMA,2022-06-30,216.8,218.6,214.7,216.7,1146540.0
SQURPHARMA,2022-07-02,233.9,235.6,230.5,231.1,948436.0
SQURPHARMA,2022-07-03,217.1,217.1,212.0,212.3,498199.0
SQURPHARMA,2022-07-04,218.1,223.0,217.5,221.4,343780.0
SQURPHARMA,2022-07-06,218.8,219.5,218.0,218.6,148956.0
SQURPHARMA,2022-07-07,215.0,215.7,214.6,215.1,182696.0
SQURPHARMA,2022-07-13,215.0,215.8,214.7,214.9,143787.0
SQURPHARMA,2022-07-14,214.7,215.0,213.5,214.7,134963.0
SQURPHARMA,2022-07-17,214.5,215.3,214.3,215.1,152154.0
SQURPHARMA,2022-07-18,214.9,215.1,213.0,213.2,286549.0
SQURPHARMA,2022-07-19,212.3,213.5,209.0,212.8,323595.0
SQURPHARMA,2022-07-20,211.0,214.4,210.2,212.9,270550.0
SQURPHARMA,2022-07-21,214.9,214.9,211.7,212.2,316008.0
SQURPHARMA,2022-07-24,212.3,212.3,209.8,210.1,205817.0
SQURPHARMA,2022-07-25,209.1,210.7,209.0,210.0,378221.0
SQURPHARMA,2022-07-26,212.0,212.0,210.0,210.5,398887.0
SQURPHARMA,2022-07-27,212.9,212.9,209.2,209.9,249234.0
SQURPHARMA,2022-07-28,209.9,209.9,207.5,208.9,509233.0
SQURPHARMA,2022-07-31,212.0,212.0,209.9,211.5,115935.0
SQURPHARMA,2022-08-01,211.6,211.7,209.8,210.7,370624.0
SQURPHARMA,2022-08-02,211.5,212.9,210.0,212.1,326651.0
SQURPHARMA,2022-08-03,213.0,215.9,212.8,213.4,351735.0
SQURPHARMA,2022-08-04,213.6,216.8,213.0,216.1,590946.0
SQURPHARMA,2022-08-05,225.0,225.0,222.4,223.2,164873.0
SQURPHARMA,2022-08-06,221.3,221.3,217.7,217.9,104815.0
SQURPHARMA,2022-08-07,214.0,216.2,214.0,215.1,277421.0
SQURPHARMA,2022-08-08,215.0,215.0,212.5,213.5,178656.0
SQURPHARMA,2022-08-10,215.0,215.0,211.3,213.1,129413.0
SQURPHARMA,2022-08-11,213.9,214.0,211.0,211.6,74760.0
SQURPHARMA,2022-08-14,212.7,213.7,212.3,213.1,103056.0
SQURPHARMA,2022-08-16,213.0,213.3,212.5,212.8,153858.0
SQURPHARMA,2022-08-17,213.0,213.3,212.2,212.6,352016.0
SQURPHARMA,2022-08-21,213.1,213.1,212.0,213.0,242244.0
SQURPHARMA,2022-08-22,213.3,213.3,212.4,212.6,446686.0
SQURPHARMA,2022-08-23,212.1,215.0,211.7,212.0,749896.0
SQURPHARMA,2022-08-24,212.9,213.0,211.6,211.8,240871.0
SQURPHARMA,2022-08-25,211.8,212.5,210.8,212.0,451233.0
SQURPHARMA,2022-08-28,212.0,213.4,212.0,213.2,475759.0
SQURPHARMA,2022-08-29,214.0,214.0,211.5,212.1,764638.0
SQURPHARMA,2022-08-30,213.0,213.0,211.5,211.9,679855.0
SQURPHARMA,2022-08-31,212.0,213.0,209.9,211.1,892159.0
SQURPHARMA,2022-09-01,213.0,213.0,211.4,211.8,1022201.0
SQURPHARMA,2022-09-02,230.9,231.5,227.2,228.2,401900.0
SQURPHARMA,2022-09-03,215.8,216.4,211.9,214.0,379684.0
SQURPHARMA,2022-09-04,211.8,213.5,211.5,212.6,276442.0
SQURPHARMA,2022-09-05,212.9,213.0,212.2,212.4,312771.0
SQURPHARMA,2022-09-06,212.1,212.6,211.7,212.4,208231.0
SQURPHARMA,2022-09-07,213.0,215.9,210.2,211.9,1377508.0
SQURPHARMA,2022-09-08,213.7,213.7,211.8,212.1,392735.0
SQURPHARMA,2022-09-11,212.8,213.9,211.7,212.7,549551.0
SQURPHARMA,2022-09-12,213.0,213.8,211.8,212.0,496608.0
SQURPHARMA,2022-09-13,212.6,213.0,209.8,210.4,897961.0
SQURPHARMA,2022-09-14,210.5,211.8,209.8,210.4,290143.0
SQURPHARMA,2022-09-15,210.0,211.6,209.8,210.0,309122.0
SQURPHARMA,2022-09-18,210.0,210.0,209.8,209.8,759615.0
SQURPHARMA,2022-09-19,209.8,210.0,209.8,209.8,321353.0
SQURPHARMA,2022-09-20,209.8,211.9,209.8,209.9,953648.0
SQURPHARMA,2022-09-21,209.8,210.0,209.8,209.8,264461.0
SQURPHARMA,2022-09-22,209.8,209.9,209.8,209.8,170853.0
SQURPHARMA,2022-09-25,209.8,209.8,209.8,209.8,124043.0
SQURPHARMA,2022-09-26,209.8,209.8,209.8,209.8,100298.0
SQURPHARMA,2022-09-27,209.8,209.8,209.8,209.8,146375.0
SQURPHARMA,2022-09-28,209.8,209.8,209.8,209.8,127856.0
SQURPHARMA,2022-09-29,209.8,209.8,209.8,209.8,185149.0
SQURPHARMA,2022-10-01,217.1,217.5,215.0,217.2,391627.0
SQURPHARMA,2022-10-02,209.8,209.8,209.8,209.8,346455.0
SQURPHARMA,2022-10-03,209.8,209.8,209.8,209.8,101768.0
SQURPHARMA,2022-10-04,209.8,209.8,209.8,209.8,190911.0
SQURPHARMA,2022-10-05,224.1,225.2,223.7,224.1,275927.0
SQURPHARMA,2022-10-06,209.8,209.8,209.8,209.8,26788.0
SQURPHARMA,2022-10-10,209.8,210.0,209.8,209.8,515651.0
SQURPHARMA,2022-10-11,209.8,209.8,209.8,209.8,72262.0
SQURPHARMA,2022-10-12,209.8,209.8,209.8,209.8,52364.0
SQURPHARMA,2022-10-13,209.8,209.8,209.8,209.8,52851.0
SQURPHARMA,2022-10-16,209.8,209.8,209.8,209.8,95147.0
SQURPHARMA,2022-10-17,209.8,209.8,209.8,209.8,30185.0
SQURPHARMA,2022-10-18,209.8,209.8,209.8,209.8,42111.0
SQURPHARMA,2022-10-19,209.8,209.8,209.8,209.8,21740.0
SQURPHARMA,2022-10-20,209.8,209.8,209.8,209.8,58869.0
SQURPHARMA,2022-10-23,209.8,212.9,209.8,209.8,1383735.0
SQURPHARMA,2022-10-24,209.8,209.8,209.8,209.8,127478.0
SQURPHARMA,2022-10-25,209.8,209.8,209.8,209.8,84800.0
SQURPHARMA,2022-10-26,209.8,209.8,209.8,209.8,175800.0
SQURPHARMA,2022-10-27,209.8,209.8,209.8,209.8,110377.0
SQURPHARMA,2022-10-30,209.8,209.8,209.8,209.8,347767.0
SQURPHARMA,2022-10-31,209.8,209.8,209.8,209.8,207541.0
SQURPHARMA,2022-11-01,209.8,209.8,209.8,209.8,140370.0
SQURPHARMA,2022-11-02,209.8,213.8,209.8,210.8,694780.0
SQURPHARMA,2022-11-03,210.7,212.0,210.4,211.5,270514.0
SQURPHARMA,2022-11-04,224.0,224.5,223.4,223.8,275088.0
SQURPHARMA,2022-11-05,224.0,224.2,221.6,222.1,268635.0
SQURPHARMA,2022-11-06,212.6,212.6,209.8,209.8,735936.0
SQURPHARMA,2022-11-07,209.8,210.0,209.8,209.8,427195.0
SQURPHARMA,2022-11-08,209.8,211.0,209.8,210.2,693779.0
SQURPHARMA,2022-11-09,209.8,210.0,209.8,209.8,543867.0
SQURPHARMA,2022-11-10,209.8,210.1,209.8,209.9,462095.0
SQURPHARMA,2022-11-13,209.8,209.8,209.8,209.8,117192.0
SQURPHARMA,2022-11-14,209.8,210.9,209.8,210.1,785323.0
SQURPHARMA,2022-11-15,210.0,213.5,209.9,211.0,588220.0
SQURPHARMA,2022-11-16,210.0,210.2,209.8,210.0,383068.0
SQURPHARMA,2022-11-17,210.0,211.0,209.9,210.8,423390.0
SQURPHARMA,2022-11-20,210.8,211.0,209.8,209.9,302949.0
SQURPHARMA,2022-11-21,209.9,210.0,209.8,209.8,684823.0
SQURPHARMA,2022-11-22,209.8,210.9,209.8,210.2,301341.0
SQURPHARMA,2022-11-23,210.0,211.4,210.0,211.0,483475.0
SQURPHARMA,2022-11-24,211.0,211.1,209.8,210.3,377528.0
SQURPHARMA,2022-11-27,210.0,213.2,209.9,212.6,848364.0
SQURPHARMA,2022-11-29,209.8,209.8,209.8,209.8,11516.0
SQURPHARMA,2022-11-30,209.8,209.8,209.8,209.8,29176.0
SQURPHARMA,2022-12-01,223.5,223.5,220.0,221.1,267701.0
SQURPHARMA,2022-12-04,209.8,209.8,209.8,209.8,36187.0
SQURPHARMA,2022-12-05,209.8,209.8,209.8,209.8,13253.0
SQURPHARMA,2022-12-06,209.8,209.8,209.8,209.8,3980.0
SQURPHARMA,2022-12-07,215.0,216.0,214.8,215.4,120553.0
SQURPHARMA,2022-12-08,209.8,209.8,209.8,209.8,9722.0
SQURPHARMA,2022-12-11,209.8,209.8,209.8,209.8,8726.0
SQURPHARMA,2022-12-12,209.8,209.8,209.8,209.8,8294.0
SQURPHARMA,2022-12-13,209.8,209.8,209.8,209.8,7660.0
SQURPHARMA,2022-12-14,209.8,209.8,209.8,209.8,6479.0
SQURPHARMA,2022-12-15,209.8,209.8,209.8,209.8,6520.0
SQURPHARMA,2022-12-18,209.8,209.8,209.8,209.8,5656.0
SQURPHARMA,2022-12-19,209.8,209.8,209.8,209.8,6709.0
SQURPHARMA,2022-12-20,209.8,209.8,209.8,209.8,6116.0
SQURPHARMA,2022-12-21,209.8,209.8,209.8,209.8,5181.0
SQURPHARMA,2022-12-22,209.8,209.8,209.8,209.8,10376.0
SQURPHARMA,2022-12-26,209.8,209.8,209.8,209.8,10386.0
SQURPHARMA,2022-12-27,209.8,209.8,209.8,209.8,4765.0
SQURPHARMA,2022-12-28,209.8,209.8,209.8,209.8,5533.0
SQURPHARMA,2022-12-29,209.8,209.8,209.8,209.8,9523.0
SQURPHARMA,2023-01-01,209.8,209.8,209.8,209.8,6372.0
SQURPHARMA,2023-01-02,209.8,209.8,209.8,209.8,45634.0
SQURPHARMA,2023-01-03,209.8,209.8,209.8,209.8,37787.0
SQURPHARMA,2023-01-04,209.8,209.8,209.8,209.8,58725.0
SQURPHARMA,2023-01-05,209.8,209.8,209.8,209.8,3334.0
SQURPHARMA,2023-01-08,209.8,209.8,209.8,209.8,3807.0
SQURPHARMA,2023-01-09,209.8,209.8,209.8,209.8,2758.0
SQURPHARMA,2023-01-10,209.8,209.8,209.8,209.8,6456.0
SQURPHARMA,2023-01-12,209.8,209.8,209.8,209.8,4631.0
SQURPHARMA,2023-01-15,209.8,209.8,209.8,209.8,12777.0
SQURPHARMA,2023-01-16,209.8,209.8,209.8,209.8,17315.0
SQURPHARMA,2023-01-17,209.8,209.8,209.8,209.8,16435.0
SQURPHARMA,2023-01-18,209.8,209.8,209.8,209.8,18757.0
SQURPHARMA,2023-01-19,209.8,209.8,209.8,209.8,6601.0
SQURPHARMA,2023-01-22,209.8,209.8,209.8,209.8,4356.0
SQURPHARMA,2023-01-23,209.8,209.8,209.8,209.8,5924.0
SQURPHARMA,2023-01-24,209.8,209.8,209.8,209.8,17665.0
SQURPHARMA,2023-01-25,209.8,209.8,209.8,209.8,9909.0
SQURPHARMA,2023-01-26,209.8,209.8,209.8,209.8,20806.0
SQURPHARMA,2023-01-29,209.8,209.8,209.8,209.8,8550.0
SQURPHARMA,2023-01-30,209.8,209.8,209.8,209.8,16562.0
SQURPHARMA,2023-01-31,209.8,209.8,209.8,209.8,9964.0
SQURPHARMA,2023-02-01,209.8,209.8,209.8,209.8,18023.0
SQURPHARMA,2023-02-02,209.8,209.8,209.8,209.8,31926.0
SQURPHARMA,2023-02-05,209.8,209.8,209.8,209.8,39269.0
SQURPHARMA,2023-02-06,209.8,209.8,209.8,209.8,11594.0
SQURPHARMA,2023-02-07,209.8,209.8,209.8,209.8,14213.0
SQURPHARMA,2023-02-08,209.8,209.8,209.8,209.8,25637.0
SQURPHARMA,2023-02-09,209.8,209.8,209.8,209.8,20717.0
SQURPHARMA,2023-02-12,209.8,209.8,209.8,209.8,17266.0
SQURPHARMA,2023-02-13,209.8,209.8,209.8,209.8,5038.0
SQURPHARMA,2023-02-14,209.8,209.8,209.8,209.8,5438.0
SQURPHARMA,2023-02-15,209.8,209.8,209.8,209.8,5204.0
SQURPHARMA,2023-02-16,209.8,209.8,209.8,209.8,3626.0
SQURPHARMA,2023-02-19,209.8,209.8,209.8,209.8,2989.0
SQURPHARMA,2023-02-20,209.8,209.8,209.8,209.8,17256.0
SQURPHARMA,2023-02-22,209.8,209.8,209.8,209.8,15386.0
SQURPHARMA,2023-02-23,209.8,209.8,209.8,209.8,5368.0
SQURPHARMA,2023-02-26,209.8,209.8,209.8,209.8,7541.0
SQURPHARMA,2023-02-27,209.8,209.8,209.8,209.8,5842.0
SQURPHARMA,2023-02-28,209.8,209.8,209.8,209.8,5533.0
SQURPHARMA,2023-03-01,209.8,209.8,209.8,209.8,6170.0
SQURPHARMA,2023-03-02,209.8,209.8,209.8,209.8,3630.0
SQURPHARMA,2023-03-05,209.8,209.8,209.8,209.8,8114.0
SQURPHARMA,2023-03-06,209.8,209.8,209.8,209.8,14574.0
SQURPHARMA,2023-03-07,209.8,209.8,209.8,209.8,8712.0
SQURPHARMA,2023-03-09,209.8,209.8,209.8,209.8,5229.0
SQURPHARMA,2023-03-12,209.8,209.8,209.8,209.8,3213.0
SQURPHARMA,2023-03-13,209.8,209.8,209.8,209.8,5966.0
SQURPHARMA,2023-03-14,209.8,209.8,209.8,209.8,4993.0
SQURPHARMA,2023-03-15,209.8,209.8,209.8,209.8,5980.0
SQURPHARMA,2023-03-16,209.8,209.8,209.8,209.8,2062.0
SQURPHARMA,2023-03-19,209.8,209.8,209.8,209.8,2377.0
SQURPHARMA,2023-03-20,209.8,209.8,209.8,209.8,7930.0
SQURPHARMA,2023-03-21,209.8,209.8,209.8,209.8,10436.0
SQURPHARMA,2023-03-22,209.8,209.8,209.8,209.8,7583.0
SQURPHARMA,2023-03-23,209.8,209.8,209.8,209.8,3297.0
SQURPHARMA,2023-03-27,209.8,209.8,209.8,209.8,2891.0
SQURPHARMA,2023-03-28,209.8,209.8,209.8,209.8,2219.0
SQURPHARMA,2023-03-29,209.8,209.8,209.8,209.8,4038.0
SQURPHARMA,2023-03-30,209.8,209.8,209.8,209.8,2944.0
SQURPHARMA,2023-04-02,209.8,209.8,209.8,209.8,9641.0
SQURPHARMA,2023-04-03,209.8,209.8,209.8,209.8,12928.0
SQURPHARMA,2023-04-04,209.8,209.8,209.8,209.8,7271.0
SQURPHARMA,2023-04-05,209.8,209.8,209.8,209.8,5626.0
SQURPHARMA,2023-04-06,209.8,209.8,209.8,209.8,3191.0
SQURPHARMA,2023-04-09,209.8,209.8,209.8,209.8,3635.0
SQURPHARMA,2023-04-10,209.8,209.8,209.8,209.8,4262.0
SQURPHARMA,2023-04-11,209.8,209.8,209.8,209.8,5246.0
SQURPHARMA,2023-04-12,209.8,209.8,209.8,209.8,4483.0
SQURPHARMA,2023-04-13,209.8,209.8,209.8,209.8,2157.0
SQURPHARMA,2023-04-16,209.8,209.8,209.8,209.8,7079.0
SQURPHARMA,2023-04-17,209.8,209.8,209.8,209.8,10936.0
SQURPHARMA,2023-04-18,209.8,209.8,209.8,209.8,110189.0
SQURPHARMA,2023-04-24,209.8,209.8,209.8,209.8,10602.0
SQURPHARMA,2023-04-25,209.8,209.8,209.8,209.8,41975.0
SQURPHARMA,2023-04-26,209.8,209.8,209.8,209.8,13260.0
SQURPHARMA,2023-04-27,209.8,209.8,209.8,209.8,19360.0
SQURPHARMA,2023-04-30,209.8,209.8,209.8,209.8,126081.0
SQURPHARMA,2023-05-02,209.8,209.8,209.8,209.8,13148.0
SQURPHARMA,2023-05-03,209.8,209.8,209.8,209.8,12261.0
SQURPHARMA,2023-05-07,209.8,209.8,209.8,209.8,15412.0
SQURPHARMA,2023-05-08,209.8,209.8,209.8,209.8,10299.0
SQURPHARMA,2023-05-09,209.8,209.8,209.8,209.8,16541.0
SQURPHARMA,2023-05-10,209.8,209.8,209.8,209.8,11097.0
SQURPHARMA,2023-05-11,209.8,209.8,209.8,209.8,12261.0
SQURPHARMA,2023-05-14,209.8,209.8,209.8,209.8,11361.0
SQURPHARMA,2023-05-15,209.8,209.8,209.8,209.8,42329.0
SQURPHARMA,2023-05-16,209.8,209.8,209.8,209.8,7527.0
SQURPHARMA,2023-05-17,209.8,209.8,209.8,209.8,22739.0
SQURPHARMA,2023-05-18,209.8,209.8,209.8,209.8,6950.0
SQURPHARMA,2023-05-21,209.8,209.8,209.8,209.8,27905.0
SQURPHARMA,2023-05-22,209.8,209.8,209.8,209.8,16895.0
SQURPHARMA,2023-05-23,209.8,209.8,209.8,209.8,15716.0
SQURPHARMA,2023-05-24,209.8,209.8,209.8,209.8,9550.0
SQURPHARMA,2023-05-25,209.8,209.8,209.8,209.8,12961.0
SQURPHARMA,2023-05-28,209.8,209.8,209.8,209.8,15754.0
SQURPHARMA,2023-05-29,209.8,209.8,209.8,209.8,13405.0
SQURPHARMA,2023-05-30,209.8,209.8,209.8,209.8,13839.0
SQURPHARMA,2023-05-31,209.8,209.8,209.8,209.8,7508.0
SQURPHARMA,2023-06-01,209.8,209.8,209.8,209.8,12052.0
SQURPHARMA,2023-06-04,209.8,209.8,209.8,209.8,22150.0
SQURPHARMA,2023-06-05,209.8,209.8,209.8,209.8,11892.0
SQURPHARMA,2023-06-06,209.8,209.8,209.8,209.8,10707.0
SQURPHARMA,2023-06-07,209.8,209.8,209.8,209.8,13725.0
SQURPHARMA,2023-06-08,209.8,209.8,209.8,209.8,9557.0
SQURPHARMA,2023-06-11,209.8,209.8,209.8,209.8,10624.0
SQURPHARMA,2023-06-12,209.8,209.8,209.8,209.8,31982.0
SQURPHARMA,2023-06-13,209.8,209.8,209.8,209.8,11002.0
SQURPHARMA,2023-06-14,209.8,209.8,209.8,209.8,21701.0
SQURPHARMA,2023-06-15,209.8,209.8,209.8,209.8,13937.0
SQURPHARMA,2023-06-18,209.8,209.8,209.8,209.8,24044.0
SQURPHARMA,2023-06-19,209.8,209.8,209.8,209.8,16827.0
SQURPHARMA,2023-06-20,209.8,209.8,209.8,209.8,18074.0
SQURPHARMA,2023-06-21,209.8,209.8,209.8,209.8,20669.0
SQURPHARMA,2023-06-22,209.8,209.8,209.8,209.8,60532.0
SQURPHARMA,2023-06-25,209.8,209.8,209.8,209.8,89239.0
SQURPHARMA,2023-06-26,209.8,209.8,209.8,209.8,128758.0
SQURPHARMA,2023-07-02,209.8,209.8,209.8,209.8,10472.0
SQURPHARMA,2023-07-03,209.8,209.8,209.8,209.8,14368.0
SQURPHARMA,2023-07-04,209.8,209.8,209.8,209.8,8783.0
SQURPHARMA,2023-07-05,209.8,209.8,209.8,209.8,13117.0
SQURPHARMA,2023-07-06,209.8,209.8,209.8,209.8,15315.0
SQURPHARMA,2023-07-09,209.8,209.8,209.8,209.8,12234.0
SQURPHARMA,2023-07-10,209.8,209.8,209.8,209.8,48937.0
SQURPHARMA,2023-07-11,209.8,209.8,209.8,209.8,23649.0
SQURPHARMA,2023-07-12,209.8,209.8,209.8,209.8,171571.0
SQURPHARMA,2023-07-13,209.8,211.9,209.8,210.4,1374119.0
SQURPHARMA,2023-07-16,210.4,213.2,209.9,212.1,525049.0
SQURPHARMA,2023-07-17,212.1,214.0,211.0,213.1,569775.0
SQURPHARMA,2023-07-18,213.1,214.1,212.6,213.3,423366.0
SQURPHARMA,2023-07-19,213.3,213.3,211.5,212.6,290393.0
SQURPHARMA,2023-07-20,211.9,212.2,210.8,211.1,441511.0
SQURPHARMA,2023-07-23,212.0,212.0,210.8,211.0,280849.0
SQURPHARMA,2023-07-24,211.0,211.0,209.8,209.9,543811.0
SQURPHARMA,2023-07-25,209.9,210.8,209.8,210.6,330009.0
SQURPHARMA,2023-07-26,210.2,210.6,209.9,210.0,154815.0
SQURPHARMA,2023-07-27,210.0,210.5,209.8,210.0,227607.0
SQURPHARMA,2023-07-30,210.0,210.7,209.8,209.8,174171.0
SQURPHARMA,2023-07-31,209.8,210.0,209.8,209.8,189908.0
SQURPHARMA,2023-08-01,209.8,210.0,209.8,209.8,128893.0
SQURPHARMA,2023-08-02,209.8,210.8,209.8,210.4,195304.0
SQURPHARMA,2023-08-03,210.0,210.0,209.8,209.9,102738.0
SQURPHARMA,2023-08-06,209.8,209.8,209.8,209.8,72189.0
SQURPHARMA,2023-08-07,209.8,210.2,209.8,210.0,412853.0
SQURPHARMA,2023-08-08,209.9,211.5,209.9,211.0,235931.0
SQURPHARMA,2023-08-09,210.0,211.8,210.0,211.6,451717.0
SQURPHARMA,2023-08-10,211.5,211.9,211.0,211.6,135701.0
SQURPHARMA,2023-08-13,211.6,211.6,210.2,210.5,122002.0
SQURPHARMA,2023-08-14,210.5,210.5,209.8,210.3,497923.0
SQURPHARMA,2023-08-16,210.0,210.5,209.8,209.8,1142732.0
SQURPHARMA,2023-08-17,209.8,210.4,209.8,210.0,167664.0
SQURPHARMA,2023-08-20,209.8,211.0,209.8,210.0,78569.0
SQURPHARMA,2023-08-21,210.0,210.0,209.8,209.9,157858.0
SQURPHARMA,2023-08-22,209.9,210.0,209.8,210.0,160863.0
SQURPHARMA,2023-08-23,210.0,211.0,209.8,210.6,148287.0
SQURPHARMA,2023-08-24,209.8,211.7,209.8,211.2,169605.0
SQURPHARMA,2023-08-27,211.2,212.2,210.1,211.2,226091.0
SQURPHARMA,2023-08-28,211.5,212.2,210.4,211.5,320268.0
SQURPHARMA,2023-08-29,210.5,211.6,210.5,211.3,109938.0
SQURPHARMA,2023-08-30,211.3,211.3,210.7,211.0,64003.0
SQURPHARMA,2023-08-31,211.0,211.6,210.3,211.1,121146.0
SQURPHARMA,2023-09-03,210.6,211.7,210.6,211.1,95757.0
SQURPHARMA,2023-09-04,211.5,211.5,210.5,210.7,161048.0
SQURPHARMA,2023-09-05,210.5,211.1,210.5,211.0,154827.0
SQURPHARMA,2023-09-07,211.0,211.1,210.6,210.7,167502.0
SQURPHARMA,2023-09-10,210.7,211.2,210.5,210.5,96846.0
SQURPHARMA,2023-09-11,210.3,210.9,209.9,210.1,293771.0
SQURPHARMA,2023-09-12,209.9,210.6,209.8,210.0,444295.0
SQURPHARMA,2023-09-13,210.0,211.3,209.8,210.2,467282.0
SQURPHARMA,2023-09-14,210.3,210.3,209.8,209.8,471157.0
SQURPHARMA,2023-09-17,209.9,210.8,209.8,210.5,174531.0
SQURPHARMA,2023-09-18,210.2,210.5,209.9,210.1,120932.0
SQURPHARMA,2023-09-19,209.8,210.2,209.8,210.0,154093.0
SQURPHARMA,2023-09-20,210.7,210.7,209.9,210.0,111395.0
SQURPHARMA,2023-09-21,210.0,210.2,209.8,210.0,820238.0
SQURPHARMA,2023-09-24,210.0,210.3,209.8,209.9,305118.0
SQURPHARMA,2023-09-25,209.9,210.0,209.8,209.9,291844.0
SQURPHARMA,2023-09-26,209.9,210.0,209.8,209.8,135986.0
SQURPHARMA,2023-09-27,209.8,210.1,209.8,209.8,95354.0
SQURPHARMA,2023-10-01,209.8,209.9,209.8,209.8,271294.0
SQURPHARMA,2023-10-02,209.8,209.8,209.8,209.8,61510.0
SQURPHARMA,2023-10-03,209.8,209.9,209.8,209.8,134045.0
SQURPHARMA,2023-10-04,209.8,210.0,209.8,209.8,149148.0
SQURPHARMA,2023-10-05,209.8,210.1,209.8,210.0,204858.0
SQURPHARMA,2023-10-08,210.0,210.0,209.8,209.8,116806.0
SQURPHARMA,2023-10-09,209.8,210.0,209.8,209.9,622728.0
SQURPHARMA,2023-10-10,209.8,210.1,209.8,210.0,301655.0
SQURPHARMA,2023-10-11,209.8,210.1,209.8,209.8,69486.0
SQURPHARMA,2023-10-12,210.0,210.2,209.8,210.0,122839.0
SQURPHARMA,2023-10-15,210.0,210.3,209.8,209.9,107060.0
SQURPHARMA,2023-10-16,210.0,210.1,209.9,210.0,702884.0
SQURPHARMA,2023-10-17,210.0,210.1,209.9,210.0,74413.0
SQURPHARMA,2023-10-18,210.0,210.6,209.9,210.3,602245.0
SQURPHARMA,2023-10-19,210.3,212.3,210.3,212.0,498248.0
SQURPHARMA,2023-10-22,212.0,212.0,209.8,209.9,134679.0
SQURPHARMA,2023-10-23,211.0,213.0,209.8,210.3,269914.0
SQURPHARMA,2023-10-25,211.2,211.2,209.8,210.3,1763952.0
SQURPHARMA,2023-10-26,210.3,211.5,210.3,210.9,231866.0
SQURPHARMA,2023-10-29,211.0,211.1,210.4,211.0,174607.0
SQURPHARMA,2023-10-30,211.1,211.5,210.9,211.2,231088.0
SQURPHARMA,2023-10-31,211.1,211.5,210.9,211.1,233090.0
SQURPHARMA,2023-11-01,210.9,211.4,210.9,211.1,148880.0
SQURPHARMA,2023-11-02,211.2,211.6,211.1,211.2,130241.0
SQURPHARMA,2023-11-05,211.3,211.9,209.8,211.1,472414.0
SQURPHARMA,2023-11-06,211.0,211.1,210.8,210.9,201331.0
SQURPHARMA,2023-11-07,210.9,211.1,210.3,210.3,425889.0
SQURPHARMA,2023-11-08,210.5,210.5,210.2,210.3,208272.0
SQURPHARMA,2023-11-09,210.3,210.5,209.9,210.0,389164.0
SQURPHARMA,2023-11-12,210.1,210.6,209.9,210.2,322434.0
SQURPHARMA,2023-11-13,210.2,210.3,209.8,209.9,504774.0
SQURPHARMA,2023-11-14,209.9,211.0,209.9,210.8,182442.0
SQURPHARMA,2023-11-15,212.1,212.3,210.8,211.9,376525.0
SQURPHARMA,2023-11-19,209.8,209.8,209.8,209.8,8877.0
SQURPHARMA,2023-11-20,209.8,209.8,209.8,209.8,5993.0
SQURPHARMA,2023-11-21,209.8,209.8,209.8,209.8,10078.0
SQURPHARMA,2023-11-22,209.8,209.8,209.8,209.8,3982.0
SQURPHARMA,2023-11-23,209.8,209.8,209.8,209.8,3177.0
SQURPHARMA,2023-11-26,209.8,209.8,209.8,209.8,1486.0
SQURPHARMA,2023-11-27,209.8,209.8,209.8,209.8,4466.0
SQURPHARMA,2023-11-28,209.8,209.8,209.8,209.8,2386.0
SQURPHARMA,2023-11-29,209.8,209.8,209.8,209.8,19595.0
SQURPHARMA,2023-11-30,209.8,209.8,209.8,209.8,1916.0
SQURPHARMA,2023-12-03,209.8,209.8,209.8,209.8,5291.0
SQURPHARMA,2023-12-04,209.8,209.8,209.8,209.8,76702.0
SQURPHARMA,2023-12-05,209.8,209.8,209.8,209.8,122114.0
SQURPHARMA,2023-12-06,209.8,209.8,209.8,209.8,125335.0
SQURPHARMA,2023-12-07,209.8,209.8,209.8,209.8,222818.0
SQURPHARMA,2023-12-10,209.8,209.8,209.8,209.8,128967.0
SQURPHARMA,2023-12-11,209.8,209.8,209.8,209.8,61421.0
SQURPHARMA,2023-12-12,209.8,209.8,209.8,209.8,66142.0
SQURPHARMA,2023-12-13,209.8,209.8,209.8,209.8,68118.0
SQURPHARMA,2023-12-14,209.8,209.8,209.8,209.8,90082.0
SQURPHARMA,2023-12-17,209.8,209.8,209.8,209.8,65470.0
SQURPHARMA,2023-12-18,209.8,209.9,209.8,209.8,466145.0
SQURPHARMA,2023-12-19,209.8,210.0,209.8,209.8,340796.0
SQURPHARMA,2023-12-20,209.8,209.9,209.8,209.8,688965.0
SQURPHARMA,2023-12-21,209.8,210.2,209.8,209.8,280556.0
SQURPHARMA,2023-12-24,209.8,210.2,209.8,209.8,272534.0
SQURPHARMA,2023-12-26,209.8,210.1,209.8,210.0,300826.0
SQURPHARMA,2023-12-27,210.0,211.4,210.0,210.8,340581.0
SQURPHARMA,2023-12-28,210.8,211.2,209.9,210.3,337634.0
SQURPHARMA,2024-01-01,210.3,210.4,209.8,209.8,129738.0
SQURPHARMA,2024-01-02,209.8,210.5,209.8,209.9,182354.0
SQURPHARMA,2024-01-03,209.9,210.0,209.8,209.8,169580.0
SQURPHARMA,2024-01-04,209.8,211.0,209.8,210.2,221259.0
SQURPHARMA,2024-01-08,209.8,210.3,209.8,210.1,66169.0
SQURPHARMA,2024-01-09,210.5,211.1,210.0,210.6,182548.0
SQURPHARMA,2024-01-10,210.5,211.0,210.0,210.7,220568.0
SQURPHARMA,2024-01-11,212.0,212.0,210.8,211.1,248153.0
SQURPHARMA,2024-01-14,211.1,211.5,210.6,210.9,149955.0
SQURPHARMA,2024-01-15,210.9,211.2,210.4,210.8,203674.0
SQURPHARMA,2024-01-16,210.9,212.0,210.6,211.7,247232.0
SQURPHARMA,2024-01-17,211.7,212.5,211.5,212.2,299618.0
SQURPHARMA,2024-01-18,212.2,212.5,211.3,212.0,912726.0
SQURPHARMA,2024-01-21,212.0,214.0,209.5,213.8,317418.0
SQURPHARMA,2024-01-22,213.9,217.9,213.9,217.2,618198.0
SQURPHARMA,2024-01-23,217.2,222.0,217.0,221.5,899671.0
SQURPHARMA,2024-01-24,221.5,222.7,219.2,221.5,612814.0
SQURPHARMA,2024-01-25,220.5,222.3,218.2,219.5,470108.0
SQURPHARMA,2024-01-28,219.0,219.0,215.0,215.2,382433.0
SQURPHARMA,2024-01-29,215.0,217.5,213.4,216.8,300684.0
SQURPHARMA,2024-01-30,217.0,220.2,215.0,219.5,322182.0
SQURPHARMA,2024-01-31,218.9,218.9,217.5,218.0,369887.0
SQURPHARMA,2024-02-01,219.0,219.0,215.9,218.0,436185.0
SQURPHARMA,2024-02-04,218.0,218.7,216.2,218.1,295652.0
SQURPHARMA,2024-02-05,217.5,220.0,217.5,219.5,369958.0
SQURPHARMA,2024-02-06,219.0,219.4,216.5,217.2,567369.0
SQURPHARMA,2024-02-07,216.6,217.9,216.6,217.2,1076383.0
SQURPHARMA,2024-02-08,219.8,219.8,216.3,217.0,306534.0
SQURPHARMA,2024-02-11,217.2,219.5,217.0,218.2,407171.0
SQURPHARMA,2024-02-12,219.5,220.0,217.4,219.4,488781.0
SQURPHARMA,2024-02-13,219.0,220.5,218.6,220.0,473767.0
SQURPHARMA,2024-02-14,220.0,221.0,219.8,220.2,337070.0
SQURPHARMA,2024-02-15,221.0,221.1,219.8,220.0,213086.0
SQURPHARMA,2024-02-18,220.7,220.7,217.0,217.5,191981.0
SQURPHARMA,2024-02-19,217.9,218.7,217.3,218.0,196352.0
SQURPHARMA,2024-02-20,218.2,219.0,217.8,218.3,195860.0
SQURPHARMA,2024-02-22,218.3,221.0,218.1,220.4,510066.0
SQURPHARMA,2024-02-25,220.4,220.4,218.7,218.8,74726.0
SQURPHARMA,2024-02-27,218.8,219.0,216.6,217.3,234306.0
SQURPHARMA,2024-02-28,217.3,217.7,215.3,216.3,176203.0
SQURPHARMA,2024-02-29,217.0,217.5,215.7,216.8,120601.0
SQURPHARMA,2024-03-03,217.0,218.0,214.4,215.0,392549.0
SQURPHARMA,2024-03-04,213.3,216.0,213.3,214.9,126475.0
SQURPHARMA,2024-03-05,214.5,216.4,214.0,215.0,157709.0
SQURPHARMA,2024-03-06,215.2,216.7,214.6,215.5,339467.0
SQURPHARMA,2024-03-07,216.0,216.0,215.0,215.4,474801.0
SQURPHARMA,2024-03-10,216.0,216.0,213.7,214.2,111679.0
SQURPHARMA,2024-03-11,214.9,215.8,213.2,215.3,176266.0
SQURPHARMA,2024-03-12,215.8,216.3,214.5,215.7,158229.0
SQURPHARMA,2024-03-13,215.6,215.6,214.2,214.5,173412.0
SQURPHARMA,2024-03-14,214.7,218.0,214.1,215.8,212782.0
SQURPHARMA,2024-03-18,216.0,216.0,214.4,215.5,290991.0
SQURPHARMA,2024-03-19,215.5,216.0,214.6,215.7,211628.0
SQURPHARMA,2024-03-20,215.7,216.0,215.2,215.8,207224.0
SQURPHARMA,2024-03-21,216.4,218.1,215.9,217.3,323671.0
SQURPHARMA,2024-03-24,218.5,218.5,217.1,217.6,212385.0
SQURPHARMA,2024-03-25,218.0,218.0,217.2,217.7,309060.0
SQURPHARMA,2024-03-27,218.0,218.0,217.1,217.7,267992.0
SQURPHARMA,2024-03-28,217.2,218.0,217.2,217.6,360272.0
SQURPHARMA,2024-03-31,217.5,218.1,217.5,217.7,261404.0
SQURPHARMA,2024-04-01,217.7,218.1,217.5,218.0,308434.0
SQURPHARMA,2024-04-02,218.8,218.8,217.6,217.9,370897.0
SQURPHARMA,2024-04-03,218.0,218.1,217.7,217.8,564641.0
SQURPHARMA,2024-04-04,217.8,218.2,217.4,217.8,261242.0
SQURPHARMA,2024-04-08,217.8,218.5,217.8,218.2,305164.0
SQURPHARMA,2024-04-09,218.4,218.4,216.8,217.5,347911.0
SQURPHARMA,2024-04-15,217.4,217.4,215.6,216.0,352833.0
SQURPHARMA,2024-04-16,216.0,216.0,214.8,215.1,321031.0
SQURPHARMA,2024-04-17,215.5,215.5,214.5,214.7,233358.0
SQURPHARMA,2024-04-18,214.7,215.0,213.9,214.1,252001.0
SQURPHARMA,2024-04-21,215.5,215.8,212.5,213.0,191860.0
SQURPHARMA,2024-04-22,214.1,214.8,212.4,212.7,169117.0
SQURPHARMA,2024-04-23,213.0,213.1,212.3,212.7,265056.0
SQURPHARMA,2024-04-24,212.9,212.9,210.6,212.1,118407.0
SQURPHARMA,2024-04-25,212.1,212.1,205.8,207.7,137820.0
SQURPHARMA,2024-04-28,208.5,211.4,207.7,210.3,80366.0
SQURPHARMA,2024-04-29,211.9,211.9,207.1,208.0,70850.0
SQURPHARMA,2024-04-30,210.5,211.1,208.5,210.9,64033.0
SQURPHARMA,2024-05-02,211.0,211.9,210.5,210.9,104823.0
SQURPHARMA,2024-05-05,210.9,218.0,210.0,211.5,100371.0
SQURPHARMA,2024-05-06,212.5,212.5,210.7,211.3,408526.0
SQURPHARMA,2024-05-07,213.0,213.8,210.7,213.0,346741.0
SQURPHARMA,2024-05-08,213.0,214.5,211.6,213.0,267382.0
SQURPHARMA,2024-05-09,212.0,213.4,211.6,212.2,110585.0
SQURPHARMA,2024-05-12,214.5,214.5,211.1,212.6,87212.0
SQURPHARMA,2024-05-13,211.8,212.9,211.0,211.2,120796.0
SQURPHARMA,2024-05-14,212.0,212.0,208.9,209.5,170956.0
SQURPHARMA,2024-05-15,209.5,209.5,206.0,207.3,200039.0
SQURPHARMA,2024-05-16,207.3,209.8,207.0,207.8,144721.0
SQURPHARMA,2024-05-19,207.7,208.4,206.3,206.6,215758.0
SQURPHARMA,2024-05-20,206.6,207.0,205.7,206.3,149164.0
SQURPHARMA,2024-05-21,208.0,208.7,205.6,206.0,211608.0
SQURPHARMA,2024-05-23,210.0,210.0,204.9,205.8,176171.0
SQURPHARMA,2024-05-26,205.8,208.4,203.0,205.5,225390.0
SQURPHARMA,2024-05-27,206.0,209.1,204.2,206.2,300138.0
SQURPHARMA,2024-05-28,208.0,208.4,205.8,207.2,217925.0
SQURPHARMA,2024-05-29,207.2,208.5,204.5,205.8,145244.0
SQURPHARMA,2024-05-30,206.0,209.1,205.1,208.5,125340.0
SQURPHARMA,2024-06-02,208.5,208.5,203.4,206.0,199542.0
SQURPHARMA,2024-06-03,207.0,207.0,205.5,206.2,109907.0
SQURPHARMA,2024-06-04,206.1,206.2,205.0,205.6,149303.0
SQURPHARMA,2024-06-05,205.6,206.0,204.7,204.9,117816.0
SQURPHARMA,2024-06-06,204.9,205.4,203.0,203.4,231003.0
SQURPHARMA,2024-06-09,204.9,205.0,201.0,201.1,433497.0
SQURPHARMA,2024-06-10,202.8,202.9,199.0,199.2,331609.0
SQURPHARMA,2024-06-11,199.2,200.0,197.2,197.7,577724.0
SQURPHARMA,2024-06-12,198.0,200.0,198.0,198.9,165927.0
SQURPHARMA,2024-06-13,199.0,203.0,199.0,200.0,151174.0
SQURPHARMA,2024-06-19,203.0,204.8,200.5,204.7,172262.0
SQURPHARMA,2024-06-20,204.6,208.2,204.6,206.5,331981.0
SQURPHARMA,2024-06-23,208.3,208.3,204.0,206.3,454450.0
SQURPHARMA,2024-06-24,208.0,208.0,204.0,205.7,328487.0
SQURPHARMA,2024-06-25,206.3,208.8,206.3,208.6,347932.0
SQURPHARMA,2024-06-26,208.7,211.9,208.2,209.4,649016.0
SQURPHARMA,2024-06-27,210.0,212.9,209.4,212.6,874310.0
SQURPHARMA,2024-06-30,212.6,212.8,210.0,210.9,375462.0
SQURPHARMA,2024-07-02,209.0,209.9,206.6,208.7,473780.0
SQURPHARMA,2024-07-03,209.0,210.1,208.1,209.6,155584.0
SQURPHARMA,2024-07-04,210.9,212.2,209.5,211.8,253493.0
SQURPHARMA,2024-07-07,210.0,212.2,210.0,211.6,181934.0
SQURPHARMA,2024-07-08,211.6,213.6,211.0,213.1,333567.0
SQURPHARMA,2024-07-09,213.1,216.0,211.5,214.2,401966.0
SQURPHARMA,2024-07-10,216.0,216.0,214.0,214.5,207514.0
SQURPHARMA,2024-07-11,215.5,215.5,213.7,214.5,287326.0
SQURPHARMA,2024-07-14,210.2,215.0,210.0,213.3,132164.0
SQURPHARMA,2024-07-15,213.5,214.0,211.5,213.6,156185.0
SQURPHARMA,2024-07-16,213.3,215.8,212.2,214.7,275898.0
SQURPHARMA,2024-07-18,213.0,215.3,213.0,215.0,223060.0
SQURPHARMA,2024-07-24,211.3,213.0,210.2,211.5,136036.0
SQURPHARMA,2024-07-25,209.5,213.1,209.5,212.7,1657638.0
SQURPHARMA,2024-07-28,212.0,213.0,211.0,212.2,103239.0
SQURPHARMA,2024-07-29,214.4,214.4,210.5,214.2,624802.0
SQURPHARMA,2024-07-30,212.1,213.8,212.1,212.9,349612.0
SQURPHARMA,2024-07-31,212.9,216.0,212.1,213.0,687773.0
SQURPHARMA,2024-08-01,212.3,214.9,212.3,214.2,657549.0
SQURPHARMA,2024-08-04,212.0,214.5,208.1,213.9,308871.0
SQURPHARMA,2024-08-06,216.0,226.0,214.0,218.9,969205.0
SQURPHARMA,2024-08-07,220.0,232.0,220.0,230.0,1691595.0
SQURPHARMA,2024-08-08,232.0,236.9,227.5,236.4,2035066.0
SQURPHARMA,2024-08-11,238.0,244.8,229.4,233.0,2013992.0
SQURPHARMA,2024-08-12,235.8,235.8,229.0,230.0,1161793.0
SQURPHARMA,2024-08-13,230.0,230.3,226.0,227.2,1425063.0
SQURPHARMA,2024-08-14,232.0,236.5,227.0,234.4,1326058.0
SQURPHARMA,2024-08-15,236.0,237.0,231.9,234.9,1129476.0
SQURPHARMA,2024-08-18,234.0,234.0,227.9,228.6,801936.0
SQURPHARMA,2024-08-19,227.2,234.0,227.2,230.4,752609.0
SQURPHARMA,2024-08-20,230.1,232.2,229.5,230.0,531646.0
SQURPHARMA,2024-08-21,230.0,230.0,224.6,227.3,3283717.0
SQURPHARMA,2024-08-22,220.5,232.5,220.5,230.3,682208.0
SQURPHARMA,2024-08-25,242.0,249.8,233.6,234.6,1297718.0
SQURPHARMA,2024-08-27,234.0,234.0,230.2,233.7,489715.0
SQURPHARMA,2024-08-28,232.3,236.0,232.3,234.5,949410.0
SQURPHARMA,2024-08-29,235.0,236.0,232.8,233.5,901195.0
SQURPHARMA,2024-09-01,234.0,235.0,230.0,230.5,622910.0
SQURPHARMA,2024-09-02,230.5,232.4,229.7,230.3,569419.0
SQURPHARMA,2024-09-03,230.3,231.9,229.0,230.8,423695.0
SQURPHARMA,2024-09-04,230.8,232.0,230.8,231.5,364621.0
SQURPHARMA,2024-09-05,232.0,232.0,230.2,230.5,286850.0
SQURPHARMA,2024-09-08,230.9,231.4,228.3,229.1,312941.0
SQURPHARMA,2024-09-09,229.9,232.5,228.0,229.7,888066.0
SQURPHARMA,2024-09-10,229.5,231.6,229.5,230.9,253335.0
SQURPHARMA,2024-09-11,230.5,231.7,230.4,231.2,244594.0
SQURPHARMA,2024-09-12,230.6,231.5,230.6,230.8,209271.0
SQURPHARMA,2024-09-15,230.0,230.9,229.0,229.5,147209.0
SQURPHARMA,2024-09-17,230.0,230.8,229.5,229.9,333763.0
SQURPHARMA,2024-09-18,230.4,231.4,229.5,229.9,535511.0
SQURPHARMA,2024-09-19,230.0,231.0,229.9,230.5,212948.0
SQURPHARMA,2024-09-22,230.5,232.9,228.0,228.7,292471.0
SQURPHARMA,2024-09-23,228.7,230.4,228.7,229.4,378535.0
SQURPHARMA,2024-09-24,229.5,230.2,229.0,229.3,370549.0
SQURPHARMA,2024-09-25,229.5,230.5,229.3,230.0,675675.0
SQURPHARMA,2024-09-26,228.5,230.1,228.5,229.6,282732.0
SQURPHARMA,2024-09-29,229.6,230.1,228.2,228.8,110262.0
SQURPHARMA,2024-09-30,229.0,229.8,228.4,229.2,339738.0
SQURPHARMA,2024-10-01,229.2,230.1,229.1,229.3,165899.0
SQURPHARMA,2024-10-02,229.3,229.9,228.4,229.3,233932.0
SQURPHARMA,2024-10-03,229.0,230.0,228.7,229.0,214999.0
SQURPHARMA,2024-10-06,229.4,229.4,226.2,226.6,215934.0
SQURPHARMA,2024-10-07,226.0,228.4,226.0,226.9,471191.0
SQURPHARMA,2024-10-08,226.2,226.9,219.7,223.4,724915.0
SQURPHARMA,2024-10-09,222.1,225.8,222.1,225.1,264706.0
SQURPHARMA,2024-10-14,225.0,227.5,225.0,227.0,121707.0
SQURPHARMA,2024-10-15,227.0,227.0,222.8,224.6,270332.0
SQURPHARMA,2024-10-16,224.6,226.0,224.6,225.0,212678.0
SQURPHARMA,2024-10-17,225.0,225.8,222.6,224.1,282370.0
SQURPHARMA,2024-10-20,224.3,226.5,222.5,223.2,460740.0
SQURPHARMA,2024-10-21,223.2,224.3,222.3,223.7,258971.0
SQURPHARMA,2024-10-22,224.4,224.8,223.7,224.2,881900.0
SQURPHARMA,2024-10-23,224.2,225.8,224.2,224.5,159335.0
SQURPHARMA,2024-10-24,225.1,225.1,215.2,217.5,391947.0
SQURPHARMA,2024-10-27,216.1,219.5,212.2,214.1,199709.0
SQURPHARMA,2024-10-28,215.9,215.9,212.1,215.1,183801.0
SQURPHARMA,2024-10-29,215.4,217.2,215.0,216.5,297494.0
SQURPHARMA,2024-10-30,218.9,219.8,216.9,218.0,224783.0
SQURPHARMA,2024-10-31,220.0,220.0,217.5,217.9,130691.0
SQURPHARMA,2024-11-03,219.0,219.0,217.8,218.6,92182.0
SQURPHARMA,2024-11-04,218.0,220.5,216.9,219.7,148058.0
SQURPHARMA,2024-11-05,221.0,223.0,219.8,221.8,1497000.0
SQURPHARMA,2024-11-06,225.0,225.0,220.7,221.3,129371.0
SQURPHARMA,2024-11-07,220.6,222.5,220.1,221.9,153855.0
SQURPHARMA,2024-11-10,221.9,222.0,220.8,221.5,97177.0
SQURPHARMA,2024-11-11,221.1,222.6,220.8,222.4,237719.0
SQURPHARMA,2024-11-12,223.0,224.4,221.2,224.0,1071128.0
SQURPHARMA,2024-11-13,224.5,225.5,222.0,224.4,1075703.0
SQURPHARMA,2024-11-14,225.9,225.9,224.5,224.9,214302.0
SQURPHARMA,2024-11-17,224.9,224.9,222.0,223.4,226650.0
SQURPHARMA,2024-11-18,223.5,224.5,221.0,221.7,476060.0
SQURPHARMA,2024-11-19,222.5,222.5,218.6,221.0,360137.0
SQURPHARMA,2024-11-20,219.1,222.9,219.1,221.8,476742.0
SQURPHARMA,2024-11-24,215.1,215.1,210.7,211.3,343071.0
SQURPHARMA,2024-11-25,212.5,212.5,207.4,208.3,197609.0
SQURPHARMA,2024-11-26,209.0,209.0,207.1,208.0,156037.0
SQURPHARMA,2024-11-27,208.8,209.0,207.4,208.5,233597.0
SQURPHARMA,2024-11-28,209.0,209.9,207.9,208.5,218105.0
SQURPHARMA,2024-12-01,208.7,208.9,207.0,208.2,92052.0
SQURPHARMA,2024-12-02,208.9,209.8,208.0,209.0,112038.0
SQURPHARMA,2024-12-03,209.2,212.0,209.0,211.2,116477.0
SQURPHARMA,2024-12-04,211.9,217.3,211.9,215.9,398045.0
SQURPHARMA,2024-12-05,216.1,216.1,214.0,214.0,136527.0
SQURPHARMA,2024-12-08,213.8,218.9,210.8,217.9,367484.0
SQURPHARMA,2024-12-09,217.0,218.2,216.3,216.7,162292.0
SQURPHARMA,2024-12-10,216.8,217.3,215.4,215.8,198751.0
SQURPHARMA,2024-12-11,217.0,217.2,214.0,214.7,236225.0
SQURPHARMA,2024-12-12,214.7,215.8,211.0,212.4,172058.0
SQURPHARMA,2024-12-15,215.5,223.7,214.1,222.9,1582819.0
SQURPHARMA,2024-12-17,221.1,225.0,220.1,223.2,701986.0
SQURPHARMA,2024-12-18,224.0,224.0,220.3,222.6,698463.0
SQURPHARMA,2024-12-19,222.9,223.1,220.6,222.8,980139.0
SQURPHARMA,2024-12-22,221.0,222.5,220.7,221.0,236124.0
SQURPHARMA,2024-12-23,221.0,221.0,217.0,218.0,251766.0
SQURPHARMA,2024-12-24,218.0,218.9,217.3,217.9,77306.0
SQURPHARMA,2024-12-26,218.0,218.0,215.8,216.6,184481.0
SQURPHARMA,2024-12-29,216.2,217.8,215.7,216.4,94135.0
SQURPHARMA,2024-12-30,216.6,219.5,216.5,217.7,169090.0
SQURPHARMA,2025-01-01,217.9,218.4,216.7,217.0,125035.0
SQURPHARMA,2025-01-02,217.0,217.0,216.0,216.6,85176.0
SQURPHARMA,2025-01-05,219.0,219.0,215.6,216.2,103692.0
SQURPHARMA,2025-01-06,216.3,216.6,216.0,216.3,359453.0
SQURPHARMA,2025-01-07,216.2,217.3,216.0,217.0,324672.0
SQURPHARMA,2025-01-08,217.5,217.5,216.4,216.8,291636.0
SQURPHARMA,2025-01-09,217.2,217.2,216.0,216.6,195666.0
SQURPHARMA,2025-01-12,216.7,216.7,214.9,215.5,203984.0
SQURPHARMA,2025-01-13,215.0,218.5,214.0,217.7,350051.0
SQURPHARMA,2025-01-14,218.4,218.4,215.3,215.6,180108.0
SQURPHARMA,2025-01-15,215.5,215.5,214.6,214.9,303152.0
SQURPHARMA,2025-01-16,214.9,216.8,214.4,215.3,158214.0
SQURPHARMA,2025-01-19,216.5,216.9,215.0,215.7,125266.0
SQURPHARMA,2025-01-20,215.3,218.2,215.1,217.4,276690.0
SQURPHARMA,2025-01-21,218.0,218.0,216.6,217.5,215011.0
SQURPHARMA,2025-01-22,217.5,218.1,215.9,216.7,414203.0
SQURPHARMA,2025-01-23,216.0,217.8,215.8,217.2,76766.0
SQURPHARMA,2025-01-26,217.0,217.8,214.9,216.2,119468.0
SQURPHARMA,2025-01-27,216.0,217.1,215.1,216.4,210755.0
SQURPHARMA,2025-01-28,216.0,217.8,215.7,217.1,179664.0
SQURPHARMA,2025-01-29,216.4,218.2,216.1,217.5,172202.0
SQURPHARMA,2025-01-30,217.8,217.9,216.3,216.7,172169.0
SQURPHARMA,2025-02-02,217.5,217.8,216.9,217.3,133171.0
SQURPHARMA,2025-02-03,217.2,217.9,216.9,217.3,246838.0
SQURPHARMA,2025-02-04,217.0,217.7,216.3,217.4,144080.0
SQURPHARMA,2025-02-05,217.9,217.9,216.3,216.7,248497.0
SQURPHARMA,2025-02-06,216.8,216.8,215.8,216.0,181754.0
SQURPHARMA,2025-02-09,217.0,217.0,215.8,216.2,58664.0
SQURPHARMA,2025-02-10,216.5,216.5,215.3,215.5,241366.0
SQURPHARMA,2025-02-11,216.2,216.2,214.8,215.0,259406.0
SQURPHARMA,2025-02-12,215.0,215.8,214.5,215.5,95576.0
SQURPHARMA,2025-02-13,215.0,216.5,215.0,215.2,167611.0
SQURPHARMA,2025-02-16,215.0,216.0,215.0,215.8,123955.0
SQURPHARMA,2025-02-17,215.8,216.8,215.1,215.4,212731.0
SQURPHARMA,2025-02-18,216.4,216.4,214.6,214.9,451116.0
SQURPHARMA,2025-02-19,215.6,217.0,215.3,216.0,298992.0
SQURPHARMA,2025-02-20,214.5,216.4,210.0,215.9,284863.0
SQURPHARMA,2025-02-23,215.9,216.5,215.7,216.1,157375.0
SQURPHARMA,2025-02-24,216.6,216.6,215.6,215.8,572282.0
SQURPHARMA,2025-02-25,215.8,216.1,215.7,216.0,257129.0
SQURPHARMA,2025-02-26,216.0,216.6,215.9,216.2,214003.0
SQURPHARMA,2025-02-27,216.4,216.8,216.1,216.5,125987.0
SQURPHARMA,2025-03-02,216.6,216.9,216.0,216.3,185134.0
SQURPHARMA,2025-03-03,216.8,217.5,216.6,217.1,165425.0
SQURPHARMA,2025-03-04,217.5,217.5,216.0,216.9,197905.0
SQURPHARMA,2025-03-05,217.6,217.6,216.9,217.0,319861.0
SQURPHARMA,2025-03-06,217.0,217.8,217.0,217.5,138188.0
SQURPHARMA,2025-03-09,217.2,217.7,217.2,217.5,162849.0
SQURPHARMA,2025-03-10,217.2,218.0,217.0,217.5,262536.0
SQURPHARMA,2025-03-11,217.5,218.1,217.5,217.7,448875.0
SQURPHARMA,2025-03-12,217.5,219.3,217.5,218.9,197383.0
SQURPHARMA,2025-03-13,218.9,220.5,218.9,219.9,445810.0
SQURPHARMA,2025-03-16,220.0,221.8,220.0,220.4,633571.0
SQURPHARMA,2025-03-17,220.5,221.0,219.8,219.9,975496.0
SQURPHARMA,2025-03-18,220.0,221.0,219.9,220.6,670648.0
SQURPHARMA,2025-03-19,221.0,221.0,220.1,220.4,486148.0
SQURPHARMA,2025-03-20,220.1,220.4,219.9,220.1,423813.0
SQURPHARMA,2025-03-23,220.7,220.7,219.5,219.6,507092.0
SQURPHARMA,2025-03-24,220.0,220.4,219.5,220.0,560710.0
SQURPHARMA,2025-03-25,220.1,220.4,219.5,219.7,393351.0
SQURPHARMA,2025-03-27,220.0,220.3,219.5,220.1,280271.0
SQURPHARMA,2025-04-06,219.7,220.0,219.0,220.0,517367.0
SQURPHARMA,2025-04-07,220.0,220.0,217.0,217.8,551507.0
SQURPHARMA,2025-04-08,217.8,218.1,216.0,216.2,412288.0
BATASHOE,2022-04-25,904.0,914.7,895.9,910.6,3003.0
BATASHOE,2022-04-26,920.0,999.8,920.0,929.9,18744.0
BATASHOE,2022-04-27,940.0,940.0,916.0,920.0,2942.0
BATASHOE,2022-04-28,925.0,927.9,917.1,924.4,2461.0
BATASHOE,2022-05-01,908.9,909.0,903.0,903.4,1131.0
BATASHOE,2022-05-04,910.0,910.0,881.1,886.3,388.0
BATASHOE,2022-05-05,930.0,960.0,928.0,953.1,3656.0
BATASHOE,2022-05-06,909.9,925.0,901.0,912.0,2209.0
BATASHOE,2022-05-07,926.2,926.2,910.0,915.3,884.0
BATASHOE,2022-05-16,943.4,963.0,900.1,930.3,1912.0
BATASHOE,2022-05-17,931.0,939.9,910.6,931.8,2822.0
BATASHOE,2022-05-18,905.0,934.8,903.3,912.3,1226.0
BATASHOE,2022-05-19,915.0,940.0,912.0,923.6,1871.0
BATASHOE,2022-05-22,925.9,925.9,905.1,914.0,890.0
BATASHOE,2022-05-24,951.0,951.0,906.0,913.1,1703.0
BATASHOE,2022-05-25,920.0,927.9,903.0,904.5,613.0
BATASHOE,2022-05-26,905.0,910.0,900.0,901.9,1425.0
BATASHOE,2022-05-29,917.9,917.9,905.1,906.3,1182.0
BATASHOE,2022-05-30,915.0,920.0,901.7,916.9,903.0
BATASHOE,2022-05-31,914.9,915.0,901.4,908.8,914.0
BATASHOE,2022-06-01,903.4,915.0,900.0,906.5,2228.0
BATASHOE,2022-06-02,910.2,919.9,910.0,913.0,7485.0
BATASHOE,2022-06-03,900.9,900.9,895.5,895.9,118.0
BATASHOE,2022-06-04,899.9,899.9,881.0,881.8,635.0
BATASHOE,2022-06-06,908.1,914.7,908.0,910.1,1415.0
BATASHOE,2022-06-07,901.1,931.4,901.0,915.4,303.0
BATASHOE,2022-06-13,921.4,923.4,920.0,921.1,1380.0
BATASHOE,2022-06-14,910.0,919.0,910.0,913.4,52.0
BATASHOE,2022-06-15,902.4,910.0,895.2,901.0,11555.0
BATASHOE,2022-06-16,921.0,950.0,911.7,919.9,2719.0
BATASHOE,2022-06-19,911.0,920.9,910.0,919.6,2202.0
BATASHOE,2022-06-20,911.9,920.3,911.9,913.5,5755.0
BATASHOE,2022-06-21,918.2,923.9,915.0,916.7,1625.0
BATASHOE,2022-06-22,915.0,923.0,915.0,920.8,1851.0
BATASHOE,2022-06-23,914.0,934.0,911.0,928.3,2361.0
BATASHOE,2022-06-26,916.0,944.0,916.0,937.1,4045.0
BATASHOE,2022-06-27,930.0,937.8,923.0,931.1,1431.0
BATASHOE,2022-06-28,930.0,947.0,923.0,933.6,2464.0
BATASHOE,2022-06-29,933.6,945.0,931.0,939.4,1965.0
BATASHOE,2022-06-30,944.9,944.9,933.0,936.2,1513.0
BATASHOE,2022-07-02,912.3,915.0,905.1,907.8,5154.0
BATASHOE,2022-07-03,896.0,896.0,860.1,878.2,589.0
BATASHOE,2022-07-04,899.9,900.0,882.0,899.0,3075.0
BATASHOE,2022-07-06,910.0,911.0,910.0,910.2,1515.0
BATASHOE,2022-07-07,920.0,934.5,912.0,920.2,497.0
BATASHOE,2022-07-13,912.1,922.9,906.2,913.3,65.0
BATASHOE,2022-07-14,912.0,918.4,912.0,914.0,1068.0
BATASHOE,2022-07-17,914.0,935.0,914.0,926.1,551.0
BATASHOE,2022-07-18,921.0,929.0,915.0,920.6,624.0
BATASHOE,2022-07-19,915.0,930.0,915.0,922.0,2708.0
BATASHOE,2022-07-20,922.0,930.0,920.0,922.8,5109.0
BATASHOE,2022-07-21,929.5,936.0,919.0,924.0,3829.0
BATASHOE,2022-07-24,925.0,929.9,920.1,920.2,2686.0
BATASHOE,2022-07-25,922.1,932.0,922.1,928.2,2084.0
BATASHOE,2022-07-26,930.0,936.0,925.1,930.3,4002.0
BATASHOE,2022-07-27,939.0,939.0,924.5,929.9,4478.0
BATASHOE,2022-07-28,921.0,925.0,921.0,923.5,8272.0
BATASHOE,2022-07-31,995.8,995.8,970.0,988.0,44084.0
BATASHOE,2022-08-01,998.5,1000.0,961.0,967.3,13204.0
BATASHOE,2022-08-02,965.0,970.0,932.0,962.3,20101.0
BATASHOE,2022-08-03,960.8,989.9,960.2,984.6,18623.0
BATASHOE,2022-08-04,971.0,999.5,971.0,974.1,9238.0
BATASHOE,2022-08-05,961.5,961.5,931.5,939.9,10375.0
BATASHOE,2022-08-06,928.0,928.0,910.1,919.4,816.0
BATASHOE,2022-08-07,971.0,982.0,960.0,968.6,19110.0
BATASHOE,2022-08-08,969.1,977.0,955.0,956.9,20459.0
BATASHOE,2022-08-10,960.0,960.0,950.0,954.4,7530.0
BATASHOE,2022-08-11,952.1,963.0,952.1,958.7,1884.0
BATASHOE,2022-08-14,960.0,976.0,952.4,968.4,909.0
BATASHOE,2022-08-16,952.2,970.0,952.2,963.9,2427.0
BATASHOE,2022-08-17,953.2,975.0,953.1,972.2,4838.0
BATASHOE,2022-08-21,971.5,989.0,966.5,983.9,1498.0
BATASHOE,2022-08-22,981.0,995.0,974.2,981.0,17379.0
BATASHOE,2022-08-23,985.0,990.0,978.0,980.6,9011.0
BATASHOE,2022-08-24,980.7,986.9,979.0,981.4,7614.0
BATASHOE,2022-08-25,980.0,990.0,980.0,980.6,11134.0
BATASHOE,2022-08-28,960.5,980.6,960.5,978.6,5075.0
BATASHOE,2022-08-29,983.9,983.9,974.0,977.8,13028.0
BATASHOE,2022-08-30,980.0,983.9,977.1,981.8,2811.0
BATASHOE,2022-08-31,981.3,984.0,981.2,981.4,2501.0
BATASHOE,2022-09-01,981.0,985.0,980.1,981.1,1917.0
BATASHOE,2022-09-02,906.0,939.7,906.0,918.7,344.0
BATASHOE,2022-09-03,870.0,900.0,869.0,897.2,902.0
BATASHOE,2022-09-04,980.1,994.8,980.1,989.5,6404.0
BATASHOE,2022-09-05,990.0,995.0,983.1,984.4,14355.0
BATASHOE,2022-09-06,980.0,991.2,980.0,981.6,18832.0
BATASHOE,2022-09-07,960.0,994.0,960.0,991.5,4231.0
BATASHOE,2022-09-08,977.1,991.5,977.1,989.6,3829.0
BATASHOE,2022-09-11,992.0,992.0,975.0,982.7,3621.0
BATASHOE,2022-09-12,965.0,991.0,965.0,985.8,4648.0
BATASHOE,2022-09-13,977.0,995.0,976.0,994.2,18151.0
BATASHOE,2022-09-14,994.2,1056.0,985.0,1022.4,32175.0
BATASHOE,2022-09-15,1037.0,1050.0,1011.2,1024.2,29097.0
BATASHOE,2022-09-18,1025.0,1025.0,1003.0,1017.8,5271.0
BATASHOE,2022-09-19,1027.0,1027.0,1010.0,1018.3,10143.0
BATASHOE,2022-09-20,1011.0,1022.0,1011.0,1019.0,4820.0
BATASHOE,2022-09-21,1010.0,1020.5,1000.0,1015.5,5280.0
BATASHOE,2022-09-22,1020.0,1035.0,1005.0,1033.4,8936.0
BATASHOE,2022-09-25,1025.0,1042.0,1019.2,1020.4,1719.0
BATASHOE,2022-09-26,1022.0,1029.0,1019.7,1020.0,3689.0
BATASHOE,2022-09-27,1020.0,1024.5,1013.2,1015.9,4617.0
BATASHOE,2022-09-28,1025.0,1025.0,1006.0,1013.6,7826.0
BATASHOE,2022-09-29,1019.0,1023.0,1012.5,1016.5,1308.0
BATASHOE,2022-10-01,904.1,904.1,900.0,901.1,1533.0
BATASHOE,2022-10-02,918.7,925.0,911.0,916.9,487.0
BATASHOE,2022-10-03,890.0,900.0,888.0,894.1,1364.0
BATASHOE,2022-10-04,1010.1,1010.3,1003.5,1005.8,1830.0
BATASHOE,2022-10-05,944.0,960.0,930.1,940.6,13505.0
BATASHOE,2022-10-06,1007.1,1008.1,944.0,998.3,774.0
BATASHOE,2022-10-10,1011.3,1011.3,980.1,981.3,7863.0
BATASHOE,2022-10-11,988.0,995.0,979.0,980.2,6217.0
BATASHOE,2022-10-12,985.0,995.0,977.0,990.1,4637.0
BATASHOE,2022-10-13,985.0,986.5,965.1,980.0,2490.0
BATASHOE,2022-10-16,990.0,990.0,970.0,989.0,5830.0
BATASHOE,2022-10-17,969.0,986.0,969.0,977.4,9515.0
BATASHOE,2022-10-18,975.0,975.0,965.0,972.6,6363.0
BATASHOE,2022-10-19,970.1,970.1,959.0,964.1,6009.0
BATASHOE,2022-10-20,979.0,979.0,958.1,960.1,3217.0
BATASHOE,2022-10-23,958.1,965.0,957.0,958.0,1889.0
BATASHOE,2022-10-24,950.0,952.1,950.0,950.0,2816.0
BATASHOE,2022-10-25,950.0,970.0,940.5,952.9,7213.0
BATASHOE,2022-10-26,950.6,950.6,949.1,950.0,7572.0
BATASHOE,2022-10-27,950.0,950.0,930.0,930.2,4924.0
BATASHOE,2022-10-30,950.0,950.0,926.4,930.0,9412.0
BATASHOE,2022-10-31,926.5,944.0,926.4,926.9,7639.0
BATASHOE,2022-11-01,932.1,964.5,932.1,953.8,1686.0
BATASHOE,2022-11-02,941.2,961.0,941.0,950.0,1851.0
BATASHOE,2022-11-03,935.2,969.5,935.2,967.7,1617.0
BATASHOE,2022-11-04,882.0,899.8,877.3,896.0,1114.0
BATASHOE,2022-11-05,911.0,949.9,900.0,946.1,1482.0
BATASHOE,2022-11-06,942.0,967.3,942.0,951.5,3423.0
BATASHOE,2022-11-07,955.0,959.9,951.0,954.9,1488.0
BATASHOE,2022-11-08,955.0,965.0,955.0,959.5,2375.0
BATASHOE,2022-11-09,955.1,963.0,950.0,956.5,2017.0
BATASHOE,2022-11-10,956.5,964.0,926.4,926.4,32205.0
BATASHOE,2022-11-13,927.2,927.8,926.4,926.4,27577.0
BATASHOE,2022-11-14,926.6,930.0,926.4,926.4,7334.0
BATASHOE,2022-11-15,926.4,949.0,926.4,935.8,1080.0
BATASHOE,2022-11-16,927.0,968.0,926.4,965.7,4025.0
BATASHOE,2022-11-20,926.5,944.0,926.5,931.4,1972.0
BATASHOE,2022-11-21,940.0,944.0,940.0,940.6,1397.0
BATASHOE,2022-11-22,930.0,932.1,927.0,929.0,621.0
BATASHOE,2022-11-23,929.0,940.0,926.8,931.0,806.0
BATASHOE,2022-11-24,948.9,950.0,944.7,948.7,4031.0
BATASHOE,2022-11-27,965.0,965.0,935.0,935.2,453.0
BATASHOE,2022-11-28,931.0,931.2,931.0,931.0,650.0
BATASHOE,2022-11-29,931.1,931.1,931.1,931.1,370.0
BATASHOE,2022-12-01,942.5,948.0,942.5,946.4,345.0
BATASHOE,2022-12-04,947.8,950.0,928.0,940.9,454.0
BATASHOE,2022-12-05,930.0,953.5,930.0,950.5,2663.0
BATASHOE,2022-12-06,950.0,950.9,949.9,950.2,443.0
BATASHOE,2022-12-07,906.1,926.0,905.0,912.1,359.0
BATASHOE,2022-12-11,974.0,974.0,935.0,943.7,9.0
BATASHOE,2022-12-12,931.5,931.5,931.5,931.5,1.0
BATASHOE,2022-12-13,950.0,955.0,949.0,951.9,46.0
BATASHOE,2022-12-14,974.0,974.0,940.0,944.3,89.0
BATASHOE,2022-12-15,931.0,959.9,926.4,930.0,761.0
BATASHOE,2022-12-18,959.0,959.0,945.0,950.5,90.0
BATASHOE,2022-12-19,972.8,972.8,940.0,965.2,3249.0
BATASHOE,2022-12-20,945.5,960.0,945.0,945.2,475.0
BATASHOE,2022-12-21,927.0,945.0,927.0,944.5,753.0
BATASHOE,2022-12-22,943.0,943.0,940.0,942.1,473.0
BATASHOE,2022-12-26,954.6,956.0,947.0,951.1,282.0
BATASHOE,2022-12-27,939.0,955.0,935.0,943.6,951.0
BATASHOE,2022-12-28,955.0,960.0,955.0,959.9,490.0
BATASHOE,2022-12-29,950.0,959.6,950.0,952.3,1211.0
BATASHOE,2023-01-01,962.0,962.0,946.0,948.0,500.0
BATASHOE,2023-01-02,935.0,935.0,935.0,935.0,3.0
BATASHOE,2023-01-03,940.0,950.0,940.0,946.9,132.0
BATASHOE,2023-01-04,962.0,962.0,959.4,959.7,39.0
BATASHOE,2023-01-05,940.0,962.0,940.0,961.0,58.0
BATASHOE,2023-01-09,950.0,950.0,949.8,950.0,102.0
BATASHOE,2023-01-10,950.0,950.0,950.0,950.0,125.0
BATASHOE,2023-01-12,952.2,952.2,945.0,946.0,166.0
BATASHOE,2023-01-15,974.9,974.9,935.0,940.2,460.0
BATASHOE,2023-01-16,940.2,960.0,940.2,952.3,513.0
BATASHOE,2023-01-17,952.2,952.2,947.0,949.5,281.0
BATASHOE,2023-01-18,955.0,966.0,953.0,961.4,683.0
BATASHOE,2023-01-19,954.0,954.0,951.1,953.6,80.0
BATASHOE,2023-01-22,940.1,953.6,940.0,941.6,545.0
BATASHOE,2023-01-23,955.0,955.0,955.0,955.0,110.0
BATASHOE,2023-01-24,940.0,954.0,940.0,940.3,426.0
BATASHOE,2023-01-25,960.0,962.0,950.0,956.9,1435.0
BATASHOE,2023-01-26,950.0,960.0,950.0,958.7,465.0
BATASHOE,2023-01-29,948.0,950.0,948.0,948.5,135.0
BATASHOE,2023-01-30,950.0,950.1,950.0,950.1,44.0
BATASHOE,2023-01-31,950.1,950.1,950.1,950.1,100.0
BATASHOE,2023-02-01,930.0,961.5,930.0,931.1,211.0
BATASHOE,2023-02-02,960.0,960.0,941.0,958.3,306.0
BATASHOE,2023-02-05,955.0,955.0,950.1,950.5,107.0
BATASHOE,2023-02-06,940.0,955.0,940.0,948.2,276.0
BATASHOE,2023-02-07,950.0,950.0,950.0,950.0,154.0
BATASHOE,2023-02-08,950.0,950.1,950.0,950.0,120.0
BATASHOE,2023-02-09,942.0,942.0,940.5,941.5,15.0
BATASHOE,2023-02-12,951.0,951.0,950.0,951.0,150.0
BATASHOE,2023-02-13,940.0,949.5,936.5,944.5,459.0
BATASHOE,2023-02-14,947.0,958.0,942.1,952.2,745.0
BATASHOE,2023-02-15,942.0,945.0,942.0,944.0,293.0
BATASHOE,2023-02-16,942.1,960.0,942.1,956.6,160.0
BATASHOE,2023-02-19,959.0,959.0,934.1,935.3,405.0
BATASHOE,2023-02-20,935.0,941.5,927.0,940.5,353.0
BATASHOE,2023-02-22,960.0,960.0,940.0,952.5,415.0
BATASHOE,2023-02-23,935.0,938.0,935.0,937.4,62.0
BATASHOE,2023-02-26,939.0,956.5,927.0,943.1,235.0
BATASHOE,2023-02-27,940.0,955.0,940.0,953.2,537.0
BATASHOE,2023-02-28,950.0,955.0,950.0,955.0,1389.0
BATASHOE,2023-03-01,955.0,955.0,955.0,955.0,50.0
BATASHOE,2023-03-02,935.0,955.0,935.0,952.7,44.0
BATASHOE,2023-03-05,957.0,957.0,935.0,939.8,417.0
BATASHOE,2023-03-06,950.0,955.0,946.1,952.7,51.0
BATASHOE,2023-03-07,955.0,955.0,950.1,951.6,101.0
BATASHOE,2023-03-09,944.0,961.5,944.0,961.4,2526.0
BATASHOE,2023-03-12,946.0,960.9,946.0,947.0,121.0
BATASHOE,2023-03-13,960.9,961.0,950.0,959.9,3220.0
BATASHOE,2023-03-14,948.5,960.0,948.5,958.6,405.0
BATASHOE,2023-03-15,955.0,955.0,950.0,951.3,430.0
BATASHOE,2023-03-16,955.0,959.9,955.0,955.9,122.0
BATASHOE,2023-03-19,949.0,955.0,949.0,952.4,346.0
BATASHOE,2023-03-20,930.0,950.0,930.0,939.3,269.0
BATASHOE,2023-03-21,955.0,969.0,950.1,962.7,106.0
BATASHOE,2023-03-22,961.8,962.0,950.2,958.4,223.0
BATASHOE,2023-03-23,965.0,969.0,965.0,965.9,310.0
BATASHOE,2023-03-27,945.0,950.0,940.0,943.1,1695.0
BATASHOE,2023-03-28,970.0,970.0,950.0,964.4,1182.0
BATASHOE,2023-03-29,946.5,964.0,946.5,954.4,56.0
BATASHOE,2023-03-30,954.4,954.4,940.0,946.7,2181.0
BATASHOE,2023-04-02,946.8,960.0,946.7,958.7,722.0
BATASHOE,2023-04-03,959.2,960.0,959.0,959.2,133.0
BATASHOE,2023-04-04,965.0,965.0,951.0,959.9,1076.0
BATASHOE,2023-04-05,950.0,970.0,950.0,959.3,628.0
BATASHOE,2023-04-06,955.0,959.3,955.0,958.9,882.0
BATASHOE,2023-04-09,970.0,974.0,962.0,969.4,208.0
BATASHOE,2023-04-10,952.0,952.0,952.0,952.0,250.0
BATASHOE,2023-04-11,974.9,974.9,955.1,961.8,644.0
BATASHOE,2023-04-12,969.9,979.9,969.9,977.3,7306.0
BATASHOE,2023-04-13,980.0,980.0,965.0,974.8,203.0
BATASHOE,2023-04-16,975.0,975.0,951.0,953.1,1108.0
BATASHOE,2023-04-17,955.0,962.0,955.0,960.0,2196.0
BATASHOE,2023-04-18,965.1,974.0,965.1,971.7,115.0
BATASHOE,2023-04-24,969.9,973.5,969.5,970.3,759.0
BATASHOE,2023-04-25,969.0,970.2,950.0,957.0,812.0
BATASHOE,2023-04-26,960.0,970.0,960.0,960.0,511.0
BATASHOE,2023-04-27,975.0,975.0,964.5,966.2,263.0
BATASHOE,2023-04-30,962.0,978.9,962.0,970.3,3075.0
BATASHOE,2023-05-02,970.0,982.0,970.0,980.3,3386.0
BATASHOE,2023-05-03,980.0,1001.0,977.5,998.4,1582.0
BATASHOE,2023-05-07,1004.0,1005.0,986.0,997.7,2227.0
BATASHOE,2023-05-08,997.7,1002.5,997.7,998.5,6917.0
BATASHOE,2023-05-09,1003.4,1003.4,998.5,999.9,270.0
BATASHOE,2023-05-10,1002.0,1011.5,1002.0,1006.5,6935.0
BATASHOE,2023-05-11,1015.0,1025.0,1001.6,1024.7,14406.0
BATASHOE,2023-05-14,1028.0,1028.0,996.0,1007.7,504.0
BATASHOE,2023-05-15,1025.0,1035.0,961.0,1018.4,13780.0
BATASHOE,2023-05-16,1035.0,1035.0,1009.0,1011.1,3517.0
BATASHOE,2023-05-17,1022.0,1022.0,991.0,1008.5,5618.0
BATASHOE,2023-05-21,980.0,998.0,980.0,994.0,644.0
BATASHOE,2023-05-22,982.0,983.0,975.0,977.2,4870.0
BATASHOE,2023-05-23,977.2,992.0,975.5,979.5,1708.0
BATASHOE,2023-05-24,979.0,999.0,979.0,981.5,4401.0
BATASHOE,2023-05-25,990.0,991.0,990.0,990.1,3900.0
BATASHOE,2023-05-28,991.0,992.0,990.0,991.5,636.0
BATASHOE,2023-05-29,980.0,1011.0,980.0,1008.5,821.0
BATASHOE,2023-05-30,1024.0,1024.0,975.0,977.4,12392.0
BATASHOE,2023-05-31,980.0,980.0,975.0,975.6,5083.0
BATASHOE,2023-06-01,995.0,1000.0,985.0,986.2,951.0
BATASHOE,2023-06-04,980.0,1010.0,980.0,1005.0,1287.0
BATASHOE,2023-06-05,985.1,1000.0,985.0,986.3,7660.0
BATASHOE,2023-06-06,987.0,995.0,983.5,989.2,340.0
BATASHOE,2023-06-07,994.9,995.0,980.0,991.4,1581.0
BATASHOE,2023-06-08,996.0,996.0,985.0,994.9,5382.0
BATASHOE,2023-06-11,990.0,992.0,990.0,990.4,50.0
BATASHOE,2023-06-12,970.0,990.1,970.0,990.0,396.0
BATASHOE,2023-06-13,990.0,1000.0,990.0,991.3,1421.0
BATASHOE,2023-06-14,989.9,990.0,985.0,989.9,14280.0
BATASHOE,2023-06-15,996.9,996.9,982.0,990.3,6961.0
BATASHOE,2023-06-18,994.9,995.0,990.0,991.6,5163.0
BATASHOE,2023-06-19,997.0,1003.0,996.0,1000.4,379.0
BATASHOE,2023-06-20,997.1,1010.0,997.1,1008.4,7530.0
BATASHOE,2023-06-21,998.7,1009.9,998.7,1009.1,1768.0
BATASHOE,2023-06-22,1006.0,1020.0,997.0,1018.4,2815.0
BATASHOE,2023-06-25,1019.5,1019.5,1017.0,1018.7,679.0
BATASHOE,2023-06-26,1019.9,1019.9,1005.0,1016.8,1664.0
BATASHOE,2023-07-02,1009.0,1011.0,1008.0,1009.5,247.0
BATASHOE,2023-07-03,1001.0,1010.0,1001.0,1005.1,1659.0
BATASHOE,2023-07-04,1010.0,1012.0,1005.0,1011.2,2372.0
BATASHOE,2023-07-05,1004.0,1009.0,1004.0,1007.5,3774.0
BATASHOE,2023-07-06,1000.0,1018.0,1000.0,1013.0,4094.0
BATASHOE,2023-07-09,1010.0,1013.9,1008.0,1008.9,1601.0
BATASHOE,2023-07-10,1009.0,1010.5,1005.5,1006.7,4002.0
BATASHOE,2023-07-11,1003.0,1009.0,1002.0,1005.3,500.0
BATASHOE,2023-07-12,1008.7,1010.0,1001.0,1001.2,1870.0
BATASHOE,2023-07-13,998.0,1001.5,998.0,1001.3,833.0
BATASHOE,2023-07-16,1010.0,1022.9,1001.0,1011.3,727.0
BATASHOE,2023-07-17,1016.8,1017.0,1003.5,1010.1,227.0
BATASHOE,2023-07-18,1000.1,1010.0,1000.0,1009.5,1789.0
BATASHOE,2023-07-19,1000.5,1010.0,1000.5,1007.4,3228.0
BATASHOE,2023-07-20,1012.0,1012.0,1007.0,1009.5,1337.0
BATASHOE,2023-07-23,1010.0,1013.6,1006.0,1010.1,1524.0
BATASHOE,2023-07-24,1013.0,1013.0,1000.0,1003.0,555.0
BATASHOE,2023-07-25,1006.0,1009.0,1002.0,1007.2,3022.0
BATASHOE,2023-07-26,1002.0,1003.0,1002.0,1003.0,114.0
BATASHOE,2023-07-27,1002.2,1002.2,1002.2,1002.2,5.0
BATASHOE,2023-07-30,1002.0,1006.0,975.0,1002.5,1800.0
BATASHOE,2023-07-31,1000.0,1004.9,1000.0,1000.4,220.0
BATASHOE,2023-08-01,1010.0,1010.0,998.0,999.5,4340.0
BATASHOE,2023-08-02,1005.0,1005.0,1000.0,1002.4,6663.0
BATASHOE,2023-08-03,1002.0,1002.0,975.0,980.8,574.0
BATASHOE,2023-08-06,980.8,1002.0,980.8,1000.0,752.0
BATASHOE,2023-08-07,990.0,1005.0,990.0,1000.9,52626.0
BATASHOE,2023-08-08,1000.9,1002.9,996.0,997.7,5090.0
BATASHOE,2023-08-09,1005.0,1005.0,998.6,998.7,2387.0
BATASHOE,2023-08-10,999.8,1000.0,997.5,1000.0,47665.0
BATASHOE,2023-08-13,1000.0,1003.0,998.5,999.9,2929.0
BATASHOE,2023-08-14,999.9,1002.9,992.0,994.0,302.0
BATASHOE,2023-08-16,1001.5,1002.5,995.0,1000.7,1813.0
BATASHOE,2023-08-17,1000.0,1005.0,1000.0,1003.4,921.0
BATASHOE,2023-08-20,991.0,1001.8,991.0,1001.6,1456.0
BATASHOE,2023-08-21,1002.5,1010.0,1001.5,1006.9,2754.0
BATASHOE,2023-08-22,990.0,1004.0,990.0,997.4,1703.0
BATASHOE,2023-08-23,990.0,1010.0,990.0,994.9,292.0
BATASHOE,2023-08-24,1003.5,1006.0,1000.0,1004.1,9336.0
BATASHOE,2023-08-27,1006.0,1006.0,1003.0,1003.2,211.0
BATASHOE,2023-08-28,1009.0,1009.0,1000.0,1007.4,142.0
BATASHOE,2023-08-29,1018.0,1018.0,1000.0,1007.8,551.0
BATASHOE,2023-08-30,1001.0,1008.0,995.0,999.4,446.0
BATASHOE,2023-08-31,995.0,1010.0,995.0,998.5,754.0
BATASHOE,2023-09-03,990.0,1000.0,990.0,994.3,610.0
BATASHOE,2023-09-04,995.0,995.0,995.0,995.0,100.0
BATASHOE,2023-09-05,995.0,1000.0,995.0,996.4,741.0
BATASHOE,2023-09-07,995.0,1001.6,995.0,1001.4,145.0
BATASHOE,2023-09-10,995.0,1000.0,990.0,990.7,1417.0
BATASHOE,2023-09-11,990.0,1010.0,990.0,996.8,393.0
BATASHOE,2023-09-12,995.0,996.0,995.0,995.4,88.0
BATASHOE,2023-09-13,991.2,1000.0,991.0,994.8,460.0
BATASHOE,2023-09-14,1008.7,1009.0,1008.7,1009.0,300.0
BATASHOE,2023-09-17,1009.0,1009.0,995.0,1003.8,244.0
BATASHOE,2023-09-18,990.0,1005.0,990.0,1002.9,981.0
BATASHOE,2023-09-19,998.0,1004.0,996.0,1001.8,3602.0
BATASHOE,2023-09-20,1001.0,1001.0,995.0,1001.0,502.0
BATASHOE,2023-09-21,999.0,1000.5,995.0,1000.0,1785.0
BATASHOE,2023-09-24,991.0,999.0,991.0,993.0,263.0
BATASHOE,2023-09-25,982.0,995.0,982.0,982.9,1856.0
BATASHOE,2023-09-26,983.0,988.0,982.0,983.0,15191.0
BATASHOE,2023-09-27,983.0,983.0,970.0,972.0,2244.0
BATASHOE,2023-10-01,975.0,980.0,973.0,975.8,2958.0
BATASHOE,2023-10-02,970.0,972.9,970.0,972.8,4671.0
BATASHOE,2023-10-03,972.0,972.0,965.0,966.5,713.0
BATASHOE,2023-10-04,968.0,975.0,967.0,973.5,1465.0
BATASHOE,2023-10-05,970.0,975.0,970.0,974.8,512.0
BATASHOE,2023-10-08,975.3,990.0,975.3,984.6,597.0
BATASHOE,2023-10-09,984.6,984.6,977.0,977.5,214.0
BATASHOE,2023-10-10,976.0,989.0,976.0,977.0,867.0
BATASHOE,2023-10-11,984.0,984.0,984.0,984.0,200.0
BATASHOE,2023-10-12,989.0,989.0,989.0,989.0,1.0
BATASHOE,2023-10-15,993.0,993.0,980.0,989.8,431.0
BATASHOE,2023-10-16,981.0,995.0,981.0,988.9,610.0
BATASHOE,2023-10-17,990.0,1004.0,990.0,1000.5,2975.0
BATASHOE,2023-10-18,985.0,990.0,985.0,985.5,75.0
BATASHOE,2023-10-19,981.0,990.0,980.0,985.2,1111.0
BATASHOE,2023-10-22,985.0,985.0,985.0,985.0,10.0
BATASHOE,2023-10-23,985.5,985.5,985.5,985.5,53.0
BATASHOE,2023-10-25,985.5,985.5,977.1,981.3,2.0
BATASHOE,2023-10-26,972.1,996.9,972.1,992.4,10.0
BATASHOE,2023-10-29,985.0,986.0,976.0,984.3,373.0
BATASHOE,2023-10-30,987.2,994.0,987.2,990.4,136.0
BATASHOE,2023-10-31,990.0,999.0,989.0,995.2,341.0
BATASHOE,2023-11-01,1000.0,1000.0,985.0,989.2,838.0
BATASHOE,2023-11-02,992.0,992.0,975.0,979.5,505.0
BATASHOE,2023-11-05,980.0,980.0,974.0,975.5,1172.0
BATASHOE,2023-11-06,976.0,989.0,975.0,983.4,426.0
BATASHOE,2023-11-07,980.0,980.0,976.1,979.3,2140.0
BATASHOE,2023-11-08,979.0,979.0,973.0,974.9,2123.0
BATASHOE,2023-11-09,975.0,977.0,975.0,976.7,2479.0
BATASHOE,2023-11-12,971.0,979.0,971.0,975.9,2019.0
BATASHOE,2023-11-13,977.0,978.0,971.0,976.5,1015.0
BATASHOE,2023-11-14,977.0,977.0,973.5,975.0,1926.0
BATASHOE,2023-11-15,975.0,976.0,972.0,973.6,141.0
BATASHOE,2023-11-16,975.5,976.0,971.0,975.1,3469.0
BATASHOE,2023-11-19,980.0,1000.0,975.0,975.3,2118.0
BATASHOE,2023-11-20,985.0,985.0,975.0,976.3,2485.0
BATASHOE,2023-11-22,975.0,975.0,926.4,928.4,672.0
BATASHOE,2023-11-23,970.0,970.0,970.0,970.0,350.0
BATASHOE,2023-11-26,949.4,949.5,940.0,948.0,1163.0
BATASHOE,2023-11-27,972.0,972.0,942.1,947.9,40.0
BATASHOE,2023-11-28,943.0,944.0,943.0,943.5,20.0
BATASHOE,2023-11-29,941.0,943.5,941.0,941.8,293.0
BATASHOE,2023-11-30,955.0,955.0,941.0,943.5,172.0
BATASHOE,2023-12-03,945.0,972.0,940.5,943.3,346.0
BATASHOE,2023-12-04,964.9,964.9,948.0,948.7,313.0
BATASHOE,2023-12-05,978.0,978.0,948.0,950.0,682.0
BATASHOE,2023-12-06,974.0,974.0,952.3,962.8,36.0
BATASHOE,2023-12-07,950.0,968.7,950.0,965.8,268.0
BATASHOE,2023-12-10,940.1,970.0,940.1,969.3,1077.0
BATASHOE,2023-12-11,970.0,971.0,970.0,970.0,1285.0
BATASHOE,2023-12-12,972.0,972.0,970.0,970.0,1625.0
BATASHOE,2023-12-13,970.0,979.0,970.0,975.5,2483.0
BATASHOE,2023-12-14,975.5,976.0,975.5,976.0,1294.0
BATASHOE,2023-12-17,960.0,982.0,960.0,975.8,1702.0
BATASHOE,2023-12-18,975.3,976.0,975.3,975.3,176.0
BATASHOE,2023-12-19,960.1,1001.9,960.1,978.9,2428.0
BATASHOE,2023-12-20,975.0,980.6,975.0,980.3,2208.0
BATASHOE,2023-12-21,978.0,980.0,978.0,980.0,2440.0
BATASHOE,2023-12-24,941.1,975.0,941.1,971.1,772.0
BATASHOE,2023-12-26,975.0,975.0,975.0,975.0,1.0
BATASHOE,2023-12-27,975.0,975.0,961.0,961.1,646.0
BATASHOE,2023-12-28,961.1,978.0,961.0,966.9,58.0
BATASHOE,2024-01-01,966.9,966.9,966.0,966.6,180.0
BATASHOE,2024-01-02,966.0,966.0,960.6,961.3,334.0
BATASHOE,2024-01-03,955.1,971.0,955.1,961.2,19.0
BATASHOE,2024-01-04,970.0,970.0,965.0,968.6,157.0
BATASHOE,2024-01-08,970.0,970.0,969.0,969.4,5.0
BATASHOE,2024-01-09,974.0,975.0,960.0,963.0,2032.0
BATASHOE,2024-01-10,975.0,975.0,975.0,975.0,271.0
BATASHOE,2024-01-11,975.0,979.9,965.2,969.1,3478.0
BATASHOE,2024-01-14,980.0,980.0,970.0,978.8,236.0
BATASHOE,2024-01-15,980.0,1000.0,970.4,983.5,481.0
BATASHOE,2024-01-16,980.0,983.1,980.0,983.0,121.0
BATASHOE,2024-01-17,983.0,1000.0,983.0,994.8,1341.0
BATASHOE,2024-01-18,980.0,990.0,980.0,987.6,28.0
BATASHOE,2024-01-21,960.0,995.0,960.0,991.0,581.0
BATASHOE,2024-01-22,995.0,1002.0,985.0,999.2,628.0
BATASHOE,2024-01-23,1001.0,1010.0,1000.0,1009.6,2332.0
BATASHOE,2024-01-24,1010.0,1020.0,981.1,1009.4,751.0
BATASHOE,2024-01-25,1017.9,1017.9,1000.1,1007.7,1193.0
BATASHOE,2024-01-28,1000.0,1002.0,986.0,1000.4,420.0
BATASHOE,2024-01-30,985.0,1002.0,985.0,992.0,959.0
BATASHOE,2024-01-31,990.1,990.1,985.0,986.2,84.0
BATASHOE,2024-02-01,993.0,993.0,981.0,991.9,2563.0
BATASHOE,2024-02-04,999.0,1001.0,985.0,999.5,1212.0
BATASHOE,2024-02-05,1000.0,1010.0,999.0,1001.7,1634.0
BATASHOE,2024-02-06,1000.0,1015.0,991.0,999.8,465.0
BATASHOE,2024-02-07,1000.0,1015.0,980.0,989.8,1056.0
BATASHOE,2024-02-08,985.1,1002.0,982.0,993.0,740.0
BATASHOE,2024-02-11,993.0,1010.0,989.8,1009.0,4602.0
BATASHOE,2024-02-12,982.0,1010.0,982.0,999.2,2871.0
BATASHOE,2024-02-13,1019.8,1019.8,1000.0,1009.7,2899.0
BATASHOE,2024-02-14,1000.0,1010.0,1000.0,1009.7,1377.0
BATASHOE,2024-02-15,1000.0,1004.0,1000.0,1000.4,140.0
BATASHOE,2024-02-18,1000.0,1005.0,1000.0,1001.3,2613.0
BATASHOE,2024-02-19,1000.0,1000.0,990.0,1000.0,1174.0
BATASHOE,2024-02-20,985.0,1000.0,985.0,988.0,802.0
BATASHOE,2024-02-22,1015.0,1015.0,981.0,987.6,163.0
BATASHOE,2024-02-25,987.7,1000.0,977.0,979.8,1034.0
BATASHOE,2024-02-27,1000.0,1003.0,983.5,999.8,920.0
BATASHOE,2024-02-28,1000.0,1001.0,980.0,994.3,407.0
BATASHOE,2024-02-29,1000.0,1000.0,978.1,980.5,14.0
BATASHOE,2024-03-03,1020.0,1020.0,961.1,978.1,240.0
BATASHOE,2024-03-04,998.0,998.0,980.1,986.9,677.0
BATASHOE,2024-03-05,984.1,998.0,984.1,989.5,1923.0
BATASHOE,2024-03-06,980.6,989.5,980.6,983.1,566.0
BATASHOE,2024-03-07,980.3,999.0,980.3,984.7,161.0
BATASHOE,2024-03-10,985.0,985.0,985.0,985.0,2000.0
BATASHOE,2024-03-11,980.2,998.0,980.2,992.9,14.0
BATASHOE,2024-03-12,998.0,998.0,980.1,981.8,195.0
BATASHOE,2024-03-13,990.0,990.0,990.0,990.0,10.0
BATASHOE,2024-03-14,986.0,989.9,985.0,989.2,631.0
BATASHOE,2024-03-18,985.0,985.0,985.0,985.0,7.0
BATASHOE,2024-03-19,985.0,985.0,980.1,983.0,134.0
BATASHOE,2024-03-20,1010.0,1010.0,985.0,985.1,420.0
BATASHOE,2024-03-21,998.0,998.0,983.5,991.0,1213.0
BATASHOE,2024-03-24,991.0,1004.0,991.0,1000.3,2638.0
BATASHOE,2024-03-25,999.9,1000.0,995.0,1000.0,325.0
BATASHOE,2024-03-27,980.0,990.0,980.0,980.2,293.0
BATASHOE,2024-03-28,980.2,989.0,980.2,980.7,1432.0
BATASHOE,2024-03-31,950.1,990.0,950.0,988.6,299.0
BATASHOE,2024-04-01,1000.0,1000.0,989.5,993.2,370.0
BATASHOE,2024-04-02,999.0,1000.0,980.1,995.7,311.0
BATASHOE,2024-04-03,990.0,1015.0,990.0,1001.7,534.0
BATASHOE,2024-04-04,990.0,990.0,990.0,990.0,1.0
BATASHOE,2024-04-08,1005.0,1005.0,996.0,997.8,5.0
BATASHOE,2024-04-09,998.0,998.0,990.0,994.8,188.0
BATASHOE,2024-04-15,1019.4,1019.4,985.0,989.2,44.0
BATASHOE,2024-04-16,993.0,993.0,980.0,980.3,153.0
BATASHOE,2024-04-17,983.0,983.0,980.4,982.0,129.0
BATASHOE,2024-04-18,980.0,980.0,960.5,965.3,599.0
BATASHOE,2024-04-21,970.0,970.0,970.0,970.0,81.0
BATASHOE,2024-04-23,970.0,970.0,955.1,955.5,324.0
BATASHOE,2024-04-24,940.0,997.9,940.0,977.9,105.0
BATASHOE,2024-04-25,960.0,969.9,930.0,941.0,5204.0
BATASHOE,2024-04-28,969.9,994.0,969.9,979.2,1123.0
BATASHOE,2024-04-29,960.0,987.9,960.0,975.8,1151.0
BATASHOE,2024-04-30,955.2,989.0,955.2,985.7,1207.0
BATASHOE,2024-05-02,987.0,987.0,965.0,968.5,39.0
BATASHOE,2024-05-05,992.9,992.9,960.0,965.6,113.0
BATASHOE,2024-05-06,994.7,994.8,970.0,981.6,115.0
BATASHOE,2024-05-07,970.0,983.0,967.1,972.9,301.0
BATASHOE,2024-05-08,980.0,980.0,972.0,977.6,29.0
BATASHOE,2024-05-09,965.1,970.9,965.1,965.3,968.0
BATASHOE,2024-05-12,965.1,989.5,965.1,989.4,392.0
BATASHOE,2024-05-13,960.3,970.0,960.1,963.7,205.0
BATASHOE,2024-05-14,955.1,974.0,955.1,966.0,59.0
BATASHOE,2024-05-15,988.0,988.0,951.1,954.9,560.0
BATASHOE,2024-05-19,940.1,959.5,940.1,945.9,551.0
BATASHOE,2024-05-20,997.0,997.0,930.4,933.0,211.0
BATASHOE,2024-05-21,989.5,989.5,930.2,949.0,426.0
BATASHOE,2024-05-23,940.0,943.0,939.0,940.6,58.0
BATASHOE,2024-05-26,931.0,969.2,930.0,938.1,167.0
BATASHOE,2024-05-27,934.1,970.0,931.0,963.7,1500.0
BATASHOE,2024-05-28,975.0,975.0,937.1,954.1,54.0
BATASHOE,2024-05-29,930.2,974.5,930.2,968.9,972.0
BATASHOE,2024-05-30,975.0,975.0,939.9,939.9,1100.0
BATASHOE,2024-06-02,974.7,974.7,942.1,951.7,21.0
BATASHOE,2024-06-03,930.0,935.2,924.0,926.6,18.0
BATASHOE,2024-06-04,935.2,950.0,925.0,931.9,521.0
BATASHOE,2024-06-05,940.0,945.0,935.3,936.4,1109.0
BATASHOE,2024-06-06,930.0,930.1,920.0,926.5,328.0
BATASHOE,2024-06-09,955.0,955.0,910.0,931.4,440.0
BATASHOE,2024-06-10,911.0,911.0,910.0,910.2,28.0
BATASHOE,2024-06-11,915.0,918.8,901.0,901.7,319.0
BATASHOE,2024-06-12,904.0,904.0,902.0,903.7,122.0
BATASHOE,2024-06-13,910.0,920.0,910.0,911.4,205.0
BATASHOE,2024-06-19,919.9,935.0,905.0,906.6,957.0
BATASHOE,2024-06-20,907.1,928.9,907.0,912.0,730.0
BATASHOE,2024-06-23,955.0,955.0,930.0,948.2,961.0
BATASHOE,2024-06-24,980.0,980.0,925.0,932.1,2179.0
BATASHOE,2024-06-25,955.0,955.0,914.2,915.0,1227.0
BATASHOE,2024-06-26,955.0,959.0,927.0,936.8,3209.0
BATASHOE,2024-06-27,959.7,960.0,922.0,958.5,2121.0
BATASHOE,2024-06-30,932.6,1023.0,932.5,977.2,1247.0
BATASHOE,2024-07-02,960.0,960.0,955.0,955.2,102.0
BATASHOE,2024-07-03,950.0,983.9,945.1,955.6,219.0
BATASHOE,2024-07-04,950.0,989.0,940.3,971.3,572.0
BATASHOE,2024-07-07,999.9,1025.0,955.0,977.7,352.0
BATASHOE,2024-07-08,993.0,994.0,956.0,960.1,1783.0
BATASHOE,2024-07-09,950.3,964.9,945.0,947.4,2990.0
BATASHOE,2024-07-10,1010.0,1010.0,942.0,952.3,1153.0
BATASHOE,2024-07-11,940.1,986.9,940.0,942.9,1428.0
BATASHOE,2024-07-14,955.0,970.0,935.0,960.6,921.0
BATASHOE,2024-07-15,965.0,965.0,936.1,945.2,2804.0
BATASHOE,2024-07-16,959.0,959.0,954.7,958.9,269.0
BATASHOE,2024-07-18,932.1,957.8,931.0,933.9,839.0
BATASHOE,2024-07-24,925.1,925.1,915.6,921.9,518.0
BATASHOE,2024-07-25,949.8,949.8,933.5,948.2,504.0
BATASHOE,2024-07-28,927.6,946.5,927.6,945.8,80.0
BATASHOE,2024-07-29,921.1,945.0,921.1,944.9,2081.0
BATASHOE,2024-07-30,928.1,943.5,928.1,943.3,550.0
BATASHOE,2024-07-31,922.0,949.8,922.0,948.1,1553.0
BATASHOE,2024-08-01,925.0,950.0,923.1,940.9,10807.0
BATASHOE,2024-08-04,915.4,915.4,915.4,915.4,5.0
BATASHOE,2024-08-06,930.0,971.0,930.0,966.3,166.0
BATASHOE,2024-08-07,945.0,970.0,943.0,963.5,209.0
BATASHOE,2024-08-08,953.0,1019.0,953.0,997.3,1294.0
BATASHOE,2024-08-11,970.6,1010.0,970.0,977.2,2880.0
BATASHOE,2024-08-12,977.0,977.0,955.0,955.8,1063.0
BATASHOE,2024-08-13,970.0,970.0,950.0,954.6,1982.0
BATASHOE,2024-08-14,941.0,980.0,941.0,951.7,745.0
BATASHOE,2024-08-15,951.7,980.0,950.0,950.4,4242.0
BATASHOE,2024-08-18,950.4,955.0,921.9,939.4,1749.0
BATASHOE,2024-08-19,940.1,969.9,920.0,936.0,1862.0
BATASHOE,2024-08-20,969.9,970.0,937.0,944.5,285.0
BATASHOE,2024-08-21,925.0,949.8,925.0,937.4,199.0
BATASHOE,2024-08-22,938.0,954.0,930.0,951.2,325.0
BATASHOE,2024-08-25,951.2,954.8,933.0,951.4,490.0
BATASHOE,2024-08-27,949.9,960.0,938.0,951.0,6791.0
BATASHOE,2024-08-28,958.0,958.0,939.1,940.0,3658.0
BATASHOE,2024-08-29,935.0,960.0,932.0,950.8,6121.0
BATASHOE,2024-09-01,945.0,950.0,935.2,940.1,5163.0
BATASHOE,2024-09-02,949.9,950.0,938.2,939.2,1988.0
BATASHOE,2024-09-03,940.0,950.0,940.0,942.3,4232.0
BATASHOE,2024-09-04,940.0,945.0,938.0,940.0,2647.0
BATASHOE,2024-09-05,945.1,948.0,944.0,944.9,3460.0
BATASHOE,2024-09-08,949.9,949.9,939.1,940.0,4390.0
BATASHOE,2024-09-09,930.0,940.0,930.0,934.9,2709.0
BATASHOE,2024-09-10,935.0,945.0,935.0,938.6,69.0
BATASHOE,2024-09-11,940.0,940.1,934.6,935.0,4587.0
BATASHOE,2024-09-12,932.0,938.9,930.1,933.1,2485.0
BATASHOE,2024-09-15,935.0,935.0,930.0,931.4,1097.0
BATASHOE,2024-09-17,930.0,934.5,930.0,930.7,3226.0
BATASHOE,2024-09-18,934.5,934.5,927.1,930.6,499.0
BATASHOE,2024-09-19,928.6,932.4,928.0,928.1,1602.0
BATASHOE,2024-09-22,930.0,930.0,927.0,927.1,1905.0
BATASHOE,2024-09-23,930.0,930.0,925.0,928.6,3794.0
BATASHOE,2024-09-24,928.6,935.0,928.6,929.0,1914.0
BATASHOE,2024-09-25,930.0,930.0,927.0,928.6,626.0
BATASHOE,2024-09-26,925.0,930.0,920.0,928.4,170.0
BATASHOE,2024-09-29,927.9,934.0,927.6,928.9,1404.0
BATASHOE,2024-09-30,936.0,936.0,930.0,934.4,53.0
BATASHOE,2024-10-01,935.0,939.9,935.0,936.0,371.0
BATASHOE,2024-10-02,930.0,934.9,928.0,929.3,74.0
BATASHOE,2024-10-03,930.0,930.0,929.1,929.6,225.0
BATASHOE,2024-10-06,995.0,995.0,926.0,928.4,1044.0
BATASHOE,2024-10-07,926.0,937.5,925.0,929.5,145.0
BATASHOE,2024-10-08,929.5,929.5,926.0,926.9,189.0
BATASHOE,2024-10-09,927.0,936.8,927.0,933.8,350.0
BATASHOE,2024-10-14,926.5,933.0,926.5,932.3,147.0
BATASHOE,2024-10-15,925.0,931.9,925.0,927.3,30.0
BATASHOE,2024-10-16,927.3,941.0,921.0,921.5,422.0
BATASHOE,2024-10-20,936.8,936.8,914.0,915.3,774.0
BATASHOE,2024-10-21,900.1,930.0,900.0,912.5,481.0
BATASHOE,2024-10-22,920.0,920.0,915.0,915.9,154.0
BATASHOE,2024-10-23,915.9,920.0,915.0,918.6,66.0
BATASHOE,2024-10-24,911.0,912.4,907.7,910.6,672.0
BATASHOE,2024-10-27,911.1,911.1,885.0,892.3,639.0
BATASHOE,2024-10-28,893.1,929.5,893.1,900.8,184.0
BATASHOE,2024-10-29,900.8,929.8,900.4,925.7,227.0
BATASHOE,2024-10-30,925.7,948.0,925.7,947.7,652.0
BATASHOE,2024-10-31,947.7,947.7,925.0,926.6,799.0
BATASHOE,2024-11-03,930.0,936.0,915.0,916.6,714.0
BATASHOE,2024-11-04,936.0,938.7,915.0,916.5,972.0
BATASHOE,2024-11-05,940.0,940.0,915.0,919.8,1369.0
BATASHOE,2024-11-06,930.0,930.0,913.0,914.3,4965.0
BATASHOE,2024-11-07,916.1,923.8,910.0,910.8,3984.0
BATASHOE,2024-11-10,926.0,926.0,912.0,912.9,2841.0
BATASHOE,2024-11-11,924.0,924.0,913.0,914.7,1711.0
BATASHOE,2024-11-12,920.0,920.0,910.0,911.7,1916.0
BATASHOE,2024-11-13,910.0,917.0,900.0,906.1,1399.0
BATASHOE,2024-11-14,907.1,924.0,900.0,910.2,2178.0
BATASHOE,2024-11-17,911.0,925.0,906.0,921.0,1855.0
BATASHOE,2024-11-18,921.0,925.1,911.0,914.8,1780.0
BATASHOE,2024-11-20,900.1,905.0,900.0,904.6,922.0
BATASHOE,2024-11-21,904.0,908.6,901.0,905.0,346.0
BATASHOE,2024-11-24,903.9,904.9,898.0,901.4,302.0
BATASHOE,2024-11-25,900.0,905.0,899.0,900.4,407.0
BATASHOE,2024-11-26,900.0,900.1,898.0,898.1,206.0
BATASHOE,2024-11-27,908.0,908.0,898.0,905.0,94.0
BATASHOE,2024-11-28,905.0,905.0,890.0,897.2,896.0
BATASHOE,2024-12-01,898.0,900.0,897.2,900.0,171.0
BATASHOE,2024-12-02,900.5,900.5,899.9,899.9,853.0
BATASHOE,2024-12-03,898.1,900.0,898.0,898.2,728.0
BATASHOE,2024-12-04,900.0,900.0,898.0,898.9,173.0
BATASHOE,2024-12-05,898.6,900.0,897.0,898.5,56.0
BATASHOE,2024-12-08,900.0,900.0,894.7,897.0,106.0
BATASHOE,2024-12-09,900.0,900.0,898.0,898.5,282.0
BATASHOE,2024-12-10,900.0,900.0,900.0,900.0,6.0
BATASHOE,2024-12-11,900.0,900.0,896.2,899.0,22.0
BATASHOE,2024-12-12,899.0,899.0,890.2,890.8,224.0
BATASHOE,2024-12-15,900.0,900.0,891.1,898.8,48.0
BATASHOE,2024-12-17,897.5,900.0,895.0,895.6,501.0
BATASHOE,2024-12-18,907.9,907.9,896.0,897.6,275.0
BATASHOE,2024-12-19,900.0,900.0,896.0,897.8,2052.0
BATASHOE,2024-12-22,900.0,901.0,897.8,899.8,68.0
BATASHOE,2024-12-23,896.0,900.0,895.0,899.9,1042.0
BATASHOE,2024-12-24,899.9,900.0,897.0,898.1,511.0
BATASHOE,2024-12-26,896.1,899.7,895.0,896.5,274.0
BATASHOE,2024-12-29,914.9,914.9,905.9,906.9,10.0
BATASHOE,2024-12-30,906.0,906.0,905.0,905.4,12.0
BATASHOE,2025-01-01,905.4,913.0,898.3,907.3,101.0
BATASHOE,2025-01-02,905.0,905.0,899.0,899.2,173.0
BATASHOE,2025-01-05,899.1,899.1,895.0,897.7,304.0
BATASHOE,2025-01-06,896.0,910.0,896.0,903.3,94.0
BATASHOE,2025-01-07,905.0,905.2,900.0,901.3,118.0
BATASHOE,2025-01-08,900.0,900.0,893.0,893.3,818.0
BATASHOE,2025-01-09,896.1,900.0,896.1,899.7,33.0
BATASHOE,2025-01-12,895.0,900.0,891.0,892.8,141.0
BATASHOE,2025-01-13,895.0,899.0,890.2,892.7,181.0
BATASHOE,2025-01-14,899.5,899.5,892.0,893.4,1143.0
BATASHOE,2025-01-15,895.0,895.0,893.5,894.1,167.0
BATASHOE,2025-01-16,894.5,899.0,888.8,890.5,204.0
BATASHOE,2025-01-19,898.0,898.0,886.7,887.4,216.0
BATASHOE,2025-01-20,896.0,920.0,895.5,918.5,1374.0
BATASHOE,2025-01-21,915.0,915.0,900.0,902.7,45.0
BATASHOE,2025-01-22,900.7,905.0,896.3,899.8,85.0
BATASHOE,2025-01-23,898.5,904.0,891.2,893.7,267.0
BATASHOE,2025-01-26,891.6,891.6,870.3,876.7,1549.0
BATASHOE,2025-01-27,879.4,890.0,879.4,884.5,86.0
BATASHOE,2025-01-28,881.2,884.6,845.0,852.7,1291.0
BATASHOE,2025-01-29,872.9,874.0,854.0,855.6,218.0
BATASHOE,2025-01-30,860.0,874.0,853.0,873.9,284.0
BATASHOE,2025-02-02,872.9,872.9,841.5,844.3,1401.0
BATASHOE,2025-02-03,868.0,868.0,860.0,863.1,55.0
BATASHOE,2025-02-04,863.0,863.9,850.1,862.6,43.0
BATASHOE,2025-02-05,865.0,865.0,861.0,861.7,296.0
BATASHOE,2025-02-06,860.0,865.0,859.0,860.4,349.0
BATASHOE,2025-02-09,866.0,867.0,850.0,851.6,902.0
BATASHOE,2025-02-10,860.0,865.0,854.0,854.9,775.0
BATASHOE,2025-02-11,851.2,862.7,851.0,860.2,188.0
BATASHOE,2025-02-12,860.0,862.0,860.0,860.1,76.0
BATASHOE,2025-02-13,860.0,869.9,859.1,861.0,129.0
BATASHOE,2025-02-16,862.0,867.4,862.0,865.1,176.0
BATASHOE,2025-02-17,865.0,865.0,859.5,864.0,127.0
BATASHOE,2025-02-18,864.8,864.8,855.0,855.4,544.0
BATASHOE,2025-02-19,860.0,860.0,848.5,849.2,970.0
BATASHOE,2025-02-20,851.0,862.0,848.1,855.4,91.0
BATASHOE,2025-02-23,850.6,855.0,850.0,851.0,595.0
BATASHOE,2025-02-24,859.3,859.3,850.0,851.0,274.0
BATASHOE,2025-02-25,850.0,855.0,847.0,848.4,788.0
BATASHOE,2025-02-26,850.0,850.0,846.0,848.5,313.0
BATASHOE,2025-02-27,848.5,849.0,847.0,847.7,303.0
BATASHOE,2025-03-02,850.0,850.0,846.0,847.4,2249.0
BATASHOE,2025-03-03,850.0,850.0,845.0,849.0,799.0
BATASHOE,2025-03-04,890.0,890.0,793.2,828.6,3348.0
BATASHOE,2025-03-05,840.0,840.0,770.0,791.9,2642.0
BATASHOE,2025-03-06,791.9,824.0,791.9,822.7,385.0
BATASHOE,2025-03-09,828.9,829.0,820.2,822.2,220.0
BATASHOE,2025-03-10,822.2,827.0,816.0,816.6,289.0
BATASHOE,2025-03-11,820.0,860.0,806.5,840.2,1211.0
BATASHOE,2025-03-12,840.0,860.0,840.0,846.1,600.0
BATASHOE,2025-03-13,830.0,845.0,830.0,843.7,317.0
BATASHOE,2025-03-16,842.9,842.9,835.0,835.7,311.0
BATASHOE,2025-03-17,807.5,840.0,807.5,827.7,192.0
BATASHOE,2025-03-18,830.0,838.0,825.0,831.0,108.0
BATASHOE,2025-03-19,830.0,834.9,815.0,827.7,215.0
BATASHOE,2025-03-20,822.0,829.0,821.2,826.1,240.0
BATASHOE,2025-03-23,837.5,837.5,824.0,828.3,231.0
BATASHOE,2025-03-24,828.2,828.3,820.0,820.5,553.0
BATASHOE,2025-03-25,822.5,846.0,822.5,837.1,113.0
BATASHOE,2025-03-27,837.0,837.0,830.0,834.7,168.0
BATASHOE,2025-04-06,825.0,830.0,825.0,827.5,213.0
BATASHOE,2025-04-07,827.6,828.0,813.0,815.7,294.0
BATASHOE,2025-04-08,819.0,819.0,810.9,813.5,448.0
GP,2022-05-06,306.9,314.5,306.9,313.4,155717.0
GP,2022-05-07,277.0,296.7,277.0,291.1,1015655.0
GP,2022-05-16,310.3,315.8,308.6,309.6,251671.0
GP,2022-05-17,311.9,311.9,305.5,306.9,159564.0
GP,2022-05-18,308.0,308.0,303.0,304.0,210264.0
GP,2022-05-19,305.0,305.0,301.5,302.6,108955.0
GP,2022-05-22,303.2,304.5,301.2,303.9,54741.0
GP,2022-05-23,307.5,308.6,305.0,305.9,78437.0
GP,2022-05-24,307.0,307.7,302.5,303.3,77343.0
GP,2022-05-25,305.1,305.1,300.0,300.9,190952.0
GP,2022-05-26,300.1,303.9,300.0,300.8,60892.0
GP,2022-05-29,304.9,314.0,303.5,309.3,69960.0
GP,2022-05-30,310.0,312.0,306.4,307.5,63458.0
GP,2022-05-31,310.0,310.0,306.7,307.1,52151.0
GP,2022-06-01,346.5,350.0,345.2,348.3,168718.0
GP,2022-06-02,354.5,358.2,354.2,357.9,54848.0
GP,2022-06-03,333.0,333.0,322.0,323.1,150057.0
GP,2022-06-04,323.3,327.5,319.3,320.3,114280.0
GP,2022-06-06,313.4,313.6,307.2,307.2,183552.0
GP,2022-06-07,292.0,294.9,292.0,293.3,244503.0
GP,2022-06-13,307.0,307.7,305.2,305.8,50986.0
GP,2022-06-14,306.0,306.0,304.2,304.7,56018.0
GP,2022-06-15,307.8,307.8,304.0,304.5,116996.0
GP,2022-06-16,304.5,306.0,304.0,305.1,88695.0
GP,2022-06-19,307.0,307.6,305.1,307.0,47779.0
GP,2022-06-20,306.0,306.7,304.1,304.3,131196.0
GP,2022-06-21,304.1,307.0,303.4,304.0,131532.0
GP,2022-06-22,306.9,306.9,303.2,303.8,106344.0
GP,2022-06-23,305.0,305.0,303.4,303.7,98249.0
GP,2022-06-26,304.5,305.9,304.2,305.6,37683.0
GP,2022-06-27,305.5,305.6,302.5,302.9,240549.0
GP,2022-06-28,303.1,304.5,301.9,302.8,189079.0
GP,2022-06-29,302.8,302.9,299.6,300.1,329601.0
GP,2022-06-30,294.9,294.9,294.1,294.1,173262.0
GP,2022-07-02,355.3,358.0,354.7,355.8,127292.0
GP,2022-07-03,327.9,327.9,317.2,317.6,167368.0
GP,2022-07-04,320.4,323.7,318.5,321.5,69271.0
GP,2022-07-06,307.3,310.0,305.5,306.0,119984.0
GP,2022-07-07,287.5,290.7,287.5,288.3,446088.0
GP,2022-07-13,290.0,290.0,287.1,287.8,180495.0
GP,2022-07-14,287.8,289.3,286.9,288.7,148582.0
GP,2022-07-17,289.9,290.6,288.2,289.8,71206.0
GP,2022-07-18,289.8,291.6,285.4,289.5,486307.0
GP,2022-07-19,290.8,291.0,283.8,286.3,270759.0
GP,2022-07-20,286.3,289.4,285.0,286.0,187799.0
GP,2022-07-21,287.5,288.5,286.0,287.1,110776.0
GP,2022-07-24,289.5,289.5,285.0,287.9,64101.0
GP,2022-07-25,286.9,288.0,286.0,287.1,129683.0
GP,2022-07-26,289.4,289.4,286.0,286.3,225923.0
GP,2022-07-27,286.0,287.8,286.0,286.3,96034.0
GP,2022-07-28,289.4,289.4,283.0,285.7,113174.0
GP,2022-07-31,287.3,295.4,287.3,294.3,184715.0
GP,2022-08-01,294.1,298.5,294.1,297.8,118478.0
GP,2022-08-02,298.9,300.2,295.7,298.6,216448.0
GP,2022-08-03,301.2,301.2,297.0,297.7,264637.0
GP,2022-08-04,299.1,301.5,296.2,299.7,138837.0
GP,2022-08-05,320.1,322.4,320.0,320.9,32763.0
GP,2022-08-06,308.0,308.0,302.0,304.6,115278.0
GP,2022-08-07,300.0,305.0,294.0,303.4,190218.0
GP,2022-08-08,302.9,305.2,300.1,302.7,180712.0
GP,2022-08-11,292.0,292.0,286.6,287.3,441341.0
GP,2022-08-14,288.0,290.9,287.0,287.2,58132.0
GP,2022-08-16,288.9,288.9,286.6,287.0,768628.0
GP,2022-08-17,287.0,288.0,286.7,286.8,267102.0
GP,2022-08-21,287.0,288.8,286.6,287.0,100432.0
GP,2022-08-22,288.9,288.9,286.6,286.7,358181.0
GP,2022-08-23,286.8,288.0,286.7,286.9,158913.0
GP,2022-08-24,288.0,288.0,286.6,286.6,131664.0
GP,2022-08-25,286.6,287.5,286.6,287.0,336130.0
GP,2022-08-28,289.0,291.2,286.8,288.8,134299.0
GP,2022-08-29,290.0,294.1,288.9,293.2,205842.0
GP,2022-08-30,295.2,295.3,287.8,288.1,148105.0
GP,2022-08-31,295.7,295.7,287.0,287.8,167842.0
GP,2022-09-01,290.0,291.0,289.0,290.0,161027.0
GP,2022-09-02,359.5,359.5,356.5,357.9,53828.0
GP,2022-09-03,320.0,325.5,318.8,320.5,171792.0
GP,2022-09-04,295.0,295.8,288.0,288.7,121844.0
GP,2022-09-05,288.7,290.0,287.7,288.1,195733.0
GP,2022-09-06,288.1,289.0,286.6,286.7,124623.0
GP,2022-09-07,288.5,288.5,286.6,286.8,153858.0
GP,2022-09-08,291.9,291.9,286.7,287.0,143164.0
GP,2022-09-11,288.0,288.0,286.6,286.9,103239.0
GP,2022-09-12,286.9,287.8,286.8,287.0,254918.0
GP,2022-09-13,287.0,287.0,286.6,286.6,161034.0
GP,2022-09-14,286.6,286.7,286.6,286.6,136638.0
GP,2022-09-15,287.0,287.3,286.6,286.6,43855.0
GP,2022-09-18,288.4,288.6,286.6,286.9,137276.0
GP,2022-09-19,293.5,293.5,286.7,287.2,200357.0
GP,2022-09-20,287.2,290.0,286.6,286.8,318384.0
GP,2022-09-21,286.9,287.8,286.6,286.6,88363.0
GP,2022-09-22,286.6,286.6,286.6,286.6,74497.0
GP,2022-09-25,286.6,287.0,286.6,286.6,45207.0
GP,2022-09-26,286.6,286.6,286.6,286.6,53845.0
GP,2022-09-27,286.6,286.6,286.6,286.6,164699.0
GP,2022-09-28,286.6,286.6,286.6,286.6,13148.0
GP,2022-09-29,286.6,286.6,286.6,286.6,69178.0
GP,2022-10-01,350.1,350.7,348.0,350.0,126170.0
GP,2022-10-02,357.0,358.5,355.0,358.0,56065.0
GP,2022-10-03,324.0,326.9,318.0,322.2,119580.0
GP,2022-10-04,286.6,286.6,286.6,286.6,10523.0
GP,2022-10-05,319.1,322.0,317.9,318.8,212701.0
GP,2022-10-06,286.6,286.6,286.6,286.6,7644.0
GP,2022-10-10,286.6,286.6,286.6,286.6,17162.0
GP,2022-10-11,286.6,286.6,286.6,286.6,18916.0
GP,2022-10-12,286.6,286.6,286.6,286.6,42580.0
GP,2022-10-13,286.6,286.6,286.6,286.6,67568.0
GP,2022-10-16,286.6,286.6,286.6,286.6,65362.0
GP,2022-10-17,286.6,286.6,286.6,286.6,18221.0
GP,2022-10-18,286.6,286.6,286.6,286.6,4761.0
GP,2022-10-19,286.6,286.6,286.6,286.6,5282.0
GP,2022-10-20,286.6,286.6,286.6,286.6,42587.0
GP,2022-10-23,286.6,286.6,286.6,286.6,5070.0
GP,2022-10-24,286.6,286.6,286.6,286.6,3165.0
GP,2022-10-25,286.6,286.6,286.6,286.6,9790.0
GP,2022-10-26,286.6,286.6,286.6,286.6,8391.0
GP,2022-10-27,286.6,286.6,286.6,286.6,8949.0
GP,2022-10-30,286.6,286.6,286.6,286.6,4127.0
GP,2022-10-31,286.6,286.6,286.6,286.6,4772.0
GP,2022-11-01,286.6,286.6,286.6,286.6,1867.0
GP,2022-11-02,286.6,286.6,286.6,286.6,4884.0
GP,2022-11-03,286.6,286.6,286.6,286.6,5178.0
GP,2022-11-04,324.9,324.9,321.4,322.1,61495.0
GP,2022-11-05,320.5,320.7,315.0,315.4,215133.0
GP,2022-11-06,286.6,286.6,286.6,286.6,3040.0
GP,2022-11-07,286.6,286.6,286.6,286.6,1366.0
GP,2022-11-08,286.6,286.6,286.6,286.6,8253.0
GP,2022-11-09,286.6,286.6,286.6,286.6,9005.0
GP,2022-11-10,286.6,286.6,286.6,286.6,3288.0
GP,2022-11-13,286.6,286.6,286.6,286.6,2354.0
GP,2022-11-14,286.6,286.6,286.6,286.6,2717.0
GP,2022-11-15,286.6,286.6,286.6,286.6,4028.0
GP,2022-11-16,286.6,286.6,286.6,286.6,772.0
GP,2022-11-17,286.6,286.6,286.6,286.6,517.0
GP,2022-11-20,286.6,286.6,286.6,286.6,615.0
GP,2022-11-21,286.6,286.6,286.6,286.6,1191.0
GP,2022-11-22,286.6,286.6,286.6,286.6,1822.0
GP,2022-11-23,286.6,286.6,286.6,286.6,4575.0
GP,2022-11-24,286.6,286.6,286.6,286.6,1085.0
GP,2022-11-27,286.6,286.6,286.6,286.6,1672.0
GP,2022-11-28,286.6,286.6,286.6,286.6,1910.0
GP,2022-11-29,286.6,286.6,286.6,286.6,1785.0
GP,2022-11-30,286.6,286.6,286.6,286.6,988.0
GP,2022-12-01,286.6,286.6,286.6,286.6,4355.0
GP,2022-12-04,286.6,286.6,286.6,286.6,1336.0
GP,2022-12-05,286.6,286.6,286.6,286.6,1521.0
GP,2022-12-06,286.6,286.6,286.6,286.6,316.0
GP,2022-12-07,286.6,286.6,286.6,286.6,6881.0
GP,2022-12-08,286.6,286.6,286.6,286.6,988.0
GP,2022-12-11,286.6,286.6,286.6,286.6,888.0
GP,2022-12-12,286.6,286.6,286.6,286.6,3669.0
GP,2022-12-13,286.6,286.6,286.6,286.6,4092.0
GP,2022-12-14,286.6,286.6,286.6,286.6,3562.0
GP,2022-12-15,286.6,286.6,286.6,286.6,3272.0
GP,2022-12-18,286.6,286.6,286.6,286.6,1826.0
GP,2022-12-19,286.6,286.6,286.6,286.6,2543.0
GP,2022-12-20,286.6,286.6,286.6,286.6,2668.0
GP,2022-12-21,286.6,286.6,286.6,286.6,339.0
GP,2022-12-22,286.6,286.6,286.6,286.6,423.0
GP,2022-12-26,286.6,286.6,286.6,286.6,736.0
GP,2022-12-27,286.6,286.6,286.6,286.6,6929.0
GP,2022-12-28,286.6,286.6,286.6,286.6,1814.0
GP,2022-12-29,286.6,286.6,286.6,286.6,3756.0
GP,2023-01-01,286.6,286.6,286.6,286.6,1154.0
GP,2023-01-02,286.6,286.6,286.6,286.6,10634.0
GP,2023-01-03,286.6,286.6,286.6,286.6,10289.0
GP,2023-01-04,286.6,286.6,286.6,286.6,6235.0
GP,2023-01-05,286.6,286.6,286.6,286.6,3980.0
GP,2023-01-08,286.6,286.6,286.6,286.6,4389.0
GP,2023-01-09,286.6,286.6,286.6,286.6,2055.0
GP,2023-01-10,286.6,286.6,286.6,286.6,2292.0
GP,2023-01-12,286.6,286.6,286.6,286.6,2167.0
GP,2023-01-15,286.6,286.6,286.6,286.6,2629.0
GP,2023-01-16,286.6,286.6,286.6,286.6,2506.0
GP,2023-01-17,286.6,286.6,286.6,286.6,6641.0
GP,2023-01-18,286.6,286.6,286.6,286.6,4737.0
GP,2023-01-19,286.6,286.6,286.6,286.6,2517.0
GP,2023-01-22,286.6,286.6,286.6,286.6,2679.0
GP,2023-01-23,286.6,286.6,286.6,286.6,3776.0
GP,2023-01-24,286.6,286.6,286.6,286.6,4194.0
GP,2023-01-25,286.6,286.6,286.6,286.6,6047.0
GP,2023-01-26,286.6,286.6,286.6,286.6,1546.0
GP,2023-01-29,286.6,286.6,286.6,286.6,4988.0
GP,2023-01-30,286.6,286.6,286.6,286.6,7156.0
GP,2023-01-31,286.6,286.6,286.6,286.6,9125.0
GP,2023-02-01,286.6,286.6,286.6,286.6,2599.0
GP,2023-02-02,286.6,286.6,286.6,286.6,6304.0
GP,2023-02-05,286.6,286.6,286.6,286.6,3979.0
GP,2023-02-06,286.6,286.6,286.6,286.6,2501.0
GP,2023-02-07,286.6,286.6,286.6,286.6,3244.0
GP,2023-02-08,286.6,286.6,286.6,286.6,1695.0
GP,2023-02-09,286.6,286.6,286.6,286.6,6922.0
GP,2023-02-12,286.6,286.6,286.6,286.6,3750.0
GP,2023-02-13,286.6,286.6,286.6,286.6,2943.0
GP,2023-02-14,286.6,286.6,286.6,286.6,2732.0
GP,2023-02-15,286.6,286.6,286.6,286.6,2270.0
GP,2023-02-16,286.6,286.6,286.6,286.6,5432.0
GP,2023-02-19,286.6,286.6,286.6,286.6,3136.0
GP,2023-02-20,286.6,286.6,286.6,286.6,4327.0
GP,2023-02-22,286.6,286.6,286.6,286.6,12303.0
GP,2023-02-23,286.6,286.6,286.6,286.6,14814.0
GP,2023-02-27,286.6,286.6,286.6,286.6,5915.0
GP,2023-02-28,286.6,286.6,286.6,286.6,136.0
GP,2023-03-01,286.6,286.6,286.6,286.6,4484.0
GP,2023-03-02,286.6,286.6,286.6,286.6,263.0
GP,2023-03-05,286.6,286.6,286.6,286.6,993.0
GP,2023-03-06,286.6,286.6,286.6,286.6,2805.0
GP,2023-03-07,286.6,286.6,286.6,286.6,25182.0
GP,2023-03-09,286.6,286.6,286.6,286.6,183.0
GP,2023-03-12,286.6,286.6,286.6,286.6,1241.0
GP,2023-03-13,286.6,286.6,286.6,286.6,526.0
GP,2023-03-14,286.6,286.6,286.6,286.6,314.0
GP,2023-03-15,286.6,286.6,286.6,286.6,1687.0
GP,2023-03-16,286.6,286.6,286.6,286.6,542.0
GP,2023-03-19,286.6,286.6,286.6,286.6,1369.0
GP,2023-03-20,286.6,286.6,286.6,286.6,1742.0
GP,2023-03-21,286.6,286.6,286.6,286.6,285.0
GP,2023-03-22,286.6,286.6,286.6,286.6,47.0
GP,2023-03-23,286.6,286.6,286.6,286.6,1177.0
GP,2023-03-27,286.6,286.6,286.6,286.6,455.0
GP,2023-03-28,286.6,286.6,286.6,286.6,608.0
GP,2023-03-29,286.6,286.6,286.6,286.6,78.0
GP,2023-03-30,286.6,286.6,286.6,286.6,173.0
GP,2023-04-02,286.6,286.6,286.6,286.6,1411.0
GP,2023-04-03,286.6,286.6,286.6,286.6,1772.0
GP,2023-04-04,286.6,286.6,286.6,286.6,1555.0
GP,2023-04-05,286.6,286.6,286.6,286.6,227.0
GP,2023-04-06,286.6,286.6,286.6,286.6,957.0
GP,2023-04-09,286.6,286.6,286.6,286.6,176.0
GP,2023-04-10,286.6,286.6,286.6,286.6,279.0
GP,2023-04-11,286.6,286.6,286.6,286.6,226.0
GP,2023-04-12,286.6,286.6,286.6,286.6,3252.0
GP,2023-04-13,286.6,286.6,286.6,286.6,1432.0
GP,2023-04-16,286.6,286.6,286.6,286.6,1278.0
GP,2023-04-17,286.6,286.6,286.6,286.6,297.0
GP,2023-04-18,286.6,286.6,286.6,286.6,293.0
GP,2023-04-24,286.6,286.6,286.6,286.6,557.0
GP,2023-04-25,286.6,286.6,286.6,286.6,12180.0
GP,2023-04-26,286.6,286.6,286.6,286.6,1944.0
GP,2023-04-27,286.6,286.6,286.6,286.6,2070.0
GP,2023-04-30,286.6,286.6,286.6,286.6,3547.0
GP,2023-05-02,286.6,286.6,286.6,286.6,1752.0
GP,2023-05-03,286.6,286.6,286.6,286.6,2071.0
GP,2023-05-07,286.6,286.6,286.6,286.6,2899.0
GP,2023-05-08,286.6,286.6,286.6,286.6,5136.0
GP,2023-05-09,286.6,286.6,286.6,286.6,1954.0
GP,2023-05-10,286.6,286.6,286.6,286.6,1979.0
GP,2023-05-11,286.6,286.6,286.6,286.6,2445.0
GP,2023-05-14,286.6,286.6,286.6,286.6,1507.0
GP,2023-05-15,286.6,286.6,286.6,286.6,28452.0
GP,2023-05-16,286.6,286.6,286.6,286.6,2783.0
GP,2023-05-17,286.6,286.6,286.6,286.6,4068.0
GP,2023-05-18,286.6,286.6,286.6,286.6,3408.0
GP,2023-05-21,286.6,286.6,286.6,286.6,3054.0
GP,2023-05-22,286.6,286.6,286.6,286.6,3640.0
GP,2023-05-23,286.6,286.6,286.6,286.6,1889.0
GP,2023-05-24,286.6,286.6,286.6,286.6,1667.0
GP,2023-05-25,286.6,286.6,286.6,286.6,1038.0
GP,2023-05-28,286.6,286.6,286.6,286.6,1819.0
GP,2023-05-29,286.6,286.6,286.6,286.6,2540.0
GP,2023-05-30,286.6,286.6,286.6,286.6,2945.0
GP,2023-05-31,286.6,286.6,286.6,286.6,2545.0
GP,2023-06-01,286.6,286.6,286.6,286.6,1079.0
GP,2023-06-04,286.6,286.6,286.6,286.6,1873.0
GP,2023-06-05,286.6,286.6,286.6,286.6,1595.0
GP,2023-06-06,286.6,286.6,286.6,286.6,3005.0
GP,2023-06-07,286.6,286.6,286.6,286.6,507.0
GP,2023-06-08,286.6,286.6,286.6,286.6,7699.0
GP,2023-06-11,286.6,286.6,286.6,286.6,2020.0
GP,2023-06-12,286.6,286.6,286.6,286.6,2141.0
GP,2023-06-13,286.6,286.6,286.6,286.6,2513.0
GP,2023-06-14,286.6,286.6,286.6,286.6,394.0
GP,2023-06-15,286.6,286.6,286.6,286.6,5557.0
GP,2023-06-18,286.6,286.6,286.6,286.6,4694.0
GP,2023-06-19,286.6,286.6,286.6,286.6,2520.0
GP,2023-06-20,286.6,286.6,286.6,286.6,5557.0
GP,2023-06-21,286.6,286.6,286.6,286.6,5241.0
GP,2023-06-22,286.6,286.6,286.6,286.6,5915.0
GP,2023-06-25,286.6,286.6,286.6,286.6,12098.0
GP,2023-06-26,286.6,286.6,286.6,286.6,23568.0
GP,2023-07-02,286.6,286.6,286.6,286.6,1682.0
GP,2023-07-03,286.6,286.6,286.6,286.6,3526.0
GP,2023-07-04,286.6,286.6,286.6,286.6,1134.0
GP,2023-07-05,286.6,286.6,286.6,286.6,2410.0
GP,2023-07-06,286.6,286.6,286.6,286.6,2332.0
GP,2023-07-09,286.6,286.6,286.6,286.6,1785.0
GP,2023-07-10,286.6,286.6,286.6,286.6,9640.0
GP,2023-07-11,286.6,286.6,286.6,286.6,1513.0
GP,2023-07-12,286.6,286.6,286.6,286.6,2679.0
GP,2023-07-13,286.6,286.6,286.6,286.6,5571.0
GP,2023-07-16,286.6,286.6,286.6,286.6,2662.0
GP,2023-07-17,286.6,286.6,286.6,286.6,3901.0
GP,2023-07-18,286.6,286.6,286.6,286.6,14806.0
GP,2023-07-19,286.6,286.6,286.6,286.6,6659.0
GP,2023-07-20,286.6,286.6,286.6,286.6,3985.0
GP,2023-07-23,286.6,286.6,286.6,286.6,2597.0
GP,2023-07-24,286.6,286.6,286.6,286.6,2564.0
GP,2023-07-25,286.6,286.6,286.6,286.6,5049.0
GP,2023-07-26,286.6,286.6,286.6,286.6,1164.0
GP,2023-07-27,286.6,286.6,286.6,286.6,1852.0
GP,2023-07-30,286.6,286.6,286.6,286.6,1567.0
GP,2023-07-31,286.6,286.6,286.6,286.6,987.0
GP,2023-08-01,286.6,286.6,286.6,286.6,398.0
GP,2023-08-02,286.6,286.6,286.6,286.6,581.0
GP,2023-08-03,286.6,286.6,286.6,286.6,2048.0
GP,2023-08-06,286.6,286.6,286.6,286.6,975.0
GP,2023-08-07,286.6,286.6,286.6,286.6,583.0
GP,2023-08-08,286.6,286.6,286.6,286.6,1053.0
GP,2023-08-09,286.6,286.6,286.6,286.6,2677.0
GP,2023-08-10,286.6,286.6,286.6,286.6,1229.0
GP,2023-08-13,286.6,286.6,286.6,286.6,990.0
GP,2023-08-14,286.6,286.6,286.6,286.6,694.0
GP,2023-08-16,286.6,286.6,286.6,286.6,2102.0
GP,2023-08-17,286.6,286.6,286.6,286.6,3233.0
GP,2023-08-20,286.6,286.6,286.6,286.6,665.0
GP,2023-08-21,286.6,286.6,286.6,286.6,1679.0
GP,2023-08-22,286.6,286.6,286.6,286.6,537.0
GP,2023-08-23,286.6,286.6,286.6,286.6,3130.0
GP,2023-08-24,286.6,286.6,286.6,286.6,657.0
GP,2023-08-27,286.6,286.6,286.6,286.6,303.0
GP,2023-08-28,286.6,286.6,286.6,286.6,1630.0
GP,2023-08-29,286.6,286.6,286.6,286.6,4504.0
GP,2023-08-30,286.6,286.6,286.6,286.6,1164.0
GP,2023-08-31,286.6,286.6,286.6,286.6,606.0
GP,2023-09-03,286.6,286.6,286.6,286.6,1216.0
GP,2023-09-04,286.6,286.6,286.6,286.6,349.0
GP,2023-09-05,286.6,286.6,286.6,286.6,1658.0
GP,2023-09-07,286.6,286.6,286.6,286.6,662.0
GP,2023-09-10,286.6,286.6,286.6,286.6,1309.0
GP,2023-09-11,286.6,286.6,286.6,286.6,2308.0
GP,2023-09-12,286.6,286.6,286.6,286.6,337.0
GP,2023-09-13,286.6,286.6,286.6,286.6,1246.0
GP,2023-09-14,286.6,286.6,286.6,286.6,564.0
GP,2023-09-17,286.6,286.6,286.6,286.6,2167.0
GP,2023-09-18,286.6,286.6,286.6,286.6,2793.0
GP,2023-09-19,286.6,286.6,286.6,286.6,206.0
GP,2023-09-20,286.6,286.6,286.6,286.6,1150.0
GP,2023-09-21,286.6,286.6,286.6,286.6,2816.0
GP,2023-09-24,286.6,286.6,286.6,286.6,2065.0
GP,2023-09-25,286.6,286.6,286.6,286.6,62.0
GP,2023-09-26,286.6,286.6,286.6,286.6,568.0
GP,2023-09-27,286.6,286.6,286.6,286.6,481.0
GP,2023-10-01,286.6,286.6,286.6,286.6,697.0
GP,2023-10-02,286.6,286.6,286.6,286.6,2934.0
GP,2023-10-03,286.6,286.6,286.6,286.6,811.0
GP,2023-10-04,286.6,286.6,286.6,286.6,320.0
GP,2023-10-05,286.6,286.6,286.6,286.6,480.0
GP,2023-10-08,286.6,286.6,286.6,286.6,314.0
GP,2023-10-09,286.6,286.6,286.6,286.6,411.0
GP,2023-10-10,286.6,286.6,286.6,286.6,84.0
GP,2023-10-11,286.6,286.6,286.6,286.6,1306.0
GP,2023-10-12,286.6,286.6,286.6,286.6,639.0
GP,2023-10-15,286.6,286.6,286.6,286.6,117.0
GP,2023-10-16,286.6,286.6,286.6,286.6,639.0
GP,2023-10-17,286.6,286.6,286.6,286.6,2373.0
GP,2023-10-18,286.6,286.6,286.6,286.6,429.0
GP,2023-10-19,286.6,286.6,286.6,286.6,140.0
GP,2023-10-22,286.6,286.6,286.6,286.6,459.0
GP,2023-10-23,286.6,286.6,286.6,286.6,797.0
GP,2023-10-25,286.6,286.6,286.6,286.6,3327.0
GP,2023-10-26,286.6,286.6,286.6,286.6,1087.0
GP,2023-10-29,286.6,286.6,286.6,286.6,790.0
GP,2023-10-30,286.6,286.6,286.6,286.6,834.0
GP,2023-10-31,286.6,286.6,286.6,286.6,110.0
GP,2023-11-01,286.6,286.6,286.6,286.6,444.0
GP,2023-11-02,286.6,286.6,286.6,286.6,505.0
GP,2023-11-05,286.6,286.6,286.6,286.6,1139.0
GP,2023-11-06,286.6,286.6,286.6,286.6,105.0
GP,2023-11-07,286.6,286.6,286.6,286.6,216.0
GP,2023-11-08,286.6,286.6,286.6,286.6,2463.0
GP,2023-11-09,286.6,286.6,286.6,286.6,276.0
GP,2023-11-12,286.6,286.6,286.6,286.6,114.0
GP,2023-11-13,286.6,286.6,286.6,286.6,115.0
GP,2023-11-14,286.6,286.6,286.6,286.6,130.0
GP,2023-11-15,286.6,286.6,286.6,286.6,451.0
GP,2023-11-16,286.6,286.6,286.6,286.6,259.0
GP,2023-11-19,286.6,286.6,286.6,286.6,402.0
GP,2023-11-20,286.6,286.6,286.6,286.6,3613.0
GP,2023-11-21,286.6,286.6,286.6,286.6,230.0
GP,2023-11-22,286.6,286.6,286.6,286.6,2749.0
GP,2023-11-23,286.6,286.6,286.6,286.6,432.0
GP,2023-11-26,286.6,286.6,286.6,286.6,433.0
GP,2023-11-27,286.6,286.6,286.6,286.6,25.0
GP,2023-11-28,286.6,286.6,286.6,286.6,399.0
GP,2023-11-29,286.6,286.6,286.6,286.6,1678.0
GP,2023-11-30,286.6,286.6,286.6,286.6,302.0
GP,2023-12-03,286.6,286.6,286.6,286.6,595.0
GP,2023-12-04,286.6,286.6,286.6,286.6,273.0
GP,2023-12-05,286.6,286.6,286.6,286.6,658.0
GP,2023-12-06,286.6,286.6,286.6,286.6,765.0
GP,2023-12-07,286.6,286.6,286.6,286.6,1514.0
GP,2023-12-10,286.6,286.6,286.6,286.6,1718.0
GP,2023-12-11,286.6,286.6,286.6,286.6,765.0
GP,2023-12-12,286.6,286.6,286.6,286.6,762.0
GP,2023-12-13,286.6,286.6,286.6,286.6,1629.0
GP,2023-12-14,286.6,286.6,286.6,286.6,1268.0
GP,2023-12-17,286.6,286.6,286.6,286.6,3113.0
GP,2023-12-18,286.6,286.6,286.6,286.6,1215.0
GP,2023-12-19,286.6,286.6,286.6,286.6,1468.0
GP,2023-12-20,286.6,286.6,286.6,286.6,273.0
GP,2023-12-21,286.6,286.6,286.6,286.6,1967.0
GP,2023-12-24,286.6,286.6,286.6,286.6,11068.0
GP,2023-12-26,286.6,286.6,286.6,286.6,266.0
GP,2023-12-27,286.6,286.6,286.6,286.6,4281.0
GP,2023-12-28,286.6,286.6,286.6,286.6,3009.0
GP,2024-01-01,286.6,286.6,286.6,286.6,1364.0
GP,2024-01-02,286.6,286.6,286.6,286.6,907.0
GP,2024-01-03,286.6,286.6,286.6,286.6,924.0
GP,2024-01-04,286.6,286.6,286.6,286.6,666.0
GP,2024-01-08,286.6,286.6,286.6,286.6,703.0
GP,2024-01-09,286.6,286.6,286.6,286.6,8514.0
GP,2024-01-10,286.6,286.6,286.6,286.6,3204.0
GP,2024-01-11,286.6,286.6,286.6,286.6,3829.0
GP,2024-01-14,286.6,286.6,286.6,286.6,3037.0
GP,2024-01-15,286.6,286.6,286.6,286.6,293.0
GP,2024-01-16,286.6,286.6,286.6,286.6,1761.0
GP,2024-01-17,286.6,286.6,286.6,286.6,1708.0
GP,2024-01-18,286.6,286.6,286.6,286.6,1280.0
GP,2024-01-21,286.6,286.6,286.6,286.6,3802.0
GP,2024-01-22,286.6,286.6,286.6,286.6,523.0
GP,2024-01-23,286.6,286.6,286.6,286.6,2981.0
GP,2024-01-24,286.6,286.6,286.6,286.6,10466.0
GP,2024-01-25,286.6,286.6,286.6,286.6,832.0
GP,2024-01-28,286.6,286.6,286.6,286.6,135.0
GP,2024-01-29,286.6,286.6,286.6,286.6,650.0
GP,2024-01-30,286.6,286.6,286.6,286.6,493.0
GP,2024-01-31,286.6,286.6,286.6,286.6,115.0
GP,2024-02-01,286.6,286.6,286.6,286.6,1379.0
GP,2024-02-04,286.6,286.6,286.6,286.6,2653.0
GP,2024-02-05,286.6,286.6,286.6,286.6,2015.0
GP,2024-02-06,286.6,286.6,286.6,286.6,4501.0
GP,2024-02-07,286.6,286.6,286.6,286.6,1444.0
GP,2024-02-08,286.6,286.6,286.6,286.6,2626.0
GP,2024-02-11,286.6,286.6,286.6,286.6,2781.0
GP,2024-02-12,286.6,286.6,286.6,286.6,6906.0
GP,2024-02-13,286.6,286.6,286.6,286.6,6959.0
GP,2024-02-14,286.6,286.6,286.6,286.6,2813.0
GP,2024-02-15,286.6,286.6,286.6,286.6,1422.0
GP,2024-02-18,286.6,286.6,286.6,286.6,5028.0
GP,2024-02-19,286.6,286.6,286.6,286.6,2945.0
GP,2024-02-20,286.6,286.6,286.6,286.6,776.0
GP,2024-02-22,286.6,286.6,286.6,286.6,2777.0
GP,2024-02-25,286.6,286.6,286.6,286.6,2987.0
GP,2024-02-27,286.6,286.6,286.6,286.6,2752.0
GP,2024-02-28,286.6,286.6,286.6,286.6,3472.0
GP,2024-03-03,265.8,265.8,261.6,261.6,743410.0
GP,2024-03-04,246.3,261.0,246.3,257.2,650642.0
GP,2024-03-05,257.2,259.3,252.0,252.6,550991.0
GP,2024-03-06,252.6,258.8,251.5,256.7,528288.0
GP,2024-03-07,258.1,258.1,252.0,253.5,235104.0
GP,2024-03-10,255.0,255.0,250.0,250.4,148983.0
GP,2024-03-11,250.0,251.0,245.1,246.6,204910.0
GP,2024-03-12,251.0,251.0,243.1,244.9,243779.0
GP,2024-03-13,244.4,244.9,239.5,241.2,453583.0
GP,2024-03-14,243.5,245.0,240.5,243.3,167435.0
GP,2024-03-18,240.0,247.0,236.5,243.5,248732.0
GP,2024-03-19,241.0,244.7,237.4,242.5,112842.0
GP,2024-03-20,244.0,244.0,240.2,240.7,99244.0
GP,2024-03-21,241.0,242.0,240.0,240.6,169415.0
GP,2024-03-24,243.9,243.9,241.5,242.2,67221.0
GP,2024-03-25,243.9,243.9,240.0,241.6,88006.0
GP,2024-03-27,244.0,244.0,238.5,238.7,164663.0
GP,2024-03-28,238.7,239.9,235.0,235.8,366417.0
GP,2024-03-31,235.8,242.5,235.8,237.8,35373.0
GP,2024-04-01,242.8,242.8,236.2,236.9,64603.0
GP,2024-04-02,235.5,239.1,235.0,237.7,65688.0
GP,2024-04-03,239.9,240.5,238.3,239.6,207866.0
GP,2024-04-04,239.6,241.2,239.0,240.2,119953.0
GP,2024-04-08,242.4,242.4,238.5,240.2,140908.0
GP,2024-04-09,241.0,241.5,239.5,240.0,83564.0
GP,2024-04-15,241.0,241.0,238.5,238.9,34671.0
GP,2024-04-16,238.5,240.0,233.6,236.1,75037.0
GP,2024-04-17,236.1,238.9,236.0,236.9,39710.0
GP,2024-04-18,236.1,237.7,234.0,234.7,57608.0
GP,2024-04-21,234.7,236.9,234.0,234.2,31324.0
GP,2024-04-22,237.4,237.4,232.2,233.1,88723.0
GP,2024-04-23,233.6,234.0,232.5,232.6,36698.0
GP,2024-04-24,232.5,233.7,231.7,232.5,73774.0
GP,2024-04-25,232.5,238.5,229.8,235.0,198599.0
GP,2024-04-28,235.0,243.2,235.0,240.5,127066.0
GP,2024-04-29,244.0,244.0,235.7,236.5,97374.0
GP,2024-04-30,239.0,239.0,235.2,235.8,100191.0
GP,2024-05-02,236.0,239.0,236.0,237.6,189769.0
GP,2024-05-05,237.6,240.8,237.6,239.5,91141.0
GP,2024-05-06,241.9,241.9,238.5,239.7,270193.0
GP,2024-05-07,241.8,241.8,239.0,239.5,462408.0
GP,2024-05-08,239.5,240.9,238.4,238.7,137311.0
GP,2024-05-09,239.9,239.9,236.0,237.4,228077.0
GP,2024-05-12,239.0,239.0,236.1,236.9,39818.0
GP,2024-05-13,237.2,239.5,237.1,238.6,55522.0
GP,2024-05-14,239.0,239.0,236.5,237.0,37882.0
GP,2024-05-15,238.5,238.5,233.0,233.6,52674.0
GP,2024-05-16,233.6,236.0,231.7,232.3,74534.0
GP,2024-05-19,232.3,233.0,225.4,225.8,67943.0
GP,2024-05-20,224.9,228.0,224.0,224.4,122031.0
GP,2024-05-21,224.5,230.0,224.5,225.3,76248.0
GP,2024-05-23,231.8,231.8,224.0,224.9,81866.0
GP,2024-05-26,228.5,228.5,224.0,226.0,66596.0
GP,2024-05-27,226.0,229.7,225.0,229.3,38189.0
GP,2024-05-28,232.0,236.0,224.7,225.5,108419.0
GP,2024-05-29,229.0,230.0,226.3,227.7,38541.0
GP,2024-05-30,228.0,229.0,222.2,223.5,113546.0
GP,2024-06-02,226.9,229.5,223.5,225.4,54627.0
GP,2024-06-03,227.9,228.0,224.2,225.7,45141.0
GP,2024-06-04,228.0,233.5,225.5,227.5,64724.0
GP,2024-06-05,225.1,230.0,225.0,226.2,62156.0
GP,2024-06-06,225.0,229.9,225.0,227.6,78816.0
GP,2024-06-09,225.6,229.9,225.6,229.1,65657.0
GP,2024-06-10,230.0,230.0,223.5,225.4,123661.0
GP,2024-06-11,225.4,228.4,222.9,223.5,208285.0
GP,2024-06-12,222.0,225.7,222.0,223.0,209975.0
GP,2024-06-13,226.7,226.7,223.6,224.1,116386.0
GP,2024-06-19,224.0,225.0,221.8,222.2,140713.0
GP,2024-06-20,223.9,225.4,221.0,224.9,109330.0
GP,2024-06-23,228.8,228.8,224.9,226.9,135144.0
GP,2024-06-24,228.9,228.9,225.1,228.2,116913.0
GP,2024-06-25,228.2,229.5,226.5,228.7,114191.0
GP,2024-06-26,229.9,237.0,228.4,236.2,199823.0
GP,2024-06-27,236.2,242.0,236.0,241.4,114798.0
GP,2024-06-30,240.1,248.4,234.7,247.7,221085.0
GP,2024-07-02,247.6,247.6,240.3,244.0,162555.0
GP,2024-07-03,239.9,243.7,239.1,240.2,75290.0
GP,2024-07-04,240.2,246.1,240.2,245.6,101847.0
GP,2024-07-07,243.0,252.0,242.0,251.2,172685.0
GP,2024-07-08,251.0,253.2,247.0,248.8,181626.0
GP,2024-07-09,248.8,248.8,242.6,245.1,233433.0
GP,2024-07-10,250.0,250.0,241.4,244.7,109017.0
GP,2024-07-11,247.0,248.5,242.9,243.5,91363.0
GP,2024-07-14,246.0,246.0,242.6,244.5,133230.0
GP,2024-07-15,245.9,245.9,243.2,244.6,39142.0
GP,2024-07-16,247.0,251.0,245.0,249.3,80158.0
GP,2024-07-18,261.3,261.3,250.9,251.6,460045.0
GP,2024-07-24,248.2,251.5,248.0,249.1,174789.0
GP,2024-07-25,248.1,255.0,248.0,254.1,156017.0
GP,2024-07-28,254.1,258.2,254.1,257.0,150331.0
GP,2024-07-29,257.0,257.0,253.7,254.2,109024.0
GP,2024-07-30,254.2,254.2,248.8,250.8,97336.0
GP,2024-07-31,248.0,253.7,248.0,252.5,121890.0
GP,2024-08-01,254.7,255.3,250.2,254.8,106714.0
GP,2024-08-04,247.2,254.0,247.2,247.2,178398.0
GP,2024-08-06,268.8,268.8,268.8,268.8,282456.0
GP,2024-08-07,292.3,292.3,292.3,292.3,224233.0
GP,2024-08-08,317.8,317.8,317.8,317.8,298675.0
GP,2024-08-11,345.6,345.6,310.1,345.6,4058202.0
GP,2024-08-12,368.9,368.9,341.0,355.5,3192819.0
GP,2024-08-14,355.5,382.9,345.1,379.2,4329700.0
GP,2024-08-15,381.0,387.0,375.0,377.0,2244164.0
GP,2024-08-18,374.9,374.9,365.7,365.7,1339158.0
GP,2024-08-19,354.8,366.0,354.8,354.8,2269574.0
GP,2024-08-20,353.0,357.9,344.2,344.3,1539755.0
GP,2024-08-21,344.3,344.3,334.0,334.0,344161.0
GP,2024-08-22,324.0,350.0,324.0,346.2,2538019.0
GP,2024-08-25,354.0,354.0,335.9,336.8,904436.0
GP,2024-08-27,335.0,336.0,326.7,329.8,984507.0
GP,2024-08-28,330.0,350.0,329.8,348.9,1074849.0
GP,2024-08-29,348.9,355.0,341.5,344.0,1025618.0
GP,2024-09-01,345.0,352.8,342.1,343.1,625139.0
GP,2024-09-02,344.1,346.9,338.4,342.9,734763.0
GP,2024-09-03,342.9,349.9,341.6,343.4,620343.0
GP,2024-09-04,345.0,347.9,339.7,340.3,500231.0
GP,2024-09-05,343.0,343.0,335.8,338.4,511264.0
GP,2024-09-08,340.9,346.3,339.5,340.1,533088.0
GP,2024-09-09,341.9,342.0,336.5,338.7,362879.0
GP,2024-09-10,340.0,341.9,336.8,339.8,426698.0
GP,2024-09-11,340.3,343.0,335.5,336.4,434422.0
GP,2024-09-12,337.9,337.9,330.3,331.6,537542.0
GP,2024-09-15,331.6,337.0,325.0,334.1,648849.0
GP,2024-09-17,334.3,337.0,329.9,330.8,298829.0
GP,2024-09-18,332.0,333.0,327.9,328.5,279297.0
GP,2024-09-19,328.6,344.2,327.0,343.4,932054.0
GP,2024-09-22,346.0,349.9,338.3,339.7,838126.0
GP,2024-09-23,339.7,346.1,336.6,342.8,636653.0
GP,2024-09-24,345.0,353.6,342.8,349.4,1717526.0
GP,2024-09-25,347.1,355.1,347.1,351.4,1461046.0
GP,2024-09-26,351.4,352.9,344.1,349.4,896463.0
GP,2024-09-29,350.0,352.3,347.0,349.3,937879.0
GP,2024-09-30,349.0,351.8,346.2,350.2,710523.0
GP,2024-10-01,351.9,355.0,347.5,348.5,496884.0
GP,2024-10-02,347.1,347.1,340.0,341.1,605425.0
GP,2024-10-03,344.0,344.0,334.5,337.9,329300.0
GP,2024-10-06,338.1,340.4,331.2,332.0,275110.0
GP,2024-10-07,332.1,333.9,325.0,325.8,348076.0
GP,2024-10-08,327.8,333.2,324.0,329.4,367698.0
GP,2024-10-09,331.0,339.0,331.0,338.1,322416.0
GP,2024-10-14,338.3,343.0,334.3,335.5,301884.0
GP,2024-10-15,335.5,337.0,331.6,335.4,159112.0
GP,2024-10-16,335.5,340.0,333.4,337.6,211817.0
GP,2024-10-17,338.0,339.2,334.5,335.0,148533.0
GP,2024-10-20,338.0,338.0,331.4,332.8,187976.0
GP,2024-10-21,333.1,333.5,327.0,329.3,226326.0
GP,2024-10-22,332.0,332.0,329.0,330.7,120824.0
GP,2024-10-23,330.7,333.0,321.6,322.3,365712.0
GP,2024-10-24,322.4,322.4,309.4,316.9,558253.0
GP,2024-10-27,316.9,316.9,304.2,305.7,295120.0
GP,2024-10-28,307.0,309.9,301.0,304.6,254286.0
GP,2024-10-29,305.0,313.6,301.6,311.2,300427.0
GP,2024-10-30,314.8,319.9,312.5,317.5,254401.0
GP,2024-10-31,319.0,319.0,312.5,314.2,274246.0
GP,2024-11-03,315.0,316.9,310.0,310.4,178071.0
GP,2024-11-04,310.0,316.8,308.2,314.8,208715.0
GP,2024-11-05,316.6,319.5,312.6,316.1,324123.0
GP,2024-11-06,316.1,318.7,311.5,315.7,427101.0
GP,2024-11-07,320.0,325.0,313.0,321.1,433223.0
GP,2024-11-10,324.0,324.0,317.0,318.3,154401.0
GP,2024-11-11,319.0,327.4,318.8,325.6,350206.0
GP,2024-11-12,325.7,333.0,324.0,328.8,436589.0
GP,2024-11-13,329.3,329.3,324.2,325.5,149814.0
GP,2024-11-14,326.5,330.1,323.2,326.0,251263.0
GP,2024-11-17,327.0,327.8,320.1,320.7,254040.0
GP,2024-11-18,320.5,323.0,317.3,318.8,130028.0
GP,2024-11-19,318.8,324.8,313.0,320.4,285523.0
GP,2024-11-20,321.2,324.6,317.0,322.9,229396.0
GP,2024-11-21,322.9,322.9,317.1,318.2,94214.0
GP,2024-11-24,316.1,319.0,316.0,317.8,75527.0
GP,2024-11-25,317.0,318.8,314.1,315.2,97674.0
GP,2024-11-26,315.3,320.1,315.3,318.8,107283.0
GP,2024-11-27,320.0,324.5,316.1,321.1,413979.0
GP,2024-11-28,322.9,322.9,318.7,319.7,186193.0
GP,2024-12-01,318.5,319.2,316.7,317.8,128825.0
GP,2024-12-02,318.9,320.0,317.5,319.2,163215.0
GP,2024-12-03,319.2,325.1,318.1,323.8,360259.0
GP,2024-12-04,324.5,326.4,319.0,320.5,220520.0
GP,2024-12-05,320.2,320.5,317.1,317.6,109121.0
GP,2024-12-08,319.6,319.6,316.0,318.2,102040.0
GP,2024-12-09,318.2,321.3,317.1,317.9,76574.0
GP,2024-12-10,319.9,320.5,315.7,316.3,108159.0
GP,2024-12-11,318.0,318.0,313.0,313.5,101840.0
GP,2024-12-12,312.5,315.5,312.5,314.6,38695.0
GP,2024-12-15,315.1,315.7,313.1,314.3,184535.0
GP,2024-12-17,315.0,320.6,314.7,320.0,124858.0
GP,2024-12-18,320.0,326.2,318.8,324.2,362952.0
GP,2024-12-19,324.5,326.0,319.4,325.4,317228.0
GP,2024-12-22,325.8,326.3,324.0,325.2,188725.0
GP,2024-12-23,325.6,326.0,323.0,323.5,66634.0
GP,2024-12-24,324.2,324.2,322.1,322.5,63706.0
GP,2024-12-26,323.9,323.9,321.5,322.5,52461.0
GP,2024-12-29,322.5,324.0,319.0,322.5,165469.0
GP,2024-12-30,320.1,325.5,320.1,323.1,120082.0
GP,2025-01-01,323.5,325.9,323.5,325.1,112900.0
GP,2025-01-02,324.5,325.3,323.4,324.2,98807.0
GP,2025-01-05,321.5,326.0,321.4,324.7,128148.0
GP,2025-01-06,325.6,325.9,323.9,325.2,160868.0
GP,2025-01-07,325.8,328.6,325.3,326.1,186648.0
GP,2025-01-08,326.0,328.0,324.5,326.7,136494.0
GP,2025-01-09,327.8,333.3,325.5,332.4,401666.0
GP,2025-01-12,332.5,336.0,330.7,335.0,258573.0
GP,2025-01-13,334.2,340.0,333.0,339.1,1139308.0
GP,2025-01-14,340.0,340.0,331.7,332.9,171885.0
GP,2025-01-15,334.3,334.3,329.0,329.4,118648.0
GP,2025-01-16,329.1,333.0,328.9,331.1,70219.0
GP,2025-01-19,332.8,333.0,329.6,332.5,110903.0
GP,2025-01-20,333.5,334.0,331.9,333.1,147108.0
GP,2025-01-21,333.3,336.2,333.0,335.8,164250.0
GP,2025-01-22,336.9,336.9,333.9,335.7,93765.0
GP,2025-01-23,335.9,335.9,333.0,333.7,51622.0
GP,2025-01-26,331.8,333.7,329.3,330.1,116645.0
GP,2025-01-27,331.0,331.5,328.5,330.8,141063.0
GP,2025-01-28,330.0,332.8,329.7,331.7,113546.0
GP,2025-01-29,331.7,333.5,331.0,333.1,135287.0
GP,2025-01-30,331.9,336.7,331.9,335.4,157549.0
GP,2025-02-02,336.7,338.8,335.0,336.8,304690.0
GP,2025-02-03,332.0,339.4,332.0,337.0,555698.0
GP,2025-02-04,340.1,342.0,335.6,338.6,385528.0
GP,2025-02-05,340.0,340.0,337.7,338.0,313570.0
GP,2025-02-06,338.0,338.7,337.2,337.8,127622.0
GP,2025-02-09,337.3,338.2,336.0,336.6,131960.0
GP,2025-02-10,339.5,339.5,335.8,337.6,158751.0
GP,2025-02-11,338.0,338.0,336.0,337.1,66921.0
GP,2025-02-12,336.6,337.4,336.6,336.9,155791.0
GP,2025-02-13,336.1,339.4,336.1,338.6,159622.0
GP,2025-02-16,339.9,341.8,338.3,340.6,387159.0
GP,2025-02-17,341.0,346.5,341.0,345.8,1171546.0
GP,2025-02-18,347.9,347.9,342.7,343.8,421025.0
GP,2025-02-19,343.7,344.8,340.8,343.7,355635.0
GP,2025-02-20,343.2,347.0,341.7,345.7,476692.0
GP,2025-02-23,345.7,347.6,343.0,346.4,669057.0
GP,2025-02-24,346.0,347.0,344.5,344.9,220604.0
GP,2025-02-25,345.0,345.1,342.0,344.1,620471.0
GP,2025-02-27,331.0,333.0,325.0,328.2,201281.0
GP,2025-03-02,327.4,328.8,323.0,324.9,120276.0
GP,2025-03-03,325.0,327.8,324.0,326.9,136978.0
GP,2025-03-04,327.1,327.5,325.0,325.4,108861.0
GP,2025-03-05,325.5,326.7,325.0,325.3,55471.0
GP,2025-03-06,325.4,325.5,324.3,324.8,84006.0
GP,2025-03-09,325.0,325.0,323.4,323.9,57078.0
GP,2025-03-10,323.5,331.0,322.9,326.8,189477.0
GP,2025-03-11,326.8,330.0,324.2,324.9,65750.0
GP,2025-03-12,326.5,326.5,325.0,325.5,43084.0
GP,2025-03-13,325.5,327.8,324.7,325.4,82422.0
GP,2025-03-16,325.4,325.4,324.1,324.8,86108.0
GP,2025-03-17,324.9,324.9,322.1,322.6,190531.0
GP,2025-03-18,322.3,324.4,320.6,321.2,120043.0
GP,2025-03-19,324.4,324.4,319.4,319.7,88582.0
GP,2025-03-20,319.6,320.8,319.3,319.6,110865.0
GP,2025-03-23,319.6,321.8,318.4,319.9,80213.0
GP,2025-03-24,319.9,321.8,318.0,318.4,69437.0
GP,2025-03-25,321.2,321.2,318.8,319.5,51708.0
GP,2025-03-27,320.5,324.7,319.5,321.9,30172.0
GP,2025-04-06,322.0,322.0,317.2,320.8,59102.0
GP,2025-04-07,320.1,325.3,320.1,322.5,85981.0
GP,2025-04-08,322.5,324.8,320.1,320.5,74528.0
JAMUNAOIL,2022-05-16,170.0,170.0,165.5,167.0,4962.0
JAMUNAOIL,2022-05-17,165.3,167.0,164.0,165.2,11588.0
JAMUNAOIL,2022-05-18,165.2,167.0,164.5,164.9,10658.0
JAMUNAOIL,2022-05-19,164.5,166.0,164.0,164.4,10500.0
JAMUNAOIL,2022-05-22,164.4,164.4,161.6,162.8,14446.0
JAMUNAOIL,2022-05-23,163.0,166.8,163.0,164.2,5086.0
JAMUNAOIL,2022-05-24,168.6,168.6,164.0,164.2,3214.0
JAMUNAOIL,2022-05-25,164.2,167.4,164.2,167.1,3858.0
JAMUNAOIL,2022-05-26,166.1,168.0,166.1,167.2,10106.0
JAMUNAOIL,2022-05-29,167.0,170.0,167.0,168.1,7686.0
JAMUNAOIL,2022-05-30,168.0,168.4,167.0,167.1,18086.0
JAMUNAOIL,2022-05-31,168.6,168.6,167.5,167.6,5176.0
JAMUNAOIL,2022-06-01,173.0,176.0,172.7,175.0,192897.0
JAMUNAOIL,2022-06-02,168.4,169.2,167.5,167.9,22479.0
JAMUNAOIL,2022-06-03,165.1,166.0,165.1,165.3,5192.0
JAMUNAOIL,2022-06-04,163.3,163.5,163.2,163.4,4987.0
JAMUNAOIL,2022-06-06,169.0,170.0,166.5,168.4,2691.0
JAMUNAOIL,2022-06-07,174.0,175.0,172.7,173.0,11628.0
JAMUNAOIL,2022-06-13,165.6,168.7,165.6,168.0,5297.0
JAMUNAOIL,2022-06-14,167.2,170.0,167.2,169.4,34067.0
JAMUNAOIL,2022-06-15,167.5,170.4,167.5,169.9,12808.0
JAMUNAOIL,2022-06-16,169.9,174.0,169.9,173.7,34265.0
JAMUNAOIL,2022-06-19,174.6,174.6,171.5,173.6,13331.0
JAMUNAOIL,2022-06-20,172.0,174.0,171.0,173.3,13796.0
JAMUNAOIL,2022-06-21,171.1,173.6,171.0,173.4,11061.0
JAMUNAOIL,2022-06-22,172.1,176.0,171.5,175.1,32569.0
JAMUNAOIL,2022-06-23,172.5,175.0,172.5,173.0,5751.0
JAMUNAOIL,2022-06-26,171.9,175.2,171.8,174.3,31636.0
JAMUNAOIL,2022-06-27,171.0,175.4,171.0,175.0,23080.0
JAMUNAOIL,2022-06-28,175.0,175.0,171.7,172.0,14889.0
JAMUNAOIL,2022-06-29,172.6,176.0,172.6,175.6,32590.0
JAMUNAOIL,2022-06-30,175.0,178.7,175.0,177.2,116953.0
JAMUNAOIL,2022-07-02,167.2,168.7,167.0,167.6,35699.0
JAMUNAOIL,2022-07-03,165.8,165.8,159.3,161.1,18558.0
JAMUNAOIL,2022-07-04,165.9,165.9,163.2,163.8,6230.0
JAMUNAOIL,2022-07-06,169.8,169.8,167.0,169.2,10041.0
JAMUNAOIL,2022-07-07,176.4,176.4,172.5,174.0,1206.0
JAMUNAOIL,2022-07-13,172.4,172.5,171.9,172.1,14516.0
JAMUNAOIL,2022-07-14,173.0,175.0,171.7,172.1,26476.0
JAMUNAOIL,2022-07-17,172.1,172.7,172.1,172.5,7011.0
JAMUNAOIL,2022-07-18,172.5,172.5,170.6,170.8,15473.0
JAMUNAOIL,2022-07-19,171.0,171.0,167.4,168.1,38045.0
JAMUNAOIL,2022-07-20,168.1,169.4,167.0,169.1,5123.0
JAMUNAOIL,2022-07-21,168.5,170.1,168.0,168.0,6928.0
JAMUNAOIL,2022-07-24,168.1,169.9,167.5,167.8,4309.0
JAMUNAOIL,2022-07-25,167.5,169.8,165.1,167.0,6855.0
JAMUNAOIL,2022-07-26,167.1,168.0,167.1,167.8,3455.0
JAMUNAOIL,2022-07-27,169.0,169.0,167.5,167.7,4608.0
JAMUNAOIL,2022-07-28,165.4,167.7,165.4,166.5,2351.0
JAMUNAOIL,2022-07-31,170.0,170.0,167.4,168.9,1155.0
JAMUNAOIL,2022-08-01,168.9,170.5,168.9,169.6,6452.0
JAMUNAOIL,2022-08-02,170.0,170.5,169.9,170.0,22661.0
JAMUNAOIL,2022-08-03,171.0,171.0,170.1,170.4,11297.0
JAMUNAOIL,2022-08-04,169.0,170.0,168.1,168.9,10490.0
JAMUNAOIL,2022-08-05,167.8,167.9,165.8,167.1,4893.0
JAMUNAOIL,2022-08-06,169.0,169.0,168.5,168.8,4226.0
JAMUNAOIL,2022-08-07,171.6,178.5,171.6,173.4,61020.0
JAMUNAOIL,2022-08-08,171.0,174.9,171.0,173.8,12787.0
JAMUNAOIL,2022-08-10,179.5,179.5,169.1,170.8,17388.0
JAMUNAOIL,2022-08-11,171.0,173.4,169.1,169.5,13691.0
JAMUNAOIL,2022-08-14,168.3,171.9,168.3,168.8,7739.0
JAMUNAOIL,2022-08-16,168.8,173.0,168.8,169.8,5302.0
JAMUNAOIL,2022-08-17,169.5,171.0,169.0,169.9,5010.0
JAMUNAOIL,2022-08-21,174.0,174.0,168.1,169.0,12475.0
JAMUNAOIL,2022-08-22,170.0,171.5,169.0,171.3,11920.0
JAMUNAOIL,2022-08-23,171.5,171.5,168.5,169.8,12500.0
JAMUNAOIL,2022-08-24,169.0,170.0,168.5,168.9,5416.0
JAMUNAOIL,2022-08-25,169.0,170.0,168.0,168.2,13814.0
JAMUNAOIL,2022-08-28,168.1,171.0,168.0,168.2,17825.0
JAMUNAOIL,2022-08-29,170.5,170.5,168.5,169.1,4690.0
JAMUNAOIL,2022-08-30,171.0,171.0,168.6,168.9,8104.0
JAMUNAOIL,2022-08-31,169.1,171.0,169.1,170.2,16703.0
JAMUNAOIL,2022-09-01,170.2,171.2,169.6,170.1,19069.0
JAMUNAOIL,2022-09-02,170.1,171.9,169.9,171.5,31389.0
JAMUNAOIL,2022-09-03,162.0,165.0,160.0,161.8,6719.0
JAMUNAOIL,2022-09-04,170.1,171.5,169.5,169.8,9985.0
JAMUNAOIL,2022-09-05,172.0,172.0,169.0,169.4,3286.0
JAMUNAOIL,2022-09-06,171.9,171.9,169.3,169.5,4555.0
JAMUNAOIL,2022-09-07,169.5,171.0,169.5,170.8,13614.0
JAMUNAOIL,2022-09-08,170.4,173.4,170.4,172.3,25442.0
JAMUNAOIL,2022-09-11,170.6,172.0,170.5,170.8,7365.0
JAMUNAOIL,2022-09-12,170.7,172.4,170.1,171.4,5792.0
JAMUNAOIL,2022-09-13,170.5,172.0,167.4,171.2,13341.0
JAMUNAOIL,2022-09-14,170.0,171.8,170.0,171.3,13661.0
JAMUNAOIL,2022-09-15,171.5,172.0,169.1,170.7,7564.0
JAMUNAOIL,2022-09-18,169.1,171.0,169.1,169.7,5683.0
JAMUNAOIL,2022-09-19,169.0,170.5,169.0,169.3,4717.0
JAMUNAOIL,2022-09-20,168.5,170.0,167.7,169.0,6729.0
JAMUNAOIL,2022-09-21,168.2,170.0,168.2,169.1,5630.0
JAMUNAOIL,2022-09-22,167.8,170.0,167.7,169.6,9607.0
JAMUNAOIL,2022-09-25,169.0,171.8,169.0,170.6,13905.0
JAMUNAOIL,2022-09-26,169.5,172.0,169.5,171.2,16617.0
JAMUNAOIL,2022-09-27,168.5,170.9,168.1,170.0,8194.0
JAMUNAOIL,2022-09-28,169.0,170.0,168.3,168.9,7492.0
JAMUNAOIL,2022-09-29,170.0,170.0,167.3,167.4,20002.0
JAMUNAOIL,2022-10-01,177.3,184.8,176.0,183.1,242243.0
JAMUNAOIL,2022-10-02,168.1,169.8,168.1,168.5,2531.0
JAMUNAOIL,2022-10-03,163.0,164.0,162.0,162.8,2441.0
JAMUNAOIL,2022-10-04,167.4,169.9,167.3,169.2,2837.0
JAMUNAOIL,2022-10-05,167.9,167.9,167.0,167.2,18774.0
JAMUNAOIL,2022-10-06,169.0,169.6,167.3,167.4,16461.0
JAMUNAOIL,2022-10-10,167.5,169.1,167.3,167.4,7001.0
JAMUNAOIL,2022-10-11,167.4,168.3,167.3,167.4,2588.0
JAMUNAOIL,2022-10-12,168.7,168.7,167.3,167.8,5304.0
JAMUNAOIL,2022-10-13,167.3,168.5,167.3,167.3,3342.0
JAMUNAOIL,2022-10-16,167.5,167.6,167.3,167.5,3688.0
JAMUNAOIL,2022-10-17,167.5,168.8,167.4,167.8,2684.0
JAMUNAOIL,2022-10-18,168.0,168.0,167.3,167.3,3165.0
JAMUNAOIL,2022-10-19,167.3,168.5,167.3,167.4,1434.0
JAMUNAOIL,2022-10-20,167.4,167.6,167.3,167.4,5114.0
JAMUNAOIL,2022-10-23,167.4,167.4,167.3,167.3,11249.0
JAMUNAOIL,2022-10-24,167.3,167.3,167.3,167.3,10.0
JAMUNAOIL,2022-10-25,167.3,167.3,167.3,167.3,148.0
JAMUNAOIL,2022-10-26,167.3,168.5,167.3,167.5,5791.0
JAMUNAOIL,2022-10-27,167.5,167.5,167.3,167.4,445.0
JAMUNAOIL,2022-10-30,171.8,171.8,167.3,169.6,1333.0
JAMUNAOIL,2022-10-31,167.3,168.0,167.3,167.5,6373.0
JAMUNAOIL,2022-11-01,167.5,167.5,167.3,167.4,1258.0
JAMUNAOIL,2022-11-02,167.5,171.8,167.5,169.7,2742.0
JAMUNAOIL,2022-11-03,170.0,170.0,167.3,169.6,4149.0
JAMUNAOIL,2022-11-04,163.8,165.3,163.7,164.1,2824.0
JAMUNAOIL,2022-11-05,167.6,170.2,165.1,169.9,99434.0
JAMUNAOIL,2022-11-06,169.3,170.7,167.3,167.5,2277.0
JAMUNAOIL,2022-11-07,167.5,169.8,167.5,168.0,2317.0
JAMUNAOIL,2022-11-08,167.4,169.9,167.3,167.3,23733.0
JAMUNAOIL,2022-11-09,167.3,169.4,167.3,167.3,4612.0
JAMUNAOIL,2022-11-10,167.3,167.3,167.3,167.3,6195.0
JAMUNAOIL,2022-11-13,171.8,171.8,167.3,167.7,20806.0
JAMUNAOIL,2022-11-14,167.5,168.6,167.3,168.1,34794.0
JAMUNAOIL,2022-11-15,167.4,169.8,167.3,168.2,17276.0
JAMUNAOIL,2022-11-16,168.0,169.8,167.5,168.2,4613.0
JAMUNAOIL,2022-11-17,167.8,168.5,167.4,167.6,8486.0
JAMUNAOIL,2022-11-20,167.4,169.0,167.3,168.6,10665.0
JAMUNAOIL,2022-11-21,168.6,169.0,167.3,167.6,9658.0
JAMUNAOIL,2022-11-22,167.4,168.0,167.3,167.8,5217.0
JAMUNAOIL,2022-11-23,168.0,168.7,167.4,167.4,1650.0
JAMUNAOIL,2022-11-24,167.5,169.0,167.4,167.8,7935.0
JAMUNAOIL,2022-11-27,167.8,168.4,167.4,168.0,7499.0
JAMUNAOIL,2022-11-28,169.0,169.0,168.0,168.7,5640.0
JAMUNAOIL,2022-11-29,168.9,168.9,167.6,167.9,11458.0
JAMUNAOIL,2022-11-30,168.0,169.5,167.8,169.0,12843.0
JAMUNAOIL,2022-12-01,168.6,170.5,168.4,170.1,20513.0
JAMUNAOIL,2022-12-04,170.1,171.5,170.0,171.1,21857.0
JAMUNAOIL,2022-12-05,170.6,171.6,170.6,171.5,22361.0
JAMUNAOIL,2022-12-06,171.7,172.0,170.8,172.0,24578.0
JAMUNAOIL,2022-12-07,174.5,174.5,171.3,172.1,19064.0
JAMUNAOIL,2022-12-08,172.0,175.5,171.6,173.3,17566.0
JAMUNAOIL,2022-12-11,174.0,174.5,173.5,174.3,17462.0
JAMUNAOIL,2022-12-12,174.5,175.0,173.0,174.6,7145.0
JAMUNAOIL,2022-12-13,174.7,175.0,173.3,174.1,19063.0
JAMUNAOIL,2022-12-14,174.4,175.0,173.5,174.3,24247.0
JAMUNAOIL,2022-12-15,174.7,174.8,173.6,173.8,32395.0
JAMUNAOIL,2022-12-18,174.8,174.8,172.6,173.9,79670.0
JAMUNAOIL,2022-12-19,175.0,175.0,172.3,173.7,91961.0
JAMUNAOIL,2022-12-21,167.3,167.3,167.3,167.3,1716.0
JAMUNAOIL,2022-12-22,167.3,167.3,167.3,167.3,113.0
JAMUNAOIL,2022-12-26,167.3,167.3,167.3,167.3,130.0
JAMUNAOIL,2022-12-27,167.3,167.3,167.3,167.3,672.0
JAMUNAOIL,2022-12-28,167.3,167.3,167.3,167.3,536.0
JAMUNAOIL,2022-12-29,167.3,167.3,167.3,167.3,1927.0
JAMUNAOIL,2023-01-01,167.3,167.3,167.3,167.3,2102.0
JAMUNAOIL,2023-01-02,167.3,167.3,167.3,167.3,101.0
JAMUNAOIL,2023-01-03,167.3,167.3,167.3,167.3,2731.0
JAMUNAOIL,2023-01-04,167.3,167.3,167.3,167.3,835.0
JAMUNAOIL,2023-01-05,167.3,167.3,167.3,167.3,151.0
JAMUNAOIL,2023-01-08,167.3,167.3,167.3,167.3,11.0
JAMUNAOIL,2023-01-09,167.3,167.3,167.3,167.3,100.0
JAMUNAOIL,2023-01-10,167.3,167.3,167.3,167.3,7.0
JAMUNAOIL,2023-01-12,167.3,167.3,167.3,167.3,309.0
JAMUNAOIL,2023-01-15,167.3,167.3,167.3,167.3,13195.0
JAMUNAOIL,2023-01-16,167.3,167.3,167.3,167.3,386.0
JAMUNAOIL,2023-01-17,167.3,167.3,167.3,167.3,1622.0
JAMUNAOIL,2023-01-18,167.3,167.3,167.3,167.3,805.0
JAMUNAOIL,2023-01-19,167.3,167.3,167.3,167.3,491.0
JAMUNAOIL,2023-01-22,167.3,167.3,167.3,167.3,786.0
JAMUNAOIL,2023-01-23,167.3,167.3,167.3,167.3,525.0
JAMUNAOIL,2023-01-24,167.3,167.3,167.3,167.3,2375.0
JAMUNAOIL,2023-01-25,167.3,167.3,167.3,167.3,9.0
JAMUNAOIL,2023-01-26,167.3,167.3,167.3,167.3,553.0
JAMUNAOIL,2023-01-29,167.3,167.3,167.3,167.3,25138.0
JAMUNAOIL,2023-01-30,167.3,167.3,167.3,167.3,835.0
JAMUNAOIL,2023-01-31,167.3,174.0,167.3,170.0,130518.0
JAMUNAOIL,2023-02-01,171.5,171.8,170.4,170.5,37519.0
JAMUNAOIL,2023-02-02,170.5,174.0,168.2,172.9,29732.0
JAMUNAOIL,2023-02-05,174.0,181.0,173.0,178.5,185313.0
JAMUNAOIL,2023-02-06,178.5,179.6,176.1,177.2,38535.0
JAMUNAOIL,2023-02-07,177.2,177.5,173.0,174.3,77806.0
JAMUNAOIL,2023-02-08,176.5,177.0,174.6,175.2,69366.0
JAMUNAOIL,2023-02-09,176.9,176.9,173.0,173.4,36642.0
JAMUNAOIL,2023-02-12,173.1,173.4,171.0,172.1,18825.0
JAMUNAOIL,2023-02-13,171.0,174.0,170.1,173.6,25387.0
JAMUNAOIL,2023-02-14,173.6,173.6,172.0,172.2,8803.0
JAMUNAOIL,2023-02-15,172.0,175.0,171.8,172.2,6427.0
JAMUNAOIL,2023-02-16,173.6,173.6,171.3,171.8,10413.0
JAMUNAOIL,2023-02-19,171.8,172.9,171.0,171.1,4305.0
JAMUNAOIL,2023-02-20,171.0,172.9,169.8,170.1,19457.0
JAMUNAOIL,2023-02-22,170.0,172.9,170.0,172.0,20151.0
JAMUNAOIL,2023-02-23,170.3,173.0,170.2,170.5,6385.0
JAMUNAOIL,2023-02-26,170.0,170.4,168.2,168.4,10517.0
JAMUNAOIL,2023-02-27,168.0,171.0,168.0,168.9,12919.0
JAMUNAOIL,2023-02-28,168.9,171.9,168.6,170.0,11048.0
JAMUNAOIL,2023-03-01,171.5,171.7,169.9,170.0,26320.0
JAMUNAOIL,2023-03-02,170.0,172.0,169.1,170.8,25083.0
JAMUNAOIL,2023-03-05,172.0,172.0,170.0,170.8,7524.0
JAMUNAOIL,2023-03-06,172.6,182.6,171.5,180.3,225199.0
JAMUNAOIL,2023-03-07,180.3,185.0,178.0,183.9,191153.0
JAMUNAOIL,2023-03-09,183.8,186.0,180.6,182.3,124067.0
JAMUNAOIL,2023-03-12,182.0,183.0,180.5,181.6,79952.0
JAMUNAOIL,2023-03-13,181.6,181.6,178.2,179.9,36240.0
JAMUNAOIL,2023-03-14,180.5,180.5,177.0,177.7,33042.0
JAMUNAOIL,2023-03-15,176.5,178.3,176.0,176.5,30488.0
JAMUNAOIL,2023-03-16,177.0,180.4,176.9,178.8,32420.0
JAMUNAOIL,2023-03-19,180.5,180.5,177.7,178.2,27621.0
JAMUNAOIL,2023-03-20,178.5,182.9,178.5,182.1,149542.0
JAMUNAOIL,2023-03-21,182.7,182.8,180.0,180.8,29645.0
JAMUNAOIL,2023-03-22,181.7,181.9,179.0,179.1,24561.0
JAMUNAOIL,2023-03-23,178.9,182.0,178.9,180.4,29352.0
JAMUNAOIL,2023-03-27,179.1,182.0,178.8,178.9,18835.0
JAMUNAOIL,2023-03-28,180.9,180.9,178.2,178.5,7710.0
JAMUNAOIL,2023-03-29,178.4,179.8,178.4,179.1,19739.0
JAMUNAOIL,2023-03-30,179.1,180.7,177.8,178.5,58293.0
JAMUNAOIL,2023-04-02,178.4,179.9,177.3,178.8,19028.0
JAMUNAOIL,2023-04-03,178.1,179.6,178.1,179.2,2280.0
JAMUNAOIL,2023-04-04,183.0,183.0,178.2,182.0,40345.0
JAMUNAOIL,2023-04-05,183.0,183.0,179.3,179.7,14553.0
JAMUNAOIL,2023-04-06,179.8,180.5,179.0,179.6,61878.0
JAMUNAOIL,2023-04-09,179.6,181.0,179.2,179.8,12602.0
JAMUNAOIL,2023-04-10,179.3,180.0,176.3,176.6,94068.0
JAMUNAOIL,2023-04-11,177.0,177.8,175.0,175.4,88856.0
JAMUNAOIL,2023-04-12,178.0,180.0,176.6,177.9,14838.0
JAMUNAOIL,2023-04-13,178.0,182.1,177.5,181.5,51415.0
JAMUNAOIL,2023-04-16,182.0,183.0,180.7,182.9,38864.0
JAMUNAOIL,2023-04-17,183.5,183.5,179.1,180.4,1624.0
JAMUNAOIL,2023-04-18,181.0,182.8,179.2,182.4,10116.0
JAMUNAOIL,2023-04-24,184.5,190.0,180.0,181.0,33911.0
JAMUNAOIL,2023-04-25,180.1,180.6,177.0,180.2,37253.0
JAMUNAOIL,2023-04-26,181.0,181.0,178.1,178.5,33540.0
JAMUNAOIL,2023-04-27,178.5,180.0,177.8,180.0,48824.0
JAMUNAOIL,2023-04-30,184.5,186.0,180.5,182.9,166990.0
JAMUNAOIL,2023-05-02,182.9,182.9,179.5,181.1,104875.0
JAMUNAOIL,2023-05-03,180.7,181.9,180.0,180.8,35934.0
JAMUNAOIL,2023-05-07,181.0,182.0,179.9,180.2,21524.0
JAMUNAOIL,2023-05-08,180.3,180.3,177.9,178.5,54249.0
JAMUNAOIL,2023-05-09,178.5,181.7,178.1,178.5,17936.0
JAMUNAOIL,2023-05-10,179.4,179.5,177.4,177.8,29473.0
JAMUNAOIL,2023-05-11,178.0,179.3,177.0,178.0,50421.0
JAMUNAOIL,2023-05-14,180.0,180.0,177.5,177.9,18155.0
JAMUNAOIL,2023-05-15,177.3,179.5,177.3,178.0,17849.0
JAMUNAOIL,2023-05-16,177.1,183.0,177.1,181.1,35783.0
JAMUNAOIL,2023-05-17,179.2,181.7,179.2,179.6,20672.0
JAMUNAOIL,2023-05-18,179.5,181.7,179.5,181.5,32998.0
JAMUNAOIL,2023-05-21,181.7,181.7,179.0,179.7,18990.0
JAMUNAOIL,2023-05-22,179.7,179.7,178.8,178.9,11105.0
JAMUNAOIL,2023-05-23,178.6,180.0,178.5,179.4,36301.0
JAMUNAOIL,2023-05-24,179.2,181.0,179.2,180.0,8724.0
JAMUNAOIL,2023-05-25,179.2,180.5,179.2,179.3,9925.0
JAMUNAOIL,2023-05-28,179.0,179.3,178.5,178.7,17048.0
JAMUNAOIL,2023-05-29,178.7,181.5,178.6,180.6,25231.0
JAMUNAOIL,2023-05-30,180.1,181.7,180.0,181.4,21305.0
JAMUNAOIL,2023-05-31,181.0,182.4,179.7,180.9,33831.0
JAMUNAOIL,2023-06-01,182.3,182.4,179.1,180.4,33143.0
JAMUNAOIL,2023-06-04,180.0,180.9,178.3,180.5,17191.0
JAMUNAOIL,2023-06-05,178.9,180.8,178.3,180.2,24637.0
JAMUNAOIL,2023-06-06,179.1,180.9,178.0,178.3,12562.0
JAMUNAOIL,2023-06-07,178.3,179.9,175.0,177.2,13590.0
JAMUNAOIL,2023-06-08,177.0,178.1,176.0,177.0,25656.0
JAMUNAOIL,2023-06-11,179.4,180.0,176.0,179.1,19476.0
JAMUNAOIL,2023-06-12,178.9,179.0,176.3,176.5,9115.0
JAMUNAOIL,2023-06-13,176.0,177.9,175.0,175.8,15192.0
JAMUNAOIL,2023-06-14,175.0,177.2,175.0,176.3,15549.0
JAMUNAOIL,2023-06-15,175.6,178.0,174.4,175.5,23059.0
JAMUNAOIL,2023-06-18,175.5,179.0,175.0,175.5,9424.0
JAMUNAOIL,2023-06-19,175.0,177.9,175.0,175.2,15569.0
JAMUNAOIL,2023-06-20,178.0,178.4,175.2,176.5,4661.0
JAMUNAOIL,2023-06-21,176.5,177.9,175.8,176.7,18873.0
JAMUNAOIL,2023-06-22,178.0,179.9,178.0,179.0,47269.0
JAMUNAOIL,2023-06-25,177.6,180.9,177.6,179.6,96919.0
JAMUNAOIL,2023-06-26,179.5,180.0,179.0,179.9,30465.0
JAMUNAOIL,2023-07-02,178.4,179.7,178.2,178.4,3133.0
JAMUNAOIL,2023-07-03,176.5,178.0,176.5,177.0,45188.0
JAMUNAOIL,2023-07-04,177.9,177.9,177.0,177.1,9149.0
JAMUNAOIL,2023-07-05,178.5,178.5,177.0,177.0,17893.0
JAMUNAOIL,2023-07-06,178.2,178.2,176.0,176.1,13110.0
JAMUNAOIL,2023-07-09,176.6,177.9,176.1,176.3,20295.0
JAMUNAOIL,2023-07-10,177.3,177.7,176.7,177.0,25757.0
JAMUNAOIL,2023-07-11,177.1,177.2,176.3,176.8,18535.0
JAMUNAOIL,2023-07-12,176.8,178.8,176.8,177.3,6572.0
JAMUNAOIL,2023-07-13,177.5,177.9,175.0,176.5,4713.0
JAMUNAOIL,2023-07-16,177.5,177.5,176.8,177.1,6080.0
JAMUNAOIL,2023-07-17,176.5,179.3,176.5,178.6,7319.0
JAMUNAOIL,2023-07-18,178.5,178.5,177.1,177.3,14250.0
JAMUNAOIL,2023-07-19,177.2,178.8,177.0,177.2,4382.0
JAMUNAOIL,2023-07-20,177.2,178.8,177.1,177.5,4196.0
JAMUNAOIL,2023-07-23,178.1,178.1,177.0,177.1,5034.0
JAMUNAOIL,2023-07-24,176.0,178.0,176.0,177.2,5073.0
JAMUNAOIL,2023-07-25,176.9,178.0,176.5,176.9,9625.0
JAMUNAOIL,2023-07-26,175.2,178.5,175.2,177.5,6479.0
JAMUNAOIL,2023-07-27,177.6,179.9,177.6,179.1,22295.0
JAMUNAOIL,2023-07-30,179.0,179.8,177.1,177.2,4594.0
JAMUNAOIL,2023-07-31,177.1,178.2,177.1,177.5,3451.0
JAMUNAOIL,2023-08-01,179.0,179.0,176.1,177.3,6004.0
JAMUNAOIL,2023-08-02,177.3,178.8,177.0,177.2,1692.0
JAMUNAOIL,2023-08-03,177.3,178.9,177.1,178.1,459.0
JAMUNAOIL,2023-08-06,179.8,179.8,176.1,176.6,377.0
JAMUNAOIL,2023-08-07,176.2,178.6,176.2,177.0,9142.0
JAMUNAOIL,2023-08-08,177.0,179.1,177.0,178.6,10826.0
JAMUNAOIL,2023-08-09,177.7,179.3,177.7,178.5,28868.0
JAMUNAOIL,2023-08-10,179.3,179.3,177.7,178.7,4707.0
JAMUNAOIL,2023-08-13,178.2,180.6,178.2,179.7,14239.0
JAMUNAOIL,2023-08-14,179.0,179.5,178.2,178.4,32027.0
JAMUNAOIL,2023-08-16,178.4,180.0,175.8,176.0,99016.0
JAMUNAOIL,2023-08-17,178.0,178.0,176.7,178.0,39658.0
JAMUNAOIL,2023-08-20,175.3,178.3,175.1,176.8,65042.0
JAMUNAOIL,2023-08-21,179.5,180.0,177.1,179.8,52235.0
JAMUNAOIL,2023-08-22,177.5,179.5,177.4,178.9,51111.0
JAMUNAOIL,2023-08-23,177.1,179.5,177.1,177.9,7951.0
JAMUNAOIL,2023-08-24,177.7,179.8,177.7,178.4,4732.0
JAMUNAOIL,2023-08-27,177.2,179.5,177.2,177.7,1538.0
JAMUNAOIL,2023-08-28,177.2,179.5,177.2,178.0,11049.0
JAMUNAOIL,2023-08-29,178.0,179.0,177.8,178.2,16031.0
JAMUNAOIL,2023-08-30,178.0,178.0,178.0,178.0,5.0
JAMUNAOIL,2023-08-31,178.1,178.8,175.0,176.5,71526.0
JAMUNAOIL,2023-09-03,176.6,178.4,176.4,177.4,4911.0
JAMUNAOIL,2023-09-04,177.0,177.9,177.0,177.4,6950.0
JAMUNAOIL,2023-09-05,178.4,178.5,176.8,177.4,4594.0
JAMUNAOIL,2023-09-07,178.5,178.5,177.9,178.0,10851.0
JAMUNAOIL,2023-09-10,177.3,178.3,177.3,178.0,3264.0
JAMUNAOIL,2023-09-11,176.9,178.3,176.9,178.1,9018.0
JAMUNAOIL,2023-09-12,178.1,179.2,178.1,178.7,6945.0
JAMUNAOIL,2023-09-13,176.0,179.5,176.0,178.2,6895.0
JAMUNAOIL,2023-09-14,177.7,178.8,177.1,177.8,5082.0
JAMUNAOIL,2023-09-17,171.0,179.4,171.0,177.8,1395.0
JAMUNAOIL,2023-09-18,177.8,178.1,177.6,177.6,14117.0
JAMUNAOIL,2023-09-19,177.7,178.0,177.5,177.5,5661.0
JAMUNAOIL,2023-09-20,177.4,178.0,177.4,177.4,16477.0
JAMUNAOIL,2023-09-21,176.4,177.5,176.4,176.6,9850.0
JAMUNAOIL,2023-09-24,179.0,179.0,176.5,176.7,9464.0
JAMUNAOIL,2023-09-25,176.3,177.0,176.3,176.8,3976.0
JAMUNAOIL,2023-09-26,176.0,177.0,176.0,176.6,10739.0
JAMUNAOIL,2023-09-27,176.1,177.4,176.1,177.1,5216.0
JAMUNAOIL,2023-10-01,177.0,177.4,176.8,177.1,23806.0
JAMUNAOIL,2023-10-02,177.1,177.4,177.0,177.1,11758.0
JAMUNAOIL,2023-10-03,178.9,178.9,177.0,177.4,12854.0
JAMUNAOIL,2023-10-04,177.1,177.6,177.1,177.2,5376.0
JAMUNAOIL,2023-10-05,177.1,177.8,176.3,176.7,11882.0
JAMUNAOIL,2023-10-08,177.0,177.5,176.9,177.1,13694.0
JAMUNAOIL,2023-10-09,177.1,177.2,176.8,176.9,18627.0
JAMUNAOIL,2023-10-10,176.3,177.5,176.3,177.0,6423.0
JAMUNAOIL,2023-10-11,177.3,177.3,176.6,176.7,16124.0
JAMUNAOIL,2023-10-12,176.9,177.5,176.8,177.0,9545.0
JAMUNAOIL,2023-10-15,177.0,177.3,176.4,177.1,3518.0
JAMUNAOIL,2023-10-16,177.1,177.5,177.0,177.1,10707.0
JAMUNAOIL,2023-10-17,177.1,177.2,176.8,176.9,14162.0
JAMUNAOIL,2023-10-18,176.2,177.2,176.1,176.2,34225.0
JAMUNAOIL,2023-10-19,176.6,177.5,176.6,177.3,23700.0
JAMUNAOIL,2023-10-22,176.2,177.5,176.2,177.2,5145.0
JAMUNAOIL,2023-10-23,178.0,178.0,176.7,177.0,8753.0
JAMUNAOIL,2023-10-25,177.5,177.7,176.9,177.4,11132.0
JAMUNAOIL,2023-10-26,177.1,177.4,176.9,177.2,14827.0
JAMUNAOIL,2023-10-29,178.0,178.0,176.6,176.8,23823.0
JAMUNAOIL,2023-10-30,177.1,178.8,177.0,177.3,10454.0
JAMUNAOIL,2023-10-31,177.4,178.0,177.2,177.7,10016.0
JAMUNAOIL,2023-11-01,178.0,178.0,177.3,177.3,4096.0
JAMUNAOIL,2023-11-02,177.7,177.7,177.5,177.5,6429.0
JAMUNAOIL,2023-11-05,177.5,178.8,177.5,178.2,19235.0
JAMUNAOIL,2023-11-06,178.4,179.4,178.4,179.2,27300.0
JAMUNAOIL,2023-11-07,179.2,179.2,177.8,177.9,29170.0
JAMUNAOIL,2023-11-08,178.2,180.0,178.1,179.2,15654.0
JAMUNAOIL,2023-11-09,180.4,181.5,179.3,181.0,44380.0
JAMUNAOIL,2023-11-12,178.5,182.8,178.5,182.3,61775.0
JAMUNAOIL,2023-11-13,180.1,182.0,177.8,178.2,47913.0
JAMUNAOIL,2023-11-14,177.7,179.0,176.6,177.0,34931.0
JAMUNAOIL,2023-11-15,177.1,179.9,177.0,179.0,21991.0
JAMUNAOIL,2023-11-16,179.8,179.8,177.5,179.1,16497.0
JAMUNAOIL,2023-11-19,181.2,181.2,178.0,179.4,65049.0
JAMUNAOIL,2023-11-20,179.3,179.4,177.1,177.7,31473.0
JAMUNAOIL,2023-11-21,179.0,179.0,176.1,176.4,24569.0
JAMUNAOIL,2023-11-22,176.6,177.5,176.6,176.8,6133.0
JAMUNAOIL,2023-11-23,178.0,178.6,176.4,177.4,12513.0
JAMUNAOIL,2023-11-26,180.0,180.0,177.0,178.3,32339.0
JAMUNAOIL,2023-11-27,179.1,179.1,177.1,177.4,17555.0
JAMUNAOIL,2023-11-28,179.4,179.4,178.0,178.2,5739.0
JAMUNAOIL,2023-11-29,179.1,179.3,178.0,178.3,27726.0
JAMUNAOIL,2023-11-30,178.3,178.9,177.6,177.8,12305.0
JAMUNAOIL,2023-12-03,178.8,178.8,177.8,178.2,15310.0
JAMUNAOIL,2023-12-04,178.0,178.0,177.1,177.5,12591.0
JAMUNAOIL,2023-12-05,178.0,178.1,177.2,177.9,12722.0
JAMUNAOIL,2023-12-06,178.0,178.5,177.9,178.0,130553.0
JAMUNAOIL,2023-12-07,179.3,179.8,179.0,179.8,47120.0
JAMUNAOIL,2023-12-10,179.8,182.0,179.1,181.8,78715.0
JAMUNAOIL,2023-12-11,181.0,182.2,180.8,181.3,171082.0
JAMUNAOIL,2023-12-12,181.9,183.0,181.2,182.2,161174.0
JAMUNAOIL,2023-12-13,182.2,182.6,178.5,179.3,120466.0
JAMUNAOIL,2023-12-17,167.3,169.9,167.3,167.9,81110.0
JAMUNAOIL,2023-12-18,167.5,170.0,167.5,168.2,21943.0
JAMUNAOIL,2023-12-19,169.3,169.3,167.5,167.6,16938.0
JAMUNAOIL,2023-12-20,167.7,169.0,167.3,167.5,26952.0
JAMUNAOIL,2023-12-21,169.2,169.2,167.3,167.8,10103.0
JAMUNAOIL,2023-12-24,167.3,168.5,167.3,167.7,17547.0
JAMUNAOIL,2023-12-26,168.0,168.2,167.4,167.9,14103.0
JAMUNAOIL,2023-12-27,168.3,168.4,167.7,168.3,9169.0
JAMUNAOIL,2023-12-28,168.0,168.7,167.5,168.5,19476.0
JAMUNAOIL,2024-01-01,169.9,169.9,167.7,168.2,19086.0
JAMUNAOIL,2024-01-02,167.6,168.5,167.5,168.0,32397.0
JAMUNAOIL,2024-01-03,168.0,168.4,167.6,168.0,32684.0
JAMUNAOIL,2024-01-04,168.0,168.3,167.8,168.0,19150.0
JAMUNAOIL,2024-01-08,168.0,169.0,167.8,168.0,16803.0
JAMUNAOIL,2024-01-09,167.8,168.8,167.8,168.5,10562.0
JAMUNAOIL,2024-01-10,168.8,169.1,168.4,169.0,16546.0
JAMUNAOIL,2024-01-11,168.8,170.0,168.0,169.6,26049.0
JAMUNAOIL,2024-01-14,169.0,169.6,168.5,169.0,17075.0
JAMUNAOIL,2024-01-15,168.0,171.0,168.0,170.9,44605.0
JAMUNAOIL,2024-01-16,170.0,172.5,169.0,172.3,34858.0
JAMUNAOIL,2024-01-17,179.0,179.0,171.1,172.5,29741.0
JAMUNAOIL,2024-01-18,174.0,174.0,171.5,172.5,6774.0
JAMUNAOIL,2024-01-21,167.5,171.8,167.3,171.1,18974.0
JAMUNAOIL,2024-01-22,167.3,173.9,167.3,173.2,37735.0
JAMUNAOIL,2024-01-23,175.0,175.0,172.6,174.2,8695.0
JAMUNAOIL,2024-01-24,174.0,174.0,172.0,172.2,12840.0
JAMUNAOIL,2024-01-25,174.9,174.9,172.3,172.6,14583.0
JAMUNAOIL,2024-01-28,172.0,173.0,169.7,170.1,32979.0
JAMUNAOIL,2024-01-29,169.6,171.4,169.5,169.9,23653.0
JAMUNAOIL,2024-01-30,169.9,172.7,169.9,170.4,11624.0
JAMUNAOIL,2024-01-31,169.2,171.0,169.0,169.9,16386.0
JAMUNAOIL,2024-02-01,173.0,173.9,170.5,173.5,21173.0
JAMUNAOIL,2024-02-04,174.0,176.9,173.1,174.7,21989.0
JAMUNAOIL,2024-02-05,174.0,175.6,173.0,175.5,24941.0
JAMUNAOIL,2024-02-06,176.0,176.0,174.5,175.0,17055.0
JAMUNAOIL,2024-02-07,175.4,176.0,175.0,175.4,24200.0
JAMUNAOIL,2024-02-08,174.6,175.7,174.6,174.9,15914.0
JAMUNAOIL,2024-02-11,175.1,177.5,174.9,177.0,26573.0
JAMUNAOIL,2024-02-12,176.6,177.0,175.0,176.0,42624.0
JAMUNAOIL,2024-02-13,175.3,185.0,175.3,177.0,18768.0
JAMUNAOIL,2024-02-14,178.5,181.9,175.9,176.6,18255.0
JAMUNAOIL,2024-02-15,176.5,178.0,176.2,176.5,13592.0
JAMUNAOIL,2024-02-18,176.5,178.0,175.0,175.5,27621.0
JAMUNAOIL,2024-02-19,175.5,176.9,174.2,174.5,22568.0
JAMUNAOIL,2024-02-20,176.0,176.5,175.2,175.5,14865.0
JAMUNAOIL,2024-02-22,175.1,177.2,175.0,176.7,36144.0
JAMUNAOIL,2024-02-25,177.0,177.0,175.6,176.1,7254.0
JAMUNAOIL,2024-02-27,175.4,176.1,175.2,175.9,7178.0
JAMUNAOIL,2024-02-28,175.8,176.0,175.0,175.1,6883.0
JAMUNAOIL,2024-02-29,175.1,176.0,174.4,174.5,10518.0
JAMUNAOIL,2024-03-03,174.1,174.4,173.1,174.1,9199.0
JAMUNAOIL,2024-03-04,174.1,175.9,172.8,173.1,12684.0
JAMUNAOIL,2024-03-05,175.4,175.4,172.5,172.8,9060.0
JAMUNAOIL,2024-03-06,174.0,175.9,174.0,174.3,3134.0
JAMUNAOIL,2024-03-07,174.3,174.3,172.0,172.4,12374.0
JAMUNAOIL,2024-03-10,177.5,177.5,174.3,175.6,21493.0
JAMUNAOIL,2024-03-11,176.0,177.0,174.1,176.2,16570.0
JAMUNAOIL,2024-03-12,176.0,176.9,174.5,174.6,12755.0
JAMUNAOIL,2024-03-13,172.5,175.0,172.0,172.9,13922.0
JAMUNAOIL,2024-03-14,174.1,174.1,173.0,173.1,3640.0
JAMUNAOIL,2024-03-18,173.2,175.5,173.2,174.7,3310.0
JAMUNAOIL,2024-03-19,173.1,174.5,173.0,173.6,5821.0
JAMUNAOIL,2024-03-20,172.1,174.8,172.1,173.5,3558.0
JAMUNAOIL,2024-03-21,174.2,175.0,173.8,174.1,1526.0
JAMUNAOIL,2024-03-24,174.3,175.9,172.5,173.6,5871.0
JAMUNAOIL,2024-03-25,175.0,175.0,173.0,173.3,8249.0
JAMUNAOIL,2024-03-27,173.7,175.4,173.6,174.7,6062.0
JAMUNAOIL,2024-03-28,176.0,176.0,173.0,174.1,6083.0
JAMUNAOIL,2024-03-31,174.1,174.7,173.1,173.3,4553.0
JAMUNAOIL,2024-04-01,173.5,174.3,173.5,174.2,6382.0
JAMUNAOIL,2024-04-02,190.0,190.0,172.6,173.9,12046.0
JAMUNAOIL,2024-04-03,172.7,176.0,172.6,175.2,23885.0
JAMUNAOIL,2024-04-04,175.0,176.0,174.1,175.3,15734.0
JAMUNAOIL,2024-04-08,175.0,175.9,174.8,175.7,7894.0
JAMUNAOIL,2024-04-09,175.1,177.0,175.1,176.3,5753.0
JAMUNAOIL,2024-04-15,176.1,176.1,174.9,175.3,1369.0
JAMUNAOIL,2024-04-16,175.5,175.5,174.0,175.5,4623.0
JAMUNAOIL,2024-04-17,175.1,175.6,175.0,175.0,10281.0
JAMUNAOIL,2024-04-18,175.0,175.5,174.6,174.9,6148.0
JAMUNAOIL,2024-04-21,174.0,176.0,170.0,174.4,3182.0
JAMUNAOIL,2024-04-22,172.0,175.7,172.0,174.0,1891.0
JAMUNAOIL,2024-04-23,174.0,175.5,172.8,173.1,7181.0
JAMUNAOIL,2024-04-24,173.1,174.5,173.0,173.4,7277.0
JAMUNAOIL,2024-04-25,173.0,173.1,169.9,170.9,10624.0
JAMUNAOIL,2024-04-28,172.0,172.9,170.0,170.8,11129.0
JAMUNAOIL,2024-04-29,172.9,172.9,171.3,172.1,5297.0
JAMUNAOIL,2024-04-30,172.2,174.7,172.2,174.5,7571.0
JAMUNAOIL,2024-05-02,173.6,173.9,172.8,172.9,6250.0
JAMUNAOIL,2024-05-05,172.8,174.5,172.8,173.0,8326.0
JAMUNAOIL,2024-05-06,173.0,175.3,172.1,173.0,16732.0
JAMUNAOIL,2024-05-07,174.1,174.7,173.5,174.0,14466.0
JAMUNAOIL,2024-05-08,174.5,174.5,173.1,173.4,1352.0
JAMUNAOIL,2024-05-09,175.8,175.8,173.3,173.6,7031.0
JAMUNAOIL,2024-05-12,174.0,174.0,172.8,173.5,2250.0
JAMUNAOIL,2024-05-13,174.8,174.8,172.3,172.4,8560.0
JAMUNAOIL,2024-05-14,172.2,173.0,171.0,171.2,10282.0
JAMUNAOIL,2024-05-15,171.4,172.9,170.9,171.9,5732.0
JAMUNAOIL,2024-05-16,173.5,173.5,171.0,171.5,1747.0
JAMUNAOIL,2024-05-19,171.5,172.0,169.6,170.9,24491.0
JAMUNAOIL,2024-05-20,170.1,171.0,169.8,170.0,28525.0
JAMUNAOIL,2024-05-21,171.8,171.8,169.0,169.2,14381.0
JAMUNAOIL,2024-05-23,170.0,170.0,167.0,167.2,13502.0
JAMUNAOIL,2024-05-26,169.8,169.8,166.5,168.0,40991.0
JAMUNAOIL,2024-05-27,168.0,169.3,166.9,168.3,28619.0
JAMUNAOIL,2024-05-28,169.0,173.0,169.0,170.4,19711.0
JAMUNAOIL,2024-05-29,171.0,171.5,170.0,170.4,8546.0
JAMUNAOIL,2024-05-30,170.0,171.0,170.0,170.1,7416.0
JAMUNAOIL,2024-06-02,166.2,169.9,166.2,169.7,16056.0
JAMUNAOIL,2024-06-03,169.0,169.0,167.2,168.1,16540.0
JAMUNAOIL,2024-06-04,167.8,169.0,167.6,168.8,11053.0
JAMUNAOIL,2024-06-05,167.1,169.7,167.1,167.8,4791.0
JAMUNAOIL,2024-06-06,167.8,169.1,167.8,168.0,16549.0
JAMUNAOIL,2024-06-09,168.3,168.8,167.0,167.9,10568.0
JAMUNAOIL,2024-06-10,167.0,170.0,167.0,167.4,112179.0
JAMUNAOIL,2024-06-11,169.0,169.8,167.2,169.5,18629.0
JAMUNAOIL,2024-06-12,170.9,170.9,167.6,168.2,3034.0
JAMUNAOIL,2024-06-13,169.8,169.8,167.8,168.6,1872.0
JAMUNAOIL,2024-06-19,169.4,169.4,168.0,168.6,2481.0
JAMUNAOIL,2024-06-20,169.8,172.0,169.8,171.6,8492.0
JAMUNAOIL,2024-06-23,170.0,178.0,170.0,175.9,34527.0
JAMUNAOIL,2024-06-24,174.1,176.0,174.0,174.8,18729.0
JAMUNAOIL,2024-06-25,174.2,176.0,174.2,175.8,12258.0
JAMUNAOIL,2024-06-26,175.5,176.9,172.0,173.8,24871.0
JAMUNAOIL,2024-06-27,173.8,176.4,173.8,175.4,22332.0
JAMUNAOIL,2024-06-30,172.7,175.9,172.7,174.6,14859.0
JAMUNAOIL,2024-07-02,173.2,175.0,173.2,174.1,8147.0
JAMUNAOIL,2024-07-03,172.1,175.0,172.0,173.1,8461.0
JAMUNAOIL,2024-07-04,177.0,177.0,173.7,176.0,22556.0
JAMUNAOIL,2024-07-07,176.3,177.8,175.4,177.7,28669.0
JAMUNAOIL,2024-07-08,178.0,181.0,176.2,180.0,53819.0
JAMUNAOIL,2024-07-09,180.9,180.9,179.0,180.0,42969.0
JAMUNAOIL,2024-07-10,180.0,180.8,177.2,179.1,31922.0
JAMUNAOIL,2024-07-11,179.0,179.8,176.6,178.8,16547.0
JAMUNAOIL,2024-07-14,179.9,179.9,175.4,178.4,6464.0
JAMUNAOIL,2024-07-15,178.9,179.0,178.0,178.8,18795.0
JAMUNAOIL,2024-07-16,179.0,179.5,176.1,178.8,11739.0
JAMUNAOIL,2024-07-18,178.9,178.9,175.4,178.4,5766.0
JAMUNAOIL,2024-07-24,182.0,182.0,175.3,175.6,2082.0
JAMUNAOIL,2024-07-25,175.4,179.5,174.0,178.2,5233.0
JAMUNAOIL,2024-07-28,179.9,179.9,176.2,176.7,1837.0
JAMUNAOIL,2024-07-29,175.8,178.6,175.4,175.5,13227.0
JAMUNAOIL,2024-07-30,178.1,178.1,174.6,176.1,5409.0
JAMUNAOIL,2024-07-31,177.8,179.5,175.0,178.5,11384.0
JAMUNAOIL,2024-08-01,181.1,181.1,176.2,176.4,4041.0
JAMUNAOIL,2024-08-04,174.6,175.6,172.7,174.1,12157.0
JAMUNAOIL,2024-08-06,179.5,190.0,176.0,188.3,95462.0
JAMUNAOIL,2024-08-07,188.0,190.0,182.7,187.9,65480.0
JAMUNAOIL,2024-08-08,188.0,197.0,185.0,195.4,350482.0
JAMUNAOIL,2024-08-11,198.0,214.9,192.2,199.8,540830.0
JAMUNAOIL,2024-08-12,204.0,205.0,193.9,193.9,212420.0
JAMUNAOIL,2024-08-13,190.6,192.0,188.1,188.2,143016.0
JAMUNAOIL,2024-08-14,188.9,194.9,188.9,190.3,205890.0
JAMUNAOIL,2024-08-15,191.3,197.5,190.3,191.3,303148.0
JAMUNAOIL,2024-08-18,195.0,195.0,186.1,187.2,89195.0
JAMUNAOIL,2024-08-19,192.0,193.0,187.5,189.9,230385.0
JAMUNAOIL,2024-08-20,192.0,192.0,187.1,187.5,131891.0
JAMUNAOIL,2024-08-21,186.2,189.0,184.1,185.8,90984.0
JAMUNAOIL,2024-08-22,181.2,189.9,181.2,189.1,97497.0
JAMUNAOIL,2024-08-25,189.5,193.0,188.0,188.8,62115.0
JAMUNAOIL,2024-08-27,189.0,190.7,188.0,190.0,94739.0
JAMUNAOIL,2024-08-28,190.0,197.4,190.0,195.8,249757.0
JAMUNAOIL,2024-08-29,195.0,199.7,193.0,194.3,267944.0
JAMUNAOIL,2024-09-01,195.0,196.7,191.2,191.8,97278.0
JAMUNAOIL,2024-09-02,192.0,193.6,189.8,191.0,129456.0
JAMUNAOIL,2024-09-03,191.0,192.7,189.7,190.0,88363.0
JAMUNAOIL,2024-09-04,190.2,192.6,188.0,189.4,79878.0
JAMUNAOIL,2024-09-05,188.7,191.0,186.5,187.8,58875.0
JAMUNAOIL,2024-09-08,187.5,191.6,183.2,184.2,80285.0
JAMUNAOIL,2024-09-09,183.2,187.1,183.1,184.1,42037.0
JAMUNAOIL,2024-09-10,185.8,186.9,183.5,185.9,39212.0
JAMUNAOIL,2024-09-11,187.0,187.0,184.2,184.8,35552.0
JAMUNAOIL,2024-09-12,186.8,186.8,185.0,186.0,25156.0
JAMUNAOIL,2024-09-15,186.0,186.0,184.7,185.2,26537.0
JAMUNAOIL,2024-09-17,185.0,186.0,183.5,184.0,38690.0
JAMUNAOIL,2024-09-18,184.0,185.0,181.0,181.5,124464.0
JAMUNAOIL,2024-09-19,180.7,183.5,180.7,182.1,32183.0
JAMUNAOIL,2024-09-22,183.4,183.4,182.2,182.4,26169.0
JAMUNAOIL,2024-09-23,182.0,183.4,181.5,181.6,20036.0
JAMUNAOIL,2024-09-24,182.4,182.4,180.2,181.0,113646.0
JAMUNAOIL,2024-09-25,182.0,182.0,179.2,179.7,46463.0
JAMUNAOIL,2024-09-26,178.0,180.2,177.0,177.7,59288.0
JAMUNAOIL,2024-09-29,177.7,180.0,177.7,178.5,38857.0
JAMUNAOIL,2024-09-30,180.1,180.1,178.4,178.9,28792.0
JAMUNAOIL,2024-10-01,179.9,184.0,178.0,178.9,29177.0
JAMUNAOIL,2024-10-02,178.0,180.2,176.0,176.5,52658.0
JAMUNAOIL,2024-10-03,176.7,178.0,175.5,176.7,31745.0
JAMUNAOIL,2024-10-06,176.1,178.0,175.1,175.8,14720.0
JAMUNAOIL,2024-10-07,177.0,177.0,175.2,175.5,20092.0
JAMUNAOIL,2024-10-08,178.1,178.1,175.1,175.3,19489.0
JAMUNAOIL,2024-10-09,175.5,177.9,175.3,177.1,15409.0
JAMUNAOIL,2024-10-14,177.1,177.8,175.9,176.5,15326.0
JAMUNAOIL,2024-10-15,176.0,176.7,175.8,176.0,7822.0
JAMUNAOIL,2024-10-16,176.1,176.1,175.4,175.5,5176.0
JAMUNAOIL,2024-10-17,175.4,178.7,174.5,174.5,24574.0
JAMUNAOIL,2024-10-20,178.0,178.0,173.5,173.7,48996.0
JAMUNAOIL,2024-10-21,173.7,174.8,172.2,172.6,27288.0
JAMUNAOIL,2024-10-22,175.4,175.4,173.0,173.4,8173.0
JAMUNAOIL,2024-10-23,173.6,175.0,165.0,170.0,55020.0
JAMUNAOIL,2024-10-24,170.0,172.0,167.2,167.9,28043.0
JAMUNAOIL,2024-10-27,168.0,171.7,167.0,167.9,18533.0
JAMUNAOIL,2024-10-28,168.9,171.1,167.1,168.5,18793.0
JAMUNAOIL,2024-10-29,170.5,171.6,169.2,170.3,21102.0
JAMUNAOIL,2024-10-30,172.0,174.7,171.8,174.2,26695.0
JAMUNAOIL,2024-10-31,175.0,176.8,173.5,176.1,53544.0
JAMUNAOIL,2024-11-03,176.9,181.5,176.2,181.0,65540.0
JAMUNAOIL,2024-11-04,179.0,184.0,179.0,182.9,62007.0
JAMUNAOIL,2024-11-05,181.5,184.8,181.5,183.5,78795.0
JAMUNAOIL,2024-11-06,184.8,190.7,183.5,190.0,253478.0
JAMUNAOIL,2024-11-07,192.5,202.0,191.2,192.4,327307.0
JAMUNAOIL,2024-11-10,191.6,193.0,188.1,190.9,160844.0
JAMUNAOIL,2024-11-11,189.0,193.4,187.8,190.3,128959.0
JAMUNAOIL,2024-11-12,191.1,195.0,190.0,190.4,132045.0
JAMUNAOIL,2024-11-13,191.9,191.9,188.1,189.3,66869.0
JAMUNAOIL,2024-11-14,190.0,191.5,188.3,188.8,93208.0
JAMUNAOIL,2024-11-17,189.5,190.6,188.3,190.0,85554.0
JAMUNAOIL,2024-11-18,191.0,191.2,188.2,188.6,40348.0
JAMUNAOIL,2024-11-19,190.7,190.7,187.7,188.0,27463.0
JAMUNAOIL,2024-11-20,187.4,189.5,187.0,187.4,24135.0
JAMUNAOIL,2024-11-21,187.6,188.0,186.0,186.2,22916.0
JAMUNAOIL,2024-11-24,186.2,186.7,184.5,184.6,20839.0
JAMUNAOIL,2024-11-25,186.8,189.5,185.5,188.6,67972.0
JAMUNAOIL,2024-11-26,190.0,191.0,189.0,189.6,59477.0
JAMUNAOIL,2024-11-27,189.6,190.7,188.5,189.4,105777.0
JAMUNAOIL,2024-11-28,190.0,192.0,189.5,191.1,135949.0
JAMUNAOIL,2024-12-01,191.3,193.0,190.0,191.5,98727.0
JAMUNAOIL,2024-12-02,195.5,196.4,189.6,190.1,457425.0
JAMUNAOIL,2024-12-03,191.4,192.0,188.1,190.9,126282.0
JAMUNAOIL,2024-12-04,191.0,192.2,190.9,191.2,181273.0
JAMUNAOIL,2024-12-05,190.9,191.9,188.2,188.6,103003.0
JAMUNAOIL,2024-12-08,189.0,190.3,187.5,189.8,87217.0
JAMUNAOIL,2024-12-09,191.6,191.6,189.2,189.7,40313.0
JAMUNAOIL,2024-12-10,191.3,191.3,189.8,190.7,57050.0
JAMUNAOIL,2024-12-11,190.2,190.5,189.4,189.7,40798.0
JAMUNAOIL,2024-12-12,189.7,190.0,188.0,188.6,49402.0
JAMUNAOIL,2024-12-15,190.0,190.4,187.7,190.2,91137.0
JAMUNAOIL,2024-12-17,191.3,193.5,190.8,192.7,285446.0
JAMUNAOIL,2024-12-18,192.9,192.9,190.6,191.0,128191.0
JAMUNAOIL,2024-12-19,191.1,191.6,189.0,189.8,215056.0
JAMUNAOIL,2024-12-22,189.8,190.5,188.8,189.0,155488.0
JAMUNAOIL,2024-12-23,189.4,189.9,186.0,186.4,493766.0
JAMUNAOIL,2024-12-26,170.0,171.0,167.8,170.3,262294.0
JAMUNAOIL,2024-12-29,170.0,171.4,169.9,170.5,83781.0
JAMUNAOIL,2024-12-30,171.9,171.9,170.5,171.4,62677.0
JAMUNAOIL,2025-01-01,171.9,171.9,170.7,171.1,55129.0
JAMUNAOIL,2025-01-02,171.0,171.0,169.5,170.2,82388.0
JAMUNAOIL,2025-01-05,170.2,171.0,169.4,170.2,63909.0
JAMUNAOIL,2025-01-06,171.1,172.3,169.9,171.9,125405.0
JAMUNAOIL,2025-01-07,171.9,173.0,171.7,172.1,40428.0
JAMUNAOIL,2025-01-08,172.1,172.1,170.9,171.1,30610.0
JAMUNAOIL,2025-01-09,170.3,172.4,170.3,172.1,50914.0
JAMUNAOIL,2025-01-12,172.1,172.4,170.9,171.1,26231.0
JAMUNAOIL,2025-01-13,171.2,171.9,170.0,171.2,47187.0
JAMUNAOIL,2025-01-14,171.3,171.6,170.8,171.0,27233.0
JAMUNAOIL,2025-01-15,170.3,171.2,170.3,170.9,20294.0
JAMUNAOIL,2025-01-16,170.5,171.5,170.4,170.6,21551.0
JAMUNAOIL,2025-01-19,170.3,171.8,170.0,171.5,33577.0
JAMUNAOIL,2025-01-20,171.1,172.7,171.1,172.2,48450.0
JAMUNAOIL,2025-01-21,172.8,173.9,171.8,173.0,45456.0
JAMUNAOIL,2025-01-22,173.0,174.1,171.6,173.7,55815.0
JAMUNAOIL,2025-01-23,173.7,174.9,172.6,174.3,36567.0
JAMUNAOIL,2025-01-26,174.8,175.2,173.5,174.9,81168.0
JAMUNAOIL,2025-01-27,175.0,175.0,173.9,174.4,43074.0
JAMUNAOIL,2025-01-28,174.4,175.5,173.9,174.5,16648.0
JAMUNAOIL,2025-01-29,173.6,175.0,173.6,174.6,16806.0
JAMUNAOIL,2025-01-30,174.9,175.0,173.6,174.6,44492.0
JAMUNAOIL,2025-02-02,174.0,175.0,173.6,174.0,26423.0
JAMUNAOIL,2025-02-03,174.0,175.0,173.9,174.8,22800.0
JAMUNAOIL,2025-02-04,173.1,175.2,173.1,174.5,41031.0
JAMUNAOIL,2025-02-05,174.0,176.1,174.0,175.0,53563.0
JAMUNAOIL,2025-02-06,174.2,175.9,173.9,175.7,22806.0
JAMUNAOIL,2025-02-09,175.6,176.1,174.8,175.1,11869.0
JAMUNAOIL,2025-02-10,177.0,177.0,174.8,176.7,115987.0
JAMUNAOIL,2025-02-11,177.0,177.7,175.0,176.9,53933.0
JAMUNAOIL,2025-02-12,176.0,177.8,176.0,177.5,36140.0
JAMUNAOIL,2025-02-13,177.2,177.5,176.8,176.9,32003.0
JAMUNAOIL,2025-02-16,178.0,178.0,176.3,176.8,12188.0
JAMUNAOIL,2025-02-17,176.5,177.4,176.5,176.8,30704.0
JAMUNAOIL,2025-02-18,176.8,177.0,175.9,176.1,57037.0
JAMUNAOIL,2025-02-19,176.0,176.3,175.9,176.1,25323.0
JAMUNAOIL,2025-02-20,176.0,176.2,175.5,175.8,42270.0
JAMUNAOIL,2025-02-23,176.9,176.9,175.1,175.9,10136.0
JAMUNAOIL,2025-02-24,176.0,176.5,175.8,175.9,20690.0
JAMUNAOIL,2025-02-25,176.5,176.5,175.4,175.6,42599.0
JAMUNAOIL,2025-02-26,176.0,177.0,175.7,176.5,72215.0
JAMUNAOIL,2025-02-27,177.5,177.5,175.2,175.3,35732.0
JAMUNAOIL,2025-03-02,175.4,176.0,175.3,175.3,12662.0
JAMUNAOIL,2025-03-03,176.9,177.0,175.2,175.8,9709.0
JAMUNAOIL,2025-03-04,175.6,176.0,175.5,175.5,9751.0
JAMUNAOIL,2025-03-05,175.4,175.9,174.9,175.0,12686.0
JAMUNAOIL,2025-03-06,175.9,175.9,174.8,175.1,11431.0
JAMUNAOIL,2025-03-09,174.9,175.0,174.1,174.2,14197.0
JAMUNAOIL,2025-03-10,174.0,175.5,174.0,175.2,25280.0
JAMUNAOIL,2025-03-11,175.0,176.0,174.5,175.8,32106.0
JAMUNAOIL,2025-03-12,175.6,176.9,175.5,176.1,27879.0
JAMUNAOIL,2025-03-13,176.1,176.1,174.8,175.2,6830.0
JAMUNAOIL,2025-03-16,176.0,176.0,174.0,174.7,22459.0
JAMUNAOIL,2025-03-17,174.6,175.0,173.4,173.7,29154.0
JAMUNAOIL,2025-03-18,173.3,175.9,173.3,174.9,23574.0
JAMUNAOIL,2025-03-19,175.0,175.5,174.5,175.2,6265.0
JAMUNAOIL,2025-03-20,175.1,175.8,175.1,175.3,5240.0
JAMUNAOIL,2025-03-23,175.3,175.7,174.3,174.9,16882.0
JAMUNAOIL,2025-03-24,176.5,176.5,174.7,175.2,25970.0
JAMUNAOIL,2025-03-25,175.5,175.7,175.0,175.5,12810.0
JAMUNAOIL,2025-03-27,174.2,175.8,174.2,175.5,28736.0
JAMUNAOIL,2025-04-06,175.9,176.5,175.2,176.2,22397.0
JAMUNAOIL,2025-04-07,176.4,177.0,175.4,176.6,48225.0
JAMUNAOIL,2025-04-08,175.9,177.5,175.9,176.9,29390.0
APEXFOOT,2022-05-16,287.0,287.1,275.5,275.9,87888.0
APEXFOOT,2022-05-17,287.0,287.0,264.0,282.6,57928.0
APEXFOOT,2022-05-18,283.9,285.1,268.5,269.3,67603.0
APEXFOOT,2022-05-19,275.9,276.0,267.3,268.1,27381.0
APEXFOOT,2022-05-22,279.9,279.9,259.5,260.2,33084.0
APEXFOOT,2022-05-23,272.0,272.0,264.0,268.5,22982.0
APEXFOOT,2022-05-24,268.5,275.9,267.0,267.6,27749.0
APEXFOOT,2022-05-25,267.6,268.9,260.3,266.7,17856.0
APEXFOOT,2022-05-26,265.2,272.9,264.9,271.0,9380.0
APEXFOOT,2022-05-29,284.0,284.0,273.4,280.4,32637.0
APEXFOOT,2022-05-30,280.4,285.0,275.0,276.8,28809.0
APEXFOOT,2022-05-31,272.8,276.1,272.8,274.9,8543.0
APEXFOOT,2022-06-01,268.1,273.0,268.1,271.2,52959.0
APEXFOOT,2022-06-02,318.0,324.0,312.4,314.2,102870.0
APEXFOOT,2022-06-03,303.0,308.0,299.0,300.9,98002.0
APEXFOOT,2022-06-04,295.4,298.7,292.0,292.0,49536.0
APEXFOOT,2022-06-06,288.0,293.8,281.2,282.3,36672.0
APEXFOOT,2022-06-07,279.6,279.6,261.0,262.8,66938.0
APEXFOOT,2022-06-13,285.8,289.7,283.0,283.7,41789.0
APEXFOOT,2022-06-14,288.3,288.3,278.1,278.1,34860.0
APEXFOOT,2022-06-15,278.1,282.9,278.1,279.3,18537.0
APEXFOOT,2022-06-16,278.1,283.9,275.8,277.6,13526.0
APEXFOOT,2022-06-19,280.0,280.0,273.7,276.3,10653.0
APEXFOOT,2022-06-20,276.5,279.0,270.8,271.0,31439.0
APEXFOOT,2022-06-21,270.0,270.0,266.6,267.7,18138.0
APEXFOOT,2022-06-22,268.3,271.0,265.4,267.0,19014.0
APEXFOOT,2022-06-23,275.0,275.0,265.3,265.7,44507.0
APEXFOOT,2022-06-26,275.4,275.4,262.0,263.0,18408.0
APEXFOOT,2022-06-27,278.0,278.0,264.2,268.0,9450.0
APEXFOOT,2022-06-28,278.9,278.9,266.0,267.3,16261.0
APEXFOOT,2022-06-29,268.0,272.0,266.0,270.0,13971.0
APEXFOOT,2022-06-30,280.0,280.0,270.0,271.5,15697.0
APEXFOOT,2022-07-02,313.0,319.0,308.0,309.7,81554.0
APEXFOOT,2022-07-03,301.7,302.0,285.9,286.8,67919.0
APEXFOOT,2022-07-04,291.0,293.5,286.2,291.6,62688.0
APEXFOOT,2022-07-06,279.2,288.8,277.0,285.8,37368.0
APEXFOOT,2022-07-07,268.0,268.0,262.5,264.7,19512.0
APEXFOOT,2022-07-13,264.5,264.5,262.1,263.1,20786.0
APEXFOOT,2022-07-14,262.1,269.8,260.2,268.2,51807.0
APEXFOOT,2022-07-17,270.9,277.0,268.7,274.8,52359.0
APEXFOOT,2022-07-18,274.8,279.4,269.5,269.8,49492.0
APEXFOOT,2022-07-19,270.0,275.9,264.5,266.3,59672.0
APEXFOOT,2022-07-20,272.9,272.9,262.0,268.8,15821.0
APEXFOOT,2022-07-21,274.0,278.0,266.0,266.5,34628.0
APEXFOOT,2022-07-24,266.5,266.5,261.2,261.4,31423.0
APEXFOOT,2022-07-25,257.5,263.0,256.5,260.9,20410.0
APEXFOOT,2022-07-26,269.9,269.9,261.1,262.7,15844.0
APEXFOOT,2022-07-27,260.5,268.9,257.5,259.6,13273.0
APEXFOOT,2022-07-28,258.0,258.0,254.5,254.7,16464.0
APEXFOOT,2022-07-31,279.8,279.8,260.0,263.2,15142.0
APEXFOOT,2022-08-01,274.0,274.0,262.0,267.3,20887.0
APEXFOOT,2022-08-02,280.0,280.0,268.0,273.5,47146.0
APEXFOOT,2022-08-03,279.9,280.0,275.1,278.5,65864.0
APEXFOOT,2022-08-04,281.7,281.7,271.1,273.9,31596.0
APEXFOOT,2022-08-05,301.5,303.3,294.5,295.6,55845.0
APEXFOOT,2022-08-06,283.8,291.0,283.8,286.4,55909.0
APEXFOOT,2022-08-07,270.0,273.6,268.7,269.4,13528.0
APEXFOOT,2022-08-08,268.3,274.0,268.3,270.4,28313.0
APEXFOOT,2022-08-10,269.0,269.6,263.0,264.5,19363.0
APEXFOOT,2022-08-11,265.5,265.5,260.5,261.8,6512.0
APEXFOOT,2022-08-14,271.0,271.0,263.0,266.4,5396.0
APEXFOOT,2022-08-16,271.7,274.9,269.1,272.0,17804.0
APEXFOOT,2022-08-17,272.0,277.9,272.0,273.1,39263.0
APEXFOOT,2022-08-21,273.2,285.9,273.2,284.6,71554.0
APEXFOOT,2022-08-22,294.9,294.9,282.4,283.4,56827.0
APEXFOOT,2022-08-23,288.8,289.9,280.5,281.6,91010.0
APEXFOOT,2022-08-24,284.5,292.8,284.0,289.7,104072.0
APEXFOOT,2022-08-25,290.0,297.6,289.7,293.7,106591.0
APEXFOOT,2022-08-28,298.8,306.0,285.1,289.9,97059.0
APEXFOOT,2022-08-29,289.9,293.7,284.1,285.8,61407.0
APEXFOOT,2022-08-30,292.5,299.5,289.1,292.1,116729.0
APEXFOOT,2022-08-31,292.6,297.4,287.8,289.6,54373.0
APEXFOOT,2022-09-01,289.9,294.0,287.0,290.3,72677.0
APEXFOOT,2022-09-02,314.9,329.0,312.6,320.4,103590.0
APEXFOOT,2022-09-03,290.0,299.0,289.0,295.5,57183.0
APEXFOOT,2022-09-04,306.4,309.0,298.6,302.7,159900.0
APEXFOOT,2022-09-05,302.7,304.0,289.0,292.9,64040.0
APEXFOOT,2022-09-06,297.0,297.0,290.0,293.5,51723.0
APEXFOOT,2022-09-07,291.0,302.0,291.0,293.2,79203.0
APEXFOOT,2022-09-08,293.0,294.2,285.2,286.6,57239.0
APEXFOOT,2022-09-11,288.0,290.0,278.1,279.2,67535.0
APEXFOOT,2022-09-12,285.0,285.5,275.2,277.4,42936.0
APEXFOOT,2022-09-13,277.4,287.4,275.2,286.5,41698.0
APEXFOOT,2022-09-14,290.9,296.0,287.2,287.9,120263.0
APEXFOOT,2022-09-15,290.0,305.0,290.0,298.9,212474.0
APEXFOOT,2022-09-18,307.0,316.5,301.9,305.0,126688.0
APEXFOOT,2022-09-19,306.8,306.8,296.0,299.8,97816.0
APEXFOOT,2022-09-20,305.0,305.0,286.1,288.5,145118.0
APEXFOOT,2022-09-21,294.9,294.9,282.9,284.3,70441.0
APEXFOOT,2022-09-22,277.6,288.0,277.6,282.1,62950.0
APEXFOOT,2022-09-25,285.5,304.0,285.5,295.7,126312.0
APEXFOOT,2022-09-26,300.3,305.0,287.0,292.1,45315.0
APEXFOOT,2022-09-27,297.8,297.8,283.5,286.4,114081.0
APEXFOOT,2022-09-28,291.1,291.1,282.2,283.1,24564.0
APEXFOOT,2022-09-29,291.0,305.8,283.1,304.1,236241.0
APEXFOOT,2022-10-01,278.0,278.0,269.1,274.2,41637.0
APEXFOOT,2022-10-02,326.0,326.9,315.7,318.0,68317.0
APEXFOOT,2022-10-03,299.7,299.7,289.7,290.0,65026.0
APEXFOOT,2022-10-04,300.4,318.0,300.3,307.7,146267.0
APEXFOOT,2022-10-05,306.0,309.1,297.5,299.7,46979.0
APEXFOOT,2022-10-06,308.2,318.0,305.0,307.5,151931.0
APEXFOOT,2022-10-10,307.1,314.5,289.0,291.5,188052.0
APEXFOOT,2022-10-11,299.0,302.0,290.0,300.1,98464.0
APEXFOOT,2022-10-12,302.9,318.5,302.9,314.6,260856.0
APEXFOOT,2022-10-13,318.0,322.9,305.0,306.8,184108.0
APEXFOOT,2022-10-16,308.5,324.0,306.5,318.5,294192.0
APEXFOOT,2022-10-17,319.0,326.9,305.0,307.6,241737.0
APEXFOOT,2022-10-18,302.0,311.5,302.0,306.3,124634.0
APEXFOOT,2022-10-19,304.8,318.8,304.8,312.0,229786.0
APEXFOOT,2022-10-20,313.0,315.0,293.1,301.8,94552.0
APEXFOOT,2022-10-23,301.8,301.8,281.1,283.3,105775.0
APEXFOOT,2022-10-25,258.1,272.0,257.6,263.7,87782.0
APEXFOOT,2022-10-26,272.9,272.9,261.0,261.8,43335.0
APEXFOOT,2022-10-27,262.7,265.0,257.5,257.5,62012.0
APEXFOOT,2022-10-30,257.5,257.5,257.5,257.5,11517.0
APEXFOOT,2022-10-31,257.5,263.0,257.5,257.5,41439.0
APEXFOOT,2022-11-01,257.5,257.5,257.5,257.5,7521.0
APEXFOOT,2022-11-02,257.5,257.5,257.5,257.5,7242.0
APEXFOOT,2022-11-03,257.5,257.5,257.5,257.5,1019.0
APEXFOOT,2022-11-04,301.0,302.9,293.2,294.5,17060.0
APEXFOOT,2022-11-05,304.9,304.9,290.4,293.3,74872.0
APEXFOOT,2022-11-06,257.5,257.5,257.5,257.5,1457.0
APEXFOOT,2022-11-07,257.5,257.5,257.5,257.5,4027.0
APEXFOOT,2022-11-08,257.5,257.5,257.5,257.5,3624.0
APEXFOOT,2022-11-09,257.5,257.5,257.5,257.5,3055.0
APEXFOOT,2022-11-10,257.5,257.5,257.5,257.5,26330.0
APEXFOOT,2022-11-13,257.5,257.5,257.5,257.5,6020.0
APEXFOOT,2022-11-14,257.5,257.5,257.5,257.5,890.0
APEXFOOT,2022-11-15,257.5,257.5,257.5,257.5,1354.0
APEXFOOT,2022-11-16,257.5,257.5,257.5,257.5,1052.0
APEXFOOT,2022-11-17,257.5,257.5,257.5,257.5,549.0
APEXFOOT,2022-11-20,257.5,257.5,257.5,257.5,82960.0
APEXFOOT,2022-11-21,257.5,257.5,257.5,257.5,3138.0
APEXFOOT,2022-11-22,257.5,257.5,257.5,257.5,329.0
APEXFOOT,2022-11-23,257.5,257.5,257.5,257.5,14130.0
APEXFOOT,2022-11-24,257.5,257.5,257.5,257.5,141.0
APEXFOOT,2022-11-27,257.5,257.5,257.5,257.5,1229.0
APEXFOOT,2022-11-28,257.5,257.5,257.5,257.5,243.0
APEXFOOT,2022-11-29,257.5,257.5,257.5,257.5,73.0
APEXFOOT,2022-11-30,257.5,257.5,257.5,257.5,186.0
APEXFOOT,2022-12-01,257.5,257.5,257.5,257.5,291.0
APEXFOOT,2022-12-04,257.5,267.8,257.5,260.4,177506.0
APEXFOOT,2022-12-05,265.0,265.0,257.5,257.5,36144.0
APEXFOOT,2022-12-06,257.5,259.4,257.5,257.5,46378.0
APEXFOOT,2022-12-07,266.9,267.9,262.6,264.5,32199.0
APEXFOOT,2022-12-08,257.5,257.5,257.5,257.5,5003.0
APEXFOOT,2022-12-11,257.5,258.0,257.5,257.5,13874.0
APEXFOOT,2022-12-12,257.5,266.0,257.5,263.0,43500.0
APEXFOOT,2022-12-13,263.4,267.5,260.6,264.4,87960.0
APEXFOOT,2022-12-14,266.7,274.6,264.0,269.0,84318.0
APEXFOOT,2022-12-15,269.9,274.0,264.2,271.6,72139.0
APEXFOOT,2022-12-18,277.9,286.7,268.1,283.3,170158.0
APEXFOOT,2022-12-19,283.3,283.7,277.3,279.4,78112.0
APEXFOOT,2022-12-20,280.5,282.7,265.0,267.5,85368.0
APEXFOOT,2022-12-21,264.8,265.5,257.5,258.7,119084.0
APEXFOOT,2022-12-22,257.6,264.5,257.5,260.1,20043.0
APEXFOOT,2022-12-26,260.2,261.7,257.5,258.3,14744.0
APEXFOOT,2022-12-27,258.3,259.0,257.5,257.5,25648.0
APEXFOOT,2022-12-28,257.5,262.6,257.5,260.0,18350.0
APEXFOOT,2022-12-29,258.0,264.4,258.0,262.1,29632.0
APEXFOOT,2023-01-01,267.9,269.5,262.5,263.8,48580.0
APEXFOOT,2023-01-02,269.0,269.0,257.7,258.1,39183.0
APEXFOOT,2023-01-03,257.6,262.4,257.5,260.1,44336.0
APEXFOOT,2023-01-04,264.5,264.5,258.5,259.8,16584.0
APEXFOOT,2023-01-05,261.0,262.0,257.5,258.1,28616.0
APEXFOOT,2023-01-08,259.0,260.4,257.5,258.2,20979.0
APEXFOOT,2023-01-09,261.0,263.4,258.4,259.6,18260.0
APEXFOOT,2023-01-10,258.9,262.7,258.9,259.4,24654.0
APEXFOOT,2023-01-12,260.0,260.4,257.5,258.0,67452.0
APEXFOOT,2023-01-15,258.0,259.0,257.5,258.2,71465.0
APEXFOOT,2023-01-16,258.2,261.0,257.5,257.5,66862.0
APEXFOOT,2023-01-17,257.5,263.0,257.5,260.4,62937.0
APEXFOOT,2023-01-18,258.8,260.0,257.5,257.5,97115.0
APEXFOOT,2023-01-19,257.5,259.6,257.5,257.5,30038.0
APEXFOOT,2023-01-22,257.5,257.5,257.5,257.5,11348.0
APEXFOOT,2023-01-23,257.5,257.5,257.5,257.5,1149.0
APEXFOOT,2023-01-24,257.5,257.5,257.5,257.5,2616.0
APEXFOOT,2023-01-25,257.5,257.5,257.5,257.5,1119.0
APEXFOOT,2023-01-26,257.5,257.5,257.5,257.5,829.0
APEXFOOT,2023-01-29,257.5,257.5,257.5,257.5,791.0
APEXFOOT,2023-01-30,257.5,257.5,257.5,257.5,2422.0
APEXFOOT,2023-01-31,257.5,257.5,257.5,257.5,1493.0
APEXFOOT,2023-02-01,257.5,264.7,257.5,259.1,89743.0
APEXFOOT,2023-02-02,260.1,264.3,260.0,261.9,87799.0
APEXFOOT,2023-02-05,261.9,283.1,261.9,277.1,242660.0
APEXFOOT,2023-02-06,277.1,288.4,271.0,280.3,218628.0
APEXFOOT,2023-02-07,276.5,286.9,276.5,281.2,129149.0
APEXFOOT,2023-02-08,281.6,305.7,280.0,303.4,549712.0
APEXFOOT,2023-02-09,307.0,319.4,302.0,306.0,440109.0
APEXFOOT,2023-02-12,303.0,312.7,296.0,299.5,308643.0
APEXFOOT,2023-02-13,299.9,325.7,295.3,325.7,627392.0
APEXFOOT,2023-02-14,334.0,339.0,324.9,330.6,508940.0
APEXFOOT,2023-02-15,326.0,333.9,320.2,324.1,422262.0
APEXFOOT,2023-02-16,325.1,337.7,321.6,325.2,435809.0
APEXFOOT,2023-02-19,325.3,328.7,296.8,298.9,369889.0
APEXFOOT,2023-02-20,298.0,305.8,288.0,299.7,221182.0
APEXFOOT,2023-02-22,302.1,308.7,289.2,291.9,221275.0
APEXFOOT,2023-02-23,291.0,291.0,280.3,286.4,166304.0
APEXFOOT,2023-02-26,282.6,285.0,272.2,277.1,122680.0
APEXFOOT,2023-02-27,279.9,298.5,274.0,294.2,173587.0
APEXFOOT,2023-02-28,296.5,302.4,292.1,295.4,273452.0
APEXFOOT,2023-03-01,295.3,307.9,292.1,300.5,288936.0
APEXFOOT,2023-03-02,303.9,304.5,293.8,297.1,255149.0
APEXFOOT,2023-03-05,300.7,315.0,300.0,310.3,406992.0
APEXFOOT,2023-03-06,310.3,319.0,302.2,306.0,282969.0
APEXFOOT,2023-03-07,305.2,322.3,305.2,321.0,490646.0
APEXFOOT,2023-03-09,329.0,330.0,315.3,318.5,378167.0
APEXFOOT,2023-03-12,321.3,321.3,307.4,308.1,210487.0
APEXFOOT,2023-03-13,308.9,318.5,308.0,310.4,208449.0
APEXFOOT,2023-03-14,314.8,314.8,304.0,305.2,157333.0
APEXFOOT,2023-03-15,308.0,308.0,292.1,294.3,174167.0
APEXFOOT,2023-03-16,298.6,299.5,288.0,291.9,131935.0
APEXFOOT,2023-03-19,296.0,296.7,288.0,291.8,79146.0
APEXFOOT,2023-03-20,288.0,294.6,285.0,291.3,77131.0
APEXFOOT,2023-03-21,292.3,298.0,290.6,294.8,92525.0
APEXFOOT,2023-03-22,300.0,300.0,288.1,290.0,109183.0
APEXFOOT,2023-03-23,290.0,294.6,287.1,292.8,59125.0
APEXFOOT,2023-03-27,294.0,296.8,287.4,288.4,86394.0
APEXFOOT,2023-03-28,288.5,291.9,285.0,286.4,31127.0
APEXFOOT,2023-03-29,288.5,295.7,287.2,292.9,116743.0
APEXFOOT,2023-03-30,294.3,305.9,294.3,299.8,206092.0
APEXFOOT,2023-04-02,305.8,319.6,302.0,318.7,382614.0
APEXFOOT,2023-04-03,320.0,322.8,307.3,309.0,214953.0
APEXFOOT,2023-04-04,309.0,317.8,305.2,308.3,319363.0
APEXFOOT,2023-04-05,310.1,323.9,310.0,314.9,344241.0
APEXFOOT,2023-04-06,314.8,342.4,314.8,342.4,818023.0
APEXFOOT,2023-04-09,367.0,372.0,341.0,346.7,800561.0
APEXFOOT,2023-04-10,345.1,376.0,340.0,369.5,838128.0
APEXFOOT,2023-04-11,375.0,386.2,355.0,365.4,653949.0
APEXFOOT,2023-04-12,365.1,371.0,355.3,359.3,424155.0
APEXFOOT,2023-04-13,360.0,376.9,360.0,367.2,527649.0
APEXFOOT,2023-04-16,369.5,375.0,353.3,357.0,390397.0
APEXFOOT,2023-04-17,357.0,360.9,344.0,353.2,415816.0
APEXFOOT,2023-04-18,355.0,384.1,352.5,382.7,815473.0
APEXFOOT,2023-04-24,387.0,404.5,386.0,390.8,702736.0
APEXFOOT,2023-04-25,390.4,404.0,381.4,398.5,606196.0
APEXFOOT,2023-04-26,402.0,403.5,373.1,380.5,811689.0
APEXFOOT,2023-04-27,377.1,379.0,365.0,370.1,632881.0
APEXFOOT,2023-04-30,337.8,337.8,337.8,337.8,63578.0
APEXFOOT,2023-05-02,308.3,329.4,308.3,324.3,652071.0
APEXFOOT,2023-05-03,326.4,343.0,326.4,332.1,276375.0
APEXFOOT,2023-05-07,332.1,334.0,312.0,316.3,300961.0
APEXFOOT,2023-05-08,322.0,333.2,314.4,316.1,303045.0
APEXFOOT,2023-05-09,320.0,327.0,311.0,313.3,191571.0
APEXFOOT,2023-05-10,311.6,327.0,311.5,324.2,236113.0
APEXFOOT,2023-05-11,327.1,337.9,321.0,323.6,293369.0
APEXFOOT,2023-05-14,323.3,327.0,315.0,317.6,153724.0
APEXFOOT,2023-05-15,323.0,324.9,314.1,314.7,130613.0
APEXFOOT,2023-05-16,314.8,319.0,308.0,309.8,212606.0
APEXFOOT,2023-05-17,314.5,315.5,306.7,307.5,143204.0
APEXFOOT,2023-05-18,309.0,314.0,305.0,307.0,145803.0
APEXFOOT,2023-05-21,311.2,313.6,300.0,301.1,150610.0
APEXFOOT,2023-05-22,303.0,308.9,299.9,303.8,106967.0
APEXFOOT,2023-05-23,310.0,312.0,304.0,310.2,134327.0
APEXFOOT,2023-05-24,312.0,316.6,302.3,304.4,196236.0
APEXFOOT,2023-05-25,307.9,308.0,300.0,302.4,253011.0
APEXFOOT,2023-05-28,302.4,307.9,302.4,305.6,166564.0
APEXFOOT,2023-05-29,305.6,317.8,305.6,314.1,267591.0
APEXFOOT,2023-05-30,316.9,333.0,315.3,326.7,440281.0
APEXFOOT,2023-05-31,329.5,335.0,315.0,317.0,285282.0
APEXFOOT,2023-06-01,317.5,324.0,315.0,315.9,143691.0
APEXFOOT,2023-06-04,314.9,320.9,310.1,315.3,129492.0
APEXFOOT,2023-06-05,319.8,320.0,309.2,310.1,138358.0
APEXFOOT,2023-06-06,313.8,316.8,305.3,307.0,116842.0
APEXFOOT,2023-06-07,308.0,314.7,305.5,307.1,70283.0
APEXFOOT,2023-06-08,310.0,312.4,304.6,305.5,99865.0
APEXFOOT,2023-06-11,310.0,319.0,308.0,316.0,159655.0
APEXFOOT,2023-06-12,317.1,325.0,310.2,312.0,222808.0
APEXFOOT,2023-06-13,312.0,316.0,309.2,312.7,76755.0
APEXFOOT,2023-06-14,317.8,317.8,305.2,307.4,73152.0
APEXFOOT,2023-06-15,306.2,312.9,304.0,308.1,78465.0
APEXFOOT,2023-06-18,307.1,310.4,304.9,307.3,39939.0
APEXFOOT,2023-06-19,307.1,312.0,305.2,308.2,44455.0
APEXFOOT,2023-06-20,309.3,315.0,308.0,313.2,80028.0
APEXFOOT,2023-06-21,314.2,316.7,308.2,309.9,99336.0
APEXFOOT,2023-06-22,312.0,316.8,308.0,311.1,93358.0
APEXFOOT,2023-06-25,313.8,315.5,310.6,314.6,84907.0
APEXFOOT,2023-06-26,315.7,318.8,313.7,314.4,115204.0
APEXFOOT,2023-07-02,312.0,316.0,312.0,312.9,77374.0
APEXFOOT,2023-07-03,315.8,315.8,308.3,308.9,74710.0
APEXFOOT,2023-07-04,310.1,312.3,307.1,307.5,56492.0
APEXFOOT,2023-07-05,307.6,309.9,305.1,305.8,65258.0
APEXFOOT,2023-07-06,306.0,309.5,304.0,305.7,55218.0
APEXFOOT,2023-07-09,308.0,308.3,305.0,307.2,107705.0
APEXFOOT,2023-07-10,306.1,311.5,303.9,304.2,78195.0
APEXFOOT,2023-07-11,304.0,305.9,303.2,305.0,31198.0
APEXFOOT,2023-07-12,307.8,315.9,305.5,310.8,122223.0
APEXFOOT,2023-07-13,308.3,313.8,305.0,305.6,89494.0
APEXFOOT,2023-07-16,300.0,300.8,286.5,291.9,254452.0
APEXFOOT,2023-07-17,295.1,303.0,295.0,301.4,60025.0
APEXFOOT,2023-07-18,301.0,302.8,294.1,295.1,72969.0
APEXFOOT,2023-07-19,298.9,298.9,292.9,294.8,54293.0
APEXFOOT,2023-07-20,295.0,297.0,293.3,293.7,71389.0
APEXFOOT,2023-07-23,293.0,299.6,292.7,297.4,60110.0
APEXFOOT,2023-07-24,296.5,296.8,290.0,290.4,78881.0
APEXFOOT,2023-07-25,292.1,297.5,292.0,295.8,53203.0
APEXFOOT,2023-07-26,298.0,298.0,293.3,296.8,37641.0
APEXFOOT,2023-07-27,298.3,299.4,280.0,290.9,54861.0
APEXFOOT,2023-07-30,282.7,294.8,282.7,286.2,36388.0
APEXFOOT,2023-07-31,283.0,305.0,283.0,289.4,18332.0
APEXFOOT,2023-08-01,292.9,293.5,289.5,289.9,12532.0
APEXFOOT,2023-08-02,290.0,294.8,290.0,291.3,32904.0
APEXFOOT,2023-08-03,289.0,297.0,289.0,294.4,43934.0
APEXFOOT,2023-08-06,290.2,296.5,288.0,288.7,33236.0
APEXFOOT,2023-08-07,286.9,290.0,286.2,286.5,15809.0
APEXFOOT,2023-08-08,285.2,292.5,285.2,289.7,33006.0
APEXFOOT,2023-08-09,288.0,293.9,285.0,287.9,58717.0
APEXFOOT,2023-08-10,293.5,294.9,285.0,291.1,51430.0
APEXFOOT,2023-08-13,295.5,296.8,292.0,294.3,85075.0
APEXFOOT,2023-08-14,294.3,294.3,287.2,290.1,47038.0
APEXFOOT,2023-08-16,288.0,288.1,278.9,279.9,57406.0
APEXFOOT,2023-08-17,286.3,288.0,282.1,287.1,16641.0
APEXFOOT,2023-08-20,283.3,287.5,281.7,285.7,13123.0
APEXFOOT,2023-08-21,285.7,289.6,283.7,285.6,41597.0
APEXFOOT,2023-08-22,284.4,288.3,284.4,286.9,16194.0
APEXFOOT,2023-08-23,286.0,292.0,285.0,289.0,40588.0
APEXFOOT,2023-08-24,291.9,293.4,288.0,291.6,27048.0
APEXFOOT,2023-08-27,289.2,293.8,287.0,288.3,18534.0
APEXFOOT,2023-08-28,292.8,292.9,288.5,289.0,37908.0
APEXFOOT,2023-08-29,288.4,288.5,284.3,285.1,28179.0
APEXFOOT,2023-08-30,284.1,289.4,284.0,284.6,14206.0
APEXFOOT,2023-08-31,285.2,287.9,284.0,284.5,15653.0
APEXFOOT,2023-09-03,283.2,290.0,283.2,287.8,17746.0
APEXFOOT,2023-09-04,289.7,289.8,284.7,285.2,9425.0
APEXFOOT,2023-09-05,285.2,287.3,283.6,284.3,19521.0
APEXFOOT,2023-09-07,285.1,285.7,282.5,283.0,22089.0
APEXFOOT,2023-09-10,283.5,283.7,280.5,281.0,19207.0
APEXFOOT,2023-09-11,285.0,285.0,280.2,280.4,9391.0
APEXFOOT,2023-09-12,282.0,284.8,281.3,282.0,8085.0
APEXFOOT,2023-09-13,283.0,288.0,282.0,285.6,30813.0
APEXFOOT,2023-09-14,287.1,292.6,287.1,287.9,71547.0
APEXFOOT,2023-09-17,288.0,293.5,283.0,290.3,39778.0
APEXFOOT,2023-09-18,295.0,304.7,295.0,303.3,314427.0
APEXFOOT,2023-09-19,303.9,307.9,300.1,301.8,125502.0
APEXFOOT,2023-09-20,302.8,304.0,296.2,297.9,118670.0
APEXFOOT,2023-09-21,302.0,302.0,292.8,294.4,103514.0
APEXFOOT,2023-09-24,299.2,299.2,285.0,288.3,45712.0
APEXFOOT,2023-09-25,288.4,298.5,285.4,294.9,54938.0
APEXFOOT,2023-09-26,295.2,301.9,293.0,296.2,110990.0
APEXFOOT,2023-09-27,309.0,314.7,305.3,307.9,470039.0
APEXFOOT,2023-10-01,308.0,309.5,296.0,297.5,192432.0
APEXFOOT,2023-10-02,296.6,299.9,289.9,290.7,170652.0
APEXFOOT,2023-10-03,290.5,297.8,289.9,290.4,96588.0
APEXFOOT,2023-10-04,293.9,294.9,290.0,294.2,67317.0
APEXFOOT,2023-10-05,292.0,297.5,291.5,293.3,52720.0
APEXFOOT,2023-10-08,293.3,294.5,287.0,290.6,102173.0
APEXFOOT,2023-10-09,291.6,292.0,285.0,286.6,65408.0
APEXFOOT,2023-10-10,285.3,292.0,285.3,287.6,37308.0
APEXFOOT,2023-10-11,289.1,291.5,287.0,289.1,35663.0
APEXFOOT,2023-10-12,291.9,298.0,289.6,297.7,99614.0
APEXFOOT,2023-10-15,295.3,297.6,290.8,291.3,65147.0
APEXFOOT,2023-10-16,296.5,296.5,290.2,291.8,78568.0
APEXFOOT,2023-10-17,293.8,317.0,292.0,312.3,854504.0
APEXFOOT,2023-10-19,284.9,291.0,281.1,283.1,345717.0
APEXFOOT,2023-10-22,283.1,283.2,275.1,278.2,90872.0
APEXFOOT,2023-10-23,278.4,279.0,273.5,274.3,115941.0
APEXFOOT,2023-10-25,277.9,282.0,274.4,276.4,65994.0
APEXFOOT,2023-10-26,276.4,280.7,273.6,278.7,61162.0
APEXFOOT,2023-10-29,274.7,280.0,272.0,273.0,107121.0
APEXFOOT,2023-10-30,278.8,279.4,260.0,261.7,118279.0
APEXFOOT,2023-10-31,261.7,265.9,261.2,263.9,67274.0
APEXFOOT,2023-11-01,262.6,267.9,261.2,263.1,45007.0
APEXFOOT,2023-11-02,266.9,268.0,257.5,260.0,122086.0
APEXFOOT,2023-11-05,260.4,270.0,257.5,263.4,83177.0
APEXFOOT,2023-11-06,266.9,286.4,266.9,286.4,351109.0
APEXFOOT,2023-11-07,297.0,311.4,297.0,311.4,234582.0
APEXFOOT,2023-11-08,337.3,338.6,308.0,321.2,959089.0
APEXFOOT,2023-11-09,321.5,324.6,305.4,319.1,367036.0
APEXFOOT,2023-11-12,320.0,320.0,291.2,291.2,427345.0
APEXFOOT,2023-11-13,281.6,290.9,278.0,282.5,411585.0
APEXFOOT,2023-11-14,275.0,275.0,261.0,262.6,259942.0
APEXFOOT,2023-11-15,261.2,277.0,261.0,270.0,82341.0
APEXFOOT,2023-11-16,270.0,275.1,262.1,265.6,217171.0
APEXFOOT,2023-11-19,268.2,269.0,257.5,257.8,256140.0
APEXFOOT,2023-11-20,257.8,263.2,257.5,257.6,90896.0
APEXFOOT,2023-11-21,257.7,261.1,257.5,257.5,90363.0
APEXFOOT,2023-11-22,257.5,259.9,257.5,257.5,77633.0
APEXFOOT,2023-11-23,257.5,261.0,257.5,258.0,118884.0
APEXFOOT,2023-11-26,260.1,260.9,257.5,257.6,124599.0
APEXFOOT,2023-11-27,257.7,258.0,257.5,257.5,37119.0
APEXFOOT,2023-11-28,257.5,257.5,257.5,257.5,9530.0
APEXFOOT,2023-11-29,257.5,260.0,257.5,259.5,81155.0
APEXFOOT,2023-11-30,260.3,261.8,257.5,257.5,118081.0
APEXFOOT,2023-12-03,258.2,259.3,257.5,257.5,41171.0
APEXFOOT,2023-12-04,257.5,260.6,257.5,258.1,178527.0
APEXFOOT,2023-12-05,257.5,261.4,257.5,258.0,143560.0
APEXFOOT,2023-12-06,260.0,260.9,258.3,258.5,66787.0
APEXFOOT,2023-12-07,260.0,260.9,257.9,258.3,78684.0
APEXFOOT,2023-12-10,258.5,259.4,257.5,257.5,73465.0
APEXFOOT,2023-12-11,257.5,261.0,257.5,258.2,128309.0
APEXFOOT,2023-12-12,259.0,261.9,258.3,259.5,64392.0
APEXFOOT,2023-12-13,259.5,260.6,257.5,257.9,74236.0
APEXFOOT,2023-12-14,257.6,259.7,257.5,257.5,47844.0
APEXFOOT,2023-12-17,257.5,257.8,257.5,257.5,25752.0
APEXFOOT,2023-12-18,257.5,258.0,257.5,257.5,33928.0
APEXFOOT,2023-12-19,257.5,257.5,257.5,257.5,17949.0
APEXFOOT,2023-12-20,257.5,260.0,257.5,258.2,74096.0
APEXFOOT,2023-12-21,259.9,260.5,257.5,257.8,65321.0
APEXFOOT,2023-12-24,257.8,257.8,257.5,257.5,23919.0
APEXFOOT,2023-12-26,257.5,257.6,257.5,257.5,9647.0
APEXFOOT,2023-12-27,257.5,257.5,257.5,257.5,5666.0
APEXFOOT,2023-12-28,257.5,257.5,257.5,257.5,7471.0
APEXFOOT,2024-01-01,257.5,257.5,257.5,257.5,7028.0
APEXFOOT,2024-01-02,257.5,257.5,257.5,257.5,804.0
APEXFOOT,2024-01-03,257.5,257.5,257.5,257.5,2027.0
APEXFOOT,2024-01-04,257.5,257.5,257.5,257.5,697.0
APEXFOOT,2024-01-08,257.5,257.5,257.5,257.5,1244.0
APEXFOOT,2024-01-09,257.5,257.5,257.5,257.5,422.0
APEXFOOT,2024-01-10,257.5,259.0,257.5,257.5,58372.0
APEXFOOT,2024-01-11,257.5,261.8,257.5,260.7,117105.0
APEXFOOT,2024-01-14,260.7,262.4,258.2,259.7,47857.0
APEXFOOT,2024-01-15,259.4,260.0,257.5,257.7,55465.0
APEXFOOT,2024-01-16,258.0,268.4,257.6,266.5,151356.0
APEXFOOT,2024-01-17,266.6,272.3,262.2,263.4,118497.0
APEXFOOT,2024-01-18,266.4,266.4,260.5,261.7,52882.0
APEXFOOT,2024-01-21,240.0,260.5,240.0,259.3,54503.0
APEXFOOT,2024-01-22,258.2,262.9,258.2,261.1,54163.0
APEXFOOT,2024-01-23,261.1,261.9,256.6,258.2,68916.0
APEXFOOT,2024-01-24,257.7,260.2,249.1,251.0,44260.0
APEXFOOT,2024-01-25,255.0,255.9,249.2,249.7,32243.0
APEXFOOT,2024-01-28,250.1,250.1,242.6,243.7,18674.0
APEXFOOT,2024-01-29,243.0,244.0,239.0,240.1,24657.0
APEXFOOT,2024-01-30,240.3,243.8,237.0,238.3,62923.0
APEXFOOT,2024-01-31,248.0,248.0,237.0,238.4,34401.0
APEXFOOT,2024-02-01,238.4,242.0,237.2,239.9,30020.0
APEXFOOT,2024-02-04,241.0,245.3,240.3,240.6,54134.0
APEXFOOT,2024-02-05,241.2,257.0,240.2,251.2,89750.0
APEXFOOT,2024-02-06,251.0,259.7,246.1,258.4,73887.0
APEXFOOT,2024-02-07,256.4,260.0,255.0,257.1,56529.0
APEXFOOT,2024-02-08,258.0,260.9,252.0,258.9,37319.0
APEXFOOT,2024-02-11,260.0,260.0,252.0,253.3,47380.0
APEXFOOT,2024-02-12,256.2,259.5,252.8,257.8,71398.0
APEXFOOT,2024-02-13,261.8,262.0,256.0,257.5,57072.0
APEXFOOT,2024-02-14,256.3,259.6,255.0,257.2,29754.0
APEXFOOT,2024-02-15,257.2,260.0,254.4,255.3,22813.0
APEXFOOT,2024-02-18,255.0,258.0,245.1,249.3,24703.0
APEXFOOT,2024-02-19,255.0,257.7,250.2,255.3,19892.0
APEXFOOT,2024-02-20,251.0,257.8,251.0,253.3,18864.0
APEXFOOT,2024-02-22,253.6,257.2,252.0,256.1,23082.0
APEXFOOT,2024-02-25,256.2,258.4,252.0,254.7,19942.0
APEXFOOT,2024-02-27,254.7,260.0,254.7,255.5,25141.0
APEXFOOT,2024-02-28,256.9,256.9,252.0,253.1,18186.0
APEXFOOT,2024-02-29,255.8,255.8,251.2,252.3,5438.0
APEXFOOT,2024-03-03,252.3,255.7,251.0,251.9,8534.0
APEXFOOT,2024-03-04,254.0,254.0,248.0,249.7,14674.0
APEXFOOT,2024-03-05,250.0,256.5,250.0,254.5,22021.0
APEXFOOT,2024-03-06,256.5,256.5,253.0,254.9,25945.0
APEXFOOT,2024-03-07,252.0,256.4,250.0,250.5,40217.0
APEXFOOT,2024-03-10,255.0,255.0,247.0,247.1,15932.0
APEXFOOT,2024-03-11,248.5,252.8,248.5,251.6,13759.0
APEXFOOT,2024-03-12,255.0,255.8,250.0,250.1,15491.0
APEXFOOT,2024-03-13,250.0,254.6,247.0,248.9,6286.0
APEXFOOT,2024-03-14,254.2,254.4,247.1,247.7,4638.0
APEXFOOT,2024-03-18,247.5,249.0,244.9,248.7,9184.0
APEXFOOT,2024-03-19,244.0,248.0,242.0,243.0,9471.0
APEXFOOT,2024-03-20,243.0,248.1,240.5,243.0,7159.0
APEXFOOT,2024-03-21,248.0,253.9,246.0,251.3,5320.0
APEXFOOT,2024-03-24,251.0,252.8,246.0,246.4,10883.0
APEXFOOT,2024-03-25,249.9,249.9,243.9,245.4,7278.0
APEXFOOT,2024-03-27,245.1,245.7,240.0,243.2,19956.0
APEXFOOT,2024-03-28,241.0,244.9,238.8,240.2,7927.0
APEXFOOT,2024-03-31,242.0,245.0,241.3,243.5,3882.0
APEXFOOT,2024-04-01,248.0,248.0,243.6,244.5,14205.0
APEXFOOT,2024-04-02,241.1,244.9,240.0,240.6,7450.0
APEXFOOT,2024-04-03,245.8,245.8,240.8,242.8,5762.0
APEXFOOT,2024-04-04,241.5,247.0,241.5,245.5,5172.0
APEXFOOT,2024-04-08,247.9,249.9,245.8,248.8,2912.0
APEXFOOT,2024-04-09,245.2,248.6,243.0,245.4,5978.0
APEXFOOT,2024-04-15,243.0,245.9,243.0,243.5,4302.0
APEXFOOT,2024-04-16,243.0,245.9,242.3,243.6,3862.0
APEXFOOT,2024-04-17,243.2,247.0,242.7,243.1,7779.0
APEXFOOT,2024-04-18,240.1,248.0,239.8,240.8,18588.0
APEXFOOT,2024-04-21,239.1,248.0,239.1,241.7,6314.0
APEXFOOT,2024-04-22,240.4,244.9,239.4,240.3,6053.0
APEXFOOT,2024-04-23,242.0,243.0,237.0,238.9,12395.0
APEXFOOT,2024-04-24,243.9,243.9,237.0,238.1,5015.0
APEXFOOT,2024-04-25,238.0,238.0,231.0,237.3,8971.0
APEXFOOT,2024-04-28,237.6,242.8,237.6,239.1,8319.0
APEXFOOT,2024-04-29,238.6,240.0,232.3,233.5,18053.0
APEXFOOT,2024-04-30,237.0,237.0,232.0,234.3,7355.0
APEXFOOT,2024-05-02,237.5,239.4,235.0,238.2,10727.0
APEXFOOT,2024-05-05,236.5,239.5,235.4,237.7,14180.0
APEXFOOT,2024-05-06,237.8,242.0,237.8,239.9,17521.0
APEXFOOT,2024-05-07,240.0,240.0,237.0,238.1,9306.0
APEXFOOT,2024-05-08,236.5,239.0,236.5,237.2,18890.0
APEXFOOT,2024-05-09,238.2,249.9,238.0,240.1,20675.0
APEXFOOT,2024-05-12,243.7,244.2,238.1,239.6,19981.0
APEXFOOT,2024-05-13,239.6,240.0,237.0,237.7,22652.0
APEXFOOT,2024-05-14,235.4,236.5,233.1,233.9,20633.0
APEXFOOT,2024-05-15,233.9,235.9,230.0,234.0,11082.0
APEXFOOT,2024-05-16,237.0,237.0,229.5,230.3,8478.0
APEXFOOT,2024-05-19,239.9,239.9,223.4,223.5,7605.0
APEXFOOT,2024-05-20,217.2,223.3,217.2,220.8,2789.0
APEXFOOT,2024-05-21,224.0,230.0,220.3,221.0,7952.0
APEXFOOT,2024-05-23,220.0,220.0,214.4,214.5,9200.0
APEXFOOT,2024-05-26,210.1,219.8,210.0,219.3,6633.0
APEXFOOT,2024-05-27,218.1,220.0,214.0,219.9,5415.0
APEXFOOT,2024-05-28,227.9,227.9,218.3,219.3,2151.0
APEXFOOT,2024-05-29,223.5,223.5,214.0,215.6,4487.0
APEXFOOT,2024-05-30,215.0,221.0,212.0,214.4,7324.0
APEXFOOT,2024-06-02,215.0,221.0,211.0,214.9,12016.0
APEXFOOT,2024-06-03,213.0,215.0,211.0,212.2,13074.0
APEXFOOT,2024-06-04,215.0,218.9,213.2,214.9,4874.0
APEXFOOT,2024-06-05,218.7,218.7,214.7,215.5,4522.0
APEXFOOT,2024-06-06,220.0,234.3,218.1,234.3,68949.0
APEXFOOT,2024-06-09,236.0,243.2,229.0,230.5,26244.0
APEXFOOT,2024-06-10,224.6,233.0,223.6,225.9,23406.0
APEXFOOT,2024-06-11,225.0,231.0,219.2,222.8,29865.0
APEXFOOT,2024-06-12,216.9,227.6,216.9,221.9,36313.0
APEXFOOT,2024-06-13,222.0,225.0,221.7,222.6,17187.0
APEXFOOT,2024-06-19,224.2,226.9,221.1,225.8,7635.0
APEXFOOT,2024-06-20,228.5,242.0,225.4,232.8,37134.0
APEXFOOT,2024-06-23,232.0,236.0,228.0,230.0,14444.0
APEXFOOT,2024-06-24,225.0,231.9,225.0,229.0,15956.0
APEXFOOT,2024-06-25,230.0,230.0,222.2,224.9,20704.0
APEXFOOT,2024-06-26,225.0,238.0,224.2,232.1,49040.0
APEXFOOT,2024-06-27,233.1,236.9,233.1,235.2,17573.0
APEXFOOT,2024-06-30,239.0,240.8,228.3,238.9,28238.0
APEXFOOT,2024-07-02,239.9,240.1,235.0,236.1,13296.0
APEXFOOT,2024-07-03,232.1,248.0,232.1,247.2,36916.0
APEXFOOT,2024-07-04,249.8,249.8,243.8,247.7,51072.0
APEXFOOT,2024-07-07,250.0,254.9,244.5,246.0,62439.0
APEXFOOT,2024-07-08,245.6,246.2,240.4,241.4,25373.0
APEXFOOT,2024-07-09,241.0,243.0,237.7,238.5,60405.0
APEXFOOT,2024-07-10,244.0,244.0,237.5,238.6,46773.0
APEXFOOT,2024-07-11,244.0,244.0,232.0,232.8,15958.0
APEXFOOT,2024-07-14,238.5,238.5,229.1,232.1,15055.0
APEXFOOT,2024-07-15,237.9,238.0,230.3,236.8,13853.0
APEXFOOT,2024-07-16,236.9,246.7,235.2,243.7,29541.0
APEXFOOT,2024-07-18,240.0,241.4,236.4,237.6,11403.0
APEXFOOT,2024-07-24,231.1,231.3,230.5,230.5,12045.0
APEXFOOT,2024-07-25,225.0,234.5,224.0,232.0,8414.0
APEXFOOT,2024-07-28,231.5,232.1,227.0,231.0,15994.0
APEXFOOT,2024-07-29,233.9,233.9,228.0,231.5,16188.0
APEXFOOT,2024-07-30,228.0,228.0,226.5,226.7,9669.0
APEXFOOT,2024-07-31,224.0,232.0,224.0,228.0,7583.0
APEXFOOT,2024-08-01,232.8,233.0,225.0,229.9,22880.0
APEXFOOT,2024-08-04,223.8,223.8,223.1,223.1,7010.0
APEXFOOT,2024-08-06,237.9,242.6,230.3,237.3,24130.0
APEXFOOT,2024-08-07,240.0,250.0,231.9,247.5,38333.0
APEXFOOT,2024-08-08,255.0,269.1,244.0,263.3,122188.0
APEXFOOT,2024-08-11,260.0,265.5,255.5,255.6,72887.0
APEXFOOT,2024-08-12,255.6,258.8,248.0,248.0,28034.0
APEXFOOT,2024-08-13,244.1,250.0,241.0,246.6,14764.0
APEXFOOT,2024-08-14,253.0,253.0,241.6,246.7,24618.0
APEXFOOT,2024-08-15,243.0,247.0,239.3,244.0,23724.0
APEXFOOT,2024-08-18,244.0,245.5,239.3,240.5,19536.0
APEXFOOT,2024-08-19,238.0,242.8,238.0,239.2,17056.0
APEXFOOT,2024-08-20,238.7,242.0,237.7,239.0,7650.0
APEXFOOT,2024-08-21,239.9,239.9,231.9,231.9,81202.0
APEXFOOT,2024-08-22,227.0,233.9,225.0,230.1,63229.0
APEXFOOT,2024-08-25,230.1,232.9,225.0,229.3,39346.0
APEXFOOT,2024-08-27,230.1,239.0,226.7,237.6,67292.0
APEXFOOT,2024-08-28,237.7,240.0,235.0,238.0,16498.0
APEXFOOT,2024-08-29,235.1,239.0,235.1,237.3,17072.0
APEXFOOT,2024-09-01,239.8,246.9,238.0,242.4,34836.0
APEXFOOT,2024-09-02,242.4,243.5,238.0,238.9,20603.0
APEXFOOT,2024-09-03,235.5,244.0,235.5,238.7,26473.0
APEXFOOT,2024-09-04,240.0,241.4,237.7,238.2,22504.0
APEXFOOT,2024-09-05,236.0,239.0,235.1,236.1,12638.0
APEXFOOT,2024-09-08,236.2,241.5,235.3,236.2,29066.0
APEXFOOT,2024-09-09,233.2,238.0,231.2,232.8,16442.0
APEXFOOT,2024-09-10,231.3,237.0,231.1,235.7,9915.0
APEXFOOT,2024-09-11,241.4,241.4,235.2,237.0,19776.0
APEXFOOT,2024-09-12,237.0,249.2,237.0,245.6,74075.0
APEXFOOT,2024-09-15,248.9,249.0,242.4,243.6,26320.0
APEXFOOT,2024-09-17,240.5,245.4,240.5,241.1,15451.0
APEXFOOT,2024-09-18,240.6,243.8,240.0,241.4,11695.0
APEXFOOT,2024-09-19,241.1,242.9,240.0,240.4,17528.0
APEXFOOT,2024-09-22,241.2,243.9,238.5,240.3,35214.0
APEXFOOT,2024-09-23,245.0,245.0,237.0,238.9,20872.0
APEXFOOT,2024-09-24,253.0,253.0,238.0,240.0,34527.0
APEXFOOT,2024-09-25,235.5,243.2,235.0,236.2,26870.0
APEXFOOT,2024-09-26,242.1,249.9,229.0,234.1,23277.0
APEXFOOT,2024-09-29,235.0,238.9,232.0,234.6,17969.0
APEXFOOT,2024-09-30,236.8,241.3,232.7,239.9,34576.0
APEXFOOT,2024-10-01,250.0,260.0,240.0,243.0,366865.0
APEXFOOT,2024-10-02,245.0,248.0,239.4,246.0,92759.0
APEXFOOT,2024-10-03,246.2,246.2,240.7,242.6,54513.0
APEXFOOT,2024-10-06,244.6,244.6,238.0,238.9,41304.0
APEXFOOT,2024-10-07,238.9,240.0,235.3,235.6,61291.0
APEXFOOT,2024-10-08,235.0,239.6,233.0,235.0,27565.0
APEXFOOT,2024-10-09,237.0,241.0,235.0,239.7,34338.0
APEXFOOT,2024-10-14,240.0,241.5,237.2,238.2,29964.0
APEXFOOT,2024-10-15,237.6,240.5,235.0,236.4,36786.0
APEXFOOT,2024-10-16,239.7,239.7,236.5,236.9,9609.0
APEXFOOT,2024-10-17,237.8,239.5,235.1,235.9,30066.0
APEXFOOT,2024-10-20,238.9,238.9,230.0,235.9,216653.0
APEXFOOT,2024-10-21,233.0,237.3,226.2,234.6,152591.0
APEXFOOT,2024-10-23,195.1,218.0,194.7,203.2,64284.0
APEXFOOT,2024-10-24,203.2,204.9,197.0,199.3,17008.0
APEXFOOT,2024-10-27,199.9,201.7,192.0,195.1,28800.0
APEXFOOT,2024-10-28,192.5,198.0,188.0,192.1,25660.0
APEXFOOT,2024-10-29,198.9,198.9,192.3,195.7,19697.0
APEXFOOT,2024-10-30,199.9,205.9,196.1,205.2,24467.0
APEXFOOT,2024-10-31,203.5,205.5,199.5,203.1,22703.0
APEXFOOT,2024-11-03,203.0,206.9,199.0,201.4,24087.0
APEXFOOT,2024-11-04,200.3,204.9,200.3,204.2,32240.0
APEXFOOT,2024-11-05,209.8,210.0,206.0,207.7,53706.0
APEXFOOT,2024-11-06,208.9,210.9,204.0,204.7,28117.0
APEXFOOT,2024-11-07,205.0,207.3,201.0,202.2,13626.0
APEXFOOT,2024-11-10,202.0,205.0,200.0,201.0,10835.0
APEXFOOT,2024-11-11,201.0,204.9,201.0,203.0,27029.0
APEXFOOT,2024-11-12,220.7,220.7,203.4,204.7,18335.0
APEXFOOT,2024-11-13,207.0,208.9,201.2,202.2,33363.0
APEXFOOT,2024-11-14,207.0,208.8,203.0,204.1,34849.0
APEXFOOT,2024-11-17,204.5,207.1,203.1,204.1,26372.0
APEXFOOT,2024-11-18,204.3,207.8,204.3,205.4,30635.0
APEXFOOT,2024-11-19,205.9,206.9,204.2,204.8,31838.0
APEXFOOT,2024-11-20,206.4,206.7,203.3,204.0,14121.0
APEXFOOT,2024-11-21,205.7,205.7,202.0,202.7,23094.0
APEXFOOT,2024-11-24,204.0,204.0,200.8,201.2,22091.0
APEXFOOT,2024-11-25,204.3,204.3,200.0,201.3,11301.0
APEXFOOT,2024-11-26,203.7,203.7,200.7,201.2,16377.0
APEXFOOT,2024-11-27,204.0,204.7,202.2,204.0,17388.0
APEXFOOT,2024-11-28,204.1,207.0,203.1,203.5,20185.0
APEXFOOT,2024-12-01,203.0,204.0,201.5,202.1,8577.0
APEXFOOT,2024-12-02,201.8,205.0,200.2,202.4,15295.0
APEXFOOT,2024-12-03,204.0,204.1,202.4,202.8,14532.0
APEXFOOT,2024-12-04,202.7,205.8,202.7,204.1,17258.0
APEXFOOT,2024-12-05,204.0,204.8,202.9,203.1,6366.0
APEXFOOT,2024-12-08,206.9,206.9,201.3,202.1,8677.0
APEXFOOT,2024-12-09,202.2,203.9,200.2,200.9,12491.0
APEXFOOT,2024-12-10,202.0,203.8,200.0,200.8,12805.0
APEXFOOT,2024-12-11,201.0,202.9,200.0,201.2,5667.0
APEXFOOT,2024-12-12,200.2,201.9,199.4,199.8,5001.0
APEXFOOT,2024-12-15,201.2,201.2,196.0,199.9,21214.0
APEXFOOT,2024-12-17,200.0,204.6,200.0,202.5,21304.0
APEXFOOT,2024-12-18,202.0,203.8,201.0,201.5,16175.0
APEXFOOT,2024-12-19,201.8,202.5,200.3,200.6,18951.0
APEXFOOT,2024-12-22,201.0,203.5,198.7,199.6,7801.0
APEXFOOT,2024-12-23,200.0,200.0,198.2,198.7,9971.0
APEXFOOT,2024-12-24,199.5,202.0,199.0,199.1,4640.0
APEXFOOT,2024-12-26,201.0,201.0,198.5,199.6,8290.0
APEXFOOT,2024-12-29,199.8,202.8,199.2,199.9,26901.0
APEXFOOT,2024-12-30,203.8,203.8,199.5,199.9,3820.0
APEXFOOT,2025-01-01,202.0,202.0,199.7,199.8,5236.0
APEXFOOT,2025-01-02,199.5,200.0,195.1,197.1,13341.0
APEXFOOT,2025-01-05,198.2,199.6,197.7,198.7,4047.0
APEXFOOT,2025-01-06,199.5,199.5,197.8,198.1,11323.0
APEXFOOT,2025-01-07,199.8,200.0,198.2,198.6,7523.0
APEXFOOT,2025-01-08,199.8,199.8,198.5,198.8,7501.0
APEXFOOT,2025-01-09,198.6,199.8,198.5,198.7,7684.0
APEXFOOT,2025-01-12,198.7,198.7,196.6,196.9,5667.0
APEXFOOT,2025-01-13,197.3,198.7,196.3,197.9,13886.0
APEXFOOT,2025-01-14,197.9,199.5,197.4,197.7,4156.0
APEXFOOT,2025-01-15,197.5,197.7,195.0,195.1,9716.0
APEXFOOT,2025-01-16,196.9,196.9,194.1,194.7,6356.0
APEXFOOT,2025-01-19,195.1,199.5,194.1,198.2,4454.0
APEXFOOT,2025-01-20,198.0,203.0,193.5,202.1,16068.0
APEXFOOT,2025-01-21,202.2,205.0,200.0,200.2,6531.0
APEXFOOT,2025-01-22,201.0,204.9,200.0,203.5,25915.0
APEXFOOT,2025-01-23,204.6,204.8,203.1,203.9,11464.0
APEXFOOT,2025-01-26,204.4,206.2,203.5,204.6,34550.0
APEXFOOT,2025-01-27,206.9,208.0,203.2,206.0,32023.0
APEXFOOT,2025-01-28,207.0,207.4,203.3,205.0,30116.0
APEXFOOT,2025-01-29,206.0,206.0,200.2,202.7,11589.0
APEXFOOT,2025-01-30,205.5,205.5,200.3,201.4,13530.0
APEXFOOT,2025-02-02,201.6,203.2,201.0,201.1,11669.0
APEXFOOT,2025-02-03,200.3,203.0,200.0,201.2,7735.0
APEXFOOT,2025-02-04,203.0,203.0,199.9,201.5,10802.0
APEXFOOT,2025-02-05,202.9,202.9,199.7,200.5,31533.0
APEXFOOT,2025-02-06,200.9,201.8,199.0,199.6,25582.0
APEXFOOT,2025-02-09,202.0,202.0,198.5,199.2,23753.0
APEXFOOT,2025-02-10,200.0,202.8,199.5,200.6,3530.0
APEXFOOT,2025-02-11,201.0,203.9,200.2,203.2,16406.0
APEXFOOT,2025-02-12,203.9,203.9,200.5,201.6,5916.0
APEXFOOT,2025-02-13,203.8,203.8,200.1,200.7,7837.0
APEXFOOT,2025-02-16,201.2,203.0,201.2,201.9,6706.0
APEXFOOT,2025-02-17,203.6,204.3,200.1,200.9,12365.0
APEXFOOT,2025-02-18,201.0,204.2,201.0,202.3,4783.0
APEXFOOT,2025-02-19,203.6,203.6,200.6,201.2,10329.0
APEXFOOT,2025-02-20,201.6,203.2,201.0,202.3,6053.0
APEXFOOT,2025-02-23,203.0,203.0,201.1,201.2,6098.0
APEXFOOT,2025-02-24,201.3,202.0,201.0,201.1,12553.0
APEXFOOT,2025-02-25,203.9,203.9,201.3,203.0,11195.0
APEXFOOT,2025-02-26,203.5,203.5,201.5,202.1,3717.0
APEXFOOT,2025-02-27,201.5,204.0,201.1,203.2,21824.0
APEXFOOT,2025-03-02,202.0,208.2,201.5,206.9,26415.0
APEXFOOT,2025-03-03,208.6,210.9,206.8,208.2,42722.0
APEXFOOT,2025-03-04,207.8,209.6,205.2,207.3,11150.0
APEXFOOT,2025-03-05,207.7,208.8,206.0,206.9,5860.0
APEXFOOT,2025-03-06,207.2,207.9,206.0,206.9,26030.0
APEXFOOT,2025-03-09,206.3,208.0,204.1,204.9,10491.0
APEXFOOT,2025-03-10,207.5,207.5,205.8,205.9,4701.0
APEXFOOT,2025-03-11,207.0,207.0,204.3,205.2,9539.0
APEXFOOT,2025-03-12,207.9,211.0,205.0,207.5,17020.0
APEXFOOT,2025-03-13,207.0,207.0,205.6,206.6,8371.0
APEXFOOT,2025-03-16,207.9,207.9,203.0,205.0,15130.0
APEXFOOT,2025-03-17,207.0,207.0,204.6,205.0,7539.0
APEXFOOT,2025-03-18,207.0,207.0,203.0,204.6,15877.0
APEXFOOT,2025-03-19,206.5,206.5,204.5,204.8,7918.0
APEXFOOT,2025-03-20,206.7,206.7,204.0,204.4,10863.0
APEXFOOT,2025-03-23,205.1,207.5,203.8,204.4,10655.0
APEXFOOT,2025-03-24,206.8,206.8,203.1,203.5,6166.0
APEXFOOT,2025-03-25,207.5,207.5,204.2,206.0,5023.0
APEXFOOT,2025-03-27,206.7,208.9,205.0,206.9,6124.0
APEXFOOT,2025-04-06,204.0,205.8,200.1,205.6,7979.0
APEXFOOT,2025-04-07,206.4,214.7,205.2,208.3,57497.0
APEXFOOT,2025-04-08,210.2,214.5,209.7,214.0,95162.0
RECKITTBEN,2022-04-18,5205.0,5205.0,5110.0,5131.1,385.0
RECKITTBEN,2022-04-19,5110.1,5200.0,5101.0,5135.0,334.0
RECKITTBEN,2022-04-20,5200.0,5201.0,5145.0,5150.3,349.0
RECKITTBEN,2022-04-21,5150.5,5184.5,5140.0,5164.5,1728.0
RECKITTBEN,2022-04-24,5164.5,5220.0,5164.5,5201.2,520.0
RECKITTBEN,2022-04-25,5205.0,5205.0,5154.0,5160.4,667.0
RECKITTBEN,2022-04-26,5197.5,5209.4,5175.1,5196.5,432.0
RECKITTBEN,2022-04-27,5200.0,5234.9,5100.0,5112.0,1166.0
RECKITTBEN,2022-04-28,5050.0,5063.0,4865.0,4871.3,2805.0
RECKITTBEN,2022-05-01,5600.0,5738.8,5600.0,5725.6,323.0
RECKITTBEN,2022-05-04,5201.0,5245.0,5175.1,5196.2,1467.0
RECKITTBEN,2022-05-05,4871.3,5079.0,4871.3,4994.7,1126.0
RECKITTBEN,2022-05-06,4917.0,4930.0,4833.0,4913.9,589.0
RECKITTBEN,2022-05-07,4821.0,4821.0,4781.2,4785.9,385.0
RECKITTBEN,2022-05-16,4903.0,4980.0,4870.0,4875.5,650.0
RECKITTBEN,2022-05-17,4899.0,4899.0,4840.0,4872.3,354.0
RECKITTBEN,2022-05-18,4920.0,4920.0,4830.0,4836.4,438.0
RECKITTBEN,2022-05-19,4836.4,4850.0,4790.0,4806.0,471.0
RECKITTBEN,2022-05-22,4786.0,4786.0,4565.7,4698.9,659.0
RECKITTBEN,2022-05-23,4705.0,4749.0,4670.0,4673.5,667.0
RECKITTBEN,2022-05-24,4680.0,4729.0,4651.0,4708.6,200.0
RECKITTBEN,2022-05-25,4830.0,4830.0,4670.1,4692.2,151.0
RECKITTBEN,2022-05-26,4699.9,4707.0,4698.7,4701.6,217.0
RECKITTBEN,2022-05-29,4712.0,4750.0,4699.0,4720.6,297.0
RECKITTBEN,2022-05-30,4705.2,4750.0,4705.1,4707.0,241.0
RECKITTBEN,2022-05-31,4709.1,4709.9,4686.0,4695.9,90.0
RECKITTBEN,2022-06-01,5640.3,5680.0,5616.0,5640.1,767.0
RECKITTBEN,2022-06-02,5869.7,5870.0,5832.0,5849.4,558.0
RECKITTBEN,2022-06-03,5879.9,5880.0,5762.3,5763.9,1568.0
RECKITTBEN,2022-06-04,5196.2,5245.0,5196.2,5229.6,141.0
RECKITTBEN,2022-06-06,4988.5,4988.5,4921.0,4922.4,582.0
RECKITTBEN,2022-06-07,4784.0,4896.9,4738.0,4792.1,65.0
RECKITTBEN,2022-06-13,4870.0,4870.0,4790.0,4795.5,312.0
RECKITTBEN,2022-06-14,4850.0,4850.0,4760.1,4768.2,304.0
RECKITTBEN,2022-06-15,4780.0,4780.0,4734.0,4741.5,335.0
RECKITTBEN,2022-06-16,4819.0,4900.0,4751.3,4821.3,141.0
RECKITTBEN,2022-06-19,4821.3,4898.0,4756.0,4845.8,200.0
RECKITTBEN,2022-06-20,4845.0,4895.0,4773.0,4778.5,413.0
RECKITTBEN,2022-06-21,4780.0,4840.0,4750.0,4754.1,218.0
RECKITTBEN,2022-06-22,4775.0,4800.0,4725.0,4748.8,452.0
RECKITTBEN,2022-06-23,4736.1,4834.1,4736.0,4770.7,202.0
RECKITTBEN,2022-06-26,4840.0,4855.0,4770.0,4819.7,1007.0
RECKITTBEN,2022-06-27,4819.7,4869.0,4806.0,4837.6,836.0
RECKITTBEN,2022-06-28,4830.9,4880.0,4805.1,4829.0,400.0
RECKITTBEN,2022-06-29,4900.0,4900.0,4811.5,4830.1,433.0
RECKITTBEN,2022-06-30,4830.1,4890.1,4781.0,4868.5,485.0
RECKITTBEN,2022-07-02,5900.0,5954.9,5850.2,5850.4,435.0
RECKITTBEN,2022-07-03,5753.0,5753.0,5550.0,5563.8,1876.0
RECKITTBEN,2022-07-04,5229.6,5229.6,5170.0,5179.3,298.0
RECKITTBEN,2022-07-06,4881.0,4900.0,4832.2,4832.6,304.0
RECKITTBEN,2022-07-07,4772.0,4849.0,4772.0,4819.0,98.0
RECKITTBEN,2022-07-13,4850.0,4886.5,4810.0,4862.7,512.0
RECKITTBEN,2022-07-14,4898.0,4919.0,4851.0,4887.9,271.0
RECKITTBEN,2022-07-17,4863.0,4925.0,4860.0,4867.0,127.0
RECKITTBEN,2022-07-18,4867.0,4873.0,4777.0,4794.0,454.0
RECKITTBEN,2022-07-19,4756.0,4800.0,4740.0,4780.0,470.0
RECKITTBEN,2022-07-20,4750.1,4772.3,4750.1,4771.4,206.0
RECKITTBEN,2022-07-21,4785.0,4848.0,4782.0,4801.1,126.0
RECKITTBEN,2022-07-24,4841.0,4855.0,4760.0,4770.0,325.0
RECKITTBEN,2022-07-25,4775.0,4775.0,4720.0,4743.0,697.0
RECKITTBEN,2022-07-26,4830.0,4847.7,4755.0,4782.6,226.0
RECKITTBEN,2022-07-27,4769.0,4839.9,4757.0,4762.2,562.0
RECKITTBEN,2022-07-28,4755.0,4755.1,4731.0,4745.7,486.0
RECKITTBEN,2022-07-31,4804.0,4805.0,4769.2,4796.1,212.0
RECKITTBEN,2022-08-01,4766.0,4834.0,4766.0,4811.0,270.0
RECKITTBEN,2022-08-02,4811.0,4830.0,4810.0,4814.1,128.0
RECKITTBEN,2022-08-03,4881.5,4900.0,4820.0,4892.3,599.0
RECKITTBEN,2022-08-04,4891.0,4920.0,4834.0,4862.4,187.0
RECKITTBEN,2022-08-05,4999.0,5080.0,4952.0,5037.4,903.0
RECKITTBEN,2022-08-06,4830.0,4900.0,4830.0,4878.6,67.0
RECKITTBEN,2022-08-07,4831.0,4899.0,4831.0,4897.3,105.0
RECKITTBEN,2022-08-08,4851.0,4934.0,4850.4,4856.2,216.0
RECKITTBEN,2022-08-10,4856.2,4856.2,4840.1,4850.4,146.0
RECKITTBEN,2022-08-11,4850.3,4879.9,4827.0,4851.8,246.0
RECKITTBEN,2022-08-14,4850.0,4850.0,4809.0,4813.8,316.0
RECKITTBEN,2022-08-16,4869.9,4895.0,4835.0,4870.0,158.0
RECKITTBEN,2022-08-17,4919.0,4920.0,4857.0,4869.5,364.0
RECKITTBEN,2022-08-21,4895.0,4895.0,4831.0,4852.0,102.0
RECKITTBEN,2022-08-22,4855.0,4890.0,4840.0,4852.0,75.0
RECKITTBEN,2022-08-23,4848.0,4860.0,4841.0,4844.7,438.0
RECKITTBEN,2022-08-24,4770.2,4815.0,4770.2,4794.3,354.0
RECKITTBEN,2022-08-25,4908.0,4908.0,4805.0,4819.6,204.0
RECKITTBEN,2022-08-28,4800.0,4840.0,4775.0,4824.0,410.0
RECKITTBEN,2022-08-29,4843.9,4850.0,4830.0,4841.0,482.0
RECKITTBEN,2022-08-30,4850.5,4900.0,4841.0,4884.0,898.0
RECKITTBEN,2022-08-31,4850.0,4900.0,4850.0,4892.2,545.0
RECKITTBEN,2022-09-01,4899.0,4980.0,4899.0,4978.0,631.0
RECKITTBEN,2022-09-02,5840.0,5914.0,5840.0,5901.1,286.0
RECKITTBEN,2022-09-03,5490.0,5600.0,5440.0,5514.6,1491.0
RECKITTBEN,2022-09-04,4981.2,5050.0,4981.1,4997.4,1028.0
RECKITTBEN,2022-09-05,4986.6,4995.0,4970.0,4977.1,1377.0
RECKITTBEN,2022-09-06,4950.1,4971.0,4890.1,4892.5,930.0
RECKITTBEN,2022-09-07,5000.0,5045.0,4810.0,4975.1,1233.0
RECKITTBEN,2022-09-08,4980.0,4982.0,4900.3,4935.5,189.0
RECKITTBEN,2022-09-11,4941.0,4990.0,4929.0,4945.7,1291.0
RECKITTBEN,2022-09-12,4949.0,4997.9,4930.0,4965.8,467.0
RECKITTBEN,2022-09-13,5035.0,5035.0,4900.0,4913.2,533.0
RECKITTBEN,2022-09-14,4914.0,4930.0,4903.0,4911.2,921.0
RECKITTBEN,2022-09-15,4831.0,4949.8,4831.0,4885.1,844.0
RECKITTBEN,2022-09-18,4927.0,4927.0,4830.0,4840.1,386.0
RECKITTBEN,2022-09-19,4840.1,4860.0,4831.0,4847.0,70.0
RECKITTBEN,2022-09-20,4859.0,4890.0,4850.0,4880.0,344.0
RECKITTBEN,2022-09-21,4852.0,4900.0,4852.0,4871.8,259.0
RECKITTBEN,2022-09-22,4891.0,4900.0,4860.0,4894.1,337.0
RECKITTBEN,2022-09-25,4949.0,4949.0,4880.0,4880.1,555.0
RECKITTBEN,2022-09-26,4879.9,4880.1,4835.1,4851.2,1787.0
RECKITTBEN,2022-09-27,4850.0,4850.0,4830.0,4834.3,340.0
RECKITTBEN,2022-09-28,4830.0,4849.9,4800.0,4812.8,168.0
RECKITTBEN,2022-09-29,4821.0,4879.9,4812.8,4830.9,302.0
RECKITTBEN,2022-10-01,5700.0,5740.0,5643.0,5683.0,937.0
RECKITTBEN,2022-10-02,4800.0,4869.9,4762.0,4812.1,232.0
RECKITTBEN,2022-10-03,5550.0,5599.0,5440.0,5463.0,1135.0
RECKITTBEN,2022-10-04,4771.0,4863.3,4760.7,4762.6,1179.0
RECKITTBEN,2022-10-05,5001.1,5060.0,5001.0,5026.5,453.0
RECKITTBEN,2022-10-06,4761.1,4840.0,4760.7,4761.9,637.0
RECKITTBEN,2022-10-10,4760.7,4799.0,4760.7,4761.0,915.0
RECKITTBEN,2022-10-11,4761.0,4769.9,4760.7,4760.7,452.0
RECKITTBEN,2022-10-12,4760.7,4765.0,4760.7,4761.1,123.0
RECKITTBEN,2022-10-13,4765.0,4765.0,4760.7,4760.7,331.0
RECKITTBEN,2022-10-16,4760.7,4760.7,4760.7,4760.7,46.0
RECKITTBEN,2022-10-17,4760.7,4760.7,4760.7,4760.7,86.0
RECKITTBEN,2022-10-18,4760.7,4760.7,4760.7,4760.7,88.0
RECKITTBEN,2022-10-19,4760.7,4760.7,4760.7,4760.7,94.0
RECKITTBEN,2022-10-20,4760.7,4889.7,4760.7,4764.3,457.0
RECKITTBEN,2022-10-23,4760.7,4770.1,4760.7,4761.2,215.0
RECKITTBEN,2022-10-24,4760.7,4760.9,4760.7,4760.7,167.0
RECKITTBEN,2022-10-25,4760.7,4789.0,4760.7,4760.8,1209.0
RECKITTBEN,2022-10-26,4761.0,4790.0,4760.7,4762.7,196.0
RECKITTBEN,2022-10-27,4760.7,4760.7,4760.7,4760.7,353.0
RECKITTBEN,2022-10-30,4760.7,4760.7,4760.7,4760.7,117.0
RECKITTBEN,2022-10-31,4760.7,4760.7,4760.7,4760.7,68.0
RECKITTBEN,2022-11-01,4760.7,4760.7,4760.7,4760.7,31.0
RECKITTBEN,2022-11-02,4760.7,4760.7,4760.7,4760.7,12.0
RECKITTBEN,2022-11-03,4760.7,4760.7,4760.7,4760.7,21.0
RECKITTBEN,2022-11-04,5275.0,5295.0,5250.0,5284.6,399.0
RECKITTBEN,2022-11-05,5045.0,5050.0,4978.0,5000.5,567.0
RECKITTBEN,2022-11-06,4760.7,4760.7,4760.7,4760.7,55.0
RECKITTBEN,2022-11-07,4760.7,4760.7,4760.7,4760.7,46.0
RECKITTBEN,2022-11-08,4760.7,4760.7,4760.7,4760.7,34.0
RECKITTBEN,2022-11-09,4760.7,4760.7,4760.7,4760.7,10.0
RECKITTBEN,2022-11-10,4760.7,4760.7,4760.7,4760.7,4.0
RECKITTBEN,2022-11-13,4760.7,4760.7,4760.7,4760.7,5.0
RECKITTBEN,2022-11-14,4760.7,4760.7,4760.7,4760.7,7.0
RECKITTBEN,2022-11-16,4760.7,4760.7,4760.7,4760.7,27.0
RECKITTBEN,2022-11-17,4760.7,4760.7,4760.7,4760.7,96.0
RECKITTBEN,2022-11-20,4760.7,4760.7,4760.7,4760.7,29.0
RECKITTBEN,2022-11-21,4760.7,4760.7,4760.7,4760.7,76.0
RECKITTBEN,2022-11-22,4760.7,4760.7,4760.7,4760.7,12.0
RECKITTBEN,2022-11-23,4760.7,4760.7,4760.7,4760.7,36.0
RECKITTBEN,2022-11-28,4760.7,4760.7,4760.7,4760.7,2.0
RECKITTBEN,2022-11-29,4760.7,4760.7,4760.7,4760.7,7.0
RECKITTBEN,2022-11-30,4760.7,4760.7,4760.7,4760.7,38.0
RECKITTBEN,2022-12-01,5670.0,5789.7,5670.0,5687.5,780.0
RECKITTBEN,2022-12-04,4760.7,4760.7,4760.7,4760.7,17.0
RECKITTBEN,2022-12-05,4881.0,5015.0,4881.0,4999.5,251.0
RECKITTBEN,2022-12-06,4760.7,4760.7,4760.7,4760.7,23.0
RECKITTBEN,2022-12-07,4760.7,4760.7,4760.7,4760.7,1.0
RECKITTBEN,2022-12-08,4760.7,4760.7,4760.7,4760.7,3.0
RECKITTBEN,2022-12-11,4760.7,4760.7,4760.7,4760.7,3.0
RECKITTBEN,2022-12-12,4760.7,4760.7,4760.7,4760.7,27.0
RECKITTBEN,2022-12-13,4760.7,4998.7,4760.7,4766.3,616.0
RECKITTBEN,2022-12-14,4761.0,4770.0,4760.7,4760.7,163.0
RECKITTBEN,2022-12-15,4760.8,4760.8,4760.7,4760.7,29.0
RECKITTBEN,2022-12-18,4760.7,4760.7,4760.7,4760.7,101.0
RECKITTBEN,2022-12-19,4760.7,4760.7,4760.7,4760.7,2.0
RECKITTBEN,2022-12-20,4760.7,4760.7,4760.7,4760.7,119.0
RECKITTBEN,2022-12-21,4760.7,4760.7,4760.7,4760.7,82.0
RECKITTBEN,2022-12-22,4760.7,4760.7,4760.7,4760.7,9.0
RECKITTBEN,2022-12-26,4760.7,4760.7,4760.7,4760.7,25.0
RECKITTBEN,2022-12-27,4760.7,4760.7,4760.7,4760.7,1.0
RECKITTBEN,2022-12-28,4760.7,4765.0,4760.7,4762.9,53.0
RECKITTBEN,2022-12-29,4760.7,4760.7,4760.7,4760.7,48.0
RECKITTBEN,2023-01-01,4760.7,4760.7,4760.7,4760.7,26.0
RECKITTBEN,2023-01-02,4760.7,4760.7,4760.7,4760.7,170.0
RECKITTBEN,2023-01-03,4760.7,4761.0,4760.7,4760.7,129.0
RECKITTBEN,2023-01-04,4760.7,4765.0,4760.7,4762.5,97.0
RECKITTBEN,2023-01-05,4760.7,4770.0,4760.7,4762.3,104.0
RECKITTBEN,2023-01-08,4760.7,4762.3,4760.7,4761.3,33.0
RECKITTBEN,2023-01-09,4761.3,4761.3,4761.3,4761.3,1.0
RECKITTBEN,2023-01-10,4761.3,4761.3,4760.7,4761.3,83.0
RECKITTBEN,2023-01-12,4765.2,4765.2,4761.0,4764.0,25.0
RECKITTBEN,2023-01-15,4760.7,4760.7,4760.7,4760.7,56.0
RECKITTBEN,2023-01-16,4760.7,4760.7,4760.7,4760.7,35.0
RECKITTBEN,2023-01-17,4760.7,4780.0,4760.7,4761.1,51.0
RECKITTBEN,2023-01-18,4760.7,4795.0,4760.7,4762.5,103.0
RECKITTBEN,2023-01-19,4760.7,4805.0,4760.7,4761.2,146.0
RECKITTBEN,2023-01-22,4760.7,4760.7,4760.7,4760.7,73.0
RECKITTBEN,2023-01-23,4760.7,4760.7,4760.7,4760.7,23.0
RECKITTBEN,2023-01-24,4760.7,4799.0,4760.7,4765.0,143.0
RECKITTBEN,2023-01-25,4760.7,4760.7,4760.7,4760.7,81.0
RECKITTBEN,2023-01-26,4760.7,4800.0,4760.7,4760.7,360.0
RECKITTBEN,2023-01-29,4760.7,4760.7,4760.7,4760.7,47.0
RECKITTBEN,2023-01-30,4760.7,4760.7,4760.7,4760.7,16.0
RECKITTBEN,2023-01-31,4760.7,4760.7,4760.7,4760.7,67.0
RECKITTBEN,2023-02-01,4760.7,4760.7,4760.7,4760.7,6.0
RECKITTBEN,2023-02-02,4760.7,4760.7,4760.7,4760.7,1.0
RECKITTBEN,2023-02-05,4760.7,4760.7,4760.7,4760.7,17.0
RECKITTBEN,2023-02-06,4760.7,4760.7,4760.7,4760.7,1.0
RECKITTBEN,2023-02-07,4760.7,4760.7,4760.7,4760.7,22.0
RECKITTBEN,2023-02-08,4760.7,4760.7,4760.7,4760.7,84.0
RECKITTBEN,2023-02-09,4760.7,4760.7,4760.7,4760.7,39.0
RECKITTBEN,2023-02-12,4760.7,4795.0,4760.7,4760.8,1547.0
RECKITTBEN,2023-02-13,4760.7,4760.7,4760.7,4760.7,25.0
RECKITTBEN,2023-02-14,4760.7,4760.7,4760.7,4760.7,11.0
RECKITTBEN,2023-02-15,4760.7,4760.7,4760.7,4760.7,84.0
RECKITTBEN,2023-02-16,4760.7,4760.7,4760.7,4760.7,414.0
RECKITTBEN,2023-02-19,4760.7,4760.7,4760.7,4760.7,29.0
RECKITTBEN,2023-02-20,4760.7,4760.7,4760.7,4760.7,17.0
RECKITTBEN,2023-02-22,4760.7,4760.7,4760.7,4760.7,345.0
RECKITTBEN,2023-02-23,4760.7,4760.7,4760.7,4760.7,20.0
RECKITTBEN,2023-02-27,4760.7,4760.7,4760.7,4760.7,35.0
RECKITTBEN,2023-02-28,4760.7,4760.7,4760.7,4760.7,1.0
RECKITTBEN,2023-03-01,4760.7,4760.7,4760.7,4760.7,8.0
RECKITTBEN,2023-03-02,4760.7,4760.7,4760.7,4760.7,8.0
RECKITTBEN,2023-03-05,4760.7,4760.7,4760.7,4760.7,82.0
RECKITTBEN,2023-03-06,4760.7,4760.7,4760.7,4760.7,60.0
RECKITTBEN,2023-03-07,4760.7,4760.7,4760.7,4760.7,47.0
RECKITTBEN,2023-03-09,4760.7,4760.7,4760.7,4760.7,881.0
RECKITTBEN,2023-03-12,4760.7,4760.7,4760.7,4760.7,195.0
RECKITTBEN,2023-03-14,4760.7,4760.7,4760.7,4760.7,31.0
RECKITTBEN,2023-03-15,4760.7,4760.7,4760.7,4760.7,2.0
RECKITTBEN,2023-03-16,4760.7,4760.7,4760.7,4760.7,39.0
RECKITTBEN,2023-03-21,4760.7,4760.7,4760.7,4760.7,1.0
RECKITTBEN,2023-03-23,4760.7,4760.7,4760.7,4760.7,5.0
RECKITTBEN,2023-03-27,4760.7,4760.7,4760.7,4760.7,3.0
RECKITTBEN,2023-03-28,4760.7,4760.7,4760.7,4760.7,43.0
RECKITTBEN,2023-03-29,4760.7,4760.7,4760.7,4760.7,1000.0
RECKITTBEN,2023-03-30,4760.7,4760.7,4760.7,4760.7,11.0
RECKITTBEN,2023-04-02,4760.7,4760.7,4760.7,4760.7,4.0
RECKITTBEN,2023-04-03,4760.7,4760.7,4760.7,4760.7,3.0
RECKITTBEN,2023-04-04,4760.7,4760.7,4760.7,4760.7,11.0
RECKITTBEN,2023-04-06,4760.7,4760.7,4760.7,4760.7,5.0
RECKITTBEN,2023-04-10,4760.7,4760.7,4760.7,4760.7,1.0
RECKITTBEN,2023-04-12,4760.7,4760.7,4760.7,4760.7,16.0
RECKITTBEN,2023-04-13,4760.7,4760.7,4760.7,4760.7,181.0
RECKITTBEN,2023-04-16,4760.7,4760.7,4760.7,4760.7,14.0
RECKITTBEN,2023-04-17,4760.7,4760.7,4760.7,4760.7,7.0
RECKITTBEN,2023-04-18,4760.7,4760.7,4760.7,4760.7,86.0
RECKITTBEN,2023-04-24,4760.7,4760.7,4760.7,4760.7,97.0
RECKITTBEN,2023-04-25,4760.7,4760.7,4760.7,4760.7,333.0
RECKITTBEN,2023-04-26,4760.7,4760.7,4760.7,4760.7,18.0
RECKITTBEN,2023-04-27,4760.7,4840.0,4760.7,4761.6,2491.0
RECKITTBEN,2023-04-30,4761.1,4820.0,4760.7,4777.9,508.0
RECKITTBEN,2023-05-02,4777.9,4818.0,4763.0,4795.7,612.0
RECKITTBEN,2023-05-03,4814.0,4828.5,4800.0,4801.9,2840.0
RECKITTBEN,2023-05-07,4801.8,4845.0,4801.8,4823.2,178.0
RECKITTBEN,2023-05-08,4820.0,4823.2,4790.0,4797.8,636.0
RECKITTBEN,2023-05-09,4775.0,4816.0,4775.0,4804.6,664.0
RECKITTBEN,2023-05-10,4814.4,4825.0,4790.0,4798.8,574.0
RECKITTBEN,2023-05-11,4821.0,4825.0,4806.0,4818.9,142.0
RECKITTBEN,2023-05-14,4800.0,4803.0,4800.0,4800.8,68.0
RECKITTBEN,2023-05-15,4800.8,4824.0,4762.0,4765.6,1965.0
RECKITTBEN,2023-05-16,4771.0,4799.0,4769.0,4776.7,388.0
RECKITTBEN,2023-05-17,4772.0,4809.0,4771.0,4774.5,564.0
RECKITTBEN,2023-05-18,4772.1,4800.0,4772.1,4786.1,217.0
RECKITTBEN,2023-05-21,4765.2,4855.0,4765.2,4800.9,210.0
RECKITTBEN,2023-05-22,4849.0,4849.0,4775.0,4781.2,839.0
RECKITTBEN,2023-05-23,4780.6,4788.0,4780.6,4784.3,12.0
RECKITTBEN,2023-05-24,4790.1,4838.0,4790.1,4810.0,222.0
RECKITTBEN,2023-05-25,4835.0,4835.0,4784.1,4795.7,420.0
RECKITTBEN,2023-05-28,4770.0,4805.0,4770.0,4792.3,302.0
RECKITTBEN,2023-05-29,4770.0,4800.0,4770.0,4783.5,362.0
RECKITTBEN,2023-05-30,4790.0,4820.0,4780.0,4810.9,672.0
RECKITTBEN,2023-05-31,4810.0,4830.0,4770.0,4772.2,640.0
RECKITTBEN,2023-06-01,4770.1,4810.0,4770.1,4797.3,81.0
RECKITTBEN,2023-06-04,4770.0,4850.0,4770.0,4820.9,430.0
RECKITTBEN,2023-06-05,4844.0,5050.0,4812.0,4970.4,564.0
RECKITTBEN,2023-06-06,4797.0,4954.8,4797.0,4930.1,30.0
RECKITTBEN,2023-06-07,4820.0,4869.0,4820.0,4836.2,69.0
RECKITTBEN,2023-06-08,4836.5,4836.5,4804.0,4826.7,137.0
RECKITTBEN,2023-06-11,4801.0,4810.0,4790.0,4795.2,186.0
RECKITTBEN,2023-06-12,4800.0,4840.0,4800.0,4802.2,238.0
RECKITTBEN,2023-06-13,4880.0,4880.0,4801.0,4814.8,174.0
RECKITTBEN,2023-06-14,4820.0,4840.0,4820.0,4830.3,95.0
RECKITTBEN,2023-06-15,4800.0,4849.0,4800.0,4828.7,77.0
RECKITTBEN,2023-06-18,4776.4,4976.4,4776.4,4818.8,116.0
RECKITTBEN,2023-06-19,4850.0,4850.0,4800.0,4806.0,112.0
RECKITTBEN,2023-06-20,4771.1,4990.0,4771.1,4809.0,95.0
RECKITTBEN,2023-06-21,4949.0,4949.0,4790.0,4800.0,630.0
RECKITTBEN,2023-06-22,4800.0,4899.0,4800.0,4885.4,131.0
RECKITTBEN,2023-06-25,4850.0,4880.0,4840.0,4856.1,81.0
RECKITTBEN,2023-06-26,4850.0,4879.9,4820.0,4873.7,246.0
RECKITTBEN,2023-07-02,4815.0,4874.9,4815.0,4830.2,19.0
RECKITTBEN,2023-07-03,4830.2,4875.0,4813.0,4858.1,84.0
RECKITTBEN,2023-07-04,4811.0,4850.0,4810.1,4812.7,104.0
RECKITTBEN,2023-07-05,4810.0,4826.0,4790.0,4806.4,468.0
RECKITTBEN,2023-07-06,4802.1,4802.1,4802.1,4802.1,13.0
RECKITTBEN,2023-07-09,4808.0,4810.1,4780.0,4790.1,108.0
RECKITTBEN,2023-07-10,4800.0,4830.0,4800.0,4804.7,75.0
RECKITTBEN,2023-07-11,4850.0,4850.0,4795.0,4804.3,19.0
RECKITTBEN,2023-07-12,4810.0,4819.8,4790.0,4792.8,600.0
RECKITTBEN,2023-07-13,4792.8,4810.0,4791.0,4798.8,68.0
RECKITTBEN,2023-07-16,4800.0,4809.0,4793.0,4800.0,66.0
RECKITTBEN,2023-07-17,4810.0,4810.0,4790.0,4799.2,94.0
RECKITTBEN,2023-07-18,4790.0,4809.0,4777.1,4784.5,99.0
RECKITTBEN,2023-07-19,4785.0,4809.0,4785.0,4806.8,137.0
RECKITTBEN,2023-07-20,4774.0,4820.0,4774.0,4811.6,220.0
RECKITTBEN,2023-07-23,4811.0,4818.0,4795.0,4805.6,188.0
RECKITTBEN,2023-07-24,4800.0,4825.0,4800.0,4810.6,57.0
RECKITTBEN,2023-07-25,4790.0,4810.0,4790.0,4804.4,109.0
RECKITTBEN,2023-07-26,4800.0,4810.0,4782.1,4797.9,221.0
RECKITTBEN,2023-07-27,4804.0,4805.0,4782.0,4792.7,305.0
RECKITTBEN,2023-07-30,4791.0,4838.0,4780.0,4790.1,23.0
RECKITTBEN,2023-07-31,4790.0,4790.0,4790.0,4790.0,1.0
RECKITTBEN,2023-08-01,4825.9,4835.0,4820.0,4823.3,161.0
RECKITTBEN,2023-08-02,4801.0,4817.5,4800.0,4813.5,13.0
RECKITTBEN,2023-08-06,4800.0,4800.0,4790.0,4792.5,61.0
RECKITTBEN,2023-08-07,4790.0,4812.9,4790.0,4801.8,655.0
RECKITTBEN,2023-08-08,4800.6,4820.0,4800.6,4811.6,221.0
RECKITTBEN,2023-08-09,4810.0,4825.0,4810.0,4818.6,144.0
RECKITTBEN,2023-08-10,4822.0,4835.0,4817.1,4833.5,434.0
RECKITTBEN,2023-08-13,4820.0,4885.0,4810.0,4850.4,614.0
RECKITTBEN,2023-08-14,4820.1,4852.0,4820.1,4847.7,674.0
RECKITTBEN,2023-08-16,4835.0,4863.0,4830.0,4859.4,803.0
RECKITTBEN,2023-08-17,4830.0,4863.0,4810.0,4858.4,517.0
RECKITTBEN,2023-08-20,4843.0,4900.0,4843.0,4887.5,1185.0
RECKITTBEN,2023-08-21,4850.0,4940.0,4850.0,4901.0,138.0
RECKITTBEN,2023-08-22,4920.0,4920.0,4890.0,4908.9,192.0
RECKITTBEN,2023-08-23,4895.0,4896.1,4850.0,4866.0,93.0
RECKITTBEN,2023-08-24,4899.0,4940.0,4899.0,4928.4,1030.0
RECKITTBEN,2023-08-27,4940.0,4975.0,4870.0,4944.7,56.0
RECKITTBEN,2023-08-28,4950.0,4950.0,4890.0,4903.9,155.0
RECKITTBEN,2023-08-29,4900.0,4900.0,4895.0,4899.7,44.0
RECKITTBEN,2023-08-30,4890.0,4895.0,4844.0,4857.4,153.0
RECKITTBEN,2023-08-31,4830.0,4873.9,4810.0,4824.1,356.0
RECKITTBEN,2023-09-03,4805.0,4870.0,4805.0,4832.3,15.0
RECKITTBEN,2023-09-04,4850.0,4850.0,4821.0,4838.0,19.0
RECKITTBEN,2023-09-05,4838.0,4838.0,4838.0,4838.0,2.0
RECKITTBEN,2023-09-07,4811.0,4816.3,4811.0,4814.9,26.0
RECKITTBEN,2023-09-10,4810.0,4899.9,4810.0,4822.5,8.0
RECKITTBEN,2023-09-12,4894.9,4894.9,4894.9,4894.9,1.0
RECKITTBEN,2023-09-13,4805.0,4894.8,4801.0,4807.8,154.0
RECKITTBEN,2023-09-14,4805.2,4840.0,4805.2,4810.5,54.0
RECKITTBEN,2023-09-17,4810.0,4850.0,4810.0,4845.6,18.0
RECKITTBEN,2023-09-18,4845.6,4845.6,4815.0,4823.5,28.0
RECKITTBEN,2023-09-19,4801.0,4844.9,4760.7,4800.7,963.0
RECKITTBEN,2023-09-20,4765.0,4800.0,4765.0,4776.2,202.0
RECKITTBEN,2023-09-21,4777.1,4777.1,4765.0,4766.4,305.0
RECKITTBEN,2023-09-24,4770.0,4770.0,4764.0,4765.8,48.0
RECKITTBEN,2023-09-25,4762.0,4775.0,4760.7,4761.0,726.0
RECKITTBEN,2023-09-26,4761.0,4770.0,4760.7,4763.1,109.0
RECKITTBEN,2023-09-27,4760.7,4764.5,4760.7,4763.4,221.0
RECKITTBEN,2023-10-01,4763.4,4800.0,4760.7,4768.2,60.0
RECKITTBEN,2023-10-02,4760.8,4760.9,4760.7,4760.8,93.0
RECKITTBEN,2023-10-03,4760.7,4760.7,4760.7,4760.7,160.0
RECKITTBEN,2023-10-04,4760.7,4760.7,4760.7,4760.7,386.0
RECKITTBEN,2023-10-05,4760.7,4760.7,4760.7,4760.7,648.0
RECKITTBEN,2023-10-08,4760.7,4760.7,4760.7,4760.7,3.0
RECKITTBEN,2023-10-09,4760.7,4760.7,4760.7,4760.7,5.0
RECKITTBEN,2023-10-10,4760.7,4760.7,4760.7,4760.7,1759.0
RECKITTBEN,2023-10-11,4760.7,4760.7,4760.7,4760.7,13.0
RECKITTBEN,2023-10-12,4760.7,4760.7,4760.7,4760.7,301.0
RECKITTBEN,2023-10-15,4760.7,4760.7,4760.7,4760.7,32.0
RECKITTBEN,2023-10-16,4760.7,4760.7,4760.7,4760.7,35.0
RECKITTBEN,2023-10-17,4760.7,4760.7,4760.7,4760.7,47.0
RECKITTBEN,2023-10-18,4760.7,4760.7,4760.7,4760.7,74.0
RECKITTBEN,2023-10-19,4760.7,4760.7,4760.7,4760.7,7.0
RECKITTBEN,2023-10-22,4760.7,4760.7,4760.7,4760.7,77.0
RECKITTBEN,2023-10-23,4760.7,4760.7,4760.7,4760.7,36.0
RECKITTBEN,2023-10-25,4760.7,4760.7,4760.7,4760.7,11.0
RECKITTBEN,2023-10-26,4760.8,4761.0,4760.7,4760.8,28.0
RECKITTBEN,2023-10-29,4760.7,4760.7,4760.7,4760.7,13.0
RECKITTBEN,2023-10-30,4760.8,4761.0,4760.7,4760.7,209.0
RECKITTBEN,2023-10-31,4760.7,4760.7,4760.7,4760.7,178.0
RECKITTBEN,2023-11-01,4760.7,4760.7,4760.7,4760.7,26.0
RECKITTBEN,2023-11-02,4760.7,4760.7,4760.7,4760.7,7.0
RECKITTBEN,2023-11-05,4760.7,4760.7,4760.7,4760.7,5.0
RECKITTBEN,2023-11-06,4760.7,4760.7,4760.7,4760.7,3.0
RECKITTBEN,2023-11-07,4760.7,4760.7,4760.7,4760.7,68.0
RECKITTBEN,2023-11-08,4760.7,4760.7,4760.7,4760.7,13.0
RECKITTBEN,2023-11-09,4760.7,4760.7,4760.7,4760.7,1.0
RECKITTBEN,2023-11-12,4760.7,4760.7,4760.7,4760.7,40.0
RECKITTBEN,2023-11-13,4760.7,4760.7,4760.7,4760.7,6.0
RECKITTBEN,2023-11-15,4760.7,4760.7,4760.7,4760.7,100.0
RECKITTBEN,2023-11-16,4760.7,4760.7,4760.7,4760.7,48.0
RECKITTBEN,2023-11-19,4760.7,4760.7,4760.7,4760.7,2.0
RECKITTBEN,2023-11-20,4760.7,4760.7,4760.7,4760.7,15.0
RECKITTBEN,2023-11-21,4760.7,4760.7,4760.7,4760.7,29.0
RECKITTBEN,2023-11-22,4760.7,4760.7,4760.7,4760.7,17.0
RECKITTBEN,2023-11-23,4760.7,4760.7,4760.7,4760.7,2.0
RECKITTBEN,2023-11-26,4760.7,4760.7,4760.7,4760.7,122.0
RECKITTBEN,2023-11-27,4760.7,4760.7,4760.7,4760.7,11.0
RECKITTBEN,2023-11-30,4760.7,4760.7,4760.7,4760.7,1.0
RECKITTBEN,2023-12-03,4760.7,4760.7,4760.7,4760.7,2.0
RECKITTBEN,2023-12-04,4760.7,4760.7,4760.7,4760.7,54.0
RECKITTBEN,2023-12-05,4760.7,4760.7,4760.7,4760.7,14.0
RECKITTBEN,2023-12-06,4760.7,4760.7,4760.7,4760.7,22.0
RECKITTBEN,2023-12-07,4760.7,4760.7,4760.7,4760.7,7.0
RECKITTBEN,2023-12-10,4760.7,4760.7,4760.7,4760.7,7.0
RECKITTBEN,2023-12-11,4760.7,4760.7,4760.7,4760.7,9.0
RECKITTBEN,2023-12-12,4760.7,4760.7,4760.7,4760.7,300.0
RECKITTBEN,2023-12-13,4760.7,4760.7,4760.7,4760.7,30.0
RECKITTBEN,2023-12-14,4760.7,4760.7,4760.7,4760.7,41.0
RECKITTBEN,2023-12-17,4760.7,4760.7,4760.7,4760.7,19.0
RECKITTBEN,2023-12-18,4760.7,4760.7,4760.7,4760.7,531.0
RECKITTBEN,2023-12-19,4760.7,4760.7,4760.7,4760.7,570.0
RECKITTBEN,2023-12-20,4760.7,4775.0,4760.7,4760.7,1642.0
RECKITTBEN,2023-12-21,4760.7,4760.7,4760.7,4760.7,124.0
RECKITTBEN,2023-12-24,4760.7,4760.7,4760.7,4760.7,9.0
RECKITTBEN,2023-12-26,4760.7,4760.7,4760.7,4760.7,16.0
RECKITTBEN,2023-12-27,4760.7,4760.7,4760.7,4760.7,77.0
RECKITTBEN,2023-12-28,4760.7,4760.7,4760.7,4760.7,26.0
RECKITTBEN,2024-01-01,4760.7,4760.7,4760.7,4760.7,325.0
RECKITTBEN,2024-01-02,4760.7,4760.8,4760.7,4760.7,235.0
RECKITTBEN,2024-01-03,4760.7,4785.0,4760.7,4761.0,3833.0
RECKITTBEN,2024-01-04,4760.7,4780.0,4760.7,4772.4,196.0
RECKITTBEN,2024-01-08,4762.0,4799.9,4760.7,4770.0,27.0
RECKITTBEN,2024-01-09,4761.0,4800.0,4760.9,4769.2,253.0
RECKITTBEN,2024-01-10,4800.0,4810.0,4762.1,4785.9,139.0
RECKITTBEN,2024-01-11,4771.0,4820.0,4771.0,4800.1,106.0
RECKITTBEN,2024-01-14,4824.0,4870.0,4824.0,4856.9,220.0
RECKITTBEN,2024-01-15,4858.0,4885.0,4856.9,4865.6,270.0
RECKITTBEN,2024-01-16,4806.2,4900.0,4806.2,4880.0,455.0
RECKITTBEN,2024-01-17,4905.0,5089.9,4890.0,5016.8,996.0
RECKITTBEN,2024-01-18,5199.0,5200.0,4950.0,4989.5,448.0
RECKITTBEN,2024-01-21,5115.0,5199.0,4940.0,4992.1,311.0
RECKITTBEN,2024-01-22,5108.4,5108.4,4990.0,5070.0,826.0
RECKITTBEN,2024-01-23,5099.9,5199.0,5000.2,5181.1,1208.0
RECKITTBEN,2024-01-24,5200.0,5247.0,5200.0,5218.6,665.0
RECKITTBEN,2024-01-25,5140.0,5271.0,5130.0,5218.1,1166.0
RECKITTBEN,2024-01-28,5218.1,5218.1,5040.0,5061.9,613.0
RECKITTBEN,2024-01-29,5050.0,5050.0,5000.1,5016.3,585.0
RECKITTBEN,2024-01-30,5020.7,5031.0,5010.0,5022.1,158.0
RECKITTBEN,2024-01-31,5010.0,5010.0,4956.0,4988.0,100.0
RECKITTBEN,2024-02-01,4901.0,5075.0,4901.0,5030.2,596.0
RECKITTBEN,2024-02-04,5100.0,5100.0,4965.1,5020.3,366.0
RECKITTBEN,2024-02-05,5000.0,5094.0,5000.0,5072.2,211.0
RECKITTBEN,2024-02-06,5071.0,5071.0,5006.0,5024.9,96.0
RECKITTBEN,2024-02-07,5005.0,5090.0,5005.0,5012.0,723.0
RECKITTBEN,2024-02-08,5049.9,5075.0,5010.0,5035.2,204.0
RECKITTBEN,2024-02-11,5012.0,5070.0,5012.0,5050.6,878.0
RECKITTBEN,2024-02-12,5100.0,5100.0,5001.0,5021.2,330.0
RECKITTBEN,2024-02-13,5020.0,5045.0,4990.0,5011.8,346.0
RECKITTBEN,2024-02-14,5050.0,5050.0,5008.0,5018.3,178.0
RECKITTBEN,2024-02-15,5049.0,5050.0,5010.1,5035.8,497.0
RECKITTBEN,2024-02-18,5020.0,5020.0,4957.0,4993.7,176.0
RECKITTBEN,2024-02-19,4981.0,4999.0,4950.0,4971.2,576.0
RECKITTBEN,2024-02-20,4971.2,5050.0,4962.0,5012.3,602.0
RECKITTBEN,2024-02-22,4989.0,5010.0,4988.0,5002.3,168.0
RECKITTBEN,2024-02-25,5010.0,5015.0,5002.2,5003.9,301.0
RECKITTBEN,2024-02-27,5020.0,5076.0,5019.5,5042.5,464.0
RECKITTBEN,2024-02-28,5020.0,5050.0,5020.0,5023.6,523.0
RECKITTBEN,2024-02-29,5070.0,5070.0,5007.0,5007.7,461.0
RECKITTBEN,2024-03-03,4990.0,5035.0,4901.0,4978.2,888.0
RECKITTBEN,2024-03-04,4997.9,5010.0,4975.0,4980.3,526.0
RECKITTBEN,2024-03-05,4980.0,5000.0,4952.4,4959.5,133.0
RECKITTBEN,2024-03-06,4960.0,4975.0,4885.0,4937.8,136.0
RECKITTBEN,2024-03-07,4964.0,4964.0,4850.0,4904.5,129.0
RECKITTBEN,2024-03-10,4980.0,4980.0,4880.1,4885.8,127.0
RECKITTBEN,2024-03-11,4890.4,4954.9,4870.0,4875.0,322.0
RECKITTBEN,2024-03-12,4935.0,4935.0,4866.0,4870.2,484.0
RECKITTBEN,2024-03-13,4990.0,5100.0,4870.0,4919.0,193.0
RECKITTBEN,2024-03-14,4920.0,4960.0,4920.0,4947.6,464.0
RECKITTBEN,2024-03-18,4959.9,4980.0,4870.1,4928.1,290.0
RECKITTBEN,2024-03-19,4900.0,4919.0,4885.1,4896.1,40.0
RECKITTBEN,2024-03-20,4950.0,4950.0,4890.0,4894.0,223.0
RECKITTBEN,2024-03-21,4950.0,4950.0,4872.0,4874.3,86.0
RECKITTBEN,2024-03-24,4880.1,5045.0,4880.1,4936.3,417.0
RECKITTBEN,2024-03-25,4940.0,4949.9,4881.0,4900.7,283.0
RECKITTBEN,2024-03-27,4900.0,4920.0,4880.0,4893.9,669.0
RECKITTBEN,2024-03-28,4803.1,4999.7,4802.1,4932.3,217.0
RECKITTBEN,2024-03-31,3799.0,4718.0,3799.0,4687.9,1213.0
RECKITTBEN,2024-04-01,4699.9,4750.0,4610.0,4718.8,593.0
RECKITTBEN,2024-04-02,4718.5,4728.9,4650.0,4679.1,107.0
RECKITTBEN,2024-04-03,4660.0,4661.0,4632.0,4656.5,498.0
RECKITTBEN,2024-04-04,4625.0,4870.0,4625.0,4743.0,443.0
RECKITTBEN,2024-04-08,4669.1,4900.0,4669.1,4844.0,299.0
RECKITTBEN,2024-04-09,4800.0,4839.9,4800.0,4804.3,194.0
RECKITTBEN,2024-04-15,4790.0,4899.0,4711.0,4774.2,181.0
RECKITTBEN,2024-04-16,4675.0,4770.0,4675.0,4732.6,119.0
RECKITTBEN,2024-04-17,4610.0,4730.0,4610.0,4673.6,465.0
RECKITTBEN,2024-04-18,4749.9,4749.9,4655.1,4688.1,414.0
RECKITTBEN,2024-04-21,4718.9,4718.9,4675.1,4713.4,158.0
RECKITTBEN,2024-04-22,4680.7,4800.0,4680.0,4703.8,519.0
RECKITTBEN,2024-04-23,4780.0,4780.0,4710.0,4746.7,407.0
RECKITTBEN,2024-04-24,4716.1,4720.0,4670.0,4692.1,442.0
RECKITTBEN,2024-04-28,4650.0,4650.0,4552.0,4562.2,278.0
RECKITTBEN,2024-04-29,4552.0,4700.0,4551.0,4607.5,257.0
RECKITTBEN,2024-04-30,4552.1,4552.1,4469.3,4474.9,410.0
RECKITTBEN,2024-05-02,4400.1,4640.0,4350.0,4375.1,333.0
RECKITTBEN,2024-05-05,4450.0,4450.0,4281.0,4296.4,666.0
RECKITTBEN,2024-05-06,4292.1,4300.0,4260.0,4279.6,315.0
RECKITTBEN,2024-05-07,4300.0,4450.0,4260.0,4276.5,258.0
RECKITTBEN,2024-05-08,4286.0,4350.0,4267.0,4324.5,267.0
RECKITTBEN,2024-05-09,4300.0,4300.0,4271.0,4297.6,291.0
RECKITTBEN,2024-05-12,4295.0,4295.0,4250.0,4254.2,225.0
RECKITTBEN,2024-05-13,4250.0,4254.2,4130.0,4177.5,396.0
RECKITTBEN,2024-05-14,4151.0,4238.5,4130.0,4144.8,187.0
RECKITTBEN,2024-05-15,4100.0,4100.0,4021.0,4044.6,145.0
RECKITTBEN,2024-05-16,4000.0,4193.0,4000.0,4177.0,44.0
RECKITTBEN,2024-05-19,4180.0,4180.0,4070.0,4113.0,119.0
RECKITTBEN,2024-05-20,4150.0,4150.0,4061.0,4144.6,25.0
RECKITTBEN,2024-05-21,4250.0,4250.0,4144.6,4173.3,114.0
RECKITTBEN,2024-05-23,4100.0,4185.1,4050.0,4087.6,78.0
RECKITTBEN,2024-05-26,4095.0,4095.0,4002.9,4039.6,37.0
RECKITTBEN,2024-05-27,4005.0,4092.0,4005.0,4051.4,56.0
RECKITTBEN,2024-05-28,4080.0,4100.0,4080.0,4091.1,29.0
RECKITTBEN,2024-05-29,4094.0,4100.0,4081.0,4096.7,33.0
RECKITTBEN,2024-05-30,4105.0,4140.0,4105.0,4122.9,93.0
RECKITTBEN,2024-06-02,4141.0,4275.0,4141.0,4222.2,39.0
RECKITTBEN,2024-06-03,4176.0,4220.0,4175.0,4197.4,36.0
RECKITTBEN,2024-06-04,4200.0,4240.0,4200.0,4236.6,80.0
RECKITTBEN,2024-06-05,4195.0,4195.0,4109.9,4177.3,321.0
RECKITTBEN,2024-06-06,4061.2,4070.1,4060.0,4061.3,251.0
RECKITTBEN,2024-06-09,3961.0,4130.0,3961.0,4069.4,76.0
RECKITTBEN,2024-06-10,4189.1,4189.1,3965.0,4038.5,98.0
RECKITTBEN,2024-06-11,4148.0,4200.0,4040.0,4125.3,323.0
RECKITTBEN,2024-06-12,4041.0,4255.0,4041.0,4249.7,412.0
RECKITTBEN,2024-06-13,4239.9,4240.0,4125.0,4181.8,40.0
RECKITTBEN,2024-06-19,4182.0,4350.0,4181.9,4309.7,297.0
RECKITTBEN,2024-06-20,4251.0,4499.9,4251.0,4444.0,277.0
RECKITTBEN,2024-06-23,4315.4,4490.0,4315.4,4448.1,383.0
RECKITTBEN,2024-06-24,4463.0,4665.0,4370.0,4552.6,946.0
RECKITTBEN,2024-06-25,4425.0,4640.0,4425.0,4623.3,242.0
RECKITTBEN,2024-06-26,4623.3,4640.0,4585.0,4615.2,846.0
RECKITTBEN,2024-06-27,4601.1,4633.7,4570.0,4589.0,284.0
RECKITTBEN,2024-06-30,4599.9,4797.0,4599.0,4600.0,614.0
RECKITTBEN,2024-07-02,4510.0,4551.0,4510.0,4540.4,66.0
RECKITTBEN,2024-07-03,4629.9,4629.9,4520.3,4541.2,119.0
RECKITTBEN,2024-07-04,4516.0,4580.0,4516.0,4533.0,193.0
RECKITTBEN,2024-07-07,4579.9,4579.9,4501.2,4529.4,79.0
RECKITTBEN,2024-07-08,4580.0,4739.0,4530.0,4704.2,679.0
RECKITTBEN,2024-07-09,4600.0,4620.0,4575.0,4579.4,320.0
RECKITTBEN,2024-07-10,4600.0,4600.0,4510.0,4550.4,195.0
RECKITTBEN,2024-07-11,4510.0,4698.0,4510.0,4616.6,1228.0
RECKITTBEN,2024-07-14,4526.0,4723.0,4481.2,4711.1,1407.0
RECKITTBEN,2024-07-15,4620.0,4860.0,4620.0,4845.5,1066.0
RECKITTBEN,2024-07-16,4859.9,4940.0,4755.0,4916.5,928.0
RECKITTBEN,2024-07-18,4835.0,4880.0,4830.0,4849.4,108.0
RECKITTBEN,2024-07-24,4705.2,4705.3,4705.2,4705.2,13.0
RECKITTBEN,2024-07-25,4650.1,4710.0,4650.1,4709.2,184.0
RECKITTBEN,2024-07-28,4680.0,4725.0,4680.0,4703.7,335.0
RECKITTBEN,2024-07-29,4605.0,4800.0,4605.0,4764.3,401.0
RECKITTBEN,2024-07-30,4750.0,4898.0,4630.0,4892.6,1740.0
RECKITTBEN,2024-07-31,4800.0,4840.0,4745.9,4767.7,282.0
RECKITTBEN,2024-08-01,4641.0,4750.0,4640.0,4746.6,682.0
RECKITTBEN,2024-08-04,4840.0,4840.0,4605.6,4720.5,81.0
RECKITTBEN,2024-08-06,4950.0,4950.0,4700.0,4749.7,122.0
RECKITTBEN,2024-08-07,4700.1,4838.0,4670.0,4753.2,125.0
RECKITTBEN,2024-08-08,4834.9,4834.9,4720.0,4778.3,185.0
RECKITTBEN,2024-08-11,4750.0,4820.0,4700.0,4704.3,1125.0
RECKITTBEN,2024-08-12,4673.0,4800.0,4642.0,4780.8,131.0
RECKITTBEN,2024-08-13,4836.9,4836.9,4691.0,4774.0,724.0
RECKITTBEN,2024-08-14,4760.0,5012.7,4720.0,4964.9,1857.0
RECKITTBEN,2024-08-15,4900.0,4970.0,4850.0,4920.5,185.0
RECKITTBEN,2024-08-18,4914.9,4915.0,4810.0,4884.1,86.0
RECKITTBEN,2024-08-19,4800.0,4880.0,4800.0,4879.1,1116.0
RECKITTBEN,2024-08-20,4812.1,4900.0,4800.0,4863.2,241.0
RECKITTBEN,2024-08-21,4810.1,4896.0,4803.0,4864.9,276.0
RECKITTBEN,2024-08-22,4800.0,4900.0,4800.0,4861.0,775.0
RECKITTBEN,2024-08-25,4850.0,4900.0,4850.0,4855.0,60.0
RECKITTBEN,2024-08-27,4816.0,4860.1,4816.0,4828.2,83.0
RECKITTBEN,2024-08-28,4947.0,4947.0,4938.0,4942.5,20.0
RECKITTBEN,2024-08-29,4832.4,4900.0,4820.0,4839.4,113.0
RECKITTBEN,2024-09-01,4820.6,4895.0,4820.2,4866.5,85.0
RECKITTBEN,2024-09-02,4827.6,4900.0,4827.6,4896.1,80.0
RECKITTBEN,2024-09-03,4840.0,4939.0,4840.0,4907.0,172.0
RECKITTBEN,2024-09-04,4979.9,4979.9,4855.0,4861.5,52.0
RECKITTBEN,2024-09-05,4900.0,4900.0,4855.4,4865.3,80.0
RECKITTBEN,2024-09-08,4840.0,4929.0,4821.0,4851.7,112.0
RECKITTBEN,2024-09-09,4900.0,4900.0,4799.8,4801.1,1251.0
RECKITTBEN,2024-09-10,4850.0,4850.0,4850.0,4850.0,11.0
RECKITTBEN,2024-09-11,4920.0,4920.0,4830.0,4839.1,74.0
RECKITTBEN,2024-09-12,4831.0,4840.0,4810.0,4820.0,16765.0
RECKITTBEN,2024-09-15,4889.0,4889.0,4884.0,4885.1,22.0
RECKITTBEN,2024-09-17,4820.1,4839.0,4785.0,4791.3,148.0
RECKITTBEN,2024-09-18,4880.0,4880.0,4780.0,4788.1,80.0
RECKITTBEN,2024-09-19,4801.0,4801.0,4800.0,4800.0,68.0
RECKITTBEN,2024-09-22,4800.0,4810.0,4770.0,4788.1,41.0
RECKITTBEN,2024-09-23,4820.0,4820.0,4800.0,4804.4,106.0
RECKITTBEN,2024-09-24,4800.0,4800.0,4756.0,4781.9,186.0
RECKITTBEN,2024-09-25,4800.0,4800.0,4700.0,4770.7,472.0
RECKITTBEN,2024-09-26,4702.0,4799.9,4702.0,4798.2,690.0
RECKITTBEN,2024-09-29,4798.2,4798.2,4730.0,4786.7,11.0
RECKITTBEN,2024-09-30,4750.0,4800.0,4750.0,4782.5,725.0
RECKITTBEN,2024-10-01,4730.1,4730.1,4692.1,4699.8,264.0
RECKITTBEN,2024-10-02,4611.1,4700.0,4501.0,4561.4,37.0
RECKITTBEN,2024-10-03,4779.0,4779.0,4767.0,4768.1,19.0
RECKITTBEN,2024-10-06,4799.9,4799.9,4602.2,4769.3,56.0
RECKITTBEN,2024-10-07,4700.0,4700.0,4650.0,4667.5,98.0
RECKITTBEN,2024-10-08,4552.1,4768.0,4552.1,4742.2,26.0
RECKITTBEN,2024-10-09,4780.0,4780.0,4699.0,4709.1,118.0
RECKITTBEN,2024-10-14,4700.9,4749.0,4640.0,4716.3,44.0
RECKITTBEN,2024-10-15,4777.0,4777.0,4600.0,4607.3,185.0
RECKITTBEN,2024-10-16,4650.0,4650.0,4600.0,4630.5,20.0
RECKITTBEN,2024-10-17,4515.1,4679.8,4515.1,4658.9,28.0
RECKITTBEN,2024-10-20,4789.9,4790.0,4600.0,4662.2,13.0
RECKITTBEN,2024-10-21,4512.0,4600.0,4510.0,4522.8,15.0
RECKITTBEN,2024-10-22,4528.0,4698.0,4528.0,4577.4,221.0
RECKITTBEN,2024-10-23,4501.0,4507.5,4501.0,4507.2,22.0
RECKITTBEN,2024-10-24,4510.0,4555.0,4506.0,4521.9,132.0
RECKITTBEN,2024-10-27,4521.9,4644.9,4521.2,4531.7,57.0
RECKITTBEN,2024-10-28,4579.0,4580.0,4530.0,4576.8,95.0
RECKITTBEN,2024-10-29,4595.0,4648.0,4595.0,4613.1,48.0
RECKITTBEN,2024-10-30,4561.0,4700.0,4561.0,4646.6,101.0
RECKITTBEN,2024-10-31,4621.1,4700.0,4621.0,4642.9,32.0
RECKITTBEN,2024-11-03,4555.1,4725.0,4555.1,4699.2,97.0
RECKITTBEN,2024-11-04,4675.1,4675.1,4582.0,4600.0,335.0
RECKITTBEN,2024-11-05,4601.0,4685.0,4590.0,4618.2,192.0
RECKITTBEN,2024-11-06,4601.4,4649.8,4601.4,4642.3,13.0
RECKITTBEN,2024-11-07,4700.0,4709.0,4602.0,4615.1,123.0
RECKITTBEN,2024-11-10,4615.1,4615.1,4610.0,4612.5,17.0
RECKITTBEN,2024-11-11,4612.0,4612.0,4610.0,4610.4,54.0
RECKITTBEN,2024-11-12,4615.0,4615.0,4615.0,4615.0,10.0
RECKITTBEN,2024-11-13,4688.0,4688.0,4600.0,4629.7,143.0
RECKITTBEN,2024-11-14,4590.1,4600.0,4590.0,4592.9,147.0
RECKITTBEN,2024-11-17,4695.0,4695.0,4593.0,4608.1,81.0
RECKITTBEN,2024-11-18,4609.9,4609.9,4585.1,4593.5,37.0
RECKITTBEN,2024-11-19,4555.0,4580.0,4481.0,4498.8,271.0
RECKITTBEN,2024-11-20,4510.3,4510.3,4400.0,4404.6,473.0
RECKITTBEN,2024-11-21,4400.1,4499.8,4330.0,4407.9,484.0
RECKITTBEN,2024-11-24,4362.0,4480.0,4362.0,4475.2,113.0
RECKITTBEN,2024-11-25,4475.0,4499.0,4410.0,4471.4,107.0
RECKITTBEN,2024-11-26,4413.0,4450.0,4380.0,4385.2,131.0
RECKITTBEN,2024-11-27,4490.0,4490.0,4302.0,4305.6,357.0
RECKITTBEN,2024-11-28,4340.5,4351.3,4340.0,4344.6,222.0
RECKITTBEN,2024-12-01,4500.0,4500.0,4313.2,4339.3,25.0
RECKITTBEN,2024-12-02,4398.9,4400.0,4340.3,4392.0,126.0
RECKITTBEN,2024-12-03,4411.0,4425.0,4409.8,4417.4,89.0
RECKITTBEN,2024-12-04,4368.1,4465.0,4362.0,4421.9,132.0
RECKITTBEN,2024-12-05,4385.1,4385.1,4368.1,4375.8,50.0
RECKITTBEN,2024-12-08,4365.1,4398.0,4340.0,4358.6,21.0
RECKITTBEN,2024-12-09,4351.3,4359.0,4350.0,4354.1,120.0
RECKITTBEN,2024-12-10,4351.1,4352.2,4344.1,4350.4,118.0
RECKITTBEN,2024-12-11,4385.9,4385.9,4350.0,4351.4,81.0
RECKITTBEN,2024-12-12,4384.5,4384.5,4341.1,4358.3,5.0
RECKITTBEN,2024-12-15,4385.0,4385.0,4335.0,4353.3,24.0
RECKITTBEN,2024-12-17,4322.3,4385.8,4322.3,4355.1,27.0
RECKITTBEN,2024-12-18,4355.1,4380.0,4332.1,4335.3,162.0
RECKITTBEN,2024-12-19,4335.3,4360.0,4334.0,4340.6,48.0
RECKITTBEN,2024-12-22,4375.0,4375.0,4322.1,4341.6,57.0
RECKITTBEN,2024-12-23,4323.3,4327.1,4320.0,4326.7,260.0
RECKITTBEN,2024-12-24,4322.2,4340.1,4322.0,4333.7,105.0
RECKITTBEN,2024-12-26,4340.0,4340.0,4321.0,4327.6,235.0
RECKITTBEN,2024-12-29,4331.1,4349.9,4329.0,4330.8,194.0
RECKITTBEN,2024-12-30,4330.2,4350.0,4325.4,4350.0,122.0
RECKITTBEN,2025-01-01,4350.0,4350.0,4336.1,4337.3,134.0
RECKITTBEN,2025-01-02,4340.0,4340.1,4332.0,4335.3,263.0
RECKITTBEN,2025-01-05,4338.0,4338.0,4330.0,4334.2,202.0
RECKITTBEN,2025-01-06,4338.0,4340.0,4333.2,4335.2,139.0
RECKITTBEN,2025-01-07,4338.0,4339.0,4326.1,4334.0,239.0
RECKITTBEN,2025-01-08,4334.2,4338.0,4311.0,4313.1,117.0
RECKITTBEN,2025-01-09,4332.0,4332.0,4312.0,4314.8,90.0
RECKITTBEN,2025-01-12,4315.0,4324.9,4302.5,4309.9,104.0
RECKITTBEN,2025-01-13,4300.0,4300.1,4250.0,4273.4,245.0
RECKITTBEN,2025-01-14,4220.1,4240.0,4200.0,4214.3,266.0
RECKITTBEN,2025-01-15,4151.3,4199.9,4141.3,4154.9,43.0
RECKITTBEN,2025-01-16,4151.4,4200.0,4151.3,4164.2,196.0
RECKITTBEN,2025-01-19,4155.3,4200.0,4155.3,4157.4,244.0
RECKITTBEN,2025-01-20,4299.0,4299.0,4157.8,4160.6,198.0
RECKITTBEN,2025-01-21,4166.2,4230.0,4165.0,4195.1,116.0
RECKITTBEN,2025-01-22,4300.0,4300.0,4167.2,4170.5,165.0
RECKITTBEN,2025-01-23,4170.6,4199.9,4133.0,4145.1,147.0
RECKITTBEN,2025-01-26,4248.8,4248.8,4105.5,4108.7,207.0
RECKITTBEN,2025-01-27,4100.7,4107.0,4090.6,4100.0,458.0
RECKITTBEN,2025-01-28,4195.0,4195.0,4080.5,4086.8,346.0
RECKITTBEN,2025-01-29,4095.0,4110.0,4095.0,4100.0,888.0
RECKITTBEN,2025-01-30,4071.0,4100.0,4071.0,4074.7,333.0
RECKITTBEN,2025-02-02,4075.0,4100.0,4060.1,4094.9,512.0
RECKITTBEN,2025-02-03,4100.0,4135.0,4075.2,4133.5,207.0
RECKITTBEN,2025-02-04,4184.6,4184.6,4090.0,4097.6,70.0
RECKITTBEN,2025-02-05,4100.0,4110.0,4099.1,4107.7,112.0
RECKITTBEN,2025-02-06,4140.0,4140.0,4086.1,4090.6,241.0
RECKITTBEN,2025-02-09,4100.2,4134.9,4080.0,4081.7,80.0
RECKITTBEN,2025-02-10,4091.2,4092.0,4085.0,4090.1,56.0
RECKITTBEN,2025-02-11,4040.0,4100.0,4040.0,4093.6,945.0
RECKITTBEN,2025-02-12,4094.0,4130.0,4090.3,4093.8,1323.0
RECKITTBEN,2025-02-13,4143.0,4144.0,4098.0,4099.8,173.0
RECKITTBEN,2025-02-16,4060.6,4115.0,4060.6,4107.5,37.0
RECKITTBEN,2025-02-17,4100.0,4141.4,4083.1,4093.2,139.0
RECKITTBEN,2025-02-18,4088.5,4139.5,4081.0,4091.4,71.0
RECKITTBEN,2025-02-19,4130.0,4130.0,4080.0,4080.7,199.0
RECKITTBEN,2025-02-20,4140.0,4140.0,4041.5,4050.4,256.0
RECKITTBEN,2025-02-23,4054.5,4100.0,4054.5,4081.6,89.0
RECKITTBEN,2025-02-24,4082.0,4082.0,4050.0,4057.3,339.0
RECKITTBEN,2025-02-25,4079.8,4079.9,4040.0,4043.2,453.0
RECKITTBEN,2025-02-26,4080.0,4080.0,4003.2,4008.2,285.0
RECKITTBEN,2025-02-27,4058.9,4058.9,3990.0,3999.9,390.0
RECKITTBEN,2025-03-02,4139.4,4139.4,3980.5,4025.5,109.0
RECKITTBEN,2025-03-03,4010.0,4035.0,3990.0,3991.1,847.0
RECKITTBEN,2025-03-04,4000.0,4029.9,3950.0,3969.3,932.0
RECKITTBEN,2025-03-05,3951.0,3982.0,3950.0,3954.8,2817.0
RECKITTBEN,2025-03-06,3955.1,3957.8,3937.0,3943.2,789.0
RECKITTBEN,2025-03-09,3980.0,3989.9,3943.0,3944.6,276.0
RECKITTBEN,2025-03-10,3941.2,3950.0,3928.2,3929.2,909.0
RECKITTBEN,2025-03-11,3805.0,3970.0,3805.0,3921.4,522.0
RECKITTBEN,2025-03-12,3915.1,3938.0,3906.2,3914.1,320.0
RECKITTBEN,2025-03-13,3906.0,3938.8,3900.0,3900.8,680.0
RECKITTBEN,2025-03-16,3900.0,4081.0,3900.0,3978.6,148.0
RECKITTBEN,2025-03-17,3978.6,3988.0,3939.1,3941.8,208.0
RECKITTBEN,2025-03-18,3955.2,3960.0,3918.5,3919.9,304.0
RECKITTBEN,2025-03-19,4114.9,4114.9,3910.0,3935.6,444.0
RECKITTBEN,2025-03-20,3930.0,3939.9,3907.0,3910.1,703.0
RECKITTBEN,2025-03-23,3910.1,3943.9,3910.0,3929.4,27.0
RECKITTBEN,2025-03-24,3973.0,3975.0,3900.0,3902.7,478.0
RECKITTBEN,2025-03-25,3920.0,3920.0,3871.1,3874.5,724.0
RECKITTBEN,2025-03-27,3880.3,3880.6,3860.0,3861.8,516.0
RECKITTBEN,2025-04-06,3940.0,4054.8,3930.0,4054.8,575.0
RECKITTBEN,2025-04-07,4257.5,4257.5,3940.3,3947.7,3403.0
RECKITTBEN,2025-04-08,4145.0,4200.0,3948.0,3958.7,11248.0
PLFSL,2017-09-03,9.4,9.5,9.3,9.4,350685.0
PLFSL,2017-09-04,9.2,9.2,9.0,9.0,128471.0
PLFSL,2017-09-05,8.6,9.3,8.6,9.3,635943.0
PLFSL,2017-09-07,10.8,10.8,10.2,10.5,797895.0
PLFSL,2017-09-08,13.1,13.1,12.7,12.9,765927.0
PLFSL,2017-09-10,15.4,15.7,14.9,15.1,1188943.0
PLFSL,2017-09-11,13.8,13.8,13.4,13.5,839354.0
PLFSL,2017-09-13,13.8,14.0,13.7,13.7,1668920.0
PLFSL,2017-09-14,13.8,13.8,13.5,13.7,765684.0
PLFSL,2017-09-17,13.6,13.8,13.5,13.7,475736.0
PLFSL,2017-09-18,13.7,13.9,13.7,13.7,995687.0
PLFSL,2017-09-19,13.6,13.9,13.6,13.8,785243.0
PLFSL,2017-09-20,13.7,14.6,13.7,14.5,2947237.0
PLFSL,2017-09-21,14.5,14.7,14.1,14.5,2044853.0
PLFSL,2017-09-24,14.5,14.6,14.2,14.3,741031.0
PLFSL,2017-09-25,14.5,14.5,13.9,14.0,548110.0
PLFSL,2017-09-26,14.0,14.2,13.7,14.1,703722.0
PLFSL,2017-09-27,14.1,14.5,14.1,14.2,778930.0
PLFSL,2017-09-28,14.4,14.4,14.0,14.2,473304.0
PLFSL,2017-10-01,9.5,9.5,9.3,9.5,344599.0
PLFSL,2017-10-04,9.0,9.0,8.9,8.9,73283.0
PLFSL,2017-10-07,10.5,11.1,10.5,10.9,1083808.0
PLFSL,2017-10-08,13.0,13.1,12.9,13.0,288352.0
PLFSL,2017-10-09,13.0,13.0,12.8,12.9,399871.0
PLFSL,2017-10-10,15.1,15.2,14.7,14.9,536573.0
PLFSL,2017-10-12,13.1,13.1,12.7,12.8,1577946.0
PLFSL,2017-10-15,14.8,14.8,14.1,14.4,1079951.0
PLFSL,2017-10-16,14.3,14.5,14.2,14.4,218078.0
PLFSL,2017-10-17,14.4,14.9,14.3,14.8,302097.0
PLFSL,2017-10-18,14.8,14.8,14.5,14.6,346710.0
PLFSL,2017-10-19,14.6,14.7,14.5,14.6,260022.0
PLFSL,2017-10-22,14.7,15.1,14.7,15.1,1154935.0
PLFSL,2017-10-23,15.1,15.1,14.3,14.5,788938.0
PLFSL,2017-10-24,14.6,14.6,13.5,13.6,1145863.0
PLFSL,2017-10-25,13.9,13.9,13.7,13.8,926113.0
PLFSL,2017-10-26,14.2,14.2,13.7,13.9,292158.0
PLFSL,2017-10-29,13.9,14.2,13.6,13.8,447659.0
PLFSL,2017-10-30,14.4,14.6,14.0,14.1,1324480.0
PLFSL,2017-10-31,14.3,14.3,13.9,14.0,720208.0
PLFSL,2017-11-01,9.6,9.7,9.5,9.7,584722.0
PLFSL,2017-11-04,9.0,9.0,8.9,8.9,82063.0
PLFSL,2017-11-05,9.2,9.2,8.9,9.1,165711.0
PLFSL,2017-11-06,9.5,9.6,9.4,9.6,559353.0
PLFSL,2017-11-07,10.8,10.9,10.5,10.6,639121.0
PLFSL,2017-11-09,13.0,13.2,12.9,13.0,1343022.0
PLFSL,2017-11-10,15.0,15.2,14.9,14.9,1093906.0
PLFSL,2017-11-12,12.9,12.9,12.2,12.3,2678893.0
PLFSL,2017-11-13,13.5,14.1,13.4,13.9,905277.0
PLFSL,2017-11-14,14.0,14.2,13.9,14.2,909540.0
PLFSL,2017-11-15,14.3,14.5,14.2,14.4,700257.0
PLFSL,2017-11-16,14.3,14.4,14.1,14.2,285862.0
PLFSL,2017-11-19,14.3,14.4,14.0,14.1,526659.0
PLFSL,2017-11-20,14.1,14.4,14.1,14.3,705711.0
PLFSL,2017-11-21,14.3,14.5,14.3,14.4,556352.0
PLFSL,2017-11-22,14.4,14.4,14.1,14.2,572923.0
PLFSL,2017-11-23,14.1,14.4,14.1,14.3,380168.0
PLFSL,2017-11-26,14.4,14.4,14.0,14.1,673768.0
PLFSL,2017-11-27,14.2,14.3,14.1,14.1,529531.0
PLFSL,2017-11-28,14.2,14.2,14.0,14.1,332430.0
PLFSL,2017-11-29,14.1,14.2,13.9,14.0,540513.0
PLFSL,2017-11-30,14.1,14.1,13.9,13.9,213009.0
PLFSL,2017-12-01,9.8,9.9,9.6,9.7,391621.0
PLFSL,2017-12-02,9.7,9.9,9.7,9.8,176405.0
PLFSL,2017-12-03,9.5,9.8,9.4,9.7,643028.0
PLFSL,2017-12-04,9.0,9.0,8.9,8.9,128442.0
PLFSL,2017-12-06,9.4,9.7,9.4,9.6,324665.0
PLFSL,2017-12-07,10.1,11.3,10.1,10.8,3897103.0
PLFSL,2017-12-09,13.0,13.8,13.0,13.6,2296615.0
PLFSL,2017-12-10,14.8,14.9,14.5,14.8,936255.0
PLFSL,2017-12-11,13.5,13.6,13.3,13.4,920105.0
PLFSL,2017-12-12,12.5,12.9,12.2,12.5,1766287.0
PLFSL,2017-12-13,12.6,12.7,12.4,12.5,1837795.0
PLFSL,2017-12-14,12.6,13.3,12.5,13.3,2024499.0
PLFSL,2017-12-17,13.4,14.2,13.4,14.0,2412912.0
PLFSL,2017-12-18,14.0,14.0,13.2,13.5,2040280.0
PLFSL,2017-12-19,13.5,14.0,13.5,14.0,1227057.0
PLFSL,2017-12-20,14.0,14.1,13.8,14.0,1043392.0
PLFSL,2017-12-21,14.0,14.1,13.8,14.0,909618.0
PLFSL,2017-12-24,14.0,14.1,13.6,13.7,730253.0
PLFSL,2017-12-26,13.6,13.9,13.5,13.6,597077.0
PLFSL,2017-12-27,13.7,13.8,13.5,13.6,669362.0
PLFSL,2017-12-28,13.7,13.8,13.6,13.7,529849.0
PLFSL,2018-01-01,13.7,14.1,13.7,14.1,972084.0
PLFSL,2018-01-02,13.3,13.4,13.0,13.2,236869.0
PLFSL,2018-01-03,12.5,12.6,12.3,12.5,123726.0
PLFSL,2018-01-04,11.4,11.6,11.3,11.6,181319.0
PLFSL,2018-01-08,6.6,6.7,6.5,6.6,352453.0
PLFSL,2018-01-10,6.1,6.2,6.0,6.0,177599.0
PLFSL,2018-01-11,5.5,5.7,5.3,5.7,302915.0
PLFSL,2018-01-14,13.5,13.6,13.3,13.4,423986.0
PLFSL,2018-01-15,13.4,13.4,12.9,13.0,812119.0
PLFSL,2018-01-16,12.8,13.3,12.8,13.2,223660.0
PLFSL,2018-01-17,13.2,13.4,13.1,13.1,212386.0
PLFSL,2018-01-18,13.2,13.5,13.0,13.3,280018.0
PLFSL,2018-01-21,13.5,14.0,13.5,13.9,530729.0
PLFSL,2018-01-22,14.0,14.0,13.8,13.8,279073.0
PLFSL,2018-01-23,13.8,13.9,13.7,13.8,284118.0
PLFSL,2018-01-24,13.8,13.8,13.6,13.6,301011.0
PLFSL,2018-01-25,13.6,13.8,13.5,13.7,206056.0
PLFSL,2018-01-28,13.6,13.6,13.3,13.3,316171.0
PLFSL,2018-01-29,13.3,13.6,13.3,13.4,352236.0
PLFSL,2018-01-30,13.5,13.6,13.3,13.4,378021.0
PLFSL,2018-01-31,13.4,13.4,13.0,13.2,390746.0
PLFSL,2018-02-01,14.1,14.1,13.9,13.9,679744.0
PLFSL,2018-02-04,11.7,11.7,11.3,11.4,249658.0
PLFSL,2018-02-07,9.0,9.0,7.8,8.1,1126151.0
PLFSL,2018-02-08,6.7,6.9,6.6,6.8,480115.0
PLFSL,2018-02-10,6.1,6.2,6.1,6.1,67804.0
PLFSL,2018-02-12,4.6,4.7,4.5,4.6,96528.0
PLFSL,2018-02-13,13.4,13.4,13.2,13.3,275316.0
PLFSL,2018-02-14,13.5,13.6,13.2,13.2,555073.0
PLFSL,2018-02-15,13.3,13.3,12.9,13.0,679620.0
PLFSL,2018-02-18,13.0,13.0,12.7,12.8,367773.0
PLFSL,2018-02-19,12.9,13.0,12.6,12.7,451555.0
PLFSL,2018-02-20,13.0,13.0,12.6,12.7,219086.0
PLFSL,2018-02-22,12.9,13.0,12.7,12.7,88847.0
PLFSL,2018-02-25,12.8,12.8,12.4,12.4,332178.0
PLFSL,2018-02-26,12.2,12.5,12.2,12.2,330356.0
PLFSL,2018-02-27,12.6,12.8,12.3,12.6,271134.0
PLFSL,2018-02-28,12.7,12.7,12.3,12.3,163250.0
PLFSL,2018-03-01,14.0,14.0,13.9,13.9,405592.0
PLFSL,2018-03-04,11.6,11.6,11.0,11.1,350017.0
PLFSL,2018-03-05,10.2,10.5,10.2,10.3,152335.0
PLFSL,2018-03-06,9.1,9.3,9.0,9.1,150144.0
PLFSL,2018-03-07,8.1,8.5,8.1,8.2,199974.0
PLFSL,2018-03-09,7.0,7.0,6.8,6.8,641701.0
PLFSL,2018-03-10,6.2,6.3,6.1,6.2,129111.0
PLFSL,2018-03-12,4.7,4.7,4.6,4.7,46830.0
PLFSL,2018-03-13,12.0,12.0,10.9,11.1,495656.0
PLFSL,2018-03-14,11.1,11.4,11.0,11.2,244886.0
PLFSL,2018-03-15,11.4,11.6,11.2,11.5,137331.0
PLFSL,2018-03-18,11.8,11.9,11.4,11.7,108884.0
PLFSL,2018-03-19,11.7,11.7,11.1,11.2,292575.0
PLFSL,2018-03-20,11.1,11.3,11.1,11.1,137702.0
PLFSL,2018-03-21,11.1,11.3,10.9,11.0,239032.0
PLFSL,2018-03-22,11.2,11.2,10.9,11.0,188082.0
PLFSL,2018-03-25,10.9,11.7,10.9,11.1,75608.0
PLFSL,2018-03-27,11.0,11.1,10.8,10.8,231185.0
PLFSL,2018-03-28,10.9,10.9,10.8,10.8,130899.0
PLFSL,2018-03-29,10.9,11.2,10.9,11.0,363847.0
PLFSL,2018-04-01,14.0,14.0,13.8,13.9,498958.0
PLFSL,2018-04-02,13.3,13.3,12.8,12.9,409727.0
PLFSL,2018-04-03,12.6,12.7,12.5,12.5,113910.0
PLFSL,2018-04-04,11.5,11.5,11.0,11.1,171132.0
PLFSL,2018-04-06,9.3,9.3,8.5,8.6,305611.0
PLFSL,2018-04-07,8.2,8.2,8.0,8.1,215625.0
PLFSL,2018-04-09,7.0,7.0,6.7,6.8,577466.0
PLFSL,2018-04-10,6.2,6.3,6.0,6.1,399322.0
PLFSL,2018-04-11,5.7,5.9,5.6,5.8,223610.0
PLFSL,2018-04-12,4.7,5.1,4.6,5.1,473667.0
PLFSL,2018-04-15,11.4,11.4,11.0,11.0,275155.0
PLFSL,2018-04-16,11.0,11.1,10.9,11.0,208017.0
PLFSL,2018-04-17,11.0,11.1,10.9,10.9,239544.0
PLFSL,2018-04-18,11.0,11.0,10.8,10.8,294195.0
PLFSL,2018-04-19,10.9,11.0,10.8,10.8,118247.0
PLFSL,2018-04-22,11.0,11.0,10.7,10.8,164418.0
PLFSL,2018-04-23,10.9,10.9,10.2,10.4,519996.0
PLFSL,2018-04-24,10.4,10.5,9.9,10.0,449225.0
PLFSL,2018-04-25,10.1,10.4,10.0,10.2,187861.0
PLFSL,2018-04-26,10.4,10.5,10.2,10.2,103062.0
PLFSL,2018-04-30,10.3,10.4,10.1,10.3,129290.0
PLFSL,2018-05-02,13.0,13.0,12.3,12.7,540886.0
PLFSL,2018-05-03,12.4,12.6,12.2,12.3,382975.0
PLFSL,2018-05-04,11.4,11.4,11.0,11.1,292526.0
PLFSL,2018-05-06,8.7,9.2,8.7,9.2,228444.0
PLFSL,2018-05-07,8.2,8.2,7.7,7.8,569279.0
PLFSL,2018-05-08,6.9,7.0,6.6,6.7,369314.0
PLFSL,2018-05-09,6.8,6.8,6.6,6.7,476511.0
PLFSL,2018-05-11,5.7,5.7,5.4,5.6,332381.0
PLFSL,2018-05-12,5.2,5.6,5.2,5.5,741256.0
PLFSL,2018-05-13,10.3,10.3,9.9,10.0,503030.0
PLFSL,2018-05-14,10.0,10.3,9.9,10.0,170131.0
PLFSL,2018-05-15,10.1,10.3,10.1,10.3,84828.0
PLFSL,2018-05-16,10.1,10.2,9.9,10.0,166204.0
PLFSL,2018-05-17,10.1,10.2,10.0,10.0,72261.0
PLFSL,2018-05-20,10.0,10.1,9.7,9.8,222526.0
PLFSL,2018-05-21,9.8,10.0,9.6,9.9,287568.0
PLFSL,2018-05-22,9.8,9.9,9.6,9.6,292050.0
PLFSL,2018-05-23,9.7,9.7,9.2,9.4,321496.0
PLFSL,2018-05-24,9.3,9.5,9.3,9.5,151699.0
PLFSL,2018-05-27,10.0,10.0,9.1,9.2,375316.0
PLFSL,2018-05-28,9.3,9.3,9.0,9.1,329698.0
PLFSL,2018-05-29,9.2,9.3,9.1,9.2,69697.0
PLFSL,2018-05-30,9.1,9.4,9.1,9.3,107949.0
PLFSL,2018-05-31,9.3,9.3,9.1,9.1,99472.0
PLFSL,2018-06-02,12.8,13.1,12.7,12.8,262488.0
PLFSL,2018-06-03,12.3,12.3,12.1,12.2,292326.0
PLFSL,2018-06-05,10.5,10.6,10.2,10.5,193962.0
PLFSL,2018-06-06,9.1,9.2,8.9,9.1,211826.0
PLFSL,2018-06-08,6.7,6.8,6.6,6.7,358459.0
PLFSL,2018-06-09,6.8,6.9,6.7,6.8,319638.0
PLFSL,2018-06-11,5.6,5.6,5.3,5.5,197254.0
PLFSL,2018-06-12,5.6,5.7,5.3,5.3,302108.0
PLFSL,2018-06-18,8.9,9.0,8.8,8.9,124296.0
PLFSL,2018-06-19,8.9,9.0,8.8,8.9,162009.0
PLFSL,2018-06-20,8.9,8.9,8.6,8.7,261475.0
PLFSL,2018-06-21,8.8,8.8,8.7,8.7,243101.0
PLFSL,2018-06-24,8.7,9.5,8.7,9.5,58799.0
PLFSL,2018-06-25,10.4,10.4,9.6,10.0,1003690.0
PLFSL,2018-06-26,10.0,10.3,9.4,9.5,352780.0
PLFSL,2018-06-27,9.8,10.4,9.5,9.9,544119.0
PLFSL,2018-06-28,9.9,10.1,9.7,9.9,425737.0
PLFSL,2018-07-01,14.0,14.0,13.8,13.8,959257.0
PLFSL,2018-07-02,12.8,13.0,12.7,12.9,437240.0
PLFSL,2018-07-03,12.2,12.2,12.0,12.0,254721.0
PLFSL,2018-07-05,10.4,11.0,10.4,10.9,404821.0
PLFSL,2018-07-06,9.2,9.5,8.9,9.0,280760.0
PLFSL,2018-07-10,6.2,6.3,6.1,6.2,74153.0
PLFSL,2018-07-11,5.5,5.5,5.1,5.1,350632.0
PLFSL,2018-07-15,7.6,7.6,7.1,7.2,617369.0
PLFSL,2018-07-16,7.2,7.5,7.1,7.4,279026.0
PLFSL,2018-07-17,7.5,7.5,7.1,7.2,372260.0
PLFSL,2018-07-18,7.4,7.4,7.1,7.2,246643.0
PLFSL,2018-07-19,7.1,7.3,7.0,7.2,242436.0
PLFSL,2018-07-22,7.1,7.2,6.8,6.8,496079.0
PLFSL,2018-07-23,6.8,7.4,6.8,7.1,149767.0
PLFSL,2018-07-24,7.1,7.2,6.8,6.8,441492.0
PLFSL,2018-07-25,7.0,7.0,6.7,6.8,800445.0
PLFSL,2018-07-26,6.8,6.8,6.6,6.7,548395.0
PLFSL,2018-07-29,6.7,6.8,6.6,6.7,258112.0
PLFSL,2018-07-30,6.6,6.8,6.6,6.6,509188.0
PLFSL,2018-07-31,6.6,6.7,6.5,6.5,650093.0
PLFSL,2018-08-01,13.8,13.9,13.7,13.8,236761.0
PLFSL,2018-08-02,13.0,13.1,12.9,13.0,246385.0
PLFSL,2018-08-03,12.0,12.3,12.0,12.1,267602.0
PLFSL,2018-08-04,11.2,11.4,11.1,11.2,114920.0
PLFSL,2018-08-05,10.9,11.7,10.9,11.2,483350.0
PLFSL,2018-08-07,7.8,7.9,7.7,7.9,363966.0
PLFSL,2018-08-08,6.7,6.9,6.6,6.7,362373.0
PLFSL,2018-08-10,6.2,6.3,6.1,6.1,239791.0
PLFSL,2018-08-11,5.2,5.2,4.9,4.9,487360.0
PLFSL,2018-08-13,6.8,6.8,6.6,6.7,192206.0
PLFSL,2018-08-14,6.7,6.8,6.5,6.6,434435.0
PLFSL,2018-08-16,6.7,6.8,6.5,6.6,400288.0
PLFSL,2018-08-19,6.8,7.2,6.7,7.0,492955.0
PLFSL,2018-08-20,7.0,7.0,6.7,6.8,304096.0
PLFSL,2018-08-26,6.8,7.4,6.8,7.1,426225.0
PLFSL,2018-08-27,7.1,7.2,6.9,7.0,348473.0
PLFSL,2018-08-28,7.0,7.2,7.0,7.1,585378.0
PLFSL,2018-08-29,7.2,7.2,7.0,7.0,398442.0
PLFSL,2018-08-30,7.1,7.1,6.9,7.0,442470.0
PLFSL,2018-09-01,13.8,13.9,13.6,13.7,409613.0
PLFSL,2018-09-04,11.4,11.4,11.2,11.4,174532.0
PLFSL,2018-09-05,11.2,11.3,10.9,10.9,274942.0
PLFSL,2018-09-07,8.0,8.0,7.7,7.8,202518.0
PLFSL,2018-09-08,6.5,6.9,6.5,6.7,178497.0
PLFSL,2018-09-09,6.7,6.8,6.6,6.7,615321.0
PLFSL,2018-09-10,6.1,6.1,5.9,5.9,1258547.0
PLFSL,2018-09-12,5.3,5.3,5.1,5.2,212565.0
PLFSL,2018-09-13,6.3,6.5,6.2,6.4,105880.0
PLFSL,2018-09-16,6.4,6.5,6.3,6.4,142981.0
PLFSL,2018-09-17,6.5,6.6,6.2,6.2,383243.0
PLFSL,2018-09-18,6.3,6.5,6.3,6.4,283727.0
PLFSL,2018-09-19,6.4,6.6,6.3,6.5,204179.0
PLFSL,2018-09-20,6.5,6.6,6.4,6.5,331041.0
PLFSL,2018-09-23,6.5,6.6,6.2,6.2,306477.0
PLFSL,2018-09-24,6.3,6.4,6.0,6.2,378059.0
PLFSL,2018-09-25,6.2,6.2,6.0,6.0,281369.0
PLFSL,2018-09-26,6.1,6.2,6.0,6.0,167051.0
PLFSL,2018-09-27,6.0,6.3,6.0,6.0,127141.0
PLFSL,2018-09-30,6.1,6.1,6.0,6.1,173806.0
PLFSL,2018-10-01,13.7,13.9,13.6,13.6,512111.0
PLFSL,2018-10-04,11.4,11.7,11.4,11.6,189946.0
PLFSL,2018-10-05,10.5,10.8,10.2,10.3,439128.0
PLFSL,2018-10-06,9.0,9.1,8.9,9.0,68282.0
PLFSL,2018-10-07,7.9,8.0,7.7,7.7,454135.0
PLFSL,2018-10-09,6.7,6.7,6.3,6.3,1395694.0
PLFSL,2018-10-10,6.0,6.0,5.8,5.9,192335.0
PLFSL,2018-10-12,5.2,5.2,4.9,5.0,185458.0
PLFSL,2018-10-14,5.9,6.0,5.8,5.9,286751.0
PLFSL,2018-10-15,5.9,6.0,5.8,5.8,294752.0
PLFSL,2018-10-16,5.8,5.9,5.7,5.8,230382.0
PLFSL,2018-10-17,5.8,5.9,5.7,5.8,110072.0
PLFSL,2018-10-18,5.8,5.8,5.6,5.7,371150.0
PLFSL,2018-10-21,5.8,5.8,5.6,5.6,118449.0
PLFSL,2018-10-22,5.7,5.8,5.6,5.7,177250.0
PLFSL,2018-10-23,5.6,5.6,5.2,5.2,1820940.0
PLFSL,2018-10-24,5.2,5.2,4.9,5.0,601417.0
PLFSL,2018-10-25,5.0,5.2,4.9,5.0,596869.0
PLFSL,2018-10-28,5.1,5.1,4.5,4.7,2641878.0
PLFSL,2018-10-29,4.7,5.1,4.6,5.1,275473.0
PLFSL,2018-10-30,5.1,5.6,5.1,5.4,299534.0
PLFSL,2018-10-31,5.5,5.5,5.3,5.4,72822.0
PLFSL,2018-11-01,13.7,13.7,13.4,13.5,400541.0
PLFSL,2018-11-02,13.1,13.5,13.1,13.5,309361.0
PLFSL,2018-11-03,12.2,12.3,12.0,12.1,146163.0
PLFSL,2018-11-04,11.7,11.7,11.3,11.3,191016.0
PLFSL,2018-11-06,9.1,9.1,8.9,8.9,129749.0
PLFSL,2018-11-07,7.8,8.0,7.7,7.7,543393.0
PLFSL,2018-11-09,6.3,6.5,6.2,6.3,560309.0
PLFSL,2018-11-10,6.0,6.0,5.9,5.9,402699.0
PLFSL,2018-11-11,5.0,5.1,4.9,5.1,373296.0
PLFSL,2018-11-12,4.9,5.0,4.7,4.8,164836.0
PLFSL,2018-11-13,5.0,5.1,4.9,4.9,125549.0
PLFSL,2018-11-14,5.0,5.0,4.9,4.9,444839.0
PLFSL,2018-11-15,5.0,5.0,4.8,4.9,471184.0
PLFSL,2018-11-18,4.9,4.9,4.8,4.8,244925.0
PLFSL,2018-11-19,4.8,4.9,4.7,4.7,594259.0
PLFSL,2018-11-20,4.7,4.8,4.7,4.8,182655.0
PLFSL,2018-11-22,4.9,4.9,4.6,4.7,495137.0
PLFSL,2018-11-25,4.7,4.8,4.5,4.5,498926.0
PLFSL,2018-11-26,4.6,4.8,4.5,4.5,651238.0
PLFSL,2018-11-27,4.6,4.7,4.5,4.5,234318.0
PLFSL,2018-11-28,4.5,4.7,4.5,4.6,315627.0
PLFSL,2018-11-29,4.6,4.7,4.5,4.6,104295.0
PLFSL,2018-12-02,13.7,13.7,13.3,13.3,229885.0
PLFSL,2018-12-03,12.0,12.1,11.7,11.8,254682.0
PLFSL,2018-12-04,11.4,11.4,11.1,11.2,145994.0
PLFSL,2018-12-06,9.0,9.0,8.9,9.0,109084.0
PLFSL,2018-12-07,7.8,7.9,7.6,7.7,381905.0
PLFSL,2018-12-08,6.6,6.9,6.5,6.7,498961.0
PLFSL,2018-12-09,6.3,6.5,6.2,6.3,267591.0
PLFSL,2018-12-11,5.2,5.2,5.0,5.0,294465.0
PLFSL,2018-12-12,4.8,4.9,4.8,4.8,274735.0
PLFSL,2018-12-13,4.8,5.0,4.8,4.9,75464.0
PLFSL,2018-12-17,4.9,4.9,4.7,4.8,322645.0
PLFSL,2018-12-18,4.9,5.0,4.8,4.8,57068.0
PLFSL,2018-12-19,4.9,5.0,4.7,4.9,231534.0
PLFSL,2018-12-20,4.9,5.1,4.9,5.0,121165.0
PLFSL,2018-12-23,5.0,5.2,5.0,5.0,253678.0
PLFSL,2018-12-24,5.1,5.3,5.1,5.3,134720.0
PLFSL,2018-12-26,5.3,5.6,5.3,5.5,571073.0
PLFSL,2018-12-27,5.6,5.8,5.6,5.6,619456.0
PLFSL,2019-01-01,5.6,5.9,5.5,5.8,184952.0
PLFSL,2019-01-04,4.7,4.8,4.6,4.7,42674.0
PLFSL,2019-01-13,6.4,6.5,6.3,6.3,363821.0
PLFSL,2019-01-14,6.3,6.6,6.3,6.5,315334.0
PLFSL,2019-01-15,6.6,7.0,6.6,6.9,539222.0
PLFSL,2019-01-16,6.8,6.9,6.5,6.6,437491.0
PLFSL,2019-01-17,6.6,6.8,6.3,6.7,386818.0
PLFSL,2019-01-20,6.8,6.8,6.6,6.6,301159.0
PLFSL,2019-01-21,6.8,6.8,6.3,6.4,386951.0
PLFSL,2019-01-22,6.4,6.6,6.3,6.4,162768.0
PLFSL,2019-01-23,6.4,6.6,6.3,6.5,267464.0
PLFSL,2019-01-24,6.7,6.8,6.4,6.5,308258.0
PLFSL,2019-01-27,6.5,6.6,6.4,6.5,305766.0
PLFSL,2019-01-28,6.5,6.6,6.3,6.4,275148.0
PLFSL,2019-01-29,6.5,6.5,6.0,6.1,423607.0
PLFSL,2019-01-30,6.2,6.3,5.9,6.0,381296.0
PLFSL,2019-01-31,6.0,6.3,5.9,6.0,184226.0
PLFSL,2019-02-01,6.0,6.0,5.8,6.0,337083.0
PLFSL,2019-02-04,4.7,4.9,4.6,4.8,100967.0
PLFSL,2019-02-05,4.6,4.7,4.5,4.6,55442.0
PLFSL,2019-02-07,4.1,4.2,4.0,4.1,273025.0
PLFSL,2019-02-13,5.4,5.4,5.0,5.2,617821.0
PLFSL,2019-02-14,5.2,5.3,5.1,5.1,170015.0
PLFSL,2019-02-17,5.2,5.3,4.9,5.0,243486.0
PLFSL,2019-02-18,5.0,5.1,4.9,5.0,402297.0
PLFSL,2019-02-19,5.0,5.1,5.0,5.0,153862.0
PLFSL,2019-02-20,5.1,5.1,5.0,5.0,267250.0
PLFSL,2019-02-24,5.1,5.2,5.0,5.0,430919.0
PLFSL,2019-02-25,5.0,5.2,5.0,5.1,120285.0
PLFSL,2019-02-26,5.1,5.1,4.9,4.9,195065.0
PLFSL,2019-02-27,4.9,5.0,4.8,4.9,221700.0
PLFSL,2019-03-01,6.0,6.6,5.9,6.5,1129445.0
PLFSL,2019-03-02,6.0,6.2,5.9,6.0,139715.0
PLFSL,2019-03-03,4.9,5.0,4.8,4.9,161313.0
PLFSL,2019-03-04,4.7,4.7,4.6,4.7,107104.0
PLFSL,2019-03-07,4.1,4.2,4.0,4.1,165150.0
PLFSL,2019-03-13,4.9,5.0,4.8,4.8,262308.0
PLFSL,2019-03-14,5.0,5.1,4.8,4.8,111953.0
PLFSL,2019-03-18,4.8,4.9,4.6,4.7,136749.0
PLFSL,2019-03-19,4.7,4.8,4.6,4.6,311596.0
PLFSL,2019-03-20,4.7,4.8,4.5,4.6,281161.0
PLFSL,2019-03-21,4.6,4.8,4.6,4.7,107026.0
PLFSL,2019-03-24,4.7,4.7,4.5,4.6,278630.0
PLFSL,2019-03-25,4.7,4.8,4.6,4.8,116479.0
PLFSL,2019-03-27,4.8,4.8,4.6,4.7,83547.0
PLFSL,2019-03-28,4.6,4.8,4.6,4.7,35885.0
PLFSL,2019-03-31,4.7,4.8,4.6,4.6,155874.0
PLFSL,2019-04-02,6.1,6.1,5.9,5.9,162796.0
PLFSL,2019-04-03,5.0,5.1,4.9,5.0,201136.0
PLFSL,2019-04-04,4.7,4.8,4.6,4.6,71905.0
PLFSL,2019-04-07,4.1,4.2,4.0,4.0,218108.0
PLFSL,2019-04-15,4.7,4.9,4.7,4.7,40834.0
PLFSL,2019-04-16,4.8,4.8,4.5,4.6,63616.0
PLFSL,2019-04-17,4.6,4.6,4.5,4.5,102415.0
PLFSL,2019-04-18,4.6,4.7,4.5,4.6,52334.0
PLFSL,2019-04-21,4.7,4.7,4.6,4.6,148536.0
PLFSL,2019-04-23,4.6,4.7,4.4,4.5,216977.0
PLFSL,2019-04-24,4.5,4.5,4.4,4.5,45961.0
PLFSL,2019-04-25,4.6,4.6,4.4,4.4,147730.0
PLFSL,2019-04-28,4.5,4.5,4.4,4.4,48420.0
PLFSL,2019-04-29,4.5,4.5,4.4,4.4,145802.0
PLFSL,2019-04-30,4.5,4.6,4.5,4.6,99116.0
PLFSL,2019-05-02,6.0,6.0,5.7,5.8,289925.0
PLFSL,2019-05-03,5.0,5.1,4.9,5.0,124644.0
PLFSL,2019-05-05,4.8,5.0,4.6,4.9,132169.0
PLFSL,2019-05-13,4.7,4.8,4.7,4.7,41950.0
PLFSL,2019-05-14,4.7,4.8,4.7,4.8,135247.0
PLFSL,2019-05-15,4.7,4.8,4.6,4.7,89489.0
PLFSL,2019-05-16,4.7,4.8,4.7,4.8,10527.0
PLFSL,2019-05-19,4.8,4.9,4.7,4.8,41632.0
PLFSL,2019-05-20,4.8,4.8,4.7,4.8,39530.0
PLFSL,2019-05-21,4.8,4.8,4.6,4.7,190667.0
PLFSL,2019-05-22,4.7,4.8,4.6,4.6,82028.0
PLFSL,2019-05-23,4.6,4.8,4.6,4.7,273137.0
PLFSL,2019-05-26,4.7,4.8,4.6,4.6,90063.0
PLFSL,2019-05-27,4.6,4.7,4.6,4.7,93277.0
PLFSL,2019-05-28,4.7,4.8,4.7,4.7,84887.0
PLFSL,2019-05-29,4.8,4.9,4.7,4.8,166852.0
PLFSL,2019-05-30,4.8,4.8,4.6,4.7,217343.0
PLFSL,2019-06-01,6.6,6.9,6.3,6.8,923573.0
PLFSL,2019-06-02,5.8,5.8,5.3,5.5,514681.0
PLFSL,2019-06-03,5.1,5.3,5.0,5.2,271481.0
PLFSL,2019-06-05,4.9,5.0,4.7,4.8,94554.0
PLFSL,2019-06-13,4.6,4.7,4.6,4.7,125643.0
PLFSL,2019-06-16,4.6,4.8,4.6,4.7,73159.0
PLFSL,2019-06-17,4.6,4.7,4.5,4.5,275143.0
PLFSL,2019-06-18,4.6,4.6,4.5,4.5,129322.0
PLFSL,2019-06-19,4.5,4.6,4.5,4.5,75017.0
PLFSL,2019-06-20,4.5,4.8,4.5,4.7,128693.0
PLFSL,2019-06-23,4.8,5.1,4.8,5.1,614373.0
PLFSL,2019-06-24,5.2,5.2,4.8,4.8,153680.0
PLFSL,2019-06-25,4.9,4.9,4.7,4.8,61222.0
PLFSL,2019-06-26,4.7,4.8,4.7,4.7,91635.0
PLFSL,2019-06-27,4.7,4.8,4.6,4.6,196961.0
PLFSL,2019-06-30,4.2,4.4,4.0,4.1,729185.0
PLFSL,2019-07-01,6.9,7.1,6.6,6.8,701212.0
PLFSL,2019-07-02,5.6,5.7,5.4,5.5,136310.0
PLFSL,2019-07-03,5.2,5.2,4.7,4.8,484307.0
PLFSL,2019-07-04,4.6,4.8,4.6,4.7,119473.0
PLFSL,2019-07-05,4.8,4.8,4.7,4.7,44269.0
PLFSL,2019-07-07,4.0,4.1,4.0,4.0,76495.0
PLFSL,2019-08-01,6.9,6.9,6.6,6.8,207886.0
PLFSL,2019-08-04,4.6,4.7,4.6,4.7,126915.0
PLFSL,2019-08-05,4.6,4.7,4.6,4.7,25185.0
PLFSL,2019-08-07,4.0,4.1,4.0,4.0,174433.0
PLFSL,2019-09-01,6.9,6.9,6.6,6.7,258110.0
PLFSL,2019-09-04,4.7,4.7,4.7,4.7,113400.0
PLFSL,2019-09-05,4.6,4.8,4.6,4.7,26999.0
PLFSL,2019-09-06,4.8,4.9,4.7,4.8,90055.0
PLFSL,2019-09-07,3.6,3.6,3.6,3.6,426186.0
PLFSL,2019-10-01,6.6,6.6,6.3,6.4,434745.0
PLFSL,2019-10-02,5.5,5.6,5.2,5.3,171280.0
PLFSL,2019-10-03,5.0,5.0,4.9,4.9,90627.0
PLFSL,2019-10-04,4.7,4.7,4.6,4.7,230674.0
PLFSL,2019-10-06,4.8,4.8,4.6,4.7,156334.0
PLFSL,2019-10-07,3.3,3.3,3.3,3.3,73863.0
PLFSL,2019-11-02,5.2,5.5,5.1,5.2,220878.0
PLFSL,2019-11-03,4.9,5.0,4.9,5.0,28369.0
PLFSL,2019-11-04,4.8,4.8,4.6,4.7,150647.0
PLFSL,2019-11-06,4.8,4.8,4.6,4.7,188020.0
PLFSL,2019-11-07,3.0,3.0,3.0,3.0,82805.0
PLFSL,2019-12-02,5.2,5.4,5.1,5.3,239604.0
PLFSL,2019-12-03,5.0,5.0,4.9,4.9,282115.0
PLFSL,2019-12-05,4.7,4.9,4.7,4.7,115388.0
PLFSL,2019-12-06,4.7,4.7,4.6,4.7,64763.0
PLFSL,2024-03-10,3.3,3.3,3.3,3.3,113745.0
PLFSL,2024-03-11,3.6,3.6,3.6,3.6,179621.0
PLFSL,2024-03-12,3.9,3.9,3.9,3.9,898481.0
PLFSL,2024-03-13,4.2,4.2,4.2,4.2,1269228.0
PLFSL,2024-03-14,4.6,4.6,4.6,4.6,793595.0
PLFSL,2024-03-18,5.0,5.0,5.0,5.0,402807.0
PLFSL,2024-03-19,5.5,5.5,4.5,4.5,10798526.0
PLFSL,2024-03-20,4.7,4.9,4.3,4.6,1723243.0
PLFSL,2024-03-21,4.8,5.0,4.8,5.0,1821543.0
PLFSL,2024-03-24,5.4,5.5,5.0,5.1,2984578.0
PLFSL,2024-03-25,5.0,5.1,4.8,4.9,782990.0
PLFSL,2024-03-27,4.9,5.0,4.6,4.7,856698.0
PLFSL,2024-03-28,4.7,4.8,4.5,4.8,975038.0
PLFSL,2024-03-31,4.8,4.9,4.7,4.7,428832.0
PLFSL,2024-04-01,4.7,4.8,4.5,4.6,498877.0
PLFSL,2024-04-02,4.6,4.6,4.3,4.5,597828.0
PLFSL,2024-04-03,4.6,4.6,4.5,4.5,669509.0
PLFSL,2024-04-04,4.5,4.7,4.5,4.6,314999.0
PLFSL,2024-04-08,4.6,4.6,4.4,4.5,662036.0
PLFSL,2024-04-09,4.5,4.6,4.4,4.4,201687.0
PLFSL,2024-04-15,4.4,4.5,4.3,4.3,464837.0
PLFSL,2024-04-16,4.4,4.4,4.3,4.3,317156.0
PLFSL,2024-04-17,4.3,4.5,4.3,4.3,342375.0
PLFSL,2024-04-18,4.3,4.4,4.1,4.2,646022.0
PLFSL,2024-04-21,4.1,4.2,3.9,4.0,546962.0
PLFSL,2024-04-22,4.1,4.2,4.0,4.0,382173.0
PLFSL,2024-04-23,4.1,4.1,3.8,3.8,644089.0
PLFSL,2024-04-24,3.8,3.9,3.7,3.7,579895.0
PLFSL,2024-04-25,3.7,3.8,3.6,3.6,638071.0
PLFSL,2024-04-28,3.7,3.9,3.6,3.9,562427.0
PLFSL,2024-04-29,4.0,4.1,3.8,3.9,341515.0
PLFSL,2024-04-30,3.9,3.9,3.8,3.8,273202.0
PLFSL,2024-05-02,3.8,3.9,3.7,3.7,374252.0
PLFSL,2024-05-05,3.6,3.7,3.6,3.6,650883.0
PLFSL,2024-05-06,3.6,3.9,3.5,3.8,518018.0
PLFSL,2024-05-07,3.8,4.0,3.7,3.8,578345.0
PLFSL,2024-05-08,3.8,3.8,3.7,3.7,328332.0
PLFSL,2024-05-09,3.7,3.7,3.6,3.6,664623.0
PLFSL,2024-05-12,3.7,3.7,3.6,3.6,90726.0
PLFSL,2024-05-13,3.7,3.7,3.5,3.6,546355.0
PLFSL,2024-05-14,3.6,3.6,3.5,3.5,236699.0
PLFSL,2024-05-15,3.5,3.5,3.4,3.4,252116.0
PLFSL,2024-05-16,3.5,3.5,3.4,3.4,159452.0
PLFSL,2024-05-19,3.4,3.4,3.3,3.3,398052.0
PLFSL,2024-05-20,3.3,3.4,3.3,3.4,234221.0
PLFSL,2024-05-21,3.3,3.6,3.3,3.5,319886.0
PLFSL,2024-05-23,3.5,3.5,3.4,3.4,167081.0
PLFSL,2024-05-26,3.4,3.4,3.3,3.4,146742.0
PLFSL,2024-05-27,3.4,3.6,3.3,3.6,535945.0
PLFSL,2024-05-28,3.6,3.7,3.5,3.5,233993.0
PLFSL,2024-05-29,3.4,3.5,3.4,3.4,108664.0
PLFSL,2024-05-30,3.3,3.6,3.3,3.5,379970.0
PLFSL,2024-06-02,3.6,3.6,3.4,3.4,826271.0
PLFSL,2024-06-03,3.4,3.5,3.3,3.4,247050.0
PLFSL,2024-06-04,3.4,3.5,3.3,3.4,346951.0
PLFSL,2024-06-05,3.4,3.5,3.3,3.5,606833.0
PLFSL,2024-06-06,3.5,3.6,3.4,3.5,448455.0
PLFSL,2024-06-09,3.5,3.5,3.4,3.4,475788.0
PLFSL,2024-06-10,3.5,3.5,3.3,3.3,379548.0
PLFSL,2024-06-11,3.3,3.4,3.3,3.3,711696.0
PLFSL,2024-06-12,3.4,3.5,3.3,3.4,696717.0
PLFSL,2024-06-13,3.4,3.5,3.3,3.3,411516.0
PLFSL,2024-06-19,3.4,3.4,3.3,3.4,109178.0
PLFSL,2024-06-20,3.4,3.4,3.3,3.3,436102.0
PLFSL,2024-06-23,3.3,3.4,3.3,3.3,300295.0
PLFSL,2024-06-24,3.3,3.4,3.3,3.3,475026.0
PLFSL,2024-06-25,3.3,3.4,3.3,3.3,281286.0
PLFSL,2024-06-26,3.3,3.4,3.3,3.3,174955.0
PLFSL,2024-06-27,3.4,3.4,3.3,3.3,278890.0
PLFSL,2024-06-30,3.3,3.4,3.3,3.3,408967.0
PLFSL,2024-07-02,3.4,3.4,3.3,3.3,31809.0
PLFSL,2024-07-03,3.3,3.3,3.3,3.3,155952.0
PLFSL,2024-07-04,3.3,3.5,3.3,3.4,685640.0
PLFSL,2024-07-07,3.5,3.7,3.4,3.7,988603.0
PLFSL,2024-07-08,3.7,3.8,3.6,3.6,723372.0
PLFSL,2024-07-09,3.6,3.7,3.5,3.6,170758.0
PLFSL,2024-07-10,3.5,3.7,3.5,3.5,678681.0
PLFSL,2024-07-11,3.5,3.6,3.4,3.4,962210.0
PLFSL,2024-07-14,3.4,3.5,3.3,3.4,325737.0
PLFSL,2024-07-15,3.4,3.5,3.3,3.4,145791.0
PLFSL,2024-07-16,3.4,3.5,3.4,3.5,153022.0
PLFSL,2024-07-18,3.4,3.4,3.4,3.4,59959.0
PLFSL,2024-07-24,3.3,3.4,3.3,3.3,69724.0
PLFSL,2024-07-25,3.3,3.4,3.3,3.3,132661.0
PLFSL,2024-07-28,3.3,3.4,3.3,3.3,234002.0
PLFSL,2024-07-29,3.4,3.4,3.3,3.3,196879.0
PLFSL,2024-07-30,3.4,3.4,3.3,3.3,487234.0
PLFSL,2024-07-31,3.3,3.4,3.3,3.3,150990.0
PLFSL,2024-08-01,3.3,3.3,3.3,3.3,82942.0
PLFSL,2024-08-04,3.3,3.3,3.3,3.3,102317.0
PLFSL,2024-08-06,3.5,3.6,3.4,3.5,523729.0
PLFSL,2024-08-07,3.6,3.8,3.5,3.8,1407997.0
PLFSL,2024-08-08,4.0,4.1,3.9,4.1,1043888.0
PLFSL,2024-08-11,4.5,4.5,4.0,4.4,2654167.0
PLFSL,2024-08-12,4.6,4.7,4.3,4.3,630646.0
PLFSL,2024-08-13,4.2,4.3,4.2,4.2,628768.0
PLFSL,2024-08-14,4.1,4.3,4.1,4.1,609002.0
PLFSL,2024-08-15,4.2,4.2,4.0,4.0,177300.0
PLFSL,2024-08-18,3.9,3.9,3.9,3.9,15584.0
PLFSL,2024-08-19,3.8,3.8,3.8,3.8,45226.0
PLFSL,2024-08-20,3.7,3.7,3.7,3.7,79313.0
PLFSL,2024-08-21,3.6,3.6,3.6,3.6,208381.0
PLFSL,2024-08-22,3.5,3.9,3.5,3.7,690924.0
PLFSL,2024-08-25,3.7,3.8,3.6,3.6,358719.0
PLFSL,2024-08-27,3.5,3.7,3.5,3.6,214945.0
PLFSL,2024-08-28,3.5,3.9,3.5,3.8,311257.0
PLFSL,2024-08-29,3.8,4.0,3.6,4.0,496738.0
PLFSL,2024-09-01,4.0,4.1,3.8,3.9,244353.0
PLFSL,2024-09-02,4.0,4.0,3.6,3.6,708287.0
PLFSL,2024-09-03,3.8,3.8,3.6,3.7,77454.0
PLFSL,2024-09-04,3.6,3.8,3.5,3.6,125862.0
PLFSL,2024-09-05,3.6,3.7,3.5,3.6,241145.0
PLFSL,2024-09-08,3.6,3.6,3.5,3.6,315903.0
PLFSL,2024-09-09,3.5,3.6,3.4,3.5,318120.0
PLFSL,2024-09-10,3.6,3.6,3.4,3.5,60662.0
PLFSL,2024-09-11,3.5,3.6,3.5,3.6,165051.0
PLFSL,2024-09-12,3.6,3.6,3.5,3.6,125746.0
PLFSL,2024-09-15,3.7,3.7,3.5,3.6,58049.0
PLFSL,2024-09-17,3.5,3.6,3.5,3.6,89606.0
PLFSL,2024-09-18,3.5,3.6,3.4,3.5,190021.0
PLFSL,2024-09-19,3.6,3.6,3.4,3.4,84101.0
PLFSL,2024-09-22,3.4,3.5,3.4,3.5,132080.0
PLFSL,2024-09-23,3.5,3.5,3.3,3.4,232789.0
PLFSL,2024-09-24,3.4,3.4,3.3,3.3,378017.0
PLFSL,2024-09-25,3.3,3.4,3.3,3.3,296874.0
PLFSL,2024-09-26,3.3,3.4,3.0,3.1,490873.0
PLFSL,2024-09-29,3.2,3.2,2.9,3.0,679106.0
PLFSL,2024-09-30,3.1,3.1,2.9,3.0,298240.0
PLFSL,2024-10-01,3.0,3.1,2.9,2.9,178311.0
PLFSL,2024-10-02,2.9,2.9,2.7,2.9,439768.0
PLFSL,2024-10-03,2.9,3.0,2.8,2.9,114606.0
PLFSL,2024-10-06,2.9,3.0,2.8,2.9,170604.0
PLFSL,2024-10-07,2.9,3.0,2.9,2.9,141643.0
PLFSL,2024-10-08,3.0,3.0,2.9,2.9,122138.0
PLFSL,2024-10-09,2.9,3.0,2.8,2.9,224498.0
PLFSL,2024-10-14,2.9,3.0,2.9,2.9,118213.0
PLFSL,2024-10-15,2.9,2.9,2.7,2.8,398619.0
PLFSL,2024-10-16,2.8,2.9,2.7,2.8,156899.0
PLFSL,2024-10-17,2.8,2.9,2.8,2.8,129511.0
PLFSL,2024-10-20,2.9,2.9,2.8,2.8,127556.0
PLFSL,2024-10-21,2.8,2.9,2.7,2.7,246512.0
PLFSL,2024-10-22,2.8,2.9,2.8,2.9,420118.0
PLFSL,2024-10-23,2.9,3.0,2.8,2.9,501631.0
PLFSL,2024-10-24,2.9,3.0,2.8,2.9,347904.0
PLFSL,2024-10-27,2.9,3.0,2.9,3.0,455834.0
PLFSL,2024-10-28,2.9,3.0,2.9,3.0,685114.0
PLFSL,2024-10-29,2.9,3.1,2.9,3.0,273604.0
PLFSL,2024-10-30,3.0,3.2,3.0,3.0,756543.0
PLFSL,2024-10-31,3.1,3.1,3.0,3.0,130555.0
PLFSL,2024-11-03,3.1,3.1,3.0,3.0,420021.0
PLFSL,2024-11-04,3.0,3.0,2.9,3.0,275432.0
PLFSL,2024-11-05,3.0,3.0,2.8,2.9,1034249.0
PLFSL,2024-11-06,3.0,3.1,2.9,2.9,246057.0
PLFSL,2024-11-07,2.9,3.0,2.8,2.9,95356.0
PLFSL,2024-11-10,2.9,2.9,2.8,2.9,128278.0
PLFSL,2024-11-11,2.8,2.9,2.8,2.8,90119.0
PLFSL,2024-11-12,2.9,2.9,2.8,2.9,43733.0
PLFSL,2024-11-13,2.8,2.9,2.7,2.8,346896.0
PLFSL,2024-11-14,2.8,2.9,2.8,2.8,279454.0
PLFSL,2024-11-17,2.8,3.0,2.8,2.8,465618.0
PLFSL,2024-11-18,2.8,2.9,2.8,2.8,287664.0
PLFSL,2024-11-19,2.8,2.8,2.7,2.8,158590.0
PLFSL,2024-11-20,2.8,2.8,2.7,2.8,211384.0
PLFSL,2024-11-21,2.7,2.8,2.7,2.7,196997.0
PLFSL,2024-11-24,2.7,2.8,2.7,2.7,190253.0
PLFSL,2024-11-25,2.7,2.8,2.7,2.7,70652.0
PLFSL,2024-11-26,2.8,2.8,2.7,2.8,123737.0
PLFSL,2024-11-27,2.8,2.8,2.7,2.7,91261.0
PLFSL,2024-11-28,2.7,2.8,2.7,2.7,112352.0
PLFSL,2024-12-01,2.7,2.8,2.7,2.7,113630.0
PLFSL,2024-12-02,2.8,2.8,2.7,2.7,529407.0
PLFSL,2024-12-03,2.7,2.8,2.6,2.7,261296.0
PLFSL,2024-12-04,2.7,2.8,2.7,2.7,41358.0
PLFSL,2024-12-05,2.7,2.7,2.6,2.6,155246.0
PLFSL,2024-12-08,2.7,2.7,2.6,2.6,180908.0
PLFSL,2024-12-09,2.7,2.7,2.6,2.6,554597.0
PLFSL,2024-12-10,2.6,2.6,2.5,2.6,64064.0
PLFSL,2024-12-11,2.6,2.6,2.5,2.6,518572.0
PLFSL,2024-12-12,2.6,2.6,2.5,2.6,9555.0
PLFSL,2024-12-15,2.6,2.6,2.5,2.6,164933.0
PLFSL,2024-12-17,2.6,2.7,2.5,2.6,323093.0
PLFSL,2024-12-18,2.6,2.7,2.5,2.6,81390.0
PLFSL,2024-12-22,2.6,2.6,2.5,2.5,326329.0
PLFSL,2024-12-23,2.5,2.5,2.3,2.4,1308882.0
PLFSL,2024-12-24,2.4,2.4,2.3,2.3,140124.0
PLFSL,2024-12-26,2.3,2.3,2.2,2.3,146378.0
PLFSL,2024-12-29,2.3,2.4,2.2,2.3,257307.0
PLFSL,2024-12-30,2.3,2.3,2.2,2.2,268685.0
PLFSL,2025-01-01,2.3,2.3,2.2,2.3,94384.0
PLFSL,2025-01-02,2.3,2.4,2.3,2.3,419137.0
PLFSL,2025-01-05,2.3,2.4,2.2,2.2,149704.0
PLFSL,2025-01-06,2.3,2.3,2.2,2.3,27265.0
PLFSL,2025-01-07,2.3,2.4,2.3,2.3,337871.0
PLFSL,2025-01-08,2.2,2.4,2.2,2.3,180263.0
PLFSL,2025-01-09,2.4,2.4,2.3,2.4,5832.0
PLFSL,2025-01-12,2.4,2.4,2.3,2.3,443557.0
PLFSL,2025-01-13,2.3,2.4,2.2,2.2,113936.0
PLFSL,2025-01-14,2.2,2.4,2.2,2.4,832612.0
PLFSL,2025-01-15,2.5,2.6,2.3,2.4,260119.0
PLFSL,2025-01-16,2.5,2.5,2.3,2.4,26837.0
PLFSL,2025-01-19,2.4,2.4,2.3,2.3,193919.0
PLFSL,2025-01-20,2.3,2.4,2.2,2.3,266105.0
PLFSL,2025-01-21,2.4,2.4,2.3,2.4,181446.0
PLFSL,2025-01-22,2.4,2.4,2.3,2.3,29690.0
PLFSL,2025-01-23,2.3,2.4,2.3,2.4,24653.0
PLFSL,2025-01-26,2.3,2.4,2.3,2.3,148061.0
PLFSL,2025-01-27,2.3,2.4,2.3,2.3,255763.0
PLFSL,2025-01-28,2.3,2.4,2.3,2.3,199715.0
PLFSL,2025-01-29,2.3,2.4,2.3,2.3,35748.0
PLFSL,2025-01-30,2.3,2.3,2.2,2.2,144307.0
PLFSL,2025-02-02,2.2,2.4,2.2,2.3,109989.0
PLFSL,2025-02-03,2.3,2.4,2.2,2.4,248174.0
PLFSL,2025-02-04,2.3,2.4,2.3,2.3,97773.0
PLFSL,2025-02-05,2.3,2.4,2.3,2.4,183282.0
PLFSL,2025-02-06,2.4,2.6,2.4,2.6,2211627.0
PLFSL,2025-02-09,2.7,2.8,2.6,2.7,1097959.0
PLFSL,2025-02-10,2.8,2.8,2.6,2.7,140945.0
PLFSL,2025-02-11,2.7,2.7,2.5,2.6,344306.0
PLFSL,2025-02-12,2.6,2.7,2.5,2.5,332680.0
PLFSL,2025-02-13,2.6,2.7,2.6,2.7,910090.0
PLFSL,2025-02-16,2.7,2.8,2.6,2.6,492847.0
PLFSL,2025-02-17,2.6,2.7,2.5,2.6,182317.0
PLFSL,2025-02-18,2.6,2.7,2.5,2.5,225833.0
PLFSL,2025-02-19,2.6,2.6,2.4,2.5,153426.0
PLFSL,2025-02-20,2.6,2.6,2.4,2.5,195849.0
PLFSL,2025-02-23,2.6,2.6,2.5,2.5,195852.0
PLFSL,2025-02-24,2.5,2.6,2.5,2.5,79419.0
PLFSL,2025-02-25,2.5,2.6,2.4,2.5,407799.0
PLFSL,2025-02-26,2.5,2.6,2.4,2.5,116303.0
PLFSL,2025-02-27,2.5,2.6,2.4,2.5,308760.0
PLFSL,2025-03-02,2.5,2.5,2.4,2.4,323663.0
PLFSL,2025-03-03,2.4,2.5,2.4,2.4,127060.0
PLFSL,2025-03-04,2.5,2.5,2.4,2.4,111693.0
PLFSL,2025-03-05,2.4,2.5,2.4,2.4,30349.0
PLFSL,2025-03-06,2.5,2.5,2.4,2.4,10063.0
PLFSL,2025-03-09,2.4,2.4,2.4,2.4,159361.0
PLFSL,2025-03-10,2.5,2.5,2.3,2.3,95420.0
PLFSL,2025-03-11,2.4,2.4,2.3,2.3,381411.0
PLFSL,2025-03-12,2.4,2.4,2.3,2.3,194304.0
PLFSL,2025-03-13,2.4,2.4,2.3,2.3,40189.0
PLFSL,2025-03-16,2.3,2.4,2.3,2.3,463854.0
PLFSL,2025-03-17,2.3,2.4,2.3,2.3,67700.0
PLFSL,2025-03-18,2.4,2.4,2.3,2.4,60860.0
PLFSL,2025-03-19,2.4,2.4,2.3,2.4,282167.0
PLFSL,2025-03-20,2.4,2.5,2.3,2.4,51923.0
PLFSL,2025-03-23,2.4,2.4,2.2,2.2,966291.0
PLFSL,2025-03-24,2.4,2.4,2.2,2.3,135261.0
PLFSL,2025-03-25,2.4,2.4,2.3,2.3,21937.0
PLFSL,2025-03-27,2.4,2.4,2.2,2.3,273223.0
PLFSL,2025-04-06,2.3,2.4,2.2,2.3,129159.0
PLFSL,2025-04-07,2.3,2.4,2.3,2.3,160382.0
PLFSL,2025-04-08,2.4,2.4,2.3,2.4,181266.0
FAMILYTEX,2021-12-07,4.5,4.9,4.4,4.9,8301254.0
FAMILYTEX,2021-12-08,5.3,5.7,5.3,5.7,8036847.0
FAMILYTEX,2021-12-09,6.6,6.7,6.1,6.1,6516006.0
FAMILYTEX,2021-12-10,5.7,5.8,5.6,5.6,1125976.0
FAMILYTEX,2021-12-12,5.2,5.2,5.0,5.1,532443.0
FAMILYTEX,2021-12-13,5.0,5.1,4.9,4.9,567365.0
FAMILYTEX,2021-12-14,5.0,5.1,4.8,4.9,537426.0
FAMILYTEX,2021-12-15,4.9,4.9,4.8,4.9,599754.0
FAMILYTEX,2021-12-19,5.0,5.0,4.7,4.7,744630.0
FAMILYTEX,2021-12-20,4.8,4.8,4.6,4.7,442074.0
FAMILYTEX,2021-12-21,4.7,4.8,4.6,4.7,375887.0
FAMILYTEX,2021-12-22,4.7,4.8,4.6,4.7,431170.0
FAMILYTEX,2021-12-23,4.7,4.7,4.6,4.7,282343.0
FAMILYTEX,2021-12-26,4.7,4.8,4.6,4.6,463461.0
FAMILYTEX,2021-12-27,4.7,4.7,4.6,4.7,444245.0
FAMILYTEX,2021-12-28,4.7,4.8,4.6,4.7,376038.0
FAMILYTEX,2021-12-29,4.7,4.8,4.6,4.6,344307.0
FAMILYTEX,2021-12-30,4.6,4.7,4.6,4.6,435384.0
FAMILYTEX,2022-01-02,4.6,4.7,4.5,4.6,455161.0
FAMILYTEX,2022-01-03,4.7,4.8,4.6,4.7,927103.0
FAMILYTEX,2022-01-06,4.9,4.9,4.9,4.9,29640.0
FAMILYTEX,2022-01-13,4.8,4.8,4.7,4.8,405558.0
FAMILYTEX,2022-01-16,4.8,4.9,4.7,4.8,566526.0
FAMILYTEX,2022-01-17,4.8,4.9,4.7,4.7,480437.0
FAMILYTEX,2022-01-18,4.8,4.9,4.7,4.8,896365.0
FAMILYTEX,2022-01-19,4.8,4.8,4.7,4.7,649997.0
FAMILYTEX,2022-01-20,4.8,4.8,4.7,4.8,638071.0
FAMILYTEX,2022-01-23,4.8,4.8,4.7,4.7,633966.0
FAMILYTEX,2022-01-24,4.7,4.8,4.6,4.7,379495.0
FAMILYTEX,2022-01-25,4.7,4.7,4.6,4.6,465830.0
FAMILYTEX,2022-01-26,4.6,4.8,4.6,4.7,609213.0
FAMILYTEX,2022-01-27,4.7,4.8,4.7,4.7,336755.0
FAMILYTEX,2022-01-30,4.7,4.8,4.5,4.6,782987.0
FAMILYTEX,2022-01-31,4.7,4.7,4.5,4.5,894705.0
FAMILYTEX,2022-02-01,4.7,4.8,4.7,4.7,640462.0
FAMILYTEX,2022-02-02,4.6,4.7,4.5,4.6,471237.0
FAMILYTEX,2022-02-03,4.7,4.7,4.5,4.5,419761.0
FAMILYTEX,2022-02-06,4.9,4.9,4.9,4.9,91244.0
FAMILYTEX,2022-02-13,4.8,5.0,4.8,4.8,1420271.0
FAMILYTEX,2022-02-14,4.9,4.9,4.7,4.8,672539.0
FAMILYTEX,2022-02-15,4.8,4.8,4.7,4.7,371683.0
FAMILYTEX,2022-02-16,4.7,4.9,4.7,4.7,800504.0
FAMILYTEX,2022-02-17,4.7,4.8,4.6,4.7,757894.0
FAMILYTEX,2022-02-20,4.7,4.7,4.6,4.6,342169.0
FAMILYTEX,2022-02-22,4.6,4.7,4.6,4.6,329556.0
FAMILYTEX,2022-02-23,4.7,4.8,4.6,4.8,527889.0
FAMILYTEX,2022-02-24,4.8,4.9,4.6,4.7,1089103.0
FAMILYTEX,2022-02-27,4.7,4.7,4.4,4.5,1433327.0
FAMILYTEX,2022-02-28,4.5,4.7,4.4,4.6,565084.0
FAMILYTEX,2022-03-01,4.8,5.0,4.8,5.0,786528.0
FAMILYTEX,2022-03-02,4.7,4.7,4.6,4.7,286224.0
FAMILYTEX,2022-03-03,4.6,4.7,4.5,4.6,836444.0
FAMILYTEX,2022-03-04,4.9,4.9,4.9,4.9,41966.0
FAMILYTEX,2022-03-07,4.9,4.9,4.9,4.9,9507.0
FAMILYTEX,2022-03-13,4.9,5.0,4.9,4.9,684554.0
FAMILYTEX,2022-03-14,4.9,4.9,4.9,4.9,285444.0
FAMILYTEX,2022-03-15,4.9,4.9,4.9,4.9,326095.0
FAMILYTEX,2022-03-16,4.9,4.9,4.9,4.9,296301.0
FAMILYTEX,2022-03-20,4.9,4.9,4.9,4.9,75693.0
FAMILYTEX,2022-03-21,4.9,4.9,4.9,4.9,32831.0
FAMILYTEX,2022-03-22,4.9,4.9,4.9,4.9,73410.0
FAMILYTEX,2022-03-23,4.9,4.9,4.9,4.9,49175.0
FAMILYTEX,2022-03-24,4.9,4.9,4.9,4.9,19175.0
FAMILYTEX,2022-03-27,4.9,4.9,4.9,4.9,46410.0
FAMILYTEX,2022-03-28,4.9,4.9,4.9,4.9,41412.0
FAMILYTEX,2022-03-29,4.9,4.9,4.9,4.9,184923.0
FAMILYTEX,2022-03-30,4.9,4.9,4.9,4.9,46446.0
FAMILYTEX,2022-03-31,4.9,4.9,4.9,4.9,34707.0
FAMILYTEX,2022-04-01,5.0,5.1,4.8,4.9,471952.0
FAMILYTEX,2022-04-04,4.9,4.9,4.9,4.9,6105.0
FAMILYTEX,2022-04-07,4.9,4.9,4.9,4.9,65.0
FAMILYTEX,2022-04-13,4.9,4.9,4.9,4.9,11438.0
FAMILYTEX,2022-04-17,4.9,4.9,4.9,4.9,7470.0
FAMILYTEX,2022-04-18,4.9,4.9,4.9,4.9,1111.0
FAMILYTEX,2022-04-19,4.9,4.9,4.9,4.9,7409.0
FAMILYTEX,2022-04-20,4.9,4.9,4.9,4.9,15645.0
FAMILYTEX,2022-04-21,4.7,4.7,4.7,4.7,161205.0
FAMILYTEX,2022-04-24,4.5,4.5,4.5,4.5,550984.0
FAMILYTEX,2022-04-25,4.3,4.5,4.3,4.4,1561917.0
FAMILYTEX,2022-04-26,4.4,4.5,4.3,4.3,766873.0
FAMILYTEX,2022-04-27,4.3,4.5,4.3,4.4,357323.0
FAMILYTEX,2022-04-28,4.4,4.4,4.3,4.4,270865.0
FAMILYTEX,2022-05-01,4.9,5.0,4.8,4.9,684038.0
FAMILYTEX,2022-05-04,4.9,4.9,4.9,4.9,4386.0
FAMILYTEX,2022-05-05,4.3,4.4,4.3,4.3,188103.0
FAMILYTEX,2022-05-06,4.9,4.9,4.9,4.9,62504.0
FAMILYTEX,2022-05-07,4.9,4.9,4.9,4.9,60279.0
FAMILYTEX,2022-05-16,4.2,4.2,4.1,4.2,1225283.0
FAMILYTEX,2022-05-17,4.3,4.3,4.0,4.1,657767.0
FAMILYTEX,2022-05-18,4.1,4.1,3.9,4.0,543403.0
FAMILYTEX,2022-05-19,3.9,4.0,3.8,4.0,944016.0
FAMILYTEX,2022-05-22,3.9,3.9,3.8,3.8,852636.0
FAMILYTEX,2022-05-23,3.9,4.0,3.8,4.0,481858.0
FAMILYTEX,2022-05-24,4.0,4.0,3.8,3.9,321974.0
FAMILYTEX,2022-05-25,3.9,4.0,3.8,3.9,305341.0
FAMILYTEX,2022-05-26,4.0,4.1,4.0,4.1,755434.0
FAMILYTEX,2022-05-29,4.2,4.5,4.2,4.5,1916812.0
FAMILYTEX,2022-05-30,4.7,4.8,4.7,4.8,467916.0
FAMILYTEX,2022-05-31,4.9,4.9,4.9,4.9,85000.0
FAMILYTEX,2022-06-01,4.9,5.0,4.8,4.9,784819.0
FAMILYTEX,2022-06-02,4.7,4.7,4.6,4.7,458642.0
FAMILYTEX,2022-06-03,4.6,4.7,4.5,4.7,789470.0
FAMILYTEX,2022-06-04,4.9,4.9,4.9,4.9,4006.0
FAMILYTEX,2022-06-06,4.9,4.9,4.9,4.9,3110.0
FAMILYTEX,2022-06-07,4.9,4.9,4.9,4.9,50310.0
FAMILYTEX,2022-06-13,4.9,4.9,4.9,4.9,10960.0
FAMILYTEX,2022-06-14,4.9,4.9,4.9,4.9,15860.0
FAMILYTEX,2022-06-15,4.9,4.9,4.9,4.9,15496.0
FAMILYTEX,2022-06-16,4.9,4.9,4.9,4.9,107183.0
FAMILYTEX,2022-06-19,4.9,4.9,4.9,4.9,41106.0
FAMILYTEX,2022-06-20,4.9,4.9,4.9,4.9,14351.0
FAMILYTEX,2022-06-21,4.9,4.9,4.9,4.9,13401.0
FAMILYTEX,2022-06-22,4.9,4.9,4.9,4.9,3802.0
FAMILYTEX,2022-06-23,4.9,4.9,4.9,4.9,21691.0
FAMILYTEX,2022-06-26,4.9,4.9,4.9,4.9,87265.0
FAMILYTEX,2022-06-27,4.9,4.9,4.9,4.9,4752.0
FAMILYTEX,2022-06-28,4.9,4.9,4.9,4.9,80943.0
FAMILYTEX,2022-06-29,4.9,4.9,4.9,4.9,267864.0
FAMILYTEX,2022-06-30,4.9,4.9,4.9,4.9,133633.0
FAMILYTEX,2022-07-02,4.7,4.7,4.6,4.6,342131.0
FAMILYTEX,2022-07-03,4.7,4.7,4.5,4.5,575301.0
FAMILYTEX,2022-07-04,4.9,4.9,4.9,4.9,21603.0
FAMILYTEX,2022-07-06,4.9,4.9,4.9,4.9,11291.0
FAMILYTEX,2022-07-07,4.9,4.9,4.9,4.9,70807.0
FAMILYTEX,2022-07-13,4.9,4.9,4.9,4.9,118474.0
FAMILYTEX,2022-07-14,4.9,4.9,4.9,4.9,6846.0
FAMILYTEX,2022-07-17,4.9,4.9,4.9,4.9,72800.0
FAMILYTEX,2022-07-18,4.9,4.9,4.9,4.9,39055.0
FAMILYTEX,2022-07-19,4.9,4.9,4.9,4.9,8015.0
FAMILYTEX,2022-07-20,4.9,4.9,4.9,4.9,10700.0
FAMILYTEX,2022-07-21,4.9,4.9,4.9,4.9,591.0
FAMILYTEX,2022-07-24,4.9,4.9,4.9,4.9,9004.0
FAMILYTEX,2022-07-25,4.9,4.9,4.9,4.9,996.0
FAMILYTEX,2022-07-26,4.9,4.9,4.9,4.9,51546.0
FAMILYTEX,2022-07-27,4.9,4.9,4.9,4.9,12.0
FAMILYTEX,2022-07-28,4.9,4.9,4.9,4.9,8904.0
FAMILYTEX,2022-07-31,4.9,4.9,4.9,4.9,6492.0
FAMILYTEX,2022-08-01,4.9,4.9,4.9,4.9,37050.0
FAMILYTEX,2022-08-02,4.9,4.9,4.9,4.9,55647.0
FAMILYTEX,2022-08-03,4.9,4.9,4.9,4.9,12537.0
FAMILYTEX,2022-08-04,4.9,4.9,4.9,4.9,39925.0
FAMILYTEX,2022-08-05,4.3,4.4,4.3,4.3,383711.0
FAMILYTEX,2022-08-06,4.9,4.9,4.9,4.9,9805.0
FAMILYTEX,2022-08-07,4.9,4.9,4.9,4.9,126328.0
FAMILYTEX,2022-08-08,4.9,4.9,4.9,4.9,134073.0
FAMILYTEX,2022-08-10,4.9,4.9,4.9,4.9,16151.0
FAMILYTEX,2022-08-11,4.9,4.9,4.9,4.9,5004.0
FAMILYTEX,2022-08-14,4.9,4.9,4.9,4.9,82574.0
FAMILYTEX,2022-08-16,4.9,4.9,4.9,4.9,16488.0
FAMILYTEX,2022-08-17,4.9,4.9,4.9,4.9,60339.0
FAMILYTEX,2022-08-21,4.9,4.9,4.9,4.9,19208.0
FAMILYTEX,2022-08-22,4.9,4.9,4.9,4.9,15271.0
FAMILYTEX,2022-08-23,4.9,4.9,4.9,4.9,2578.0
FAMILYTEX,2022-08-24,4.9,4.9,4.9,4.9,2807.0
FAMILYTEX,2022-08-25,4.9,4.9,4.9,4.9,6750.0
FAMILYTEX,2022-08-28,4.9,4.9,4.9,4.9,17566.0
FAMILYTEX,2022-08-29,4.9,4.9,4.9,4.9,14018.0
FAMILYTEX,2022-08-30,4.9,4.9,4.9,4.9,21966.0
FAMILYTEX,2022-08-31,4.9,4.9,4.9,4.9,83841.0
FAMILYTEX,2022-09-01,4.9,4.9,4.9,4.9,76966.0
FAMILYTEX,2022-09-02,4.6,4.7,4.5,4.6,549116.0
FAMILYTEX,2022-09-03,4.6,4.7,4.6,4.7,1269012.0
FAMILYTEX,2022-09-04,4.9,4.9,4.9,4.9,7701.0
FAMILYTEX,2022-09-05,4.9,4.9,4.9,4.9,6314.0
FAMILYTEX,2022-09-06,4.9,4.9,4.9,4.9,10866.0
FAMILYTEX,2022-09-07,4.9,4.9,4.9,4.9,22063.0
FAMILYTEX,2022-09-08,4.9,4.9,4.9,4.9,1543.0
FAMILYTEX,2022-09-11,4.9,4.9,4.9,4.9,5153.0
FAMILYTEX,2022-09-12,4.9,4.9,4.9,4.9,100.0
FAMILYTEX,2022-09-13,4.9,4.9,4.9,4.9,20645.0
FAMILYTEX,2022-09-14,4.9,4.9,4.9,4.9,2654.0
FAMILYTEX,2022-09-15,4.9,4.9,4.9,4.9,17972.0
FAMILYTEX,2022-09-18,4.9,4.9,4.9,4.9,300.0
FAMILYTEX,2022-09-19,4.9,4.9,4.9,4.9,7500.0
FAMILYTEX,2022-09-20,4.9,4.9,4.9,4.9,4687.0
FAMILYTEX,2022-09-21,4.9,4.9,4.9,4.9,1175.0
FAMILYTEX,2022-09-22,4.9,4.9,4.9,4.9,3.0
FAMILYTEX,2022-09-25,4.9,4.9,4.9,4.9,25.0
FAMILYTEX,2022-09-26,4.9,4.9,4.9,4.9,7158.0
FAMILYTEX,2022-09-27,4.9,4.9,4.9,4.9,4337.0
FAMILYTEX,2022-09-28,4.9,4.9,4.9,4.9,4114.0
FAMILYTEX,2022-09-29,4.9,4.9,4.9,4.9,1077.0
FAMILYTEX,2022-10-01,4.9,4.9,4.7,4.8,544356.0
FAMILYTEX,2022-10-02,4.6,4.8,4.6,4.8,1240527.0
FAMILYTEX,2022-10-03,4.8,4.9,4.8,4.9,1142018.0
FAMILYTEX,2022-10-04,4.9,4.9,4.9,4.9,331.0
FAMILYTEX,2022-10-05,4.4,4.4,4.3,4.3,1295429.0
FAMILYTEX,2022-10-06,4.9,4.9,4.9,4.9,421.0
FAMILYTEX,2022-10-10,4.9,4.9,4.9,4.9,3103.0
FAMILYTEX,2022-10-11,4.9,4.9,4.9,4.9,2103.0
FAMILYTEX,2022-10-12,4.9,4.9,4.9,4.9,303.0
FAMILYTEX,2022-10-13,4.9,4.9,4.9,4.9,2.0
FAMILYTEX,2022-10-16,4.9,4.9,4.9,4.9,8602.0
FAMILYTEX,2022-10-17,4.9,4.9,4.9,4.9,495.0
FAMILYTEX,2022-10-18,4.9,4.9,4.9,4.9,214.0
FAMILYTEX,2022-10-19,4.9,4.9,4.9,4.9,6.0
FAMILYTEX,2022-10-20,4.9,4.9,4.9,4.9,2491.0
FAMILYTEX,2022-10-24,4.9,4.9,4.9,4.9,40.0
FAMILYTEX,2022-10-25,4.9,4.9,4.9,4.9,5500.0
FAMILYTEX,2022-10-26,4.9,4.9,4.9,4.9,6.0
FAMILYTEX,2022-10-27,4.9,4.9,4.9,4.9,1829.0
FAMILYTEX,2022-10-30,4.9,4.9,4.9,4.9,4.0
FAMILYTEX,2022-11-01,4.9,4.9,4.9,4.9,10.0
FAMILYTEX,2022-11-02,4.9,4.9,4.9,4.9,50.0
FAMILYTEX,2022-11-03,4.9,4.9,4.9,4.9,203.0
FAMILYTEX,2022-11-04,4.9,4.9,4.9,4.9,49708.0
FAMILYTEX,2022-11-05,4.3,4.4,4.2,4.2,295360.0
FAMILYTEX,2022-11-06,4.9,4.9,4.9,4.9,6204.0
FAMILYTEX,2022-11-07,4.9,4.9,4.9,4.9,182.0
FAMILYTEX,2022-11-08,4.9,4.9,4.9,4.9,290.0
FAMILYTEX,2022-11-09,4.9,4.9,4.9,4.9,10.0
FAMILYTEX,2022-11-10,4.9,4.9,4.9,4.9,1.0
FAMILYTEX,2022-11-13,4.9,4.9,4.9,4.9,550.0
FAMILYTEX,2022-11-15,4.9,4.9,4.9,4.9,1.0
FAMILYTEX,2022-11-21,4.9,4.9,4.9,4.9,1.0
FAMILYTEX,2022-11-22,4.9,4.9,4.9,4.9,100.0
FAMILYTEX,2022-11-24,4.9,4.9,4.9,4.9,3.0
FAMILYTEX,2022-11-27,4.9,4.9,4.9,4.9,4897.0
FAMILYTEX,2022-11-29,4.9,4.9,4.9,4.9,5.0
FAMILYTEX,2022-11-30,4.9,4.9,4.9,4.9,19.0
FAMILYTEX,2022-12-01,4.9,4.9,4.9,4.9,6001.0
FAMILYTEX,2022-12-04,4.9,4.9,4.9,4.9,5.0
FAMILYTEX,2022-12-05,4.9,4.9,4.9,4.9,1.0
FAMILYTEX,2022-12-06,4.9,4.9,4.9,4.9,100.0
FAMILYTEX,2022-12-07,4.9,4.9,4.9,4.9,3.0
FAMILYTEX,2022-12-08,4.9,4.9,4.9,4.9,1000.0
FAMILYTEX,2022-12-11,4.9,4.9,4.9,4.9,51.0
FAMILYTEX,2022-12-12,4.9,4.9,4.9,4.9,2.0
FAMILYTEX,2022-12-13,4.9,4.9,4.9,4.9,5049.0
FAMILYTEX,2022-12-15,4.9,4.9,4.9,4.9,103.0
FAMILYTEX,2022-12-18,4.9,4.9,4.9,4.9,1000.0
FAMILYTEX,2022-12-19,4.9,4.9,4.9,4.9,10.0
FAMILYTEX,2022-12-22,4.9,4.9,4.9,4.9,2009.0
FAMILYTEX,2022-12-26,4.9,4.9,4.9,4.9,85.0
FAMILYTEX,2022-12-28,4.9,4.9,4.9,4.9,1.0
FAMILYTEX,2023-01-01,4.9,4.9,4.9,4.9,10502.0
FAMILYTEX,2023-01-09,4.9,4.9,4.9,4.9,1.0
FAMILYTEX,2023-01-10,4.9,4.9,4.9,4.9,10.0
FAMILYTEX,2023-01-15,4.9,4.9,4.9,4.9,2076.0
FAMILYTEX,2023-01-16,4.9,4.9,4.9,4.9,121.0
FAMILYTEX,2023-01-17,4.9,4.9,4.9,4.9,4.0
FAMILYTEX,2023-01-18,4.9,4.9,4.9,4.9,6.0
FAMILYTEX,2023-01-19,4.9,4.9,4.9,4.9,2101.0
FAMILYTEX,2023-01-22,4.9,4.9,4.9,4.9,103.0
FAMILYTEX,2023-01-23,4.9,4.9,4.9,4.9,204.0
FAMILYTEX,2023-01-24,4.9,4.9,4.9,4.9,1.0
FAMILYTEX,2023-01-25,4.9,4.9,4.9,4.9,3821.0
FAMILYTEX,2023-01-26,4.9,4.9,4.9,4.9,3.0
FAMILYTEX,2023-01-31,4.9,4.9,4.9,4.9,6.0
FAMILYTEX,2023-02-01,4.9,4.9,4.9,4.9,2.0
FAMILYTEX,2023-02-02,4.9,4.9,4.9,4.9,10.0
FAMILYTEX,2023-02-05,4.9,4.9,4.9,4.9,5200.0
FAMILYTEX,2023-02-06,4.9,4.9,4.9,4.9,10000.0
FAMILYTEX,2023-02-07,4.9,4.9,4.9,4.9,4.0
FAMILYTEX,2023-02-09,4.9,4.9,4.9,4.9,3962.0
FAMILYTEX,2023-02-12,4.9,4.9,4.9,4.9,15050.0
FAMILYTEX,2023-02-13,4.9,4.9,4.9,4.9,10.0
FAMILYTEX,2023-02-14,4.9,4.9,4.9,4.9,2.0
FAMILYTEX,2023-02-16,4.9,4.9,4.9,4.9,5.0
FAMILYTEX,2023-02-22,4.9,4.9,4.9,4.9,100.0
FAMILYTEX,2023-02-26,4.9,4.9,4.9,4.9,511.0
FAMILYTEX,2023-02-27,4.9,4.9,4.9,4.9,370.0
FAMILYTEX,2023-02-28,4.9,4.9,4.9,4.9,28009.0
FAMILYTEX,2023-03-06,4.9,4.9,4.9,4.9,1.0
FAMILYTEX,2023-03-07,4.9,4.9,4.9,4.9,8410.0
FAMILYTEX,2023-03-09,4.9,4.9,4.9,4.9,143.0
FAMILYTEX,2023-03-12,4.9,4.9,4.9,4.9,1.0
FAMILYTEX,2023-03-13,4.9,4.9,4.9,4.9,214500.0
FAMILYTEX,2023-03-14,4.9,4.9,4.9,4.9,300.0
FAMILYTEX,2023-03-22,4.9,4.9,4.9,4.9,5000.0
FAMILYTEX,2023-03-28,4.9,4.9,4.9,4.9,1100.0
FAMILYTEX,2023-04-02,4.9,4.9,4.9,4.9,3.0
FAMILYTEX,2023-04-03,4.9,4.9,4.9,4.9,3.0
FAMILYTEX,2023-04-04,4.9,4.9,4.9,4.9,5.0
FAMILYTEX,2023-04-06,4.9,4.9,4.9,4.9,1.0
FAMILYTEX,2023-04-09,4.9,4.9,4.9,4.9,500.0
FAMILYTEX,2023-04-12,4.9,4.9,4.9,4.9,2.0
FAMILYTEX,2023-04-18,4.9,4.9,4.9,4.9,1.0
FAMILYTEX,2023-04-25,4.9,4.9,4.9,4.9,100.0
FAMILYTEX,2023-04-26,4.9,4.9,4.9,4.9,6.0
FAMILYTEX,2023-04-27,4.9,4.9,4.9,4.9,5.0
FAMILYTEX,2023-05-02,4.9,4.9,4.9,4.9,1.0
FAMILYTEX,2023-05-03,4.9,4.9,4.9,4.9,5.0
FAMILYTEX,2023-05-07,4.9,4.9,4.9,4.9,100.0
FAMILYTEX,2023-05-08,4.9,4.9,4.9,4.9,222205.0
FAMILYTEX,2023-05-09,4.9,4.9,4.9,4.9,17080.0
FAMILYTEX,2023-05-10,4.9,4.9,4.9,4.9,1113.0
FAMILYTEX,2023-05-11,4.9,4.9,4.9,4.9,87.0
FAMILYTEX,2023-05-15,4.9,4.9,4.9,4.9,4.0
FAMILYTEX,2023-05-18,4.9,4.9,4.9,4.9,2303.0
FAMILYTEX,2023-05-21,4.9,4.9,4.9,4.9,3.0
FAMILYTEX,2023-05-23,4.9,4.9,4.9,4.9,515.0
FAMILYTEX,2023-05-24,4.9,4.9,4.9,4.9,1610.0
FAMILYTEX,2023-05-25,4.9,4.9,4.9,4.9,5500.0
FAMILYTEX,2023-05-28,4.9,4.9,4.9,4.9,501.0
FAMILYTEX,2023-05-29,4.9,4.9,4.9,4.9,300.0
FAMILYTEX,2023-05-31,4.9,4.9,4.9,4.9,1410.0
FAMILYTEX,2023-06-01,4.9,4.9,4.9,4.9,1195.0
FAMILYTEX,2023-06-05,4.9,4.9,4.9,4.9,30.0
FAMILYTEX,2023-06-06,4.9,4.9,4.9,4.9,351.0
FAMILYTEX,2023-06-07,4.9,4.9,4.9,4.9,450.0
FAMILYTEX,2023-06-08,4.9,4.9,4.9,4.9,3905.0
FAMILYTEX,2023-06-11,4.9,4.9,4.9,4.9,10703.0
FAMILYTEX,2023-06-12,4.9,4.9,4.9,4.9,51.0
FAMILYTEX,2023-06-13,4.9,4.9,4.9,4.9,550.0
FAMILYTEX,2023-06-15,4.9,4.9,4.9,4.9,19167.0
FAMILYTEX,2023-06-19,4.9,4.9,4.9,4.9,1.0
FAMILYTEX,2023-06-20,4.9,4.9,4.9,4.9,1363.0
FAMILYTEX,2023-06-22,4.9,4.9,4.9,4.9,1104.0
FAMILYTEX,2023-06-25,4.9,4.9,4.9,4.9,50.0
FAMILYTEX,2023-06-26,4.9,4.9,4.9,4.9,35372.0
FAMILYTEX,2023-07-02,4.9,4.9,4.9,4.9,56825.0
FAMILYTEX,2023-07-03,4.9,4.9,4.9,4.9,1750.0
FAMILYTEX,2023-07-04,4.9,4.9,4.9,4.9,14205.0
FAMILYTEX,2023-07-05,4.9,4.9,4.9,4.9,26912.0
FAMILYTEX,2023-07-06,4.9,4.9,4.9,4.9,19332.0
FAMILYTEX,2023-07-09,4.9,4.9,4.9,4.9,76468.0
FAMILYTEX,2023-07-10,4.9,4.9,4.9,4.9,77645.0
FAMILYTEX,2023-07-11,4.9,4.9,4.9,4.9,31650.0
FAMILYTEX,2023-07-12,4.9,4.9,4.9,4.9,53416.0
FAMILYTEX,2023-07-13,4.9,4.9,4.9,4.9,19499.0
FAMILYTEX,2023-07-16,4.9,4.9,4.9,4.9,31461.0
FAMILYTEX,2023-07-17,4.9,4.9,4.9,4.9,11536.0
FAMILYTEX,2023-07-18,4.9,4.9,4.9,4.9,5933.0
FAMILYTEX,2023-07-19,4.9,4.9,4.9,4.9,88082.0
FAMILYTEX,2023-07-20,4.9,4.9,4.9,4.9,12702.0
FAMILYTEX,2023-07-23,4.9,4.9,4.9,4.9,11512.0
FAMILYTEX,2023-07-24,4.9,4.9,4.9,4.9,285553.0
FAMILYTEX,2023-07-25,4.9,4.9,4.9,4.9,32947.0
FAMILYTEX,2023-07-26,4.9,4.9,4.9,4.9,2893.0
FAMILYTEX,2023-07-27,4.9,4.9,4.9,4.9,1556.0
FAMILYTEX,2023-07-30,4.9,4.9,4.9,4.9,10014.0
FAMILYTEX,2023-07-31,4.9,4.9,4.9,4.9,203.0
FAMILYTEX,2023-08-01,4.9,4.9,4.9,4.9,1.0
FAMILYTEX,2023-08-02,4.9,4.9,4.9,4.9,966.0
FAMILYTEX,2023-08-03,4.9,4.9,4.9,4.9,8.0
FAMILYTEX,2023-08-06,4.9,4.9,4.9,4.9,21.0
FAMILYTEX,2023-08-07,4.9,4.9,4.9,4.9,5251.0
FAMILYTEX,2023-08-08,4.9,4.9,4.9,4.9,1.0
FAMILYTEX,2023-08-09,4.9,4.9,4.9,4.9,1.0
FAMILYTEX,2023-08-10,4.9,4.9,4.9,4.9,1.0
FAMILYTEX,2023-08-13,4.9,4.9,4.9,4.9,11.0
FAMILYTEX,2023-08-14,4.9,4.9,4.9,4.9,1.0
FAMILYTEX,2023-08-16,4.9,4.9,4.9,4.9,205.0
FAMILYTEX,2023-08-17,4.9,4.9,4.9,4.9,3000.0
FAMILYTEX,2023-08-21,4.9,4.9,4.9,4.9,601.0
FAMILYTEX,2023-08-22,4.9,4.9,4.9,4.9,1000.0
FAMILYTEX,2023-08-23,4.9,4.9,4.9,4.9,210.0
FAMILYTEX,2023-08-24,4.9,4.9,4.9,4.9,4000.0
FAMILYTEX,2023-08-27,4.9,4.9,4.9,4.9,8.0
FAMILYTEX,2023-08-28,4.9,4.9,4.9,4.9,50197.0
FAMILYTEX,2023-08-29,4.9,4.9,4.9,4.9,55201.0
FAMILYTEX,2023-08-31,4.9,4.9,4.9,4.9,2.0
FAMILYTEX,2023-09-03,4.9,4.9,4.9,4.9,2800.0
FAMILYTEX,2023-09-05,4.9,4.9,4.9,4.9,691.0
FAMILYTEX,2023-09-07,4.9,4.9,4.9,4.9,1.0
FAMILYTEX,2023-09-10,4.9,4.9,4.9,4.9,101.0
FAMILYTEX,2023-09-11,4.9,4.9,4.9,4.9,5220.0
FAMILYTEX,2023-09-12,4.9,4.9,4.9,4.9,1.0
FAMILYTEX,2023-09-13,4.9,4.9,4.9,4.9,13.0
FAMILYTEX,2023-09-14,4.9,4.9,4.9,4.9,33.0
FAMILYTEX,2023-09-17,4.9,4.9,4.9,4.9,2110.0
FAMILYTEX,2023-09-18,4.9,4.9,4.9,4.9,50.0
FAMILYTEX,2023-09-19,4.9,4.9,4.9,4.9,3.0
FAMILYTEX,2023-09-25,4.9,4.9,4.9,4.9,10.0
FAMILYTEX,2023-10-01,4.9,4.9,4.9,4.9,8.0
FAMILYTEX,2023-10-02,4.9,4.9,4.9,4.9,8100.0
FAMILYTEX,2023-10-05,4.9,4.9,4.9,4.9,10000.0
FAMILYTEX,2023-10-11,4.9,4.9,4.9,4.9,5010.0
FAMILYTEX,2023-10-19,4.9,4.9,4.9,4.9,200.0
FAMILYTEX,2023-10-23,4.9,4.9,4.9,4.9,1065.0
FAMILYTEX,2023-10-26,4.9,4.9,4.9,4.9,100.0
FAMILYTEX,2023-10-31,4.9,4.9,4.9,4.9,730.0
FAMILYTEX,2023-11-01,4.9,4.9,4.9,4.9,1000.0
FAMILYTEX,2023-11-02,4.9,4.9,4.9,4.9,2100.0
FAMILYTEX,2023-11-05,4.9,4.9,4.9,4.9,157.0
FAMILYTEX,2023-11-07,4.9,4.9,4.9,4.9,1.0
FAMILYTEX,2023-11-09,4.9,4.9,4.9,4.9,60.0
FAMILYTEX,2023-11-12,4.9,4.9,4.9,4.9,2330.0
FAMILYTEX,2023-11-19,4.9,4.9,4.9,4.9,20.0
FAMILYTEX,2023-11-20,4.9,4.9,4.9,4.9,1200.0
FAMILYTEX,2023-11-22,4.9,4.9,4.9,4.9,4065.0
FAMILYTEX,2023-11-23,4.9,4.9,4.9,4.9,2803.0
FAMILYTEX,2023-11-26,4.9,4.9,4.9,4.9,8526.0
FAMILYTEX,2023-11-27,4.9,4.9,4.9,4.9,1.0
FAMILYTEX,2023-11-28,4.9,4.9,4.9,4.9,1.0
FAMILYTEX,2023-11-29,4.9,4.9,4.9,4.9,26.0
FAMILYTEX,2023-11-30,4.9,4.9,4.9,4.9,302.0
FAMILYTEX,2023-12-03,4.9,4.9,4.9,4.9,511.0
FAMILYTEX,2023-12-04,4.9,4.9,4.9,4.9,5320.0
FAMILYTEX,2023-12-05,4.9,4.9,4.9,4.9,10.0
FAMILYTEX,2023-12-10,4.9,4.9,4.9,4.9,1.0
FAMILYTEX,2023-12-11,4.9,4.9,4.9,4.9,100.0
FAMILYTEX,2023-12-12,4.9,4.9,4.9,4.9,604.0
FAMILYTEX,2023-12-13,4.9,4.9,4.9,4.9,3010.0
FAMILYTEX,2023-12-14,4.9,4.9,4.9,4.9,50.0
FAMILYTEX,2023-12-17,4.9,4.9,4.9,4.9,23805.0
FAMILYTEX,2023-12-18,4.9,4.9,4.9,4.9,4020.0
FAMILYTEX,2023-12-19,4.9,4.9,4.9,4.9,8020.0
FAMILYTEX,2023-12-20,4.9,4.9,4.9,4.9,3248.0
FAMILYTEX,2023-12-21,4.9,4.9,4.9,4.9,15.0
FAMILYTEX,2023-12-26,4.9,4.9,4.9,4.9,2005.0
FAMILYTEX,2023-12-28,4.9,4.9,4.9,4.9,40.0
FAMILYTEX,2024-01-01,4.9,4.9,4.9,4.9,5.0
FAMILYTEX,2024-01-02,4.9,4.9,4.9,4.9,120.0
FAMILYTEX,2024-01-03,4.9,4.9,4.9,4.9,20.0
FAMILYTEX,2024-01-04,4.9,4.9,4.9,4.9,130.0
FAMILYTEX,2024-01-09,4.9,4.9,4.9,4.9,4.0
FAMILYTEX,2024-01-10,4.9,4.9,4.9,4.9,15.0
FAMILYTEX,2024-01-11,4.9,4.9,4.9,4.9,53538.0
FAMILYTEX,2024-01-14,4.9,4.9,4.9,4.9,40.0
FAMILYTEX,2024-01-15,4.9,4.9,4.9,4.9,52.0
FAMILYTEX,2024-01-16,4.9,4.9,4.9,4.9,301.0
FAMILYTEX,2024-01-17,4.9,4.9,4.9,4.9,300.0
FAMILYTEX,2024-01-21,4.5,4.5,4.5,4.5,7164.0
FAMILYTEX,2024-01-22,4.1,4.1,4.1,4.1,24190.0
FAMILYTEX,2024-01-23,3.7,4.0,3.7,3.7,5936045.0
FAMILYTEX,2024-01-24,3.7,3.8,3.4,3.5,3147655.0
FAMILYTEX,2024-01-25,3.5,3.5,3.3,3.3,774292.0
FAMILYTEX,2024-01-28,3.2,3.3,3.0,3.0,1138589.0
FAMILYTEX,2024-01-29,2.8,3.0,2.7,3.0,2125967.0
FAMILYTEX,2024-01-30,2.9,3.3,2.9,3.3,1556543.0
FAMILYTEX,2024-01-31,3.5,3.6,3.3,3.3,1823690.0
FAMILYTEX,2024-02-01,3.3,3.6,3.1,3.6,3113742.0
FAMILYTEX,2024-02-04,3.7,3.9,3.7,3.9,1696713.0
FAMILYTEX,2024-02-05,4.2,4.2,4.1,4.2,4256549.0
FAMILYTEX,2024-02-06,4.5,4.6,4.4,4.6,4785793.0
FAMILYTEX,2024-02-07,5.0,5.0,4.3,4.6,6664604.0
FAMILYTEX,2024-02-08,4.6,4.8,4.5,4.6,2842591.0
FAMILYTEX,2024-02-11,4.6,4.9,4.5,4.7,2745692.0
FAMILYTEX,2024-02-12,4.8,4.9,4.4,4.4,2066740.0
FAMILYTEX,2024-02-13,4.4,4.5,4.2,4.2,1408283.0
FAMILYTEX,2024-02-14,4.3,4.3,4.0,4.0,1483364.0
FAMILYTEX,2024-02-15,4.0,4.4,4.0,4.4,2206386.0
FAMILYTEX,2024-02-18,4.8,4.8,4.4,4.5,3752872.0
FAMILYTEX,2024-02-19,4.7,4.7,4.4,4.5,1200783.0
FAMILYTEX,2024-02-20,4.6,4.6,4.2,4.3,1086751.0
FAMILYTEX,2024-02-22,4.5,4.5,4.3,4.3,1189630.0
FAMILYTEX,2024-02-25,4.3,4.5,4.2,4.3,773157.0
FAMILYTEX,2024-02-27,4.5,4.5,4.2,4.3,779942.0
FAMILYTEX,2024-02-28,4.4,4.4,4.2,4.3,656138.0
FAMILYTEX,2024-02-29,4.7,4.7,4.4,4.5,3209154.0
FAMILYTEX,2024-03-03,4.5,4.7,4.3,4.4,649711.0
FAMILYTEX,2024-03-04,4.5,4.5,4.3,4.4,694907.0
FAMILYTEX,2024-03-05,4.4,4.4,4.2,4.2,1050638.0
FAMILYTEX,2024-03-06,4.3,4.3,4.2,4.2,818056.0
FAMILYTEX,2024-03-07,4.4,4.4,4.1,4.1,639222.0
FAMILYTEX,2024-03-10,4.4,4.4,4.1,4.1,339971.0
FAMILYTEX,2024-03-11,4.2,4.3,4.1,4.1,220418.0
FAMILYTEX,2024-03-12,4.3,4.3,4.0,4.0,622818.0
FAMILYTEX,2024-03-13,4.0,4.2,3.9,4.1,550547.0
FAMILYTEX,2024-03-14,4.3,4.3,4.0,4.0,277385.0
FAMILYTEX,2024-03-18,4.0,4.2,3.9,4.0,474212.0
FAMILYTEX,2024-03-19,3.9,4.0,3.8,3.9,261490.0
FAMILYTEX,2024-03-20,3.9,4.0,3.8,3.9,546001.0
FAMILYTEX,2024-03-21,4.0,4.0,3.9,3.9,341166.0
FAMILYTEX,2024-03-24,4.0,4.0,3.9,3.9,325215.0
FAMILYTEX,2024-03-25,3.9,3.9,3.7,3.8,481122.0
FAMILYTEX,2024-03-27,4.0,4.0,3.7,3.7,242089.0
FAMILYTEX,2024-03-28,3.9,3.9,3.7,3.8,285887.0
FAMILYTEX,2024-03-31,3.8,3.9,3.7,3.7,464072.0
FAMILYTEX,2024-04-01,3.8,3.8,3.6,3.6,402617.0
FAMILYTEX,2024-04-02,3.8,3.8,3.5,3.6,281336.0
FAMILYTEX,2024-04-03,3.7,3.7,3.6,3.6,74012.0
FAMILYTEX,2024-04-04,3.7,3.9,3.6,3.9,938514.0
FAMILYTEX,2024-04-08,4.0,4.2,4.0,4.1,773536.0
FAMILYTEX,2024-04-09,4.2,4.2,3.9,4.0,523084.0
FAMILYTEX,2024-04-15,3.9,4.0,3.8,3.9,349271.0
FAMILYTEX,2024-04-16,4.0,4.0,3.8,3.8,318387.0
FAMILYTEX,2024-04-17,3.9,3.9,3.7,3.8,282882.0
FAMILYTEX,2024-04-18,3.9,3.9,3.5,3.7,1221984.0
FAMILYTEX,2024-04-21,3.8,3.8,3.5,3.6,602320.0
FAMILYTEX,2024-04-22,3.7,3.8,3.6,3.7,271448.0
FAMILYTEX,2024-04-23,3.8,3.8,3.6,3.6,319477.0
FAMILYTEX,2024-04-24,3.7,3.7,3.5,3.5,445418.0
FAMILYTEX,2024-04-25,3.5,3.6,3.4,3.4,714961.0
FAMILYTEX,2024-04-28,3.5,3.5,3.4,3.5,287273.0
FAMILYTEX,2024-04-29,3.5,3.6,3.4,3.4,393150.0
FAMILYTEX,2024-04-30,3.5,3.5,3.4,3.5,137622.0
FAMILYTEX,2024-05-02,3.5,3.7,3.5,3.7,521980.0
FAMILYTEX,2024-05-05,3.8,3.8,3.6,3.7,317375.0
FAMILYTEX,2024-05-06,3.8,3.8,3.6,3.7,682622.0
FAMILYTEX,2024-05-07,3.7,3.8,3.6,3.6,1106831.0
FAMILYTEX,2024-05-08,3.7,3.7,3.5,3.5,826632.0
FAMILYTEX,2024-05-09,3.5,3.6,3.4,3.5,493792.0
FAMILYTEX,2024-05-12,3.6,3.6,3.4,3.4,498716.0
FAMILYTEX,2024-05-13,3.4,3.5,3.4,3.5,314519.0
FAMILYTEX,2024-05-14,3.5,3.5,3.4,3.5,799341.0
FAMILYTEX,2024-05-15,3.5,3.5,3.4,3.4,323955.0
FAMILYTEX,2024-05-16,3.5,3.5,3.3,3.3,399824.0
FAMILYTEX,2024-05-19,3.4,3.4,3.3,3.3,369537.0
FAMILYTEX,2024-05-20,3.3,3.3,3.3,3.3,323070.0
FAMILYTEX,2024-05-21,3.3,3.4,3.3,3.3,379237.0
FAMILYTEX,2024-05-23,3.4,3.4,3.3,3.3,78083.0
FAMILYTEX,2024-05-26,3.3,3.3,3.3,3.3,110426.0
FAMILYTEX,2024-05-27,3.3,3.3,3.3,3.3,247845.0
FAMILYTEX,2024-05-28,3.3,3.4,3.3,3.3,461882.0
FAMILYTEX,2024-05-29,3.3,3.3,3.3,3.3,91044.0
FAMILYTEX,2024-05-30,3.3,3.3,3.3,3.3,89725.0
FAMILYTEX,2024-06-02,3.3,3.3,3.3,3.3,211977.0
FAMILYTEX,2024-06-03,3.3,3.3,3.3,3.3,70691.0
FAMILYTEX,2024-06-04,3.3,3.4,3.3,3.3,739381.0
FAMILYTEX,2024-06-05,3.4,3.6,3.3,3.4,2208724.0
FAMILYTEX,2024-06-06,3.5,3.5,3.3,3.4,371389.0
FAMILYTEX,2024-06-09,3.4,3.4,3.3,3.4,411040.0
FAMILYTEX,2024-06-10,3.3,3.4,3.3,3.3,344030.0
FAMILYTEX,2024-06-11,3.3,3.3,3.3,3.3,120589.0
FAMILYTEX,2024-06-12,3.3,3.3,3.3,3.3,233157.0
FAMILYTEX,2024-06-13,3.3,3.3,3.3,3.3,144050.0
FAMILYTEX,2024-06-19,3.3,3.3,3.3,3.3,66781.0
FAMILYTEX,2024-06-20,3.3,3.3,3.3,3.3,51426.0
FAMILYTEX,2024-06-23,3.3,3.3,3.3,3.3,49128.0
FAMILYTEX,2024-06-24,3.3,3.4,3.3,3.3,445013.0
FAMILYTEX,2024-06-25,3.3,3.4,3.3,3.3,257492.0
FAMILYTEX,2024-06-26,3.3,3.3,3.3,3.3,160734.0
FAMILYTEX,2024-06-27,3.3,3.3,3.3,3.3,137869.0
FAMILYTEX,2024-06-30,3.3,3.3,3.3,3.3,51518.0
FAMILYTEX,2024-07-02,3.3,3.3,3.3,3.3,62011.0
FAMILYTEX,2024-07-03,3.3,3.3,3.3,3.3,39028.0
FAMILYTEX,2024-07-04,3.3,3.5,3.3,3.4,1368545.0
FAMILYTEX,2024-07-07,3.5,3.6,3.4,3.5,1273857.0
FAMILYTEX,2024-07-08,3.6,3.6,3.4,3.4,730594.0
FAMILYTEX,2024-07-09,3.4,3.6,3.4,3.5,936796.0
FAMILYTEX,2024-07-10,3.5,3.6,3.4,3.4,1661777.0
FAMILYTEX,2024-07-11,3.4,3.5,3.3,3.4,291262.0
FAMILYTEX,2024-07-14,3.4,3.4,3.3,3.3,215141.0
FAMILYTEX,2024-07-15,3.3,3.4,3.3,3.3,351948.0
FAMILYTEX,2024-07-16,3.4,3.4,3.3,3.3,447838.0
FAMILYTEX,2024-07-18,3.3,3.4,3.3,3.3,408520.0
FAMILYTEX,2024-07-24,3.3,3.3,3.3,3.3,92992.0
FAMILYTEX,2024-07-25,3.3,3.3,3.3,3.3,60837.0
FAMILYTEX,2024-07-28,3.3,3.3,3.3,3.3,48481.0
FAMILYTEX,2024-07-29,3.3,3.3,3.3,3.3,20888.0
FAMILYTEX,2024-07-30,3.3,3.3,3.3,3.3,14038.0
FAMILYTEX,2024-07-31,3.3,3.3,3.3,3.3,139540.0
FAMILYTEX,2024-08-01,3.3,3.3,3.3,3.3,40287.0
FAMILYTEX,2024-08-04,3.3,3.3,3.3,3.3,443.0
FAMILYTEX,2024-08-06,3.3,3.6,3.3,3.5,1669663.0
FAMILYTEX,2024-08-07,3.5,3.6,3.4,3.5,1450284.0
FAMILYTEX,2024-08-08,3.6,3.8,3.6,3.8,1445560.0
FAMILYTEX,2024-08-11,4.1,4.1,3.7,4.1,3354218.0
FAMILYTEX,2024-08-12,4.4,4.5,4.0,4.1,3248158.0
FAMILYTEX,2024-08-13,4.0,4.2,4.0,4.0,2043476.0
FAMILYTEX,2024-08-14,4.2,4.2,3.9,3.9,1001442.0
FAMILYTEX,2024-08-15,4.0,4.0,3.8,3.8,968589.0
FAMILYTEX,2024-08-18,3.7,3.8,3.7,3.7,695116.0
FAMILYTEX,2024-08-19,3.6,3.9,3.6,3.8,648887.0
FAMILYTEX,2024-08-20,3.8,3.9,3.7,3.7,514496.0
FAMILYTEX,2024-08-21,3.7,3.8,3.6,3.6,365636.0
FAMILYTEX,2024-08-22,3.5,3.7,3.5,3.6,540481.0
FAMILYTEX,2024-08-25,3.6,3.6,3.5,3.5,289477.0
FAMILYTEX,2024-08-27,3.6,3.7,3.5,3.6,347033.0
FAMILYTEX,2024-08-28,3.6,3.8,3.6,3.7,495566.0
FAMILYTEX,2024-08-29,3.7,3.8,3.7,3.8,450094.0
FAMILYTEX,2024-09-01,3.9,4.0,3.7,3.8,1041192.0
FAMILYTEX,2024-09-02,3.9,3.9,3.7,3.7,484600.0
FAMILYTEX,2024-09-03,3.7,3.7,3.5,3.6,504341.0
FAMILYTEX,2024-09-04,3.6,3.7,3.5,3.5,479567.0
FAMILYTEX,2024-09-05,3.6,3.7,3.5,3.6,656819.0
FAMILYTEX,2024-09-08,3.6,3.6,3.5,3.5,419079.0
FAMILYTEX,2024-09-09,3.5,3.6,3.5,3.5,247873.0
FAMILYTEX,2024-09-10,3.6,3.6,3.4,3.5,253677.0
FAMILYTEX,2024-09-11,3.5,3.6,3.4,3.5,373140.0
FAMILYTEX,2024-09-12,3.5,3.6,3.3,3.4,507440.0
FAMILYTEX,2024-09-15,3.4,3.5,3.3,3.4,394227.0
FAMILYTEX,2024-09-17,3.4,3.5,3.4,3.4,207450.0
FAMILYTEX,2024-09-18,3.4,3.5,3.3,3.3,348141.0
FAMILYTEX,2024-09-19,3.3,3.4,3.2,3.4,374193.0
FAMILYTEX,2024-09-22,3.4,3.4,3.3,3.3,514584.0
FAMILYTEX,2024-09-23,3.3,3.4,3.2,3.2,341800.0
FAMILYTEX,2024-09-24,3.3,3.3,3.2,3.2,374977.0
FAMILYTEX,2024-09-25,3.3,3.3,3.0,3.0,717356.0
FAMILYTEX,2024-09-26,3.0,3.1,2.9,3.0,371439.0
FAMILYTEX,2024-09-29,3.2,3.2,2.9,3.0,466362.0
FAMILYTEX,2024-09-30,3.0,3.0,2.9,2.9,305019.0
FAMILYTEX,2024-10-01,3.0,3.0,2.9,3.0,61796.0
FAMILYTEX,2024-10-02,2.9,2.9,2.8,2.8,496550.0
FAMILYTEX,2024-10-03,2.9,3.0,2.8,2.9,406511.0
FAMILYTEX,2024-10-06,3.0,3.1,2.9,3.0,595373.0
FAMILYTEX,2024-10-07,3.0,3.1,2.9,3.0,190095.0
FAMILYTEX,2024-10-08,3.0,3.0,2.9,3.0,94966.0
FAMILYTEX,2024-10-09,3.0,3.0,2.9,3.0,233645.0
FAMILYTEX,2024-10-14,3.0,3.0,2.9,2.9,225639.0
FAMILYTEX,2024-10-15,2.9,3.0,2.9,2.9,167865.0
FAMILYTEX,2024-10-16,3.0,3.0,2.8,2.9,145378.0
FAMILYTEX,2024-10-17,2.9,2.9,2.8,2.8,93565.0
FAMILYTEX,2024-10-20,2.9,2.9,2.6,2.7,371661.0
FAMILYTEX,2024-10-21,2.7,2.8,2.6,2.7,79755.0
FAMILYTEX,2024-10-22,2.8,2.9,2.7,2.9,224284.0
FAMILYTEX,2024-10-23,2.9,2.9,2.8,2.8,199903.0
FAMILYTEX,2024-10-24,2.8,2.8,2.7,2.8,122651.0
FAMILYTEX,2024-10-27,2.8,2.8,2.6,2.6,575319.0
FAMILYTEX,2024-10-28,2.7,2.7,2.5,2.5,474833.0
FAMILYTEX,2024-10-29,2.5,2.7,2.5,2.7,473319.0
FAMILYTEX,2024-10-30,2.7,2.9,2.7,2.9,540940.0
FAMILYTEX,2024-10-31,3.0,3.1,2.9,2.9,623218.0
FAMILYTEX,2024-11-03,3.0,3.0,2.8,2.8,159258.0
FAMILYTEX,2024-11-04,2.8,3.0,2.8,2.9,352525.0
FAMILYTEX,2024-11-05,3.0,3.1,2.9,3.0,669856.0
FAMILYTEX,2024-11-06,3.3,3.3,2.9,2.9,232079.0
FAMILYTEX,2024-11-07,3.0,3.0,2.8,2.9,229821.0
FAMILYTEX,2024-11-10,2.8,2.9,2.8,2.8,162199.0
FAMILYTEX,2024-11-11,2.8,2.9,2.8,2.8,127504.0
FAMILYTEX,2024-11-12,2.8,2.9,2.7,2.8,199867.0
FAMILYTEX,2024-11-13,2.9,2.9,2.7,2.8,197970.0
FAMILYTEX,2024-11-14,3.0,3.0,2.7,2.7,240986.0
FAMILYTEX,2024-11-17,2.9,2.9,2.7,2.7,319053.0
FAMILYTEX,2024-11-18,2.9,2.9,2.7,2.8,499232.0
FAMILYTEX,2024-11-19,3.0,3.0,2.7,2.8,410568.0
FAMILYTEX,2024-11-20,2.9,2.9,2.7,2.8,60764.0
FAMILYTEX,2024-11-21,2.8,2.8,2.7,2.7,293918.0
FAMILYTEX,2024-11-24,2.7,2.8,2.6,2.6,425091.0
FAMILYTEX,2024-11-25,2.7,2.8,2.6,2.7,68135.0
FAMILYTEX,2024-11-26,2.8,2.8,2.6,2.7,92189.0
FAMILYTEX,2024-11-27,2.7,2.8,2.6,2.7,202500.0
FAMILYTEX,2024-11-28,2.8,2.8,2.7,2.7,177678.0
FAMILYTEX,2024-12-01,2.7,2.8,2.7,2.7,218880.0
FAMILYTEX,2024-12-02,2.8,2.8,2.7,2.7,166170.0
FAMILYTEX,2024-12-03,2.7,2.8,2.7,2.8,312908.0
FAMILYTEX,2024-12-04,2.8,2.8,2.7,2.7,146029.0
FAMILYTEX,2024-12-05,2.7,2.8,2.7,2.8,156383.0
FAMILYTEX,2024-12-08,2.8,2.8,2.7,2.7,266933.0
FAMILYTEX,2024-12-09,2.7,2.8,2.7,2.7,123765.0
FAMILYTEX,2024-12-10,2.7,2.8,2.7,2.7,158643.0
FAMILYTEX,2024-12-11,2.7,2.8,2.6,2.7,244378.0
FAMILYTEX,2024-12-12,2.7,2.8,2.6,2.7,225655.0
FAMILYTEX,2024-12-15,2.7,2.8,2.6,2.6,343338.0
FAMILYTEX,2024-12-17,2.7,2.8,2.6,2.8,134001.0
FAMILYTEX,2024-12-18,2.8,2.8,2.6,2.6,206983.0
FAMILYTEX,2024-12-19,2.7,2.7,2.6,2.7,178655.0
FAMILYTEX,2024-12-22,2.5,2.7,2.5,2.5,1050813.0
FAMILYTEX,2024-12-23,2.6,2.6,2.5,2.6,233701.0
FAMILYTEX,2024-12-24,2.6,2.6,2.5,2.5,156402.0
FAMILYTEX,2024-12-26,2.5,2.6,2.4,2.5,427713.0
FAMILYTEX,2024-12-29,2.6,2.6,2.5,2.5,70633.0
FAMILYTEX,2024-12-30,2.6,2.6,2.5,2.5,151300.0
FAMILYTEX,2025-01-01,2.5,2.6,2.5,2.5,179498.0
FAMILYTEX,2025-01-02,2.5,2.6,2.5,2.6,84412.0
FAMILYTEX,2025-01-05,2.6,2.6,2.5,2.5,109871.0
FAMILYTEX,2025-01-06,2.6,2.6,2.5,2.5,247224.0
FAMILYTEX,2025-01-07,2.6,2.6,2.5,2.5,509259.0
FAMILYTEX,2025-01-08,2.5,2.6,2.5,2.5,163618.0
FAMILYTEX,2025-01-09,2.5,2.6,2.5,2.5,120719.0
FAMILYTEX,2025-01-12,2.6,2.6,2.4,2.5,146070.0
FAMILYTEX,2025-01-13,2.5,2.5,2.4,2.4,210643.0
FAMILYTEX,2025-01-14,2.5,2.5,2.4,2.5,211218.0
FAMILYTEX,2025-01-15,2.5,2.6,2.4,2.5,349830.0
FAMILYTEX,2025-01-16,2.5,2.6,2.4,2.5,292470.0
FAMILYTEX,2025-01-19,2.5,2.5,2.4,2.4,409494.0
FAMILYTEX,2025-01-20,2.4,2.5,2.4,2.4,486964.0
FAMILYTEX,2025-01-21,2.5,2.5,2.4,2.4,261708.0
FAMILYTEX,2025-01-22,2.4,2.5,2.4,2.4,538089.0
FAMILYTEX,2025-01-23,2.5,2.5,2.4,2.4,44651.0
FAMILYTEX,2025-01-26,2.5,2.5,2.4,2.4,245618.0
FAMILYTEX,2025-01-27,2.4,2.5,2.3,2.4,256268.0
FAMILYTEX,2025-01-28,2.4,2.6,2.3,2.5,945776.0
FAMILYTEX,2025-01-29,2.6,2.6,2.4,2.5,499442.0
FAMILYTEX,2025-01-30,2.5,2.5,2.4,2.5,79774.0
FAMILYTEX,2025-02-02,2.5,2.5,2.4,2.4,295083.0
FAMILYTEX,2025-02-03,2.5,2.6,2.5,2.6,1513774.0
FAMILYTEX,2025-02-04,2.6,2.7,2.5,2.5,545001.0
FAMILYTEX,2025-02-05,2.5,2.6,2.5,2.6,392151.0
FAMILYTEX,2025-02-06,2.7,2.8,2.5,2.8,2809297.0
FAMILYTEX,2025-02-09,2.8,3.0,2.8,2.9,2801900.0
FAMILYTEX,2025-02-10,2.9,3.0,2.8,2.8,615942.0
FAMILYTEX,2025-02-11,2.8,2.9,2.7,2.8,812702.0
FAMILYTEX,2025-02-12,2.9,2.9,2.7,2.8,452653.0
FAMILYTEX,2025-02-13,2.8,3.0,2.7,2.9,1747951.0
FAMILYTEX,2025-02-16,3.0,3.0,2.8,2.8,732692.0
FAMILYTEX,2025-02-17,2.7,3.0,2.7,2.9,920763.0
FAMILYTEX,2025-02-18,2.9,3.0,2.8,2.8,897848.0
FAMILYTEX,2025-02-19,2.9,2.9,2.7,2.8,524622.0
FAMILYTEX,2025-02-20,2.9,3.0,2.7,2.8,836383.0
FAMILYTEX,2025-02-23,2.9,2.9,2.8,2.8,386463.0
FAMILYTEX,2025-02-24,2.9,2.9,2.7,2.8,867056.0
FAMILYTEX,2025-02-25,2.8,2.9,2.7,2.8,382805.0
FAMILYTEX,2025-02-26,2.9,2.9,2.7,2.8,722758.0
FAMILYTEX,2025-02-27,2.9,2.9,2.7,2.9,387328.0
FAMILYTEX,2025-03-02,2.9,2.9,2.7,2.8,417612.0
FAMILYTEX,2025-03-03,2.8,2.8,2.7,2.7,173959.0
FAMILYTEX,2025-03-04,2.8,2.8,2.7,2.7,531050.0
FAMILYTEX,2025-03-05,2.8,2.8,2.7,2.7,550909.0
FAMILYTEX,2025-03-06,2.8,2.8,2.7,2.8,255461.0
FAMILYTEX,2025-03-09,2.8,2.8,2.6,2.7,527683.0
FAMILYTEX,2025-03-10,2.8,2.8,2.6,2.6,480668.0
FAMILYTEX,2025-03-11,2.7,2.7,2.6,2.6,187358.0
FAMILYTEX,2025-03-12,2.7,2.7,2.6,2.6,242780.0
FAMILYTEX,2025-03-13,2.7,2.7,2.6,2.6,338665.0
FAMILYTEX,2025-03-16,2.6,2.7,2.6,2.6,110179.0
FAMILYTEX,2025-03-17,2.7,2.7,2.5,2.6,308146.0
FAMILYTEX,2025-03-18,2.7,2.7,2.5,2.5,229390.0
FAMILYTEX,2025-03-19,2.6,2.6,2.5,2.5,192076.0
FAMILYTEX,2025-03-20,2.7,2.7,2.5,2.6,371221.0
FAMILYTEX,2025-03-23,2.7,2.8,2.6,2.6,825268.0
FAMILYTEX,2025-03-24,2.7,2.7,2.6,2.6,197593.0
FAMILYTEX,2025-03-25,2.7,2.7,2.6,2.6,24677.0
FAMILYTEX,2025-03-27,2.7,2.7,2.6,2.6,266267.0
FAMILYTEX,2025-04-06,2.6,2.6,2.5,2.5,494145.0
FAMILYTEX,2025-04-07,2.6,2.6,2.5,2.5,270719.0
FAMILYTEX,2025-04-08,2.5,2.6,2.5,2.5,425418.0
ICBIBANK,2021-09-20,6.9,6.9,6.6,6.7,946021.0
ICBIBANK,2021-09-21,6.8,6.8,6.6,6.8,762084.0
ICBIBANK,2021-09-22,6.8,6.9,6.7,6.8,615084.0
ICBIBANK,2021-09-23,6.9,6.9,6.8,6.8,780311.0
ICBIBANK,2021-09-26,6.9,7.0,6.8,6.9,1745959.0
ICBIBANK,2021-09-27,6.9,7.4,6.9,7.1,3480699.0
ICBIBANK,2021-09-28,7.2,7.2,6.9,7.0,1391973.0
ICBIBANK,2021-09-29,7.2,7.2,6.9,6.9,560972.0
ICBIBANK,2021-09-30,7.0,7.0,6.6,6.7,936003.0
ICBIBANK,2021-10-01,5.2,5.2,5.0,5.0,1397274.0
ICBIBANK,2021-10-02,4.1,4.1,3.9,4.0,196668.0
ICBIBANK,2021-10-03,3.9,3.9,3.8,3.8,607921.0
ICBIBANK,2021-10-06,3.9,3.9,3.8,3.8,351953.0
ICBIBANK,2021-10-08,5.0,5.1,4.9,5.0,1015815.0
ICBIBANK,2021-10-10,5.3,5.6,4.6,4.8,8021113.0
ICBIBANK,2021-10-11,5.2,5.2,5.0,5.1,668805.0
ICBIBANK,2021-10-13,5.5,5.6,5.3,5.4,2169093.0
ICBIBANK,2021-10-14,5.4,5.6,5.3,5.6,1545816.0
ICBIBANK,2021-10-17,5.7,6.0,5.4,5.7,2355481.0
ICBIBANK,2021-10-18,5.8,5.8,5.4,5.6,2799457.0
ICBIBANK,2021-10-19,5.8,5.8,5.4,5.6,720708.0
ICBIBANK,2021-10-21,5.7,5.7,5.4,5.5,714258.0
ICBIBANK,2021-10-24,5.3,5.3,5.0,5.1,1934163.0
ICBIBANK,2021-10-25,5.1,5.1,4.6,4.8,5203441.0
ICBIBANK,2021-10-26,4.9,5.2,4.9,5.2,709082.0
ICBIBANK,2021-10-27,5.3,5.4,5.1,5.1,760978.0
ICBIBANK,2021-10-28,5.2,5.3,5.0,5.2,692199.0
ICBIBANK,2021-10-31,5.3,5.4,5.2,5.2,582502.0
ICBIBANK,2021-11-01,4.9,5.0,4.8,4.8,845603.0
ICBIBANK,2021-11-02,4.0,4.0,3.9,3.9,155919.0
ICBIBANK,2021-11-03,3.8,3.9,3.7,3.7,513445.0
ICBIBANK,2021-11-04,3.7,3.7,3.5,3.6,239988.0
ICBIBANK,2021-11-05,3.7,3.8,3.7,3.8,490478.0
ICBIBANK,2021-11-08,5.0,5.1,4.8,5.0,1208633.0
ICBIBANK,2021-11-10,4.9,5.2,4.9,5.2,2229386.0
ICBIBANK,2021-11-11,5.2,5.3,5.0,5.1,681138.0
ICBIBANK,2021-11-14,5.1,5.2,5.0,5.0,349636.0
ICBIBANK,2021-11-15,5.1,5.2,5.0,5.1,153125.0
ICBIBANK,2021-11-16,5.2,5.5,5.1,5.4,1657682.0
ICBIBANK,2021-11-17,5.5,5.6,5.2,5.3,2409057.0
ICBIBANK,2021-11-18,5.3,5.7,5.3,5.5,1544852.0
ICBIBANK,2021-11-21,5.6,6.0,5.6,5.8,3525198.0
ICBIBANK,2021-11-22,5.8,5.8,5.5,5.6,972167.0
ICBIBANK,2021-11-23,5.7,5.8,5.6,5.6,522527.0
ICBIBANK,2021-11-24,5.6,5.7,5.4,5.5,674583.0
ICBIBANK,2021-11-25,5.4,5.4,5.3,5.3,454789.0
ICBIBANK,2021-11-28,5.3,5.4,5.3,5.4,288641.0
ICBIBANK,2021-11-29,5.5,5.5,5.4,5.4,152909.0
ICBIBANK,2021-11-30,5.5,5.5,5.3,5.4,687948.0
ICBIBANK,2021-12-01,4.8,4.9,4.6,4.7,1455755.0
ICBIBANK,2021-12-04,3.6,3.7,3.5,3.6,169333.0
ICBIBANK,2021-12-07,4.7,4.8,4.5,4.8,1785963.0
ICBIBANK,2021-12-08,5.0,5.1,4.8,4.9,1908815.0
ICBIBANK,2021-12-09,7.3,7.3,7.0,7.1,1715732.0
ICBIBANK,2021-12-10,5.3,5.7,5.3,5.6,2517567.0
ICBIBANK,2021-12-12,5.4,5.4,5.2,5.3,564825.0
ICBIBANK,2021-12-13,5.4,5.4,5.2,5.2,264711.0
ICBIBANK,2021-12-14,5.2,5.3,5.1,5.2,204424.0
ICBIBANK,2021-12-15,5.3,5.3,5.1,5.2,239269.0
ICBIBANK,2021-12-19,5.2,5.2,5.1,5.1,267422.0
ICBIBANK,2021-12-20,5.1,5.3,5.1,5.2,640813.0
ICBIBANK,2021-12-21,5.2,5.3,5.1,5.2,88130.0
ICBIBANK,2021-12-22,5.2,5.2,5.0,5.0,1326046.0
ICBIBANK,2021-12-23,5.0,5.2,5.0,5.1,150877.0
ICBIBANK,2021-12-26,5.0,5.1,4.9,5.0,300351.0
ICBIBANK,2021-12-27,5.0,5.1,4.9,5.0,369163.0
ICBIBANK,2021-12-28,5.0,5.0,4.8,4.9,1998395.0
ICBIBANK,2021-12-29,4.9,5.0,4.8,4.9,372502.0
ICBIBANK,2021-12-30,4.9,5.3,4.9,5.2,490910.0
ICBIBANK,2022-01-02,4.9,5.0,4.9,4.9,42657.0
ICBIBANK,2022-01-03,4.7,4.7,4.6,4.7,308342.0
ICBIBANK,2022-01-06,4.6,4.7,4.6,4.7,71587.0
ICBIBANK,2022-01-13,5.2,5.2,5.0,5.1,108984.0
ICBIBANK,2022-01-16,5.1,5.2,5.0,5.0,439599.0
ICBIBANK,2022-01-17,5.1,5.2,5.0,5.1,209222.0
ICBIBANK,2022-01-18,5.1,5.1,5.0,5.0,952487.0
ICBIBANK,2022-01-19,5.0,5.1,5.0,5.0,389892.0
ICBIBANK,2022-01-20,5.0,5.1,5.0,5.0,495264.0
ICBIBANK,2022-01-23,5.0,5.1,4.9,4.9,879446.0
ICBIBANK,2022-01-24,5.0,5.0,4.9,4.9,357758.0
ICBIBANK,2022-01-25,5.0,5.0,4.9,4.9,292687.0
ICBIBANK,2022-01-26,4.9,5.0,4.9,4.9,116264.0
ICBIBANK,2022-01-27,5.0,5.0,4.9,5.0,119116.0
ICBIBANK,2022-01-30,4.9,5.0,4.9,4.9,140523.0
ICBIBANK,2022-01-31,5.0,5.0,4.8,4.9,298885.0
ICBIBANK,2022-02-01,5.2,5.2,5.0,5.2,263893.0
ICBIBANK,2022-02-02,5.0,5.0,4.8,4.9,281094.0
ICBIBANK,2022-02-03,4.7,4.7,4.6,4.7,90759.0
ICBIBANK,2022-02-06,4.7,4.7,4.7,4.7,82221.0
ICBIBANK,2022-02-13,4.9,4.9,4.8,4.9,429134.0
ICBIBANK,2022-02-14,4.9,5.0,4.9,4.9,556849.0
ICBIBANK,2022-02-15,4.9,4.9,4.8,4.8,178157.0
ICBIBANK,2022-02-16,4.9,4.9,4.8,4.8,291702.0
ICBIBANK,2022-02-17,4.8,4.9,4.8,4.9,104274.0
ICBIBANK,2022-02-20,4.9,4.9,4.7,4.7,535951.0
ICBIBANK,2022-02-22,4.8,4.9,4.7,4.8,311076.0
ICBIBANK,2022-02-23,4.9,4.9,4.7,4.8,138104.0
ICBIBANK,2022-02-24,4.8,4.9,4.6,4.7,576431.0
ICBIBANK,2022-02-27,4.6,4.7,4.6,4.6,526865.0
ICBIBANK,2022-02-28,4.6,4.7,4.5,4.7,186489.0
ICBIBANK,2022-03-01,5.2,5.3,5.1,5.2,270051.0
ICBIBANK,2022-03-02,4.9,5.0,4.9,4.9,475694.0
ICBIBANK,2022-03-03,4.7,4.8,4.6,4.8,288082.0
ICBIBANK,2022-03-04,4.8,4.8,4.8,4.8,16990.0
ICBIBANK,2022-03-07,4.9,4.9,4.9,4.9,62175.0
ICBIBANK,2022-03-13,4.9,4.9,4.9,4.9,62234.0
ICBIBANK,2022-03-14,4.9,5.0,4.9,4.9,477237.0
ICBIBANK,2022-03-15,4.9,5.0,4.9,5.0,541904.0
ICBIBANK,2022-03-16,5.0,5.0,4.9,4.9,234524.0
ICBIBANK,2022-03-20,4.9,4.9,4.9,4.9,299317.0
ICBIBANK,2022-03-21,4.9,4.9,4.9,4.9,472842.0
ICBIBANK,2022-03-22,4.9,4.9,4.9,4.9,149475.0
ICBIBANK,2022-03-23,4.9,4.9,4.9,4.9,110369.0
ICBIBANK,2022-03-24,4.9,4.9,4.9,4.9,44017.0
ICBIBANK,2022-03-27,4.6,4.7,4.5,4.6,1514877.0
ICBIBANK,2022-03-28,4.7,4.8,4.6,4.7,351154.0
ICBIBANK,2022-03-29,4.7,4.8,4.7,4.8,92122.0
ICBIBANK,2022-03-30,4.8,4.8,4.8,4.8,120127.0
ICBIBANK,2022-03-31,4.8,4.8,4.8,4.8,3110.0
ICBIBANK,2022-04-01,5.1,5.2,5.0,5.2,382149.0
ICBIBANK,2022-04-04,4.8,4.8,4.8,4.8,1123.0
ICBIBANK,2022-04-07,4.9,4.9,4.9,4.9,81780.0
ICBIBANK,2022-04-13,4.8,4.8,4.8,4.8,3575.0
ICBIBANK,2022-04-17,4.8,4.8,4.8,4.8,19.0
ICBIBANK,2022-04-18,4.8,4.8,4.8,4.8,62013.0
ICBIBANK,2022-04-19,4.8,4.8,4.8,4.8,18931.0
ICBIBANK,2022-04-20,4.8,4.8,4.8,4.8,4476.0
ICBIBANK,2022-04-21,4.6,4.6,4.6,4.6,222556.0
ICBIBANK,2022-04-24,4.4,4.5,4.4,4.4,311655.0
ICBIBANK,2022-04-25,4.5,4.5,4.3,4.3,374020.0
ICBIBANK,2022-04-26,4.3,4.5,4.3,4.5,162800.0
ICBIBANK,2022-04-27,4.5,4.5,4.4,4.5,91374.0
ICBIBANK,2022-04-28,4.4,4.5,4.3,4.4,133165.0
ICBIBANK,2022-05-01,5.2,5.3,5.1,5.2,346036.0
ICBIBANK,2022-05-04,4.8,4.8,4.8,4.8,2400.0
ICBIBANK,2022-05-05,4.4,4.4,4.3,4.4,64593.0
ICBIBANK,2022-05-06,4.7,4.7,4.7,4.7,71573.0
ICBIBANK,2022-05-07,4.9,4.9,4.9,4.9,63300.0
ICBIBANK,2022-05-16,4.1,4.1,3.9,3.9,695275.0
ICBIBANK,2022-05-17,3.9,4.1,3.9,3.9,424619.0
ICBIBANK,2022-05-18,4.1,4.1,3.9,3.9,143969.0
ICBIBANK,2022-05-19,3.9,4.0,3.8,3.9,1122125.0
ICBIBANK,2022-05-22,3.9,3.9,3.8,3.9,333743.0
ICBIBANK,2022-05-23,4.0,4.0,3.9,3.9,175315.0
ICBIBANK,2022-05-24,4.0,4.0,3.9,3.9,337623.0
ICBIBANK,2022-05-25,3.9,4.0,3.8,3.9,134030.0
ICBIBANK,2022-05-26,4.0,4.1,4.0,4.1,530048.0
ICBIBANK,2022-05-29,4.2,4.3,4.2,4.2,918585.0
ICBIBANK,2022-05-30,4.4,4.4,4.4,4.4,500697.0
ICBIBANK,2022-05-31,4.6,4.6,4.5,4.6,396352.0
ICBIBANK,2022-06-01,5.2,5.3,5.1,5.2,455227.0
ICBIBANK,2022-06-02,5.0,5.0,4.9,4.9,209240.0
ICBIBANK,2022-06-03,4.6,4.8,4.6,4.7,125696.0
ICBIBANK,2022-06-04,4.8,4.8,4.8,4.8,6386.0
ICBIBANK,2022-06-06,4.7,4.7,4.7,4.7,44108.0
ICBIBANK,2022-06-07,4.9,4.9,4.9,4.9,152870.0
ICBIBANK,2022-06-13,4.7,4.7,4.7,4.7,40612.0
ICBIBANK,2022-06-14,4.7,4.7,4.7,4.7,5986.0
ICBIBANK,2022-06-15,4.7,4.7,4.7,4.7,2710.0
ICBIBANK,2022-06-16,4.7,4.7,4.7,4.7,11520.0
ICBIBANK,2022-06-19,4.7,4.7,4.7,4.7,12093.0
ICBIBANK,2022-06-20,4.7,4.7,4.7,4.7,14075.0
ICBIBANK,2022-06-21,4.7,4.7,4.7,4.7,510644.0
ICBIBANK,2022-06-22,4.7,4.7,4.7,4.7,193370.0
ICBIBANK,2022-06-23,4.7,5.0,4.7,4.9,2494108.0
ICBIBANK,2022-06-26,4.9,5.0,4.9,4.9,402800.0
ICBIBANK,2022-06-27,4.9,4.9,4.9,4.9,10110.0
ICBIBANK,2022-06-28,4.9,4.9,4.9,4.9,67540.0
ICBIBANK,2022-06-29,4.9,4.9,4.9,4.9,463748.0
ICBIBANK,2022-06-30,4.9,4.9,4.9,4.9,121432.0
ICBIBANK,2022-07-02,4.9,5.0,4.9,4.9,70524.0
ICBIBANK,2022-07-03,4.7,4.7,4.6,4.6,278406.0
ICBIBANK,2022-07-04,4.8,4.8,4.8,4.8,7853.0
ICBIBANK,2022-07-06,4.7,4.7,4.7,4.7,74951.0
ICBIBANK,2022-07-07,4.9,5.2,4.9,5.0,4473873.0
ICBIBANK,2022-07-13,5.0,5.1,5.0,5.0,1283118.0
ICBIBANK,2022-07-14,4.9,5.0,4.9,5.0,855456.0
ICBIBANK,2022-07-17,5.5,5.5,5.5,5.5,2507542.0
ICBIBANK,2022-07-18,6.0,6.0,6.0,6.0,2599356.0
ICBIBANK,2022-07-19,6.6,6.6,5.9,5.9,8887940.0
ICBIBANK,2022-07-20,5.8,5.8,5.8,5.8,329837.0
ICBIBANK,2022-07-21,5.7,6.0,5.7,5.7,3839586.0
ICBIBANK,2022-07-24,5.7,5.8,5.6,5.6,2663145.0
ICBIBANK,2022-07-25,5.6,5.7,5.5,5.6,3312832.0
ICBIBANK,2022-07-26,5.7,5.8,5.5,5.5,1138064.0
ICBIBANK,2022-07-27,5.4,5.5,5.4,5.4,386779.0
ICBIBANK,2022-07-28,5.3,5.3,5.3,5.3,1031982.0
ICBIBANK,2022-07-31,5.4,5.5,5.4,5.5,956647.0
ICBIBANK,2022-08-01,5.5,5.6,5.4,5.4,483327.0
ICBIBANK,2022-08-02,5.5,5.6,5.4,5.4,1043633.0
ICBIBANK,2022-08-03,5.6,5.9,5.6,5.9,2506488.0
ICBIBANK,2022-08-04,5.9,5.9,5.6,5.8,1248075.0
ICBIBANK,2022-08-05,4.3,4.4,4.3,4.4,155379.0
ICBIBANK,2022-08-06,4.7,4.7,4.7,4.7,11515.0
ICBIBANK,2022-08-07,5.8,5.8,5.5,5.7,1109473.0
ICBIBANK,2022-08-08,5.8,5.8,5.6,5.6,1065890.0
ICBIBANK,2022-08-10,5.7,5.7,5.4,5.4,2527567.0
ICBIBANK,2022-08-11,5.4,5.6,5.4,5.4,962215.0
ICBIBANK,2022-08-14,5.4,5.6,5.4,5.4,1678384.0
ICBIBANK,2022-08-16,5.5,5.6,5.4,5.4,1125843.0
ICBIBANK,2022-08-17,5.5,5.6,5.4,5.4,653095.0
ICBIBANK,2022-08-21,5.4,5.5,5.4,5.4,721389.0
ICBIBANK,2022-08-22,5.4,5.5,5.4,5.4,1182175.0
ICBIBANK,2022-08-23,5.4,5.4,5.4,5.4,347830.0
ICBIBANK,2022-08-24,5.4,5.4,5.4,5.4,100787.0
ICBIBANK,2022-08-25,5.4,5.5,5.4,5.4,1559969.0
ICBIBANK,2022-08-28,5.4,5.5,5.4,5.4,1295738.0
ICBIBANK,2022-08-29,5.4,5.5,5.4,5.4,1339025.0
ICBIBANK,2022-08-30,5.4,5.4,5.4,5.4,328532.0
ICBIBANK,2022-08-31,5.4,5.4,5.4,5.4,223458.0
ICBIBANK,2022-09-01,5.4,5.4,5.4,5.4,253421.0
ICBIBANK,2022-09-02,4.9,5.0,4.7,4.8,1471072.0
ICBIBANK,2022-09-03,4.7,4.8,4.7,4.8,62941.0
ICBIBANK,2022-09-04,5.4,5.4,5.4,5.4,299804.0
ICBIBANK,2022-09-05,5.4,5.4,5.4,5.4,20432.0
ICBIBANK,2022-09-06,5.4,5.4,5.4,5.4,4711.0
ICBIBANK,2022-09-07,5.4,5.4,5.4,5.4,2595928.0
ICBIBANK,2022-09-08,5.4,5.5,5.4,5.4,2213526.0
ICBIBANK,2022-09-11,5.4,5.4,5.4,5.4,40693.0
ICBIBANK,2022-09-12,5.4,5.4,5.4,5.4,10747.0
ICBIBANK,2022-09-13,5.4,5.4,5.4,5.4,39375.0
ICBIBANK,2022-09-14,5.4,5.4,5.4,5.4,10098.0
ICBIBANK,2022-09-15,5.4,5.4,5.4,5.4,12812.0
ICBIBANK,2022-09-18,5.4,5.4,5.4,5.4,3338.0
ICBIBANK,2022-09-19,5.4,5.4,5.4,5.4,13332.0
ICBIBANK,2022-09-20,5.4,5.4,5.4,5.4,15270.0
ICBIBANK,2022-09-21,5.4,5.4,5.4,5.4,2102.0
ICBIBANK,2022-09-22,5.4,5.4,5.4,5.4,4425.0
ICBIBANK,2022-09-25,5.4,5.4,5.4,5.4,29505.0
ICBIBANK,2022-09-26,5.4,5.4,5.4,5.4,220.0
ICBIBANK,2022-09-27,5.4,5.4,5.4,5.4,7739.0
ICBIBANK,2022-09-28,5.4,5.4,5.4,5.4,25500.0
ICBIBANK,2022-09-29,5.4,5.4,5.4,5.4,16059.0
ICBIBANK,2022-10-01,5.1,5.2,5.1,5.1,217958.0
ICBIBANK,2022-10-02,4.8,4.9,4.8,4.8,296832.0
ICBIBANK,2022-10-03,4.8,5.0,4.8,4.9,869269.0
ICBIBANK,2022-10-04,5.4,5.4,5.4,5.4,12447.0
ICBIBANK,2022-10-05,4.2,4.3,4.1,4.2,342797.0
ICBIBANK,2022-10-06,5.4,5.4,5.4,5.4,7000.0
ICBIBANK,2022-10-10,5.4,5.4,5.4,5.4,14182.0
ICBIBANK,2022-10-11,5.4,5.4,5.4,5.4,11050.0
ICBIBANK,2022-10-12,5.4,5.4,5.4,5.4,55335.0
ICBIBANK,2022-10-13,5.4,5.4,5.4,5.4,7608.0
ICBIBANK,2022-10-16,5.4,5.4,5.4,5.4,13012.0
ICBIBANK,2022-10-17,5.4,5.4,5.4,5.4,55.0
ICBIBANK,2022-10-18,5.4,5.4,5.4,5.4,16692.0
ICBIBANK,2022-10-19,5.4,5.4,5.4,5.4,60.0
ICBIBANK,2022-10-20,5.4,5.4,5.4,5.4,17601.0
ICBIBANK,2022-10-23,5.4,5.4,5.4,5.4,202.0
ICBIBANK,2022-10-24,5.4,5.4,5.4,5.4,3000.0
ICBIBANK,2022-10-25,5.4,5.4,5.4,5.4,83.0
ICBIBANK,2022-10-26,5.4,5.4,5.4,5.4,600.0
ICBIBANK,2022-10-27,5.4,5.4,5.4,5.4,2700.0
ICBIBANK,2022-10-30,5.4,5.4,5.4,5.4,1553.0
ICBIBANK,2022-10-31,5.4,5.4,5.4,5.4,754.0
ICBIBANK,2022-11-01,5.4,5.4,5.4,5.4,1001.0
ICBIBANK,2022-11-02,5.4,5.4,5.4,5.4,2003.0
ICBIBANK,2022-11-03,5.4,5.4,5.4,5.4,5450.0
ICBIBANK,2022-11-04,4.8,4.8,4.8,4.8,110090.0
ICBIBANK,2022-11-06,5.4,5.4,5.4,5.4,1900.0
ICBIBANK,2022-11-07,5.4,5.4,5.4,5.4,518.0
ICBIBANK,2022-11-08,5.4,5.4,5.4,5.4,110.0
ICBIBANK,2022-11-09,5.4,5.4,5.4,5.4,6602.0
ICBIBANK,2022-11-10,5.4,5.4,5.4,5.4,6.0
ICBIBANK,2022-11-13,5.4,5.4,5.4,5.4,802.0
ICBIBANK,2022-11-14,5.4,5.4,5.4,5.4,1.0
ICBIBANK,2022-11-15,5.4,5.4,5.4,5.4,19.0
ICBIBANK,2022-11-16,5.4,5.4,5.4,5.4,1002.0
ICBIBANK,2022-11-17,5.4,5.4,5.4,5.4,1.0
ICBIBANK,2022-11-21,5.4,5.4,5.4,5.4,50.0
ICBIBANK,2022-11-22,5.4,5.4,5.4,5.4,4015.0
ICBIBANK,2022-11-24,5.4,5.4,5.4,5.4,5500.0
ICBIBANK,2022-11-27,5.4,5.4,5.4,5.4,50.0
ICBIBANK,2022-11-28,5.4,5.4,5.4,5.4,30000.0
ICBIBANK,2022-11-29,5.4,5.4,5.4,5.4,653.0
ICBIBANK,2022-11-30,5.4,5.4,5.4,5.4,1.0
ICBIBANK,2022-12-01,5.1,5.2,5.1,5.1,250322.0
ICBIBANK,2022-12-04,4.8,4.8,4.8,4.8,1192.0
ICBIBANK,2022-12-05,4.2,4.2,4.0,4.1,381172.0
ICBIBANK,2022-12-06,5.4,5.4,5.4,5.4,64.0
ICBIBANK,2022-12-07,5.4,5.4,5.4,5.4,1380.0
ICBIBANK,2022-12-08,5.4,5.4,5.4,5.4,100.0
ICBIBANK,2022-12-11,5.4,5.4,5.4,5.4,41003.0
ICBIBANK,2022-12-12,5.4,5.4,5.4,5.4,300.0
ICBIBANK,2022-12-13,5.4,5.4,5.4,5.4,150.0
ICBIBANK,2022-12-14,5.4,5.4,5.4,5.4,1623.0
ICBIBANK,2022-12-15,5.4,5.4,5.4,5.4,10950.0
ICBIBANK,2022-12-19,5.4,5.4,5.4,5.4,15.0
ICBIBANK,2022-12-20,5.4,5.4,5.4,5.4,15.0
ICBIBANK,2022-12-22,5.4,5.4,5.4,5.4,101.0
ICBIBANK,2022-12-26,5.4,5.4,5.4,5.4,800.0
ICBIBANK,2022-12-27,5.4,5.4,5.4,5.4,15.0
ICBIBANK,2022-12-28,5.4,5.4,5.4,5.4,27365.0
ICBIBANK,2022-12-29,5.4,5.4,5.4,5.4,6192.0
ICBIBANK,2023-01-01,5.4,5.4,5.4,5.4,510.0
ICBIBANK,2023-01-03,5.4,5.4,5.4,5.4,19000.0
ICBIBANK,2023-01-04,5.4,5.4,5.4,5.4,70.0
ICBIBANK,2023-01-05,5.4,5.4,5.4,5.4,50.0
ICBIBANK,2023-01-09,5.4,5.4,5.4,5.4,10000.0
ICBIBANK,2023-01-10,5.4,5.4,5.4,5.4,503.0
ICBIBANK,2023-01-12,5.4,5.4,5.4,5.4,30065.0
ICBIBANK,2023-01-15,5.4,5.4,5.4,5.4,101.0
ICBIBANK,2023-01-16,5.4,5.4,5.4,5.4,1900.0
ICBIBANK,2023-01-17,5.4,5.4,5.4,5.4,11500.0
ICBIBANK,2023-01-18,5.4,5.4,5.4,5.4,1203.0
ICBIBANK,2023-01-19,5.4,5.4,5.4,5.4,5650.0
ICBIBANK,2023-01-23,5.4,5.4,5.4,5.4,20.0
ICBIBANK,2023-01-24,5.4,5.4,5.4,5.4,1404.0
ICBIBANK,2023-01-25,5.4,5.4,5.4,5.4,6.0
ICBIBANK,2023-01-26,5.4,5.4,5.4,5.4,1.0
ICBIBANK,2023-01-29,5.4,5.4,5.4,5.4,2.0
ICBIBANK,2023-01-31,5.4,5.4,5.4,5.4,1.0
ICBIBANK,2023-02-01,5.4,5.4,5.4,5.4,1.0
ICBIBANK,2023-02-05,5.4,5.4,5.4,5.4,3483.0
ICBIBANK,2023-02-07,5.4,5.4,5.4,5.4,12.0
ICBIBANK,2023-02-08,5.4,5.4,5.4,5.4,2000.0
ICBIBANK,2023-02-09,5.4,5.4,5.4,5.4,1003.0
ICBIBANK,2023-02-12,5.4,5.4,5.4,5.4,2352.0
ICBIBANK,2023-02-16,5.4,5.4,5.4,5.4,40000.0
ICBIBANK,2023-02-20,5.4,5.4,5.4,5.4,1.0
ICBIBANK,2023-02-22,5.4,5.4,5.4,5.4,10930.0
ICBIBANK,2023-02-27,5.4,5.4,5.4,5.4,4078.0
ICBIBANK,2023-02-28,5.4,5.4,5.4,5.4,180.0
ICBIBANK,2023-03-01,5.4,5.4,5.4,5.4,2008.0
ICBIBANK,2023-03-02,5.4,5.4,5.4,5.4,50.0
ICBIBANK,2023-03-05,5.4,5.4,5.4,5.4,235.0
ICBIBANK,2023-03-07,5.4,5.4,5.4,5.4,10.0
ICBIBANK,2023-03-09,5.4,5.4,5.4,5.4,100.0
ICBIBANK,2023-03-12,5.4,5.4,5.4,5.4,1.0
ICBIBANK,2023-03-13,5.4,5.4,5.4,5.4,1.0
ICBIBANK,2023-03-15,5.4,5.4,5.4,5.4,50.0
ICBIBANK,2023-03-22,5.4,5.4,5.4,5.4,2000.0
ICBIBANK,2023-03-29,5.4,5.4,5.4,5.4,10.0
ICBIBANK,2023-03-30,5.4,5.4,5.4,5.4,2000.0
ICBIBANK,2023-04-03,5.4,5.4,5.4,5.4,100.0
ICBIBANK,2023-04-06,5.4,5.4,5.4,5.4,314.0
ICBIBANK,2023-04-09,5.4,5.4,5.4,5.4,1000.0
ICBIBANK,2023-04-10,5.4,5.4,5.4,5.4,60.0
ICBIBANK,2023-04-11,5.4,5.4,5.4,5.4,1302.0
ICBIBANK,2023-04-13,5.4,5.4,5.4,5.4,10.0
ICBIBANK,2023-04-24,5.4,5.4,5.4,5.4,100.0
ICBIBANK,2023-04-26,5.4,5.4,5.4,5.4,3.0
ICBIBANK,2023-04-27,5.4,5.4,5.4,5.4,1.0
ICBIBANK,2023-04-30,5.4,5.4,5.4,5.4,25201.0
ICBIBANK,2023-05-02,5.4,5.4,5.4,5.4,1553.0
ICBIBANK,2023-05-07,5.4,5.4,5.4,5.4,1001.0
ICBIBANK,2023-05-15,5.4,5.4,5.4,5.4,220.0
ICBIBANK,2023-05-17,5.4,5.4,5.4,5.4,1.0
ICBIBANK,2023-05-24,5.4,5.4,5.4,5.4,100.0
ICBIBANK,2023-05-30,5.4,5.4,5.4,5.4,220.0
ICBIBANK,2023-06-05,5.4,5.4,5.4,5.4,50.0
ICBIBANK,2023-06-06,5.4,5.4,5.4,5.4,7.0
ICBIBANK,2023-06-08,5.4,5.4,5.4,5.4,100.0
ICBIBANK,2023-06-13,5.4,5.4,5.4,5.4,100.0
ICBIBANK,2023-06-14,5.4,5.4,5.4,5.4,2012.0
ICBIBANK,2023-06-18,5.4,5.4,5.4,5.4,10.0
ICBIBANK,2023-06-19,5.4,5.4,5.4,5.4,200.0
ICBIBANK,2023-06-21,5.4,5.4,5.4,5.4,100.0
ICBIBANK,2023-06-22,5.4,5.4,5.4,5.4,100.0
ICBIBANK,2023-06-25,5.4,5.4,5.4,5.4,2.0
ICBIBANK,2023-07-02,5.4,5.4,5.4,5.4,1455.0
ICBIBANK,2023-07-04,5.4,5.4,5.4,5.4,100.0
ICBIBANK,2023-07-05,5.4,5.4,5.4,5.4,940.0
ICBIBANK,2023-07-06,5.4,5.4,5.4,5.4,6700.0
ICBIBANK,2023-07-12,5.4,5.4,5.4,5.4,10010.0
ICBIBANK,2023-07-13,5.4,5.4,5.4,5.4,1150.0
ICBIBANK,2023-07-16,5.4,5.4,5.4,5.4,1.0
ICBIBANK,2023-07-20,5.4,5.4,5.4,5.4,1000.0
ICBIBANK,2023-07-24,5.4,5.4,5.4,5.4,1000.0
ICBIBANK,2023-07-31,5.4,5.4,5.4,5.4,400.0
ICBIBANK,2023-08-02,5.4,5.4,5.4,5.4,5001.0
ICBIBANK,2023-08-03,5.4,5.4,5.4,5.4,5.0
ICBIBANK,2023-08-06,5.4,5.4,5.4,5.4,20.0
ICBIBANK,2023-08-07,5.4,5.4,5.4,5.4,6.0
ICBIBANK,2023-08-08,5.4,5.4,5.4,5.4,34.0
ICBIBANK,2023-08-13,5.4,5.4,5.4,5.4,102.0
ICBIBANK,2023-08-14,5.4,5.4,5.4,5.4,1.0
ICBIBANK,2023-08-16,5.4,5.4,5.4,5.4,25.0
ICBIBANK,2023-08-21,5.4,5.4,5.4,5.4,180.0
ICBIBANK,2023-08-23,5.4,5.4,5.4,5.4,10.0
ICBIBANK,2023-08-28,5.4,5.4,5.4,5.4,10.0
ICBIBANK,2023-09-05,5.4,5.4,5.4,5.4,200.0
ICBIBANK,2023-09-14,5.4,5.4,5.4,5.4,10.0
ICBIBANK,2023-09-18,5.4,5.4,5.4,5.4,1.0
ICBIBANK,2023-09-19,5.4,5.4,5.4,5.4,5.0
ICBIBANK,2023-09-24,5.4,5.4,5.4,5.4,975.0
ICBIBANK,2023-09-25,5.4,5.4,5.4,5.4,15.0
ICBIBANK,2023-09-27,5.4,5.4,5.4,5.4,2.0
ICBIBANK,2023-10-08,5.4,5.4,5.4,5.4,25010.0
ICBIBANK,2023-10-10,5.4,5.4,5.4,5.4,30.0
ICBIBANK,2023-10-12,5.4,5.4,5.4,5.4,90.0
ICBIBANK,2023-10-15,5.4,5.4,5.4,5.4,501.0
ICBIBANK,2023-10-19,5.4,5.4,5.4,5.4,10.0
ICBIBANK,2023-10-31,5.4,5.4,5.4,5.4,501.0
ICBIBANK,2023-11-05,5.4,5.4,5.4,5.4,1000.0
ICBIBANK,2023-11-08,5.4,5.4,5.4,5.4,30.0
ICBIBANK,2023-11-13,5.4,5.4,5.4,5.4,100.0
ICBIBANK,2023-11-14,5.4,5.4,5.4,5.4,2.0
ICBIBANK,2023-11-23,5.4,5.4,5.4,5.4,60.0
ICBIBANK,2023-11-26,5.4,5.4,5.4,5.4,3748.0
ICBIBANK,2023-11-27,5.4,5.4,5.4,5.4,5000.0
ICBIBANK,2023-11-28,5.4,5.4,5.4,5.4,30.0
ICBIBANK,2023-12-03,5.4,5.4,5.4,5.4,20.0
ICBIBANK,2023-12-04,5.4,5.4,5.4,5.4,100.0
ICBIBANK,2023-12-17,5.4,5.4,5.4,5.4,1.0
ICBIBANK,2023-12-21,5.4,5.4,5.4,5.4,500.0
ICBIBANK,2023-12-24,5.4,5.4,5.4,5.4,1.0
ICBIBANK,2024-01-02,5.4,5.4,5.4,5.4,2001.0
ICBIBANK,2024-01-03,5.4,5.4,5.4,5.4,10.0
ICBIBANK,2024-01-09,5.4,5.4,5.4,5.4,19.0
ICBIBANK,2024-01-10,5.4,5.4,5.4,5.4,130.0
ICBIBANK,2024-01-11,5.4,5.4,5.4,5.4,35.0
ICBIBANK,2024-01-14,5.4,5.4,5.4,5.4,50.0
ICBIBANK,2024-01-16,5.4,5.4,5.4,5.4,66.0
ICBIBANK,2024-01-18,5.4,5.4,5.4,5.4,920.0
ICBIBANK,2024-01-21,4.9,4.9,4.9,4.9,1231.0
ICBIBANK,2024-01-22,4.5,4.5,4.5,4.5,43883.0
ICBIBANK,2024-01-23,4.1,4.4,4.1,4.2,3138238.0
ICBIBANK,2024-01-24,4.1,4.2,4.1,4.1,971844.0
ICBIBANK,2024-01-25,4.1,4.2,4.0,4.0,305635.0
ICBIBANK,2024-01-28,4.0,4.0,3.9,3.9,1138583.0
ICBIBANK,2024-01-29,3.8,4.0,3.8,3.9,721517.0
ICBIBANK,2024-01-30,4.0,4.0,3.8,4.0,312058.0
ICBIBANK,2024-01-31,3.9,4.0,3.9,3.9,461125.0
ICBIBANK,2024-02-01,3.9,4.0,3.9,3.9,550181.0
ICBIBANK,2024-02-04,3.9,4.1,3.9,4.0,723848.0
ICBIBANK,2024-02-05,4.1,4.2,4.0,4.2,668306.0
ICBIBANK,2024-02-06,4.2,4.3,4.1,4.2,969877.0
ICBIBANK,2024-02-07,4.3,4.3,4.1,4.1,919887.0
ICBIBANK,2024-02-08,4.1,4.2,4.1,4.2,469473.0
ICBIBANK,2024-02-11,4.3,4.6,4.2,4.6,1416090.0
ICBIBANK,2024-02-12,5.0,5.0,4.6,4.8,2291499.0
ICBIBANK,2024-02-13,4.8,4.8,4.5,4.6,326699.0
ICBIBANK,2024-02-14,4.4,4.6,4.4,4.5,214387.0
ICBIBANK,2024-02-15,4.4,4.7,4.4,4.5,323589.0
ICBIBANK,2024-02-18,4.3,4.5,4.2,4.3,83066.0
ICBIBANK,2024-02-19,4.3,4.3,4.1,4.1,146242.0
ICBIBANK,2024-02-20,4.1,4.3,4.1,4.2,357186.0
ICBIBANK,2024-02-22,4.2,4.3,4.1,4.2,117562.0
ICBIBANK,2024-02-25,4.2,4.2,4.1,4.1,172991.0
ICBIBANK,2024-02-27,4.2,4.2,4.1,4.1,105912.0
ICBIBANK,2024-02-28,4.2,4.2,4.1,4.1,98172.0
ICBIBANK,2024-02-29,4.1,4.2,4.0,4.1,369517.0
ICBIBANK,2024-03-03,4.2,4.2,4.0,4.0,64571.0
ICBIBANK,2024-03-04,4.1,4.1,4.0,4.0,152549.0
ICBIBANK,2024-03-05,4.2,4.2,4.0,4.2,276511.0
ICBIBANK,2024-03-06,4.2,4.3,4.2,4.3,151833.0
ICBIBANK,2024-03-07,4.3,4.7,4.3,4.6,1642389.0
ICBIBANK,2024-03-10,4.6,4.6,4.4,4.4,331897.0
ICBIBANK,2024-03-11,4.5,4.6,4.4,4.5,331721.0
ICBIBANK,2024-03-12,4.5,4.6,4.3,4.3,197669.0
ICBIBANK,2024-03-13,4.3,4.4,4.3,4.3,197559.0
ICBIBANK,2024-03-14,4.4,4.5,4.1,4.1,340587.0
ICBIBANK,2024-03-18,4.1,4.3,3.8,3.9,641254.0
ICBIBANK,2024-03-19,4.1,4.2,4.0,4.0,758462.0
ICBIBANK,2024-03-20,4.2,4.2,4.0,4.1,135319.0
ICBIBANK,2024-03-21,4.1,4.2,4.0,4.1,88660.0
ICBIBANK,2024-03-24,4.1,4.2,4.0,4.0,181342.0
ICBIBANK,2024-03-25,4.0,4.1,4.0,4.1,234650.0
ICBIBANK,2024-03-27,4.1,4.1,4.0,4.0,318904.0
ICBIBANK,2024-03-28,4.0,4.1,3.9,4.0,277952.0
ICBIBANK,2024-03-31,4.0,4.1,4.0,4.0,71520.0
ICBIBANK,2024-04-01,4.1,4.1,4.0,4.0,65002.0
ICBIBANK,2024-04-02,4.0,4.0,3.9,4.0,258411.0
ICBIBANK,2024-04-03,4.1,4.1,4.0,4.0,91130.0
ICBIBANK,2024-04-04,4.1,4.1,4.0,4.0,238760.0
ICBIBANK,2024-04-08,4.0,4.1,4.0,4.1,79931.0
ICBIBANK,2024-04-09,4.1,4.3,4.0,4.0,183253.0
ICBIBANK,2024-04-15,4.1,4.2,3.9,4.0,342878.0
ICBIBANK,2024-04-16,4.0,4.1,3.8,3.9,860724.0
ICBIBANK,2024-04-17,4.0,4.0,3.9,3.9,121663.0
ICBIBANK,2024-04-18,3.9,3.9,3.8,3.9,777899.0
ICBIBANK,2024-04-21,4.0,4.0,3.9,3.9,411532.0
ICBIBANK,2024-04-22,3.9,4.0,3.8,3.9,527855.0
ICBIBANK,2024-04-23,3.9,4.0,3.8,3.9,471985.0
ICBIBANK,2024-04-24,3.9,3.9,3.8,3.8,142768.0
ICBIBANK,2024-04-25,3.8,3.8,3.7,3.7,393499.0
ICBIBANK,2024-04-28,3.8,3.9,3.8,3.8,229889.0
ICBIBANK,2024-04-29,3.9,3.9,3.7,3.7,1000600.0
ICBIBANK,2024-04-30,3.6,3.8,3.6,3.7,152770.0
ICBIBANK,2024-05-02,3.7,3.9,3.7,3.8,368181.0
ICBIBANK,2024-05-05,3.8,3.9,3.7,3.8,138581.0
ICBIBANK,2024-05-06,3.8,3.8,3.7,3.7,288892.0
ICBIBANK,2024-05-07,3.8,3.9,3.7,3.8,349673.0
ICBIBANK,2024-05-08,3.9,3.9,3.7,3.7,182842.0
ICBIBANK,2024-05-12,3.7,3.8,3.7,3.7,137964.0
ICBIBANK,2024-05-13,3.7,3.8,3.7,3.7,180576.0
ICBIBANK,2024-05-14,3.7,3.8,3.6,3.7,65816.0
ICBIBANK,2024-05-15,3.6,3.7,3.6,3.6,67123.0
ICBIBANK,2024-05-16,3.6,3.9,3.6,3.7,529273.0
ICBIBANK,2024-05-19,3.6,3.7,3.6,3.6,286683.0
ICBIBANK,2024-05-20,3.7,3.7,3.6,3.6,139624.0
ICBIBANK,2024-05-21,3.6,3.7,3.5,3.6,505067.0
ICBIBANK,2024-05-23,3.6,3.7,3.5,3.5,868342.0
ICBIBANK,2024-05-26,3.6,3.6,3.4,3.4,224217.0
ICBIBANK,2024-05-27,3.5,3.5,3.4,3.5,199539.0
ICBIBANK,2024-05-28,3.5,3.6,3.4,3.4,147966.0
ICBIBANK,2024-05-29,3.4,3.5,3.4,3.5,286650.0
ICBIBANK,2024-05-30,3.5,3.6,3.4,3.5,72581.0
ICBIBANK,2024-06-02,3.4,3.5,3.4,3.4,230868.0
ICBIBANK,2024-06-03,3.5,3.5,3.3,3.4,242383.0
ICBIBANK,2024-06-04,3.5,3.5,3.3,3.3,396170.0
ICBIBANK,2024-06-05,3.3,3.4,3.3,3.3,114863.0
ICBIBANK,2024-06-06,3.3,3.4,3.3,3.3,68143.0
ICBIBANK,2024-06-09,3.4,3.4,3.3,3.3,297001.0
ICBIBANK,2024-06-10,3.3,3.4,3.3,3.3,62154.0
ICBIBANK,2024-06-11,3.3,3.4,3.3,3.3,43395.0
ICBIBANK,2024-06-12,3.3,3.4,3.3,3.3,64991.0
ICBIBANK,2024-06-13,3.3,3.5,3.3,3.4,98872.0
ICBIBANK,2024-06-19,3.5,3.5,3.3,3.4,2248.0
ICBIBANK,2024-06-20,3.4,3.4,3.3,3.3,50089.0
ICBIBANK,2024-06-23,3.3,3.4,3.3,3.4,57446.0
ICBIBANK,2024-06-24,3.4,3.4,3.3,3.3,264503.0
ICBIBANK,2024-06-25,3.3,3.4,3.3,3.3,31581.0
ICBIBANK,2024-06-26,3.4,3.4,3.3,3.3,132454.0
ICBIBANK,2024-06-27,3.4,3.4,3.3,3.4,13163.0
ICBIBANK,2024-06-30,3.3,3.4,3.3,3.3,190984.0
ICBIBANK,2024-07-02,3.3,3.4,3.3,3.3,6821.0
ICBIBANK,2024-07-03,3.3,3.4,3.3,3.3,134083.0
ICBIBANK,2024-07-04,3.4,3.4,3.3,3.4,70101.0
ICBIBANK,2024-07-07,3.4,3.5,3.3,3.4,465333.0
ICBIBANK,2024-07-08,3.4,3.5,3.4,3.5,258652.0
ICBIBANK,2024-07-09,3.5,3.5,3.4,3.4,167740.0
ICBIBANK,2024-07-10,3.5,3.5,3.4,3.4,488585.0
ICBIBANK,2024-07-11,3.3,3.4,3.3,3.4,205433.0
ICBIBANK,2024-07-14,3.3,3.4,3.3,3.4,107061.0
ICBIBANK,2024-07-15,3.3,3.4,3.3,3.3,1563621.0
ICBIBANK,2024-07-16,3.3,3.4,3.3,3.3,156090.0
ICBIBANK,2024-07-18,3.3,3.4,3.3,3.3,195121.0
ICBIBANK,2024-07-24,3.3,3.3,3.3,3.3,209975.0
ICBIBANK,2024-07-25,3.3,3.4,3.3,3.3,11599.0
ICBIBANK,2024-07-28,3.3,3.4,3.3,3.3,82306.0
ICBIBANK,2024-07-29,3.3,3.3,3.3,3.3,20113.0
ICBIBANK,2024-07-30,3.3,3.3,3.3,3.3,28864.0
ICBIBANK,2024-07-31,3.3,3.3,3.3,3.3,4140.0
ICBIBANK,2024-08-01,3.3,3.3,3.3,3.3,175980.0
ICBIBANK,2024-08-04,3.3,3.3,3.3,3.3,11215.0
ICBIBANK,2024-08-06,3.3,3.5,3.3,3.3,307990.0
ICBIBANK,2024-08-07,3.3,3.5,3.3,3.5,559856.0
ICBIBANK,2024-08-08,3.5,3.8,3.5,3.8,785558.0
ICBIBANK,2024-08-11,4.1,4.1,3.9,4.1,2082397.0
ICBIBANK,2024-08-12,4.5,4.5,4.0,4.0,1349383.0
ICBIBANK,2024-08-13,4.0,4.0,3.9,3.9,369958.0
ICBIBANK,2024-08-14,4.0,4.2,3.8,4.0,757145.0
ICBIBANK,2024-08-15,4.0,4.1,3.9,3.9,431533.0
ICBIBANK,2024-08-18,3.8,3.9,3.8,3.8,285357.0
ICBIBANK,2024-08-19,3.7,3.9,3.7,3.7,208838.0
ICBIBANK,2024-08-20,3.8,3.8,3.7,3.7,67170.0
ICBIBANK,2024-08-21,3.7,3.7,3.6,3.7,1259857.0
ICBIBANK,2024-08-22,3.7,3.8,3.6,3.6,1166489.0
ICBIBANK,2024-08-25,3.8,3.9,3.6,3.8,705017.0
ICBIBANK,2024-08-27,3.9,3.9,3.7,3.7,784874.0
ICBIBANK,2024-08-28,3.6,3.7,3.6,3.6,1148531.0
ICBIBANK,2024-08-29,3.6,3.7,3.5,3.6,555925.0
ICBIBANK,2024-09-01,3.7,3.7,3.6,3.6,867084.0
ICBIBANK,2024-09-02,3.6,3.6,3.5,3.5,230046.0
ICBIBANK,2024-09-03,3.5,3.6,3.5,3.5,68568.0
ICBIBANK,2024-09-04,3.5,3.6,3.5,3.5,120501.0
ICBIBANK,2024-09-05,3.5,3.6,3.4,3.5,592561.0
ICBIBANK,2024-09-08,3.6,3.6,3.5,3.5,680327.0
ICBIBANK,2024-09-09,3.4,3.5,3.3,3.4,334795.0
ICBIBANK,2024-09-10,3.4,3.5,3.3,3.3,399445.0
ICBIBANK,2024-09-11,3.3,3.5,3.3,3.3,67134.0
ICBIBANK,2024-09-12,3.3,3.5,3.3,3.4,122302.0
ICBIBANK,2024-09-15,3.4,3.4,3.3,3.3,153045.0
ICBIBANK,2024-09-17,3.3,3.5,3.3,3.4,25581.0
ICBIBANK,2024-09-18,3.4,3.4,3.3,3.3,113038.0
ICBIBANK,2024-09-19,3.4,3.4,3.3,3.4,355588.0
ICBIBANK,2024-09-22,3.4,3.5,3.3,3.4,159756.0
ICBIBANK,2024-09-23,3.4,3.5,3.3,3.5,268378.0
ICBIBANK,2024-09-24,3.5,3.6,3.3,3.3,1269531.0
ICBIBANK,2024-09-25,3.4,3.5,3.3,3.4,324692.0
ICBIBANK,2024-09-26,3.4,3.7,3.4,3.7,1922522.0
ICBIBANK,2024-09-29,3.9,3.9,3.5,3.6,599761.0
ICBIBANK,2024-09-30,3.6,3.7,3.5,3.5,208733.0
ICBIBANK,2024-10-01,3.4,3.5,3.4,3.4,44722.0
ICBIBANK,2024-10-02,3.4,3.5,3.4,3.4,211219.0
ICBIBANK,2024-10-03,3.5,3.5,3.3,3.4,325506.0
ICBIBANK,2024-10-06,3.4,3.5,3.4,3.4,199920.0
ICBIBANK,2024-10-07,3.5,3.5,3.3,3.4,244349.0
ICBIBANK,2024-10-08,3.4,3.5,3.3,3.3,75729.0
ICBIBANK,2024-10-09,3.5,3.5,3.3,3.4,48100.0
ICBIBANK,2024-10-14,3.4,3.4,3.3,3.3,52410.0
ICBIBANK,2024-10-15,3.3,3.4,3.3,3.4,88570.0
ICBIBANK,2024-10-16,3.4,3.4,3.3,3.4,85056.0
ICBIBANK,2024-10-17,3.3,3.4,3.3,3.4,267264.0
ICBIBANK,2024-10-20,3.4,3.5,3.3,3.4,280375.0
ICBIBANK,2024-10-21,3.4,3.5,3.3,3.5,219045.0
ICBIBANK,2024-10-22,3.4,3.5,3.4,3.5,27767.0
ICBIBANK,2024-10-23,3.5,3.5,3.4,3.4,49960.0
ICBIBANK,2024-10-24,3.4,3.5,3.3,3.4,46114.0
ICBIBANK,2024-10-27,3.3,3.4,3.2,3.3,263343.0
ICBIBANK,2024-10-28,3.3,3.4,3.2,3.2,29953.0
ICBIBANK,2024-10-29,3.2,3.3,3.2,3.3,84646.0
ICBIBANK,2024-10-30,3.4,3.4,3.3,3.4,94687.0
ICBIBANK,2024-10-31,3.4,3.4,3.3,3.4,132774.0
ICBIBANK,2024-11-03,3.5,3.5,3.3,3.4,35078.0
ICBIBANK,2024-11-04,3.4,3.4,3.3,3.4,4585.0
ICBIBANK,2024-11-05,3.4,3.5,3.3,3.4,145296.0
ICBIBANK,2024-11-06,3.5,3.5,3.3,3.4,22818.0
ICBIBANK,2024-11-07,3.4,3.4,3.3,3.3,16234.0
ICBIBANK,2024-11-10,3.3,3.4,3.3,3.3,92145.0
ICBIBANK,2024-11-11,3.4,3.4,3.0,3.2,330671.0
ICBIBANK,2024-11-12,3.3,3.3,3.2,3.2,31024.0
ICBIBANK,2024-11-13,3.2,3.3,3.1,3.2,77770.0
ICBIBANK,2024-11-14,3.1,3.3,3.1,3.3,105639.0
ICBIBANK,2024-11-17,3.2,3.3,3.2,3.2,40067.0
ICBIBANK,2024-11-18,3.2,3.3,3.1,3.2,76130.0
ICBIBANK,2024-11-19,3.1,3.3,3.1,3.2,109767.0
ICBIBANK,2024-11-20,3.2,3.2,3.1,3.1,23865.0
ICBIBANK,2024-11-21,3.2,3.2,3.1,3.1,39504.0
ICBIBANK,2024-11-24,3.1,3.2,3.1,3.1,173530.0
ICBIBANK,2024-11-25,3.1,3.2,3.1,3.1,189946.0
ICBIBANK,2024-11-26,3.1,3.2,3.1,3.1,7752.0
ICBIBANK,2024-11-27,3.2,3.2,3.1,3.1,12679.0
ICBIBANK,2024-11-28,3.2,3.2,3.1,3.1,61263.0
ICBIBANK,2024-12-01,3.1,3.2,3.0,3.1,181979.0
ICBIBANK,2024-12-02,3.1,3.2,3.1,3.1,3438.0
ICBIBANK,2024-12-03,3.1,3.2,3.0,3.1,60482.0
ICBIBANK,2024-12-04,3.1,3.2,3.0,3.1,241260.0
ICBIBANK,2024-12-05,3.1,3.2,3.0,3.0,74426.0
ICBIBANK,2024-12-08,3.1,3.2,3.0,3.0,299731.0
ICBIBANK,2024-12-09,3.1,3.1,3.0,3.0,559201.0
ICBIBANK,2024-12-10,3.0,3.1,3.0,3.0,46820.0
ICBIBANK,2024-12-11,3.0,3.1,3.0,3.0,9805.0
ICBIBANK,2024-12-12,3.0,3.1,3.0,3.0,162623.0
ICBIBANK,2024-12-15,3.0,3.1,3.0,3.0,27414.0
ICBIBANK,2024-12-17,3.0,3.1,2.9,3.0,56594.0
ICBIBANK,2024-12-18,3.0,3.1,3.0,3.0,71369.0
ICBIBANK,2024-12-19,3.0,3.1,3.0,3.0,50377.0
ICBIBANK,2024-12-22,3.0,3.0,2.9,3.0,166559.0
ICBIBANK,2024-12-23,3.0,3.0,2.9,2.9,119896.0
ICBIBANK,2024-12-24,2.9,3.0,2.9,2.9,4068.0
ICBIBANK,2024-12-26,3.0,3.0,2.9,2.9,8546.0
ICBIBANK,2024-12-29,3.0,3.0,2.9,2.9,19074.0
ICBIBANK,2024-12-30,3.0,3.0,2.9,3.0,36930.0
ICBIBANK,2025-01-01,3.0,3.0,2.9,3.0,39053.0
ICBIBANK,2025-01-02,3.0,3.0,2.9,3.0,21627.0
ICBIBANK,2025-01-05,2.9,3.0,2.9,2.9,73413.0
ICBIBANK,2025-01-06,2.9,3.1,2.9,3.0,318546.0
ICBIBANK,2025-01-07,3.1,3.1,3.0,3.0,713039.0
ICBIBANK,2025-01-08,3.0,3.1,3.0,3.1,150794.0
ICBIBANK,2025-01-09,3.1,3.1,3.0,3.0,25845.0
ICBIBANK,2025-01-12,3.0,3.1,2.9,3.0,75357.0
ICBIBANK,2025-01-13,3.0,3.1,3.0,3.0,69494.0
ICBIBANK,2025-01-14,3.1,3.1,2.9,2.9,3588.0
ICBIBANK,2025-01-15,3.0,3.0,2.9,2.9,228534.0
ICBIBANK,2025-01-16,3.0,3.0,2.9,3.0,192636.0
ICBIBANK,2025-01-19,3.0,3.0,2.9,2.9,21281.0
ICBIBANK,2025-01-20,3.0,3.0,2.9,3.0,22583.0
ICBIBANK,2025-01-21,3.0,3.0,2.9,2.9,21557.0
ICBIBANK,2025-01-22,2.9,3.0,2.9,2.9,48264.0
ICBIBANK,2025-01-23,2.9,3.0,2.9,2.9,110752.0
ICBIBANK,2025-01-26,2.9,3.0,2.9,2.9,162901.0
ICBIBANK,2025-01-27,2.9,3.0,2.9,2.9,187767.0
ICBIBANK,2025-01-28,3.0,3.0,2.9,2.9,15503.0
ICBIBANK,2025-01-29,2.9,3.0,2.9,2.9,42293.0
ICBIBANK,2025-01-30,3.0,3.0,2.9,2.9,53609.0
ICBIBANK,2025-02-02,3.0,3.0,2.8,2.9,67382.0
ICBIBANK,2025-02-03,2.9,2.9,2.8,2.9,184214.0
ICBIBANK,2025-02-04,2.9,3.0,2.8,3.0,134616.0
ICBIBANK,2025-02-05,2.9,3.0,2.9,2.9,39367.0
ICBIBANK,2025-02-06,3.0,3.0,2.9,3.0,50916.0
ICBIBANK,2025-02-09,3.0,3.0,2.9,3.0,33831.0
ICBIBANK,2025-02-10,2.9,3.0,2.9,3.0,361204.0
ICBIBANK,2025-02-11,3.0,3.1,3.0,3.0,168716.0
ICBIBANK,2025-02-12,3.0,3.1,2.9,3.0,70016.0
ICBIBANK,2025-02-13,3.0,3.1,3.0,3.0,119077.0
ICBIBANK,2025-02-16,3.1,3.1,3.0,3.1,73616.0
ICBIBANK,2025-02-17,3.0,3.1,3.0,3.0,7713.0
ICBIBANK,2025-02-18,3.1,3.1,2.9,3.0,27486.0
ICBIBANK,2025-02-19,3.1,3.1,3.0,3.0,9378.0
ICBIBANK,2025-02-20,3.1,3.1,2.9,3.0,7819.0
ICBIBANK,2025-02-23,3.1,3.1,2.9,3.0,20580.0
ICBIBANK,2025-02-24,3.0,3.0,2.9,2.9,38742.0
ICBIBANK,2025-02-25,3.0,3.1,3.0,3.1,325569.0
ICBIBANK,2025-02-26,3.1,3.1,3.0,3.0,60837.0
ICBIBANK,2025-02-27,3.1,3.1,3.0,3.0,89562.0
ICBIBANK,2025-03-02,3.1,3.1,3.0,3.0,16334.0
ICBIBANK,2025-03-03,3.0,3.1,3.0,3.0,280934.0
ICBIBANK,2025-03-04,3.1,3.1,2.9,2.9,719439.0
ICBIBANK,2025-03-05,3.0,3.1,2.9,3.0,185888.0
ICBIBANK,2025-03-06,3.1,3.1,3.0,3.0,88365.0
ICBIBANK,2025-03-09,3.1,3.1,2.9,3.0,78429.0
ICBIBANK,2025-03-10,3.0,3.0,2.9,2.9,112610.0
ICBIBANK,2025-03-11,3.0,3.0,2.9,3.0,169982.0
ICBIBANK,2025-03-12,2.9,3.0,2.9,2.9,82389.0
ICBIBANK,2025-03-13,2.9,3.0,2.9,2.9,84652.0
ICBIBANK,2025-03-16,2.9,3.1,2.9,3.0,455242.0
ICBIBANK,2025-03-17,3.0,3.0,2.9,2.9,5367.0
ICBIBANK,2025-03-18,3.0,3.0,2.9,2.9,12536.0
ICBIBANK,2025-03-19,3.0,3.0,2.9,2.9,178014.0
ICBIBANK,2025-03-20,3.0,3.0,2.9,3.0,48281.0
ICBIBANK,2025-03-23,3.0,3.0,2.9,2.9,30111.0
ICBIBANK,2025-03-24,3.0,3.0,2.9,2.9,82657.0
ICBIBANK,2025-03-25,3.0,3.0,2.8,2.9,311036.0
ICBIBANK,2025-03-27,3.0,3.0,2.9,3.0,40649.0
ICBIBANK,2025-04-06,2.9,3.0,2.9,2.9,25453.0
ICBIBANK,2025-04-07,3.0,3.0,2.9,2.9,127466.0
ICBIBANK,2025-04-08,2.9,3.0,2.9,2.9,137012.0
TUNGHAI,2021-09-13,7.6,7.6,7.2,7.4,437430.0
TUNGHAI,2021-09-14,7.5,7.5,7.1,7.1,711947.0
TUNGHAI,2021-09-15,7.2,7.6,7.1,7.2,237775.0
TUNGHAI,2021-09-16,7.2,7.3,6.9,7.0,447014.0
TUNGHAI,2021-09-19,7.0,7.0,6.5,6.5,656949.0
TUNGHAI,2021-09-20,6.5,7.0,6.5,6.8,442962.0
TUNGHAI,2021-09-21,7.0,7.4,7.0,7.4,778959.0
TUNGHAI,2021-09-22,7.5,7.6,7.3,7.4,528452.0
TUNGHAI,2021-09-23,7.5,7.5,7.3,7.4,703961.0
TUNGHAI,2021-09-26,7.5,7.8,7.4,7.6,826933.0
TUNGHAI,2021-09-27,7.4,7.7,7.3,7.4,296665.0
TUNGHAI,2021-09-28,7.4,7.4,7.1,7.1,272908.0
TUNGHAI,2021-09-29,7.1,7.2,6.9,7.0,451689.0
TUNGHAI,2021-09-30,7.0,7.0,6.9,6.9,234688.0
TUNGHAI,2021-10-01,3.6,3.6,3.4,3.6,128369.0
TUNGHAI,2021-10-02,3.0,3.0,2.9,3.0,20491.0
TUNGHAI,2021-10-03,3.0,3.0,2.8,2.9,146539.0
TUNGHAI,2021-10-06,3.3,3.6,3.3,3.6,2549904.0
TUNGHAI,2021-10-08,6.7,7.0,6.5,7.0,1441630.0
TUNGHAI,2021-10-10,6.9,7.4,6.8,7.2,869050.0
TUNGHAI,2021-10-11,6.0,6.4,6.0,6.3,402544.0
TUNGHAI,2021-10-13,7.2,7.3,6.5,6.6,368973.0
TUNGHAI,2021-10-14,6.6,7.0,6.6,6.8,191845.0
TUNGHAI,2021-10-17,7.0,7.1,6.7,6.7,256976.0
TUNGHAI,2021-10-18,6.7,6.8,6.6,6.7,297164.0
TUNGHAI,2021-10-19,6.8,7.0,6.6,6.6,136128.0
TUNGHAI,2021-10-21,6.6,6.7,6.4,6.6,190990.0
TUNGHAI,2021-10-24,6.7,6.7,6.0,6.1,132921.0
TUNGHAI,2021-10-25,6.3,6.3,5.5,5.6,602386.0
TUNGHAI,2021-10-26,5.6,6.1,5.6,6.1,202021.0
TUNGHAI,2021-10-27,6.2,6.7,6.2,6.4,295707.0
TUNGHAI,2021-10-28,6.4,6.4,5.9,6.2,213576.0
TUNGHAI,2021-10-31,6.2,6.3,6.0,6.1,292067.0
TUNGHAI,2021-11-01,3.6,3.8,3.5,3.6,200668.0
TUNGHAI,2021-11-02,2.9,3.0,2.8,2.9,44953.0
TUNGHAI,2021-11-03,2.9,3.0,2.8,2.9,82026.0
TUNGHAI,2021-11-04,2.7,2.7,2.6,2.7,40088.0
TUNGHAI,2021-11-05,2.8,2.9,2.8,2.9,112596.0
TUNGHAI,2021-11-08,7.2,7.4,7.0,7.4,1524625.0
TUNGHAI,2021-11-10,7.4,7.6,7.3,7.3,576536.0
TUNGHAI,2021-11-11,6.1,6.4,6.0,6.0,194013.0
TUNGHAI,2021-11-14,6.0,6.3,5.9,6.0,263816.0
TUNGHAI,2021-11-15,6.0,6.1,5.8,5.9,64320.0
TUNGHAI,2021-11-16,6.0,6.0,5.8,5.8,75406.0
TUNGHAI,2021-11-17,6.1,6.2,5.8,6.0,293274.0
TUNGHAI,2021-11-18,6.2,6.6,6.2,6.6,1266047.0
TUNGHAI,2021-11-21,7.1,7.2,7.1,7.2,535592.0
TUNGHAI,2021-11-22,7.6,7.6,7.0,7.1,1244492.0
TUNGHAI,2021-11-23,7.3,7.4,6.5,7.0,725806.0
TUNGHAI,2021-11-24,7.3,7.4,6.9,7.0,769024.0
TUNGHAI,2021-11-25,7.1,7.3,6.8,7.2,779381.0
TUNGHAI,2021-11-28,7.3,7.3,6.8,7.0,365018.0
TUNGHAI,2021-11-29,7.0,7.1,6.8,6.9,257486.0
TUNGHAI,2021-11-30,7.0,7.1,6.7,6.8,515664.0
TUNGHAI,2021-12-01,3.7,3.9,3.6,3.9,1255879.0
TUNGHAI,2021-12-04,2.6,2.8,2.6,2.6,65398.0
TUNGHAI,2021-12-05,2.9,3.0,2.8,3.0,294078.0
TUNGHAI,2021-12-07,6.0,6.6,5.9,6.6,1810455.0
TUNGHAI,2021-12-08,7.5,7.8,7.3,7.7,1969800.0
TUNGHAI,2021-12-09,7.7,7.8,7.4,7.4,644611.0
TUNGHAI,2021-12-10,7.1,7.4,7.0,7.1,120397.0
TUNGHAI,2021-12-12,6.2,6.4,6.2,6.2,101205.0
TUNGHAI,2021-12-13,6.2,6.3,6.1,6.2,69292.0
TUNGHAI,2021-12-14,6.3,6.4,6.1,6.3,295321.0
TUNGHAI,2021-12-15,6.4,6.4,6.0,6.1,270503.0
TUNGHAI,2021-12-19,6.0,6.1,5.8,5.9,171195.0
TUNGHAI,2021-12-21,5.9,6.0,5.8,5.8,154862.0
TUNGHAI,2021-12-22,6.0,6.0,5.8,5.8,107681.0
TUNGHAI,2021-12-23,5.9,5.9,5.7,5.7,75955.0
TUNGHAI,2021-12-26,5.9,5.9,5.5,5.5,172179.0
TUNGHAI,2021-12-27,5.7,5.7,5.5,5.6,83135.0
TUNGHAI,2021-12-28,5.9,6.0,5.8,5.8,183327.0
TUNGHAI,2021-12-29,5.9,6.1,5.9,6.0,322367.0
TUNGHAI,2021-12-30,5.9,6.2,5.8,6.1,137450.0
TUNGHAI,2022-01-02,6.2,6.3,6.1,6.2,25750.0
TUNGHAI,2022-01-03,6.3,6.4,6.1,6.1,185964.0
TUNGHAI,2022-01-06,5.6,5.6,5.5,5.6,123583.0
TUNGHAI,2022-01-13,6.5,6.8,6.4,6.5,181329.0
TUNGHAI,2022-01-16,6.7,6.7,6.6,6.7,213453.0
TUNGHAI,2022-01-17,6.7,7.3,6.6,7.1,1784704.0
TUNGHAI,2022-01-18,7.0,7.1,6.8,6.8,170510.0
TUNGHAI,2022-01-19,6.7,7.0,6.7,6.8,162774.0
TUNGHAI,2022-01-20,6.8,6.9,6.6,6.6,315156.0
TUNGHAI,2022-01-23,6.6,6.7,6.4,6.5,139152.0
TUNGHAI,2022-01-24,6.8,6.8,6.4,6.4,93945.0
TUNGHAI,2022-01-25,6.7,6.7,6.2,6.4,96130.0
TUNGHAI,2022-01-26,6.7,6.7,6.3,6.3,191341.0
TUNGHAI,2022-01-27,6.3,6.5,6.2,6.3,112522.0
TUNGHAI,2022-01-30,6.3,6.3,6.1,6.1,106519.0
TUNGHAI,2022-01-31,6.1,6.3,6.0,6.1,44502.0
TUNGHAI,2022-02-01,6.0,6.4,6.0,6.2,319073.0
TUNGHAI,2022-02-02,6.5,6.5,6.3,6.3,113373.0
TUNGHAI,2022-02-03,6.3,6.4,6.0,6.2,202882.0
TUNGHAI,2022-02-06,5.6,5.8,5.6,5.7,94599.0
TUNGHAI,2022-02-13,6.8,6.8,6.3,6.6,220999.0
TUNGHAI,2022-02-14,6.3,6.6,6.2,6.4,112270.0
TUNGHAI,2022-02-15,6.4,6.4,6.2,6.3,88980.0
TUNGHAI,2022-02-16,6.4,6.4,6.3,6.3,84180.0
TUNGHAI,2022-02-17,6.3,6.4,6.3,6.4,56301.0
TUNGHAI,2022-02-20,6.3,6.4,6.1,6.2,127950.0
TUNGHAI,2022-02-22,6.3,6.4,6.1,6.2,124355.0
TUNGHAI,2022-02-23,6.4,6.8,6.2,6.7,276511.0
TUNGHAI,2022-02-24,6.5,6.6,6.2,6.3,249918.0
TUNGHAI,2022-02-27,6.2,6.2,6.0,6.1,229428.0
TUNGHAI,2022-02-28,6.1,6.3,6.1,6.2,92133.0
TUNGHAI,2022-03-01,6.3,6.5,6.2,6.4,224557.0
TUNGHAI,2022-03-02,6.3,6.5,6.2,6.2,103938.0
TUNGHAI,2022-03-03,6.1,6.3,6.1,6.1,192157.0
TUNGHAI,2022-03-04,6.1,6.1,5.9,5.9,24318.0
TUNGHAI,2022-03-07,5.4,5.4,5.3,5.3,101512.0
TUNGHAI,2022-03-13,6.2,6.2,6.1,6.2,85596.0
TUNGHAI,2022-03-14,6.2,6.2,6.1,6.1,169004.0
TUNGHAI,2022-03-15,6.2,6.2,6.0,6.0,368839.0
TUNGHAI,2022-03-16,6.1,6.2,6.1,6.2,56064.0
TUNGHAI,2022-03-20,6.2,6.2,6.1,6.1,48104.0
TUNGHAI,2022-03-21,6.1,6.2,6.0,6.0,174069.0
TUNGHAI,2022-03-22,6.1,6.2,6.0,6.1,20951.0
TUNGHAI,2022-03-23,6.1,6.2,6.0,6.0,187622.0
TUNGHAI,2022-03-24,6.0,6.1,6.0,6.1,77847.0
TUNGHAI,2022-03-27,6.1,6.1,6.0,6.0,96428.0
TUNGHAI,2022-03-28,6.0,6.1,5.9,6.0,106694.0
TUNGHAI,2022-03-29,6.0,6.1,6.0,6.0,29662.0
TUNGHAI,2022-03-30,6.0,6.1,6.0,6.0,155755.0
TUNGHAI,2022-03-31,6.1,6.1,5.9,5.9,138717.0
TUNGHAI,2022-04-01,6.3,6.4,6.2,6.3,86700.0
TUNGHAI,2022-04-04,5.9,6.0,5.9,5.9,19289.0
TUNGHAI,2022-04-07,5.2,5.4,5.2,5.3,40431.0
TUNGHAI,2022-04-13,5.9,5.9,5.7,5.8,43897.0
TUNGHAI,2022-04-17,5.8,6.0,5.7,5.7,72774.0
TUNGHAI,2022-04-18,5.7,5.7,5.6,5.6,103397.0
TUNGHAI,2022-04-19,5.5,5.7,5.5,5.6,37738.0
TUNGHAI,2022-04-20,5.8,5.8,5.7,5.7,20579.0
TUNGHAI,2022-04-21,5.9,5.9,5.5,5.8,132312.0
TUNGHAI,2022-04-24,6.0,6.0,5.8,5.8,35671.0
TUNGHAI,2022-04-25,5.9,5.9,5.7,5.8,97464.0
TUNGHAI,2022-04-26,5.9,5.9,5.7,5.8,33742.0
TUNGHAI,2022-04-27,5.8,5.9,5.8,5.8,12183.0
TUNGHAI,2022-04-28,6.0,6.0,5.7,5.8,45832.0
TUNGHAI,2022-05-01,6.2,6.5,6.2,6.4,171043.0
TUNGHAI,2022-05-04,6.0,6.0,5.9,5.9,33168.0
TUNGHAI,2022-05-05,5.8,5.8,5.6,5.7,17985.0
TUNGHAI,2022-05-06,5.7,5.8,5.6,5.7,176492.0
TUNGHAI,2022-05-07,5.3,5.5,5.3,5.4,104229.0
TUNGHAI,2022-05-16,5.6,5.7,5.4,5.4,273212.0
TUNGHAI,2022-05-17,5.7,5.7,5.2,5.2,70052.0
TUNGHAI,2022-05-18,5.2,5.5,5.2,5.2,68671.0
TUNGHAI,2022-05-19,5.5,5.5,5.2,5.3,21915.0
TUNGHAI,2022-05-22,5.4,5.4,5.1,5.2,120948.0
TUNGHAI,2022-05-23,5.3,5.4,5.2,5.4,175570.0
TUNGHAI,2022-05-24,5.7,5.7,5.2,5.5,188610.0
TUNGHAI,2022-05-25,5.6,5.6,5.3,5.4,38066.0
TUNGHAI,2022-05-26,5.6,5.6,5.3,5.4,33991.0
TUNGHAI,2022-05-29,5.9,5.9,5.3,5.4,64714.0
TUNGHAI,2022-05-30,5.4,5.6,5.4,5.4,101101.0
TUNGHAI,2022-05-31,5.3,5.6,5.3,5.5,44231.0
TUNGHAI,2022-06-01,6.4,6.9,6.3,6.8,643988.0
TUNGHAI,2022-06-02,6.2,6.4,6.1,6.1,94620.0
TUNGHAI,2022-06-03,6.2,6.3,6.1,6.2,112321.0
TUNGHAI,2022-06-04,5.8,5.9,5.8,5.8,46474.0
TUNGHAI,2022-06-06,5.8,5.8,5.6,5.6,17672.0
TUNGHAI,2022-06-07,5.3,5.5,5.3,5.3,85132.0
TUNGHAI,2022-06-13,5.9,5.9,5.5,5.6,202903.0
TUNGHAI,2022-06-14,5.6,5.6,5.5,5.5,71147.0
TUNGHAI,2022-06-15,5.7,5.7,5.5,5.6,62477.0
TUNGHAI,2022-06-16,5.5,5.6,5.5,5.5,120930.0
TUNGHAI,2022-06-19,5.4,5.5,5.4,5.4,97023.0
TUNGHAI,2022-06-20,5.5,5.5,5.3,5.3,134653.0
TUNGHAI,2022-06-21,5.2,5.3,5.2,5.2,179546.0
TUNGHAI,2022-06-22,5.7,5.7,5.1,5.2,316483.0
TUNGHAI,2022-06-23,5.5,5.5,5.1,5.2,117358.0
TUNGHAI,2022-06-26,5.4,5.4,5.1,5.2,32514.0
TUNGHAI,2022-06-27,5.4,5.4,5.1,5.2,130395.0
TUNGHAI,2022-06-28,5.2,5.4,5.2,5.3,60825.0
TUNGHAI,2022-06-29,5.4,5.5,5.2,5.4,102388.0
TUNGHAI,2022-06-30,5.3,5.5,5.3,5.4,58903.0
TUNGHAI,2022-07-02,6.4,6.4,6.1,6.1,63576.0
TUNGHAI,2022-07-03,6.2,6.2,5.9,6.0,323397.0
TUNGHAI,2022-07-04,6.0,6.0,5.7,5.8,8816.0
TUNGHAI,2022-07-06,5.6,5.7,5.5,5.6,76512.0
TUNGHAI,2022-07-07,5.5,5.6,5.4,5.6,335552.0
TUNGHAI,2022-07-13,5.9,6.0,5.7,5.7,169216.0
TUNGHAI,2022-07-14,5.6,5.9,5.6,5.8,269132.0
TUNGHAI,2022-07-17,5.7,6.2,5.7,6.0,707624.0
TUNGHAI,2022-07-18,6.1,6.2,5.9,5.9,162853.0
TUNGHAI,2022-07-19,5.8,5.9,5.8,5.8,259327.0
TUNGHAI,2022-07-20,6.2,6.2,5.7,5.8,447211.0
TUNGHAI,2022-07-21,6.1,6.1,5.8,5.9,256246.0
TUNGHAI,2022-07-24,5.9,6.0,5.8,5.8,202068.0
TUNGHAI,2022-07-25,5.7,5.9,5.7,5.8,368719.0
TUNGHAI,2022-07-26,6.3,6.3,5.7,5.8,195185.0
TUNGHAI,2022-07-27,5.7,5.9,5.7,5.8,68159.0
TUNGHAI,2022-07-28,5.9,5.9,5.7,5.8,113667.0
TUNGHAI,2022-07-31,5.8,6.3,5.8,6.2,965367.0
TUNGHAI,2022-08-01,6.4,6.4,6.1,6.3,428652.0
TUNGHAI,2022-08-02,6.5,6.8,6.2,6.5,647005.0
TUNGHAI,2022-08-03,6.8,6.9,6.4,6.5,1035721.0
TUNGHAI,2022-08-04,6.6,6.7,6.3,6.4,154510.0
TUNGHAI,2022-08-05,5.8,5.8,5.6,5.7,61729.0
TUNGHAI,2022-08-06,6.1,6.1,5.5,5.5,68067.0
TUNGHAI,2022-08-07,6.3,6.3,6.1,6.2,266000.0
TUNGHAI,2022-08-08,6.5,6.5,6.1,6.2,202778.0
TUNGHAI,2022-08-10,6.2,6.2,5.8,5.9,221532.0
TUNGHAI,2022-08-11,6.1,6.1,5.9,5.9,91163.0
TUNGHAI,2022-08-14,5.9,6.2,5.9,6.1,153895.0
TUNGHAI,2022-08-16,6.0,6.1,5.9,6.0,113805.0
TUNGHAI,2022-08-17,6.0,6.2,6.0,6.1,46523.0
TUNGHAI,2022-08-21,6.0,6.1,5.9,6.0,107332.0
TUNGHAI,2022-08-22,6.0,6.0,5.9,6.0,131025.0
TUNGHAI,2022-08-23,6.0,6.1,5.8,6.0,275596.0
TUNGHAI,2022-08-24,6.0,6.0,5.8,5.9,302303.0
TUNGHAI,2022-08-25,5.9,6.0,5.8,5.9,260802.0
TUNGHAI,2022-08-28,5.9,6.0,5.8,5.8,825325.0
TUNGHAI,2022-08-29,5.9,5.9,5.8,5.8,184075.0
TUNGHAI,2022-08-30,5.8,5.8,5.8,5.8,111980.0
TUNGHAI,2022-08-31,5.8,6.1,5.8,5.9,601477.0
TUNGHAI,2022-09-01,5.9,6.1,5.8,5.9,179492.0
TUNGHAI,2022-09-02,6.3,6.4,6.1,6.3,186205.0
TUNGHAI,2022-09-03,6.1,6.2,6.0,6.1,168183.0
TUNGHAI,2022-09-04,5.9,6.0,5.8,5.8,82686.0
TUNGHAI,2022-09-05,5.9,5.9,5.8,5.8,556555.0
TUNGHAI,2022-09-06,5.8,5.9,5.8,5.8,83509.0
TUNGHAI,2022-09-07,5.8,5.8,5.8,5.8,216236.0
TUNGHAI,2022-09-08,5.8,5.8,5.8,5.8,28970.0
TUNGHAI,2022-09-11,5.8,5.8,5.8,5.8,13804.0
TUNGHAI,2022-09-12,5.8,5.8,5.8,5.8,24779.0
TUNGHAI,2022-09-13,5.8,5.8,5.8,5.8,1739.0
TUNGHAI,2022-09-14,5.8,5.8,5.8,5.8,108.0
TUNGHAI,2022-09-15,5.8,5.8,5.8,5.8,351.0
TUNGHAI,2022-09-18,5.8,5.8,5.8,5.8,3025.0
TUNGHAI,2022-09-19,5.8,5.8,5.8,5.8,1050.0
TUNGHAI,2022-09-20,5.8,5.8,5.8,5.8,865.0
TUNGHAI,2022-09-21,5.8,5.8,5.8,5.8,33423.0
TUNGHAI,2022-09-22,5.8,5.8,5.8,5.8,11846.0
TUNGHAI,2022-09-25,5.8,5.8,5.8,5.8,1002.0
TUNGHAI,2022-09-26,5.8,5.8,5.8,5.8,25453.0
TUNGHAI,2022-09-27,5.8,5.8,5.8,5.8,4565.0
TUNGHAI,2022-09-28,5.8,5.8,5.8,5.8,2278.0
TUNGHAI,2022-09-29,5.8,5.8,5.8,5.8,2000.0
TUNGHAI,2022-10-01,6.9,6.9,6.4,6.4,159874.0
TUNGHAI,2022-10-02,5.8,5.8,5.8,5.8,9274.0
TUNGHAI,2022-10-03,5.8,5.8,5.8,5.8,74583.0
TUNGHAI,2022-10-04,5.8,5.8,5.8,5.8,112.0
TUNGHAI,2022-10-05,5.8,5.9,5.7,5.8,85761.0
TUNGHAI,2022-10-10,5.8,5.8,5.8,5.8,894.0
TUNGHAI,2022-10-11,5.8,5.8,5.8,5.8,1022.0
TUNGHAI,2022-10-12,5.8,5.8,5.8,5.8,1.0
TUNGHAI,2022-10-13,5.8,5.8,5.8,5.8,1490.0
TUNGHAI,2022-10-18,5.8,5.8,5.8,5.8,211.0
TUNGHAI,2022-10-19,5.8,5.8,5.8,5.8,1923.0
TUNGHAI,2022-10-20,5.8,5.8,5.8,5.8,11.0
TUNGHAI,2022-10-23,5.8,5.8,5.8,5.8,50.0
TUNGHAI,2022-10-24,5.8,5.8,5.8,5.8,5.0
TUNGHAI,2022-10-25,5.8,5.8,5.8,5.8,1.0
TUNGHAI,2022-10-26,5.8,5.8,5.8,5.8,29404.0
TUNGHAI,2022-10-27,5.8,5.8,5.8,5.8,144.0
TUNGHAI,2022-10-30,5.8,5.8,5.8,5.8,200.0
TUNGHAI,2022-10-31,5.8,5.8,5.8,5.8,3.0
TUNGHAI,2022-11-01,5.8,5.8,5.8,5.8,6.0
TUNGHAI,2022-11-02,5.8,5.8,5.8,5.8,8.0
TUNGHAI,2022-11-03,5.8,5.8,5.8,5.8,1909.0
TUNGHAI,2022-11-04,6.0,6.0,5.8,5.8,69883.0
TUNGHAI,2022-11-05,5.8,5.8,5.7,5.7,65854.0
TUNGHAI,2022-11-06,5.8,5.8,5.8,5.8,103.0
TUNGHAI,2022-11-07,5.8,5.8,5.8,5.8,3.0
TUNGHAI,2022-11-08,5.8,5.8,5.8,5.8,5.0
TUNGHAI,2022-11-10,5.8,5.8,5.8,5.8,21.0
TUNGHAI,2022-11-13,5.8,5.8,5.8,5.8,50.0
TUNGHAI,2022-11-14,5.8,5.8,5.8,5.8,1.0
TUNGHAI,2022-11-16,5.8,5.8,5.8,5.8,6.0
TUNGHAI,2022-11-22,5.8,5.8,5.8,5.8,123.0
TUNGHAI,2022-11-23,5.8,5.8,5.8,5.8,5.0
TUNGHAI,2022-11-30,5.8,5.8,5.8,5.8,5.0
TUNGHAI,2022-12-01,6.5,6.9,6.3,6.5,657280.0
TUNGHAI,2022-12-04,5.9,5.9,5.7,5.8,25113.0
TUNGHAI,2022-12-05,5.8,5.8,5.6,5.6,253138.0
TUNGHAI,2022-12-06,5.3,5.5,5.3,5.4,13293.0
TUNGHAI,2022-12-07,5.6,5.9,5.6,5.8,384383.0
TUNGHAI,2022-12-13,5.8,5.8,5.8,5.8,5500.0
TUNGHAI,2022-12-14,5.8,5.8,5.8,5.8,10.0
TUNGHAI,2022-12-15,5.8,5.8,5.8,5.8,4155.0
TUNGHAI,2022-12-19,5.8,5.8,5.8,5.8,1000.0
TUNGHAI,2022-12-20,5.8,5.8,5.8,5.8,20.0
TUNGHAI,2022-12-22,5.8,5.8,5.8,5.8,240.0
TUNGHAI,2022-12-26,5.8,5.8,5.8,5.8,102.0
TUNGHAI,2022-12-27,5.8,5.8,5.8,5.8,951.0
TUNGHAI,2022-12-28,5.8,5.8,5.8,5.8,1.0
TUNGHAI,2022-12-29,5.8,5.8,5.8,5.8,51.0
TUNGHAI,2023-01-01,5.8,5.8,5.8,5.8,344.0
TUNGHAI,2023-01-04,5.8,5.8,5.8,5.8,670.0
TUNGHAI,2023-01-10,5.8,5.8,5.8,5.8,6600.0
TUNGHAI,2023-01-12,5.8,5.8,5.8,5.8,513.0
TUNGHAI,2023-01-17,5.8,5.8,5.8,5.8,1420.0
TUNGHAI,2023-01-23,5.8,5.8,5.8,5.8,500.0
TUNGHAI,2023-01-25,5.8,5.8,5.8,5.8,402.0
TUNGHAI,2023-02-01,5.8,5.8,5.8,5.8,1.0
TUNGHAI,2023-02-07,5.8,5.8,5.8,5.8,1.0
TUNGHAI,2023-02-08,5.8,5.8,5.8,5.8,401.0
TUNGHAI,2023-02-09,5.8,5.8,5.8,5.8,257.0
TUNGHAI,2023-02-12,5.8,5.8,5.8,5.8,1001.0
TUNGHAI,2023-02-13,5.8,5.8,5.8,5.8,25.0
TUNGHAI,2023-02-15,5.8,5.8,5.8,5.8,2.0
TUNGHAI,2023-02-20,5.8,5.8,5.8,5.8,1.0
TUNGHAI,2023-02-27,5.8,5.8,5.8,5.8,150.0
TUNGHAI,2023-02-28,5.8,5.8,5.8,5.8,8.0
TUNGHAI,2023-03-01,5.8,5.8,5.8,5.8,153.0
TUNGHAI,2023-03-07,5.8,5.8,5.8,5.8,3000.0
TUNGHAI,2023-03-09,5.8,5.8,5.8,5.8,2130.0
TUNGHAI,2023-03-21,5.8,5.8,5.8,5.8,744897.0
TUNGHAI,2023-03-22,5.8,5.8,5.8,5.8,5000.0
TUNGHAI,2023-03-23,5.8,5.8,5.8,5.8,30.0
TUNGHAI,2023-03-28,5.8,5.8,5.8,5.8,4.0
TUNGHAI,2023-03-30,5.8,5.8,5.8,5.8,131156.0
TUNGHAI,2023-04-05,5.8,5.8,5.8,5.8,1.0
TUNGHAI,2023-04-09,5.8,5.8,5.8,5.8,6.0
TUNGHAI,2023-04-16,5.8,5.8,5.8,5.8,59.0
TUNGHAI,2023-04-18,5.8,5.8,5.8,5.8,49.0
TUNGHAI,2023-04-25,5.8,5.8,5.8,5.8,144.0
TUNGHAI,2023-04-30,5.8,5.8,5.8,5.8,680.0
TUNGHAI,2023-05-02,5.8,5.8,5.8,5.8,247.0
TUNGHAI,2023-05-08,5.8,5.8,5.8,5.8,3.0
TUNGHAI,2023-05-21,5.8,5.8,5.8,5.8,50.0
TUNGHAI,2023-05-24,5.8,5.8,5.8,5.8,854.0
TUNGHAI,2023-05-29,5.8,5.8,5.8,5.8,2000.0
TUNGHAI,2023-05-30,5.8,5.8,5.8,5.8,38.0
TUNGHAI,2023-06-01,5.8,5.8,5.8,5.8,2.0
TUNGHAI,2023-06-04,5.8,5.8,5.8,5.8,1000.0
TUNGHAI,2023-06-05,5.8,5.8,5.8,5.8,1670.0
TUNGHAI,2023-06-07,5.8,5.8,5.8,5.8,76.0
TUNGHAI,2023-06-08,5.8,5.8,5.8,5.8,30.0
TUNGHAI,2023-06-11,5.8,5.8,5.8,5.8,25.0
TUNGHAI,2023-06-14,5.8,5.8,5.8,5.8,3500.0
TUNGHAI,2023-06-18,5.8,5.8,5.8,5.8,4052.0
TUNGHAI,2023-06-20,5.8,5.8,5.8,5.8,1265.0
TUNGHAI,2023-06-22,5.8,5.8,5.8,5.8,1.0
TUNGHAI,2023-06-26,5.8,5.8,5.8,5.8,2557.0
TUNGHAI,2023-07-02,5.8,5.8,5.8,5.8,9721.0
TUNGHAI,2023-07-03,5.8,5.8,5.8,5.8,22390.0
TUNGHAI,2023-07-04,5.8,5.8,5.8,5.8,1055.0
TUNGHAI,2023-07-05,5.8,5.8,5.8,5.8,5785.0
TUNGHAI,2023-07-06,5.8,5.8,5.8,5.8,140852.0
TUNGHAI,2023-07-09,5.8,5.8,5.8,5.8,50910.0
TUNGHAI,2023-07-10,5.8,5.8,5.8,5.8,32935.0
TUNGHAI,2023-07-11,5.8,5.8,5.8,5.8,385897.0
TUNGHAI,2023-07-12,5.8,5.8,5.8,5.8,26337.0
TUNGHAI,2023-07-13,5.8,5.8,5.8,5.8,40786.0
TUNGHAI,2023-07-16,5.8,5.8,5.8,5.8,24340.0
TUNGHAI,2023-07-17,5.8,5.8,5.8,5.8,510.0
TUNGHAI,2023-07-18,5.8,5.8,5.8,5.8,1005.0
TUNGHAI,2023-07-19,5.8,5.8,5.8,5.8,1035.0
TUNGHAI,2023-07-20,5.8,5.8,5.8,5.8,3005.0
TUNGHAI,2023-07-23,5.8,5.8,5.8,5.8,83.0
TUNGHAI,2023-07-24,5.8,5.8,5.8,5.8,8600.0
TUNGHAI,2023-07-25,5.8,5.8,5.8,5.8,2009.0
TUNGHAI,2023-07-27,5.8,5.8,5.8,5.8,1320.0
TUNGHAI,2023-08-03,5.8,5.8,5.8,5.8,200.0
TUNGHAI,2023-08-13,5.8,5.8,5.8,5.8,100.0
TUNGHAI,2023-08-14,5.8,5.8,5.8,5.8,1.0
TUNGHAI,2023-08-23,5.8,5.8,5.8,5.8,5.0
TUNGHAI,2023-08-27,5.8,5.8,5.8,5.8,521.0
TUNGHAI,2023-08-28,5.8,5.8,5.8,5.8,8001.0
TUNGHAI,2023-08-29,5.8,5.8,5.8,5.8,1012.0
TUNGHAI,2023-08-30,5.8,5.8,5.8,5.8,1.0
TUNGHAI,2023-08-31,5.8,5.8,5.8,5.8,1.0
TUNGHAI,2023-09-03,5.8,5.8,5.8,5.8,174.0
TUNGHAI,2023-09-05,5.8,5.8,5.8,5.8,1.0
TUNGHAI,2023-09-17,5.8,5.8,5.8,5.8,1.0
TUNGHAI,2023-09-18,5.8,5.8,5.8,5.8,1.0
TUNGHAI,2023-09-20,5.8,5.8,5.8,5.8,4.0
TUNGHAI,2023-09-21,5.8,5.8,5.8,5.8,200.0
TUNGHAI,2023-09-25,5.8,5.8,5.8,5.8,2000.0
TUNGHAI,2023-10-22,5.8,5.8,5.8,5.8,1.0
TUNGHAI,2023-10-25,5.8,5.8,5.8,5.8,4000.0
TUNGHAI,2023-10-30,5.8,5.8,5.8,5.8,10.0
TUNGHAI,2023-10-31,5.8,5.8,5.8,5.8,80.0
TUNGHAI,2023-11-02,5.8,5.8,5.8,5.8,3100.0
TUNGHAI,2023-11-06,5.8,5.8,5.8,5.8,1084650.0
TUNGHAI,2023-11-07,5.8,5.8,5.8,5.8,6800.0
TUNGHAI,2023-11-09,5.8,5.8,5.8,5.8,10072.0
TUNGHAI,2023-11-12,5.8,5.8,5.8,5.8,1000.0
TUNGHAI,2023-11-13,5.8,5.8,5.8,5.8,1382.0
TUNGHAI,2023-11-15,5.8,5.8,5.8,5.8,4.0
TUNGHAI,2023-11-16,5.8,5.8,5.8,5.8,33966.0
TUNGHAI,2023-11-19,5.8,5.8,5.8,5.8,200.0
TUNGHAI,2023-11-20,5.8,5.8,5.8,5.8,4155.0
TUNGHAI,2023-11-21,5.8,5.8,5.8,5.8,1600.0
TUNGHAI,2023-11-22,5.8,5.8,5.8,5.8,2291.0
TUNGHAI,2023-11-23,5.8,5.8,5.8,5.8,10.0
TUNGHAI,2023-11-26,5.8,5.8,5.8,5.8,1455.0
TUNGHAI,2023-11-27,5.8,5.8,5.8,5.8,3600.0
TUNGHAI,2023-11-28,5.8,5.8,5.8,5.8,200.0
TUNGHAI,2023-11-29,5.8,5.8,5.8,5.8,600.0
TUNGHAI,2023-11-30,5.8,5.8,5.8,5.8,1400.0
TUNGHAI,2023-12-03,5.8,5.8,5.8,5.8,10.0
TUNGHAI,2023-12-04,5.8,5.8,5.8,5.8,30.0
TUNGHAI,2023-12-05,5.8,5.8,5.8,5.8,10.0
TUNGHAI,2023-12-06,5.8,5.8,5.8,5.8,1000.0
TUNGHAI,2023-12-10,5.8,5.8,5.8,5.8,130.0
TUNGHAI,2023-12-12,5.8,5.8,5.8,5.8,7010.0
TUNGHAI,2023-12-13,5.8,5.8,5.8,5.8,8000.0
TUNGHAI,2023-12-17,5.8,5.8,5.8,5.8,303.0
TUNGHAI,2023-12-18,5.8,5.8,5.8,5.8,1526714.0
TUNGHAI,2023-12-19,5.8,5.8,5.8,5.8,85450.0
TUNGHAI,2023-12-20,5.8,5.8,5.8,5.8,3500.0
TUNGHAI,2023-12-21,5.8,5.8,5.8,5.8,19840.0
TUNGHAI,2023-12-24,5.8,5.8,5.8,5.8,380.0
TUNGHAI,2023-12-27,5.8,5.8,5.8,5.8,300.0
TUNGHAI,2023-12-28,5.8,5.8,5.8,5.8,1025.0
TUNGHAI,2024-01-04,5.8,5.8,5.8,5.8,40.0
TUNGHAI,2024-01-09,5.8,5.8,5.8,5.8,4000.0
TUNGHAI,2024-01-11,5.8,5.8,5.8,5.8,5300.0
TUNGHAI,2024-01-14,5.8,5.8,5.8,5.8,11.0
TUNGHAI,2024-01-15,5.8,5.8,5.8,5.8,1000.0
TUNGHAI,2024-01-16,5.8,5.8,5.8,5.8,10.0
TUNGHAI,2024-01-17,5.8,5.8,5.8,5.8,1010.0
TUNGHAI,2024-01-21,5.3,5.3,5.3,5.3,8281.0
TUNGHAI,2024-01-22,4.8,5.2,4.8,4.8,492885.0
TUNGHAI,2024-01-23,4.6,5.2,4.4,4.5,664346.0
TUNGHAI,2024-01-24,4.1,4.8,4.1,4.5,221331.0
TUNGHAI,2024-01-25,4.7,4.7,4.4,4.5,89700.0
TUNGHAI,2024-01-28,4.4,4.7,4.2,4.3,153639.0
TUNGHAI,2024-01-29,4.3,4.6,4.0,4.1,294957.0
TUNGHAI,2024-01-30,4.4,4.5,4.0,4.1,381882.0
TUNGHAI,2024-01-31,4.2,4.3,3.9,4.1,237269.0
TUNGHAI,2024-02-01,4.0,4.5,4.0,4.5,655957.0
TUNGHAI,2024-02-04,4.7,4.9,4.7,4.9,799589.0
TUNGHAI,2024-02-05,5.2,5.3,5.2,5.3,525272.0
TUNGHAI,2024-02-06,5.7,5.8,5.5,5.8,688583.0
TUNGHAI,2024-02-07,6.0,6.2,5.5,5.6,579052.0
TUNGHAI,2024-02-08,5.4,5.9,5.3,5.5,233192.0
TUNGHAI,2024-02-11,5.7,5.7,5.0,5.3,490872.0
TUNGHAI,2024-02-12,5.0,5.8,5.0,5.3,315261.0
TUNGHAI,2024-02-13,5.4,5.5,5.1,5.2,248989.0
TUNGHAI,2024-02-14,5.1,5.3,5.0,5.0,110439.0
TUNGHAI,2024-02-15,5.1,5.3,5.0,5.2,223290.0
TUNGHAI,2024-02-18,5.2,5.4,5.0,5.1,243890.0
TUNGHAI,2024-02-19,5.1,5.2,4.9,4.9,133251.0
TUNGHAI,2024-02-20,5.3,5.3,4.9,5.0,93105.0
TUNGHAI,2024-02-22,5.1,5.2,4.9,5.0,111133.0
TUNGHAI,2024-02-25,5.1,5.2,5.0,5.1,74030.0
TUNGHAI,2024-02-27,5.2,5.2,4.9,5.0,29128.0
TUNGHAI,2024-02-28,5.0,5.0,4.9,4.9,9105.0
TUNGHAI,2024-02-29,4.9,5.0,4.9,4.9,43913.0
TUNGHAI,2024-03-03,4.9,5.0,4.8,4.8,70799.0
TUNGHAI,2024-03-04,4.8,4.9,4.7,4.8,63079.0
TUNGHAI,2024-03-05,4.9,4.9,4.8,4.8,24146.0
TUNGHAI,2024-03-06,4.7,4.9,4.4,4.7,149507.0
TUNGHAI,2024-03-07,4.6,4.8,4.6,4.6,22096.0
TUNGHAI,2024-03-10,4.5,5.0,4.3,4.5,333750.0
TUNGHAI,2024-03-11,4.6,4.8,4.5,4.7,83059.0
TUNGHAI,2024-03-12,4.8,4.9,4.5,4.5,72216.0
TUNGHAI,2024-03-13,4.6,4.7,4.5,4.6,73663.0
TUNGHAI,2024-03-14,4.6,4.7,4.5,4.6,26145.0
TUNGHAI,2024-03-18,4.6,4.6,4.2,4.3,120403.0
TUNGHAI,2024-03-19,4.2,4.4,4.1,4.2,63521.0
TUNGHAI,2024-03-20,4.3,4.6,4.3,4.5,33594.0
TUNGHAI,2024-03-21,4.6,4.6,4.4,4.5,30413.0
TUNGHAI,2024-03-24,4.6,4.8,4.4,4.7,178898.0
TUNGHAI,2024-03-25,4.8,4.8,4.4,4.5,21836.0
TUNGHAI,2024-03-27,4.6,4.8,4.3,4.3,43467.0
TUNGHAI,2024-03-28,4.2,4.5,4.2,4.4,26733.0
TUNGHAI,2024-03-31,4.4,4.6,4.4,4.5,7743.0
TUNGHAI,2024-04-01,4.5,4.6,4.3,4.4,23935.0
TUNGHAI,2024-04-02,4.4,4.4,4.2,4.3,4780.0
TUNGHAI,2024-04-03,4.3,4.5,4.3,4.3,9380.0
TUNGHAI,2024-04-04,4.3,4.5,4.3,4.3,27221.0
TUNGHAI,2024-04-08,4.3,4.6,4.3,4.5,23519.0
TUNGHAI,2024-04-09,4.5,4.6,4.4,4.4,9072.0
TUNGHAI,2024-04-15,4.4,4.4,4.3,4.3,43761.0
TUNGHAI,2024-04-16,4.3,4.5,4.3,4.4,66236.0
TUNGHAI,2024-04-17,4.5,4.5,4.4,4.4,67256.0
TUNGHAI,2024-04-18,4.6,4.6,4.4,4.4,22719.0
TUNGHAI,2024-04-21,4.5,4.5,4.2,4.2,101970.0
TUNGHAI,2024-04-22,4.5,4.5,4.2,4.2,173618.0
TUNGHAI,2024-04-23,4.2,4.3,3.9,4.0,229633.0
TUNGHAI,2024-04-24,4.0,4.1,3.8,3.8,231287.0
TUNGHAI,2024-04-25,3.8,3.9,3.7,3.7,142042.0
TUNGHAI,2024-04-28,3.8,3.9,3.7,3.7,31562.0
TUNGHAI,2024-04-29,3.9,3.9,3.7,3.9,56167.0
TUNGHAI,2024-04-30,3.8,3.8,3.8,3.8,48433.0
TUNGHAI,2024-05-02,3.7,3.9,3.7,3.7,222227.0
TUNGHAI,2024-05-05,3.8,4.0,3.8,3.9,729145.0
TUNGHAI,2024-05-06,4.1,4.1,3.9,4.1,52327.0
TUNGHAI,2024-05-07,4.0,4.1,4.0,4.0,60376.0
TUNGHAI,2024-05-08,3.9,4.0,3.9,3.9,46665.0
TUNGHAI,2024-05-09,3.8,4.0,3.8,3.8,82942.0
TUNGHAI,2024-05-12,3.8,3.9,3.7,3.7,241112.0
TUNGHAI,2024-05-13,3.9,3.9,3.6,3.6,292082.0
TUNGHAI,2024-05-14,3.6,3.7,3.5,3.6,167849.0
TUNGHAI,2024-05-15,3.7,3.7,3.5,3.5,178824.0
TUNGHAI,2024-05-16,3.5,3.6,3.4,3.6,334748.0
TUNGHAI,2024-05-19,3.5,3.5,3.5,3.5,57021.0
TUNGHAI,2024-05-20,3.4,3.5,3.4,3.5,21455.0
TUNGHAI,2024-05-21,3.6,3.8,3.6,3.7,172681.0
TUNGHAI,2024-05-23,3.9,3.9,3.6,3.6,99711.0
TUNGHAI,2024-05-26,3.6,3.6,3.5,3.5,55138.0
TUNGHAI,2024-05-27,3.5,3.6,3.4,3.5,34382.0
TUNGHAI,2024-05-28,3.5,3.8,3.5,3.8,242475.0
TUNGHAI,2024-05-29,3.8,3.9,3.7,3.7,36244.0
TUNGHAI,2024-05-30,3.6,4.0,3.6,4.0,322784.0
TUNGHAI,2024-06-02,4.1,4.1,3.9,3.9,128100.0
TUNGHAI,2024-06-03,3.8,4.1,3.8,3.9,280535.0
TUNGHAI,2024-06-04,3.9,4.2,3.8,4.2,634240.0
TUNGHAI,2024-06-05,4.4,4.6,4.4,4.6,884064.0
TUNGHAI,2024-06-06,4.8,4.9,4.6,4.7,932329.0
TUNGHAI,2024-06-09,4.6,4.6,4.6,4.6,126611.0
TUNGHAI,2024-06-10,4.5,4.9,4.5,4.8,169692.0
TUNGHAI,2024-06-11,4.7,4.7,4.7,4.7,1531.0
TUNGHAI,2024-06-12,4.6,4.6,4.6,4.6,7555.0
TUNGHAI,2024-06-13,4.5,4.5,4.5,4.5,6000.0
TUNGHAI,2024-06-19,4.4,4.4,4.4,4.4,7801.0
TUNGHAI,2024-06-20,4.3,4.3,4.3,4.3,3154.0
TUNGHAI,2024-06-23,4.2,4.2,4.2,4.2,19774.0
TUNGHAI,2024-06-24,4.1,4.1,4.1,4.1,46553.0
TUNGHAI,2024-06-25,4.0,4.5,4.0,4.4,167075.0
TUNGHAI,2024-06-26,4.3,4.6,4.3,4.4,212380.0
TUNGHAI,2024-06-27,4.3,4.7,4.3,4.6,144129.0
TUNGHAI,2024-06-30,4.5,4.6,4.5,4.5,121955.0
TUNGHAI,2024-07-02,4.4,4.6,4.4,4.4,60860.0
TUNGHAI,2024-07-03,4.5,4.6,4.3,4.3,212584.0
TUNGHAI,2024-07-04,4.4,4.6,4.3,4.6,114251.0
TUNGHAI,2024-07-07,4.6,4.6,4.5,4.5,120296.0
TUNGHAI,2024-07-08,4.5,4.5,4.4,4.4,200830.0
TUNGHAI,2024-07-09,4.3,4.4,4.3,4.3,696471.0
TUNGHAI,2024-07-10,4.3,4.4,4.2,4.3,126399.0
TUNGHAI,2024-07-11,4.2,4.3,4.2,4.2,152233.0
TUNGHAI,2024-07-14,4.2,4.2,4.1,4.1,159115.0
TUNGHAI,2024-07-15,4.0,4.1,4.0,4.0,304933.0
TUNGHAI,2024-07-16,4.1,4.1,4.0,4.0,69652.0
TUNGHAI,2024-07-18,4.0,4.0,3.9,3.9,124530.0
TUNGHAI,2024-07-24,3.9,3.9,3.8,3.9,47086.0
TUNGHAI,2024-07-25,3.9,3.9,3.8,3.9,89965.0
TUNGHAI,2024-07-28,4.2,4.2,3.9,3.9,8828.0
TUNGHAI,2024-07-29,3.9,3.9,3.8,3.8,163681.0
TUNGHAI,2024-07-30,4.1,4.1,3.7,3.7,108442.0
TUNGHAI,2024-07-31,3.7,3.8,3.7,3.7,27973.0
TUNGHAI,2024-08-01,3.8,3.9,3.6,3.8,69430.0
TUNGHAI,2024-08-04,3.8,3.8,3.7,3.7,33950.0
TUNGHAI,2024-08-06,3.9,4.0,3.9,4.0,217729.0
TUNGHAI,2024-08-07,4.3,4.3,3.9,4.2,502930.0
TUNGHAI,2024-08-08,4.2,4.6,4.2,4.6,939712.0
TUNGHAI,2024-08-11,5.0,5.0,4.7,4.9,753574.0
TUNGHAI,2024-08-12,4.8,4.9,4.8,4.8,155962.0
TUNGHAI,2024-08-13,4.7,4.7,4.7,4.7,73130.0
TUNGHAI,2024-08-14,4.6,4.6,4.6,4.6,13591.0
TUNGHAI,2024-08-15,4.5,4.5,4.5,4.5,10309.0
TUNGHAI,2024-08-18,4.4,4.4,4.4,4.4,25795.0
TUNGHAI,2024-08-19,4.3,4.4,4.3,4.3,290724.0
TUNGHAI,2024-08-20,4.6,4.6,4.2,4.2,85461.0
TUNGHAI,2024-08-21,4.1,4.2,4.1,4.1,20922.0
TUNGHAI,2024-08-22,4.1,4.2,4.0,4.1,14348.0
TUNGHAI,2024-08-25,4.2,4.2,4.0,4.0,152627.0
TUNGHAI,2024-08-27,4.0,4.1,4.0,4.0,34095.0
TUNGHAI,2024-08-28,3.9,4.2,3.9,4.0,77758.0
TUNGHAI,2024-08-29,4.1,4.4,4.0,4.4,164690.0
TUNGHAI,2024-09-01,4.4,4.8,4.4,4.5,337894.0
TUNGHAI,2024-09-02,4.5,4.6,4.2,4.2,110215.0
TUNGHAI,2024-09-03,4.3,4.5,4.1,4.2,134184.0
TUNGHAI,2024-09-04,4.3,4.4,3.8,4.0,424177.0
TUNGHAI,2024-09-05,3.9,4.2,3.9,4.1,150281.0
TUNGHAI,2024-09-08,4.1,4.2,3.9,4.0,214072.0
TUNGHAI,2024-09-09,4.2,4.2,3.9,3.9,55306.0
TUNGHAI,2024-09-10,4.0,4.1,3.9,4.0,62660.0
TUNGHAI,2024-09-11,4.1,4.2,4.0,4.0,42730.0
TUNGHAI,2024-09-12,3.9,4.0,3.9,3.9,92946.0
TUNGHAI,2024-09-15,4.0,4.1,3.9,4.0,20986.0
TUNGHAI,2024-09-17,4.1,4.1,3.9,3.9,99407.0
TUNGHAI,2024-09-18,4.1,4.1,3.9,3.9,108326.0
TUNGHAI,2024-09-19,3.9,4.0,3.7,3.8,253374.0
TUNGHAI,2024-09-22,3.8,4.0,3.7,3.8,27780.0
TUNGHAI,2024-09-23,3.8,3.8,3.7,3.7,25889.0
TUNGHAI,2024-09-24,3.8,3.8,3.7,3.8,95475.0
TUNGHAI,2024-09-25,3.8,3.8,3.7,3.7,38227.0
TUNGHAI,2024-09-26,3.6,3.8,3.6,3.7,77431.0
TUNGHAI,2024-09-29,3.6,3.8,3.5,3.6,111853.0
TUNGHAI,2024-09-30,3.6,3.8,3.6,3.7,33635.0
TUNGHAI,2024-10-01,3.7,3.7,3.5,3.5,156700.0
TUNGHAI,2024-10-02,3.4,3.6,3.4,3.5,15639.0
TUNGHAI,2024-10-03,3.4,3.6,3.4,3.5,42950.0
TUNGHAI,2024-10-06,3.5,3.8,3.4,3.7,303141.0
TUNGHAI,2024-10-07,3.7,3.8,3.5,3.6,44904.0
TUNGHAI,2024-10-08,3.6,3.6,3.5,3.6,14884.0
TUNGHAI,2024-10-09,3.5,3.7,3.5,3.6,68471.0
TUNGHAI,2024-10-14,3.6,3.6,3.5,3.6,1959.0
TUNGHAI,2024-10-15,3.5,3.6,3.5,3.5,35667.0
TUNGHAI,2024-10-16,3.7,3.7,3.5,3.6,35236.0
TUNGHAI,2024-10-17,3.6,3.6,3.5,3.5,64581.0
TUNGHAI,2024-10-20,3.5,3.5,3.5,3.5,34690.0
TUNGHAI,2024-10-21,3.4,3.5,3.4,3.5,13045.0
TUNGHAI,2024-10-22,3.4,3.6,3.4,3.5,72285.0
TUNGHAI,2024-10-23,3.5,3.6,3.4,3.6,60290.0
TUNGHAI,2024-10-24,3.4,3.5,3.4,3.4,37057.0
TUNGHAI,2024-10-27,3.2,3.2,3.1,3.1,140268.0
TUNGHAI,2024-10-28,3.1,3.1,3.0,3.1,50105.0
TUNGHAI,2024-10-29,3.0,3.2,3.0,3.1,198469.0
TUNGHAI,2024-10-30,3.1,3.4,3.1,3.3,62083.0
TUNGHAI,2024-10-31,3.0,3.5,3.0,3.4,106663.0
TUNGHAI,2024-11-03,3.5,3.5,3.3,3.5,219260.0
TUNGHAI,2024-11-04,3.3,3.5,3.3,3.4,52716.0
TUNGHAI,2024-11-05,3.5,3.6,3.3,3.3,323435.0
TUNGHAI,2024-11-06,3.5,3.5,3.3,3.3,59053.0
TUNGHAI,2024-11-07,3.3,3.4,3.2,3.3,62512.0
TUNGHAI,2024-11-10,3.2,3.4,3.2,3.3,9346.0
TUNGHAI,2024-11-11,3.2,3.3,3.2,3.2,57877.0
TUNGHAI,2024-11-12,3.3,3.3,3.1,3.2,22825.0
TUNGHAI,2024-11-13,3.3,3.3,3.1,3.2,43089.0
TUNGHAI,2024-11-14,3.3,3.3,3.1,3.2,23153.0
TUNGHAI,2024-11-17,3.3,3.3,3.1,3.2,138137.0
TUNGHAI,2024-11-18,3.3,3.3,3.2,3.2,6436.0
TUNGHAI,2024-11-19,3.0,3.2,3.0,3.1,53766.0
TUNGHAI,2024-11-20,3.2,3.2,3.0,3.0,11254.0
TUNGHAI,2024-11-21,3.0,3.2,3.0,3.2,100526.0
TUNGHAI,2024-11-24,3.2,3.2,3.0,3.2,8272.0
TUNGHAI,2024-11-25,3.0,3.2,3.0,3.1,15538.0
TUNGHAI,2024-11-26,3.2,3.2,3.0,3.1,38973.0
TUNGHAI,2024-11-27,3.2,3.3,3.1,3.2,139963.0
TUNGHAI,2024-11-28,3.4,3.4,3.1,3.2,36404.0
TUNGHAI,2024-12-01,3.2,3.3,3.1,3.1,85710.0
TUNGHAI,2024-12-02,3.2,3.3,3.1,3.2,45597.0
TUNGHAI,2024-12-03,3.3,3.3,3.1,3.2,30502.0
TUNGHAI,2024-12-04,3.2,3.2,3.1,3.1,45164.0
TUNGHAI,2024-12-05,3.3,3.3,3.1,3.1,33700.0
TUNGHAI,2024-12-08,3.2,3.2,3.1,3.1,15717.0
TUNGHAI,2024-12-09,3.1,3.2,3.1,3.1,11481.0
TUNGHAI,2024-12-10,3.2,3.2,3.1,3.2,71606.0
TUNGHAI,2024-12-11,3.2,3.2,3.1,3.1,45456.0
TUNGHAI,2024-12-12,3.1,3.2,3.1,3.1,22881.0
TUNGHAI,2024-12-15,3.2,3.3,3.1,3.2,51153.0
TUNGHAI,2024-12-17,3.2,3.3,3.1,3.1,46364.0
TUNGHAI,2024-12-18,3.2,3.2,3.1,3.1,26583.0
TUNGHAI,2024-12-19,3.2,3.2,3.0,3.0,59641.0
TUNGHAI,2024-12-22,2.9,3.1,2.9,3.0,141089.0
TUNGHAI,2024-12-23,2.8,3.0,2.8,2.9,128707.0
TUNGHAI,2024-12-24,2.9,3.0,2.9,2.9,82912.0
TUNGHAI,2024-12-26,3.0,3.1,2.9,3.0,33499.0
TUNGHAI,2024-12-29,3.1,3.2,3.0,3.1,22000.0
TUNGHAI,2024-12-30,3.1,3.1,3.0,3.0,15380.0
TUNGHAI,2025-01-01,3.1,3.1,3.0,3.0,43212.0
TUNGHAI,2025-01-02,3.1,3.1,3.0,3.0,39572.0
TUNGHAI,2025-01-05,3.0,3.1,2.9,3.0,24227.0
TUNGHAI,2025-01-06,3.1,3.1,3.0,3.0,23502.0
TUNGHAI,2025-01-07,3.1,3.1,3.0,3.1,20202.0
TUNGHAI,2025-01-08,3.0,3.1,3.0,3.0,23498.0
TUNGHAI,2025-01-09,3.0,3.1,2.8,2.9,80508.0
TUNGHAI,2025-01-12,3.0,3.1,2.9,2.9,41934.0
TUNGHAI,2025-01-13,3.1,3.1,2.8,3.0,63243.0
TUNGHAI,2025-01-14,3.1,3.1,2.9,3.0,27932.0
TUNGHAI,2025-01-15,3.0,3.1,2.9,3.0,41602.0
TUNGHAI,2025-01-16,3.0,3.1,3.0,3.0,2801.0
TUNGHAI,2025-01-19,3.0,3.0,2.9,3.0,38367.0
TUNGHAI,2025-01-20,3.0,3.0,2.8,2.8,58994.0
TUNGHAI,2025-01-21,3.0,3.0,2.9,3.0,17154.0
TUNGHAI,2025-01-22,3.0,3.0,2.9,3.0,41802.0
TUNGHAI,2025-01-23,2.9,3.0,2.9,2.9,1090.0
TUNGHAI,2025-01-26,2.9,3.0,2.9,3.0,55051.0
TUNGHAI,2025-01-27,3.0,3.0,2.9,2.9,35833.0
TUNGHAI,2025-01-28,3.0,3.1,2.9,3.0,140338.0
TUNGHAI,2025-01-29,3.0,3.1,3.0,3.0,71045.0
TUNGHAI,2025-01-30,3.1,3.1,2.9,3.0,9570.0
TUNGHAI,2025-02-02,2.9,3.0,2.9,2.9,89911.0
TUNGHAI,2025-02-03,3.0,3.1,2.9,3.0,110477.0
TUNGHAI,2025-02-04,2.9,3.1,2.9,3.0,242177.0
TUNGHAI,2025-02-05,3.0,3.2,3.0,3.2,283129.0
TUNGHAI,2025-02-06,3.3,3.3,3.2,3.2,91847.0
TUNGHAI,2025-02-09,3.2,3.3,3.1,3.2,62590.0
TUNGHAI,2025-02-10,3.1,3.2,3.1,3.1,74922.0
TUNGHAI,2025-02-11,3.2,3.2,3.1,3.1,56768.0
TUNGHAI,2025-02-12,3.0,3.3,3.0,3.3,142541.0
TUNGHAI,2025-02-13,3.3,3.6,3.3,3.6,1130920.0
TUNGHAI,2025-02-16,3.7,3.7,3.5,3.5,83068.0
TUNGHAI,2025-02-17,3.6,3.6,3.4,3.4,149471.0
TUNGHAI,2025-02-18,3.5,3.5,3.3,3.3,222459.0
TUNGHAI,2025-02-19,3.4,3.4,3.1,3.2,107514.0
TUNGHAI,2025-02-20,3.4,3.4,3.0,3.1,106044.0
TUNGHAI,2025-02-23,3.3,3.3,3.1,3.1,132413.0
TUNGHAI,2025-02-24,3.2,3.3,3.1,3.2,99844.0
TUNGHAI,2025-02-25,3.3,3.3,3.1,3.2,64840.0
TUNGHAI,2025-02-26,3.3,3.3,3.1,3.1,175050.0
TUNGHAI,2025-02-27,3.2,3.3,3.1,3.3,281135.0
TUNGHAI,2025-03-02,3.4,3.4,3.2,3.3,68418.0
TUNGHAI,2025-03-03,3.2,3.3,3.2,3.2,128218.0
TUNGHAI,2025-03-04,3.2,3.2,3.1,3.2,86859.0
TUNGHAI,2025-03-05,3.1,3.3,3.1,3.2,134903.0
TUNGHAI,2025-03-06,3.3,3.3,3.1,3.2,76552.0
TUNGHAI,2025-03-09,3.2,3.3,3.1,3.2,16459.0
TUNGHAI,2025-03-10,3.1,3.1,2.9,2.9,674308.0
TUNGHAI,2025-03-11,3.0,3.1,2.9,3.0,79852.0
TUNGHAI,2025-03-12,3.0,3.1,3.0,3.0,89918.0
TUNGHAI,2025-03-13,3.0,3.1,3.0,3.0,97406.0
TUNGHAI,2025-03-16,3.1,3.1,2.9,3.0,45490.0
TUNGHAI,2025-03-17,3.0,3.0,2.9,2.9,46125.0
TUNGHAI,2025-03-18,3.0,3.0,2.9,2.9,97055.0
TUNGHAI,2025-03-19,3.0,3.0,2.9,2.9,79387.0
TUNGHAI,2025-03-20,3.0,3.0,2.9,2.9,18305.0
TUNGHAI,2025-03-23,3.0,3.0,2.9,2.9,173859.0
TUNGHAI,2025-03-24,3.0,3.0,2.9,2.9,20401.0
TUNGHAI,2025-03-25,3.0,3.0,3.0,3.0,10001.0
TUNGHAI,2025-03-27,3.0,3.0,2.9,3.0,44606.0
TUNGHAI,2025-04-06,2.9,3.0,2.8,2.9,45003.0
TUNGHAI,2025-04-07,3.0,3.0,2.8,2.9,69876.0
TUNGHAI,2025-04-08,3.0,3.0,2.9,2.9,34122.0
BXPHARMA,2022-05-01,201.0,201.7,196.0,196.9,579851.0
BXPHARMA,2022-05-04,173.1,173.9,171.0,171.4,311660.0
BXPHARMA,2022-05-05,165.1,165.9,163.8,165.6,135226.0
BXPHARMA,2022-05-06,167.7,167.7,163.9,164.5,470966.0
BXPHARMA,2022-05-07,154.7,155.5,152.7,154.0,322787.0
BXPHARMA,2022-05-16,164.6,164.9,157.3,158.5,574877.0
BXPHARMA,2022-05-17,160.0,160.0,155.5,157.4,205159.0
BXPHARMA,2022-05-18,157.9,157.9,149.9,151.0,381280.0
BXPHARMA,2022-05-19,152.0,153.0,146.4,150.2,281905.0
BXPHARMA,2022-05-22,151.0,152.8,144.2,145.0,217273.0
BXPHARMA,2022-05-23,152.9,152.9,147.9,150.0,450587.0
BXPHARMA,2022-05-24,152.1,152.1,146.0,148.8,399524.0
BXPHARMA,2022-05-25,148.8,148.8,145.1,147.9,283220.0
BXPHARMA,2022-05-26,149.5,152.1,147.7,151.4,174914.0
BXPHARMA,2022-05-29,154.5,156.4,153.1,155.6,329154.0
BXPHARMA,2022-05-30,155.6,165.5,155.0,162.7,1537553.0
BXPHARMA,2022-05-31,161.0,166.9,161.0,165.4,827422.0
BXPHARMA,2022-06-01,197.2,201.0,195.5,196.3,578730.0
BXPHARMA,2022-06-02,196.4,199.8,196.3,197.9,374295.0
BXPHARMA,2022-06-03,186.0,188.0,182.8,183.8,319954.0
BXPHARMA,2022-06-04,173.5,173.5,168.2,170.8,369596.0
BXPHARMA,2022-06-06,163.5,164.9,161.3,161.6,340214.0
BXPHARMA,2022-06-07,155.0,156.0,154.1,155.0,156586.0
BXPHARMA,2022-06-13,159.0,159.3,156.5,156.9,395101.0
BXPHARMA,2022-06-14,154.8,157.9,153.8,154.2,171902.0
BXPHARMA,2022-06-15,159.9,159.9,155.8,156.4,127556.0
BXPHARMA,2022-06-16,159.7,163.9,157.0,163.2,257648.0
BXPHARMA,2022-06-19,164.9,166.6,162.0,165.3,529571.0
BXPHARMA,2022-06-20,165.0,165.5,162.7,163.0,200769.0
BXPHARMA,2022-06-21,164.8,164.8,159.8,159.8,131637.0
BXPHARMA,2022-06-22,160.0,162.0,158.1,160.0,109138.0
BXPHARMA,2022-06-23,162.0,162.0,158.1,158.7,115066.0
BXPHARMA,2022-06-26,158.7,160.4,157.5,158.0,103445.0
BXPHARMA,2022-06-27,156.5,158.9,156.3,158.1,141292.0
BXPHARMA,2022-06-28,160.9,160.9,156.6,157.3,274111.0
BXPHARMA,2022-06-29,158.0,158.0,155.6,156.0,356380.0
BXPHARMA,2022-06-30,158.2,158.2,154.0,154.6,537181.0
BXPHARMA,2022-07-02,199.0,201.5,197.5,197.7,830095.0
BXPHARMA,2022-07-03,183.0,183.0,175.5,176.2,498228.0
BXPHARMA,2022-07-04,170.8,171.4,168.0,168.5,394688.0
BXPHARMA,2022-07-06,160.2,161.9,159.2,160.2,180583.0
BXPHARMA,2022-07-07,155.0,155.7,153.6,154.3,160813.0
BXPHARMA,2022-07-13,153.0,154.0,150.1,150.8,210715.0
BXPHARMA,2022-07-14,151.0,151.0,147.9,148.1,248260.0
BXPHARMA,2022-07-17,151.5,151.5,147.9,148.2,152285.0
BXPHARMA,2022-07-18,148.2,150.4,145.3,145.3,215160.0
BXPHARMA,2022-07-19,142.4,146.9,142.4,145.6,576198.0
BXPHARMA,2022-07-20,146.0,147.8,144.0,146.7,263166.0
BXPHARMA,2022-07-21,146.7,149.5,145.8,146.2,273358.0
BXPHARMA,2022-07-24,147.1,148.7,143.3,143.5,188216.0
BXPHARMA,2022-07-25,145.3,146.6,140.7,146.2,396956.0
BXPHARMA,2022-07-26,147.8,152.0,147.0,149.2,1316500.0
BXPHARMA,2022-07-27,150.1,151.9,146.3,146.3,552393.0
BXPHARMA,2022-07-28,146.4,147.4,143.4,146.0,223372.0
BXPHARMA,2022-07-31,147.9,149.0,147.1,148.5,275077.0
BXPHARMA,2022-08-01,149.7,151.7,148.5,149.1,676071.0
BXPHARMA,2022-08-02,151.0,155.3,149.0,154.9,778076.0
BXPHARMA,2022-08-03,156.8,160.9,156.2,159.3,842147.0
BXPHARMA,2022-08-04,159.5,162.0,156.4,160.0,1219504.0
BXPHARMA,2022-08-05,165.6,168.0,164.4,167.4,291328.0
BXPHARMA,2022-08-06,166.0,166.0,159.9,161.0,239503.0
BXPHARMA,2022-08-07,158.5,162.1,157.0,159.1,617729.0
BXPHARMA,2022-08-08,161.0,161.0,155.5,155.8,533404.0
BXPHARMA,2022-08-10,156.0,156.9,150.2,150.9,587927.0
BXPHARMA,2022-08-11,150.6,152.5,148.8,150.2,220754.0
BXPHARMA,2022-08-14,151.5,152.5,150.0,150.9,141366.0
BXPHARMA,2022-08-16,151.2,157.1,151.2,156.4,335214.0
BXPHARMA,2022-08-17,156.4,159.4,156.4,157.8,481919.0
BXPHARMA,2022-08-21,157.0,157.9,155.2,156.7,216713.0
BXPHARMA,2022-08-22,156.7,160.0,156.2,158.7,503005.0
BXPHARMA,2022-08-23,159.1,165.0,159.1,163.0,1154552.0
BXPHARMA,2022-08-24,163.0,164.4,160.9,161.6,326660.0
BXPHARMA,2022-08-25,162.0,164.2,160.1,163.8,590456.0
BXPHARMA,2022-08-28,164.8,168.5,162.2,163.2,549749.0
BXPHARMA,2022-08-29,162.4,164.5,162.4,163.6,314876.0
BXPHARMA,2022-08-30,164.0,165.9,163.1,164.7,376264.0
BXPHARMA,2022-08-31,165.3,166.9,164.0,165.3,738472.0
BXPHARMA,2022-09-01,165.6,171.8,163.9,169.9,1039049.0
BXPHARMA,2022-09-02,197.3,198.9,197.3,198.7,234305.0
BXPHARMA,2022-09-03,181.8,184.7,177.7,178.7,507762.0
BXPHARMA,2022-09-04,172.0,175.0,168.4,169.4,984268.0
BXPHARMA,2022-09-05,167.8,170.4,165.5,166.4,359465.0
BXPHARMA,2022-09-06,168.0,171.0,164.5,169.2,560375.0
BXPHARMA,2022-09-07,170.9,184.3,169.6,182.4,2987006.0
BXPHARMA,2022-09-08,184.0,188.9,179.7,185.2,1579036.0
BXPHARMA,2022-09-11,185.8,194.7,185.2,191.3,2365197.0
BXPHARMA,2022-09-12,191.3,191.3,184.6,186.3,964155.0
BXPHARMA,2022-09-13,186.3,190.1,183.0,184.6,860310.0
BXPHARMA,2022-09-14,186.3,186.4,177.3,178.9,695221.0
BXPHARMA,2022-09-15,177.5,180.7,174.5,178.9,541866.0
BXPHARMA,2022-09-18,181.9,183.9,179.5,180.2,525122.0
BXPHARMA,2022-09-19,180.0,186.2,178.8,184.9,1172543.0
BXPHARMA,2022-09-20,187.0,194.9,183.0,185.7,2640162.0
BXPHARMA,2022-09-21,185.0,189.6,181.1,182.4,661612.0
BXPHARMA,2022-09-22,185.0,185.0,178.6,180.8,1298819.0
BXPHARMA,2022-09-25,180.8,181.0,169.1,171.3,967918.0
BXPHARMA,2022-09-26,172.0,175.0,170.0,172.3,384826.0
BXPHARMA,2022-09-27,174.0,174.0,168.5,170.4,575601.0
BXPHARMA,2022-09-28,168.5,173.3,166.9,171.1,663247.0
BXPHARMA,2022-09-29,173.0,173.0,169.3,170.1,383517.0
BXPHARMA,2022-10-01,195.2,199.0,192.0,197.9,556270.0
BXPHARMA,2022-10-02,198.8,199.6,196.0,196.3,408055.0
BXPHARMA,2022-10-03,180.9,182.2,176.4,178.2,405913.0
BXPHARMA,2022-10-04,167.8,170.7,167.5,168.0,400424.0
BXPHARMA,2022-10-05,167.3,171.0,167.3,168.7,613828.0
BXPHARMA,2022-10-06,169.8,170.8,168.6,169.8,331367.0
BXPHARMA,2022-10-10,171.9,171.9,160.0,163.0,522132.0
BXPHARMA,2022-10-11,162.2,165.0,159.9,160.5,273137.0
BXPHARMA,2022-10-12,162.9,162.9,160.5,161.6,339214.0
BXPHARMA,2022-10-13,161.6,168.0,161.6,163.8,334262.0
BXPHARMA,2022-10-16,164.0,165.5,159.7,160.2,243217.0
BXPHARMA,2022-10-17,162.8,164.0,160.3,162.3,609277.0
BXPHARMA,2022-10-18,162.4,169.9,152.2,168.4,750083.0
BXPHARMA,2022-10-19,168.4,177.9,168.4,171.8,1109344.0
BXPHARMA,2022-10-20,172.0,173.0,169.3,170.8,898712.0
BXPHARMA,2022-10-23,171.9,174.0,168.0,170.7,847180.0
BXPHARMA,2022-10-24,170.0,170.0,155.0,160.2,167839.0
BXPHARMA,2022-10-25,162.0,164.3,159.5,160.2,299408.0
BXPHARMA,2022-10-26,160.0,161.1,153.1,158.0,354482.0
BXPHARMA,2022-10-27,159.0,160.9,156.0,156.4,185864.0
BXPHARMA,2022-10-30,156.3,156.3,147.8,153.2,362012.0
BXPHARMA,2022-10-31,151.4,152.9,148.0,149.2,176292.0
BXPHARMA,2022-11-01,149.0,156.7,147.1,155.4,425527.0
BXPHARMA,2022-11-02,155.4,165.2,155.4,164.1,784504.0
BXPHARMA,2022-11-03,164.0,167.0,159.0,162.8,825940.0
BXPHARMA,2022-11-04,170.6,170.6,167.9,168.1,153294.0
BXPHARMA,2022-11-05,168.8,170.7,166.0,166.5,509708.0
BXPHARMA,2022-11-06,164.9,169.6,161.1,166.8,617419.0
BXPHARMA,2022-11-07,168.8,168.8,161.9,163.6,669689.0
BXPHARMA,2022-11-08,163.8,165.5,160.0,162.5,671332.0
BXPHARMA,2022-11-09,163.0,163.0,154.0,155.3,613007.0
BXPHARMA,2022-11-10,157.0,157.8,153.0,154.6,214495.0
BXPHARMA,2022-11-13,158.0,158.0,149.4,149.9,191855.0
BXPHARMA,2022-11-14,149.9,152.0,146.2,146.6,245065.0
BXPHARMA,2022-11-15,146.3,147.7,146.2,146.2,273628.0
BXPHARMA,2022-11-16,146.2,146.2,146.2,146.2,107576.0
BXPHARMA,2022-11-17,146.2,151.5,146.2,150.4,423215.0
BXPHARMA,2022-11-20,150.9,150.9,146.3,146.8,103170.0
BXPHARMA,2022-11-22,146.2,148.0,146.2,147.7,148439.0
BXPHARMA,2022-11-23,146.3,148.5,146.2,146.2,101960.0
BXPHARMA,2022-11-24,146.2,146.9,146.2,146.2,64813.0
BXPHARMA,2022-11-27,146.2,147.0,146.2,146.3,72101.0
BXPHARMA,2022-11-28,146.3,146.3,146.2,146.2,106178.0
BXPHARMA,2022-11-29,146.2,149.9,146.2,148.9,459464.0
BXPHARMA,2022-11-30,146.3,156.0,146.2,155.1,1052647.0
BXPHARMA,2022-12-01,155.0,155.0,151.7,154.1,590369.0
BXPHARMA,2022-12-04,152.6,152.8,147.5,148.0,110043.0
BXPHARMA,2022-12-05,148.0,149.6,146.8,146.9,205942.0
BXPHARMA,2022-12-06,146.9,148.5,146.6,146.9,84999.0
BXPHARMA,2022-12-07,157.0,158.2,152.4,152.9,203678.0
BXPHARMA,2022-12-08,148.7,149.0,146.8,148.4,107907.0
BXPHARMA,2022-12-11,148.9,151.4,148.5,149.2,954449.0
BXPHARMA,2022-12-12,148.2,152.4,148.2,151.7,914156.0
BXPHARMA,2022-12-13,151.7,153.0,149.7,149.9,134251.0
BXPHARMA,2022-12-14,150.6,150.6,147.6,148.0,108485.0
BXPHARMA,2022-12-15,148.2,151.0,148.2,148.7,246331.0
BXPHARMA,2022-12-18,148.7,149.6,147.0,147.7,71178.0
BXPHARMA,2022-12-19,149.5,149.6,146.9,147.2,489775.0
BXPHARMA,2022-12-20,146.9,148.9,146.6,146.8,205721.0
BXPHARMA,2022-12-21,147.9,147.9,146.2,146.6,425780.0
BXPHARMA,2022-12-22,149.8,149.8,146.2,146.4,73601.0
BXPHARMA,2022-12-26,146.4,146.5,146.2,146.2,48501.0
BXPHARMA,2022-12-27,146.2,146.2,146.2,146.2,27328.0
BXPHARMA,2022-12-28,146.2,147.7,146.2,146.5,98467.0
BXPHARMA,2022-12-29,146.7,147.5,146.2,146.2,145883.0
BXPHARMA,2023-01-01,146.2,147.0,146.2,146.2,74794.0
BXPHARMA,2023-01-02,146.2,146.2,146.2,146.2,16261.0
BXPHARMA,2023-01-03,146.2,146.2,146.2,146.2,10842.0
BXPHARMA,2023-01-04,146.2,147.0,146.2,146.6,464195.0
BXPHARMA,2023-01-05,146.2,146.2,146.2,146.2,40704.0
BXPHARMA,2023-01-08,146.2,147.3,146.2,146.2,40447.0
BXPHARMA,2023-01-09,146.2,146.2,146.2,146.2,81670.0
BXPHARMA,2023-01-10,146.2,147.9,146.2,146.9,207032.0
BXPHARMA,2023-01-12,146.3,147.4,146.2,146.3,207288.0
BXPHARMA,2023-01-15,147.5,150.9,146.6,150.7,802302.0
BXPHARMA,2023-01-16,150.8,151.4,147.9,149.0,374887.0
BXPHARMA,2023-01-17,149.9,155.4,149.0,154.1,759770.0
BXPHARMA,2023-01-18,154.2,155.0,149.9,150.8,481103.0
BXPHARMA,2023-01-19,149.9,154.8,149.9,152.2,734334.0
BXPHARMA,2023-01-22,152.2,152.4,146.2,147.0,356388.0
BXPHARMA,2023-01-23,148.9,149.0,146.2,146.2,323805.0
BXPHARMA,2023-01-24,146.4,148.9,146.2,148.5,185049.0
BXPHARMA,2023-01-25,148.5,150.0,146.2,146.9,315930.0
BXPHARMA,2023-01-26,146.5,148.5,146.5,148.2,118773.0
BXPHARMA,2023-01-29,148.2,148.2,146.4,146.7,96847.0
BXPHARMA,2023-01-30,146.5,146.5,146.2,146.2,211148.0
BXPHARMA,2023-01-31,146.2,146.2,146.2,146.2,37555.0
BXPHARMA,2023-02-01,146.2,146.2,146.2,146.2,4472.0
BXPHARMA,2023-02-02,146.2,146.4,146.2,146.2,345717.0
BXPHARMA,2023-02-05,146.2,147.5,146.2,146.2,515767.0
BXPHARMA,2023-02-06,146.2,146.2,146.2,146.2,150004.0
BXPHARMA,2023-02-07,146.2,146.2,146.2,146.2,239751.0
BXPHARMA,2023-02-08,146.2,151.8,146.2,150.6,1347038.0
BXPHARMA,2023-02-09,150.8,151.8,146.2,146.7,631405.0
BXPHARMA,2023-02-12,146.2,147.5,146.2,146.2,524888.0
BXPHARMA,2023-02-13,146.2,147.9,146.2,147.2,295818.0
BXPHARMA,2023-02-14,147.0,147.4,146.2,146.2,340826.0
BXPHARMA,2023-02-15,146.2,146.2,146.2,146.2,37974.0
BXPHARMA,2023-02-16,146.2,146.2,146.2,146.2,9088.0
BXPHARMA,2023-02-19,146.2,146.2,146.2,146.2,10921.0
BXPHARMA,2023-02-20,146.2,146.2,146.2,146.2,3211.0
BXPHARMA,2023-02-22,146.2,146.2,146.2,146.2,3765.0
BXPHARMA,2023-02-23,146.2,146.2,146.2,146.2,6460.0
BXPHARMA,2023-02-26,146.2,146.2,146.2,146.2,1358.0
BXPHARMA,2023-02-27,146.2,146.2,146.2,146.2,1279.0
BXPHARMA,2023-02-28,146.2,146.2,146.2,146.2,5024.0
BXPHARMA,2023-03-01,146.2,146.2,146.2,146.2,2788.0
BXPHARMA,2023-03-02,146.2,146.2,146.2,146.2,2657.0
BXPHARMA,2023-03-05,146.2,146.2,146.2,146.2,13769.0
BXPHARMA,2023-03-06,146.2,146.2,146.2,146.2,8866.0
BXPHARMA,2023-03-07,146.2,146.2,146.2,146.2,4010.0
BXPHARMA,2023-03-09,146.2,146.2,146.2,146.2,336.0
BXPHARMA,2023-03-12,146.2,146.2,146.2,146.2,36181.0
BXPHARMA,2023-03-13,146.2,146.2,146.2,146.2,11692.0
BXPHARMA,2023-03-14,146.2,146.2,146.2,146.2,4176.0
BXPHARMA,2023-03-15,146.2,146.2,146.2,146.2,6417.0
BXPHARMA,2023-03-16,146.2,146.2,146.2,146.2,3488.0
BXPHARMA,2023-03-19,146.2,146.2,146.2,146.2,14520.0
BXPHARMA,2023-03-20,146.2,146.2,146.2,146.2,3899.0
BXPHARMA,2023-03-21,146.2,146.2,146.2,146.2,1089.0
BXPHARMA,2023-03-22,146.2,146.2,146.2,146.2,305.0
BXPHARMA,2023-03-23,146.2,146.2,146.2,146.2,1195.0
BXPHARMA,2023-03-27,146.2,146.2,146.2,146.2,468.0
BXPHARMA,2023-03-28,146.2,146.2,146.2,146.2,3466.0
BXPHARMA,2023-03-29,146.2,146.2,146.2,146.2,768.0
BXPHARMA,2023-03-30,146.2,146.2,146.2,146.2,37.0
BXPHARMA,2023-04-02,146.2,146.2,146.2,146.2,14423.0
BXPHARMA,2023-04-03,146.2,146.2,146.2,146.2,12869.0
BXPHARMA,2023-04-04,146.2,146.2,146.2,146.2,5819.0
BXPHARMA,2023-04-05,146.2,146.2,146.2,146.2,10080.0
BXPHARMA,2023-04-06,146.2,146.2,146.2,146.2,10646.0
BXPHARMA,2023-04-09,146.2,146.2,146.2,146.2,9023.0
BXPHARMA,2023-04-10,146.2,146.2,146.2,146.2,6494.0
BXPHARMA,2023-04-11,146.2,146.2,146.2,146.2,391.0
BXPHARMA,2023-04-12,146.2,146.2,146.2,146.2,1761.0
BXPHARMA,2023-04-13,146.2,146.2,146.2,146.2,227.0
BXPHARMA,2023-04-16,146.2,146.2,146.2,146.2,1622.0
BXPHARMA,2023-04-17,146.2,146.2,146.2,146.2,7293.0
BXPHARMA,2023-04-18,146.2,146.2,146.2,146.2,1512.0
BXPHARMA,2023-04-24,146.2,146.2,146.2,146.2,972.0
BXPHARMA,2023-04-25,146.2,146.2,146.2,146.2,1763.0
BXPHARMA,2023-04-26,146.2,146.2,146.2,146.2,2022.0
BXPHARMA,2023-04-27,146.2,146.2,146.2,146.2,5307.0
BXPHARMA,2023-04-30,146.2,146.2,146.2,146.2,11638.0
BXPHARMA,2023-05-02,146.2,146.2,146.2,146.2,440.0
BXPHARMA,2023-05-03,146.2,146.2,146.2,146.2,1203.0
BXPHARMA,2023-05-07,146.2,146.2,146.2,146.2,2653.0
BXPHARMA,2023-05-08,146.2,146.2,146.2,146.2,194.0
BXPHARMA,2023-05-09,146.2,146.2,146.2,146.2,432827.0
BXPHARMA,2023-05-10,146.2,146.2,146.2,146.2,108385.0
BXPHARMA,2023-05-11,146.2,146.2,146.2,146.2,1137.0
BXPHARMA,2023-05-14,146.2,146.2,146.2,146.2,898.0
BXPHARMA,2023-05-15,146.2,146.2,146.2,146.2,1902.0
BXPHARMA,2023-05-16,146.2,146.2,146.2,146.2,3117.0
BXPHARMA,2023-05-17,146.2,146.2,146.2,146.2,1303.0
BXPHARMA,2023-05-18,146.2,146.2,146.2,146.2,1476.0
BXPHARMA,2023-05-21,146.2,146.2,146.2,146.2,249.0
BXPHARMA,2023-05-22,146.2,146.2,146.2,146.2,2424.0
BXPHARMA,2023-05-23,146.2,146.2,146.2,146.2,283.0
BXPHARMA,2023-05-24,146.2,146.2,146.2,146.2,5630.0
BXPHARMA,2023-05-25,146.2,146.2,146.2,146.2,7504.0
BXPHARMA,2023-05-28,146.2,146.2,146.2,146.2,5599.0
BXPHARMA,2023-05-29,146.2,146.2,146.2,146.2,1777.0
BXPHARMA,2023-05-30,146.2,146.2,146.2,146.2,1811.0
BXPHARMA,2023-05-31,146.2,146.2,146.2,146.2,922.0
BXPHARMA,2023-06-01,146.2,146.2,146.2,146.2,669.0
BXPHARMA,2023-06-04,146.2,146.2,146.2,146.2,1262.0
BXPHARMA,2023-06-05,146.2,146.2,146.2,146.2,2127.0
BXPHARMA,2023-06-06,146.2,146.2,146.2,146.2,4421.0
BXPHARMA,2023-06-07,146.2,146.2,146.2,146.2,45.0
BXPHARMA,2023-06-08,146.2,146.2,146.2,146.2,4351.0
BXPHARMA,2023-06-11,146.2,146.2,146.2,146.2,39.0
BXPHARMA,2023-06-12,146.2,146.2,146.2,146.2,100251.0
BXPHARMA,2023-06-13,146.2,146.2,146.2,146.2,2815.0
BXPHARMA,2023-06-14,146.2,146.2,146.2,146.2,1845.0
BXPHARMA,2023-06-15,146.2,146.2,146.2,146.2,95.0
BXPHARMA,2023-06-18,146.2,146.2,146.2,146.2,142.0
BXPHARMA,2023-06-19,146.2,146.2,146.2,146.2,1337.0
BXPHARMA,2023-06-20,146.2,146.2,146.2,146.2,3422.0
BXPHARMA,2023-06-21,146.2,146.2,146.2,146.2,12521.0
BXPHARMA,2023-06-22,146.2,146.2,146.2,146.2,5035.0
BXPHARMA,2023-06-25,146.2,146.2,146.2,146.2,9693.0
BXPHARMA,2023-06-26,146.2,146.2,146.2,146.2,5346.0
BXPHARMA,2023-07-02,146.2,146.2,146.2,146.2,174.0
BXPHARMA,2023-07-03,146.2,146.2,146.2,146.2,2913.0
BXPHARMA,2023-07-04,146.2,146.2,146.2,146.2,100.0
BXPHARMA,2023-07-05,146.2,146.2,146.2,146.2,363.0
BXPHARMA,2023-07-06,146.2,146.2,146.2,146.2,1289.0
BXPHARMA,2023-07-09,146.2,146.2,146.2,146.2,1202.0
BXPHARMA,2023-07-10,146.2,146.2,146.2,146.2,1435.0
BXPHARMA,2023-07-11,146.2,146.2,146.2,146.2,57.0
BXPHARMA,2023-07-12,146.2,146.2,146.2,146.2,315.0
BXPHARMA,2023-07-13,146.2,146.2,146.2,146.2,783.0
BXPHARMA,2023-07-16,146.2,146.2,146.2,146.2,3249.0
BXPHARMA,2023-07-17,146.2,146.2,146.2,146.2,3967.0
BXPHARMA,2023-07-18,146.2,146.2,146.2,146.2,1331.0
BXPHARMA,2023-07-19,146.2,146.2,146.2,146.2,1754.0
BXPHARMA,2023-07-20,146.2,146.2,146.2,146.2,4417.0
BXPHARMA,2023-07-23,146.2,146.2,146.2,146.2,7247.0
BXPHARMA,2023-07-24,146.2,146.2,146.2,146.2,305.0
BXPHARMA,2023-07-25,146.2,146.2,146.2,146.2,5090.0
BXPHARMA,2023-07-26,146.2,146.2,146.2,146.2,17.0
BXPHARMA,2023-07-27,146.2,146.2,146.2,146.2,63.0
BXPHARMA,2023-07-30,146.2,146.2,146.2,146.2,670.0
BXPHARMA,2023-07-31,146.2,146.2,146.2,146.2,117.0
BXPHARMA,2023-08-01,146.2,146.2,146.2,146.2,150.0
BXPHARMA,2023-08-02,146.2,146.2,146.2,146.2,176.0
BXPHARMA,2023-08-03,146.2,146.2,146.2,146.2,104.0
BXPHARMA,2023-08-06,146.2,146.2,146.2,146.2,42.0
BXPHARMA,2023-08-07,146.2,146.2,146.2,146.2,48.0
BXPHARMA,2023-08-08,146.2,146.2,146.2,146.2,681.0
BXPHARMA,2023-08-09,146.2,146.2,146.2,146.2,824.0
BXPHARMA,2023-08-10,146.2,146.2,146.2,146.2,1540.0
BXPHARMA,2023-08-13,146.2,146.2,146.2,146.2,277.0
BXPHARMA,2023-08-14,146.2,146.2,146.2,146.2,23.0
BXPHARMA,2023-08-16,146.2,146.2,146.2,146.2,475.0
BXPHARMA,2023-08-17,146.2,146.2,146.2,146.2,1735.0
BXPHARMA,2023-08-20,146.2,146.2,146.2,146.2,1501.0
BXPHARMA,2023-08-22,146.2,146.2,146.2,146.2,103.0
BXPHARMA,2023-08-23,146.2,146.2,146.2,146.2,3810.0
BXPHARMA,2023-08-24,146.2,146.2,146.2,146.2,100.0
BXPHARMA,2023-08-27,146.2,146.2,146.2,146.2,265.0
BXPHARMA,2023-08-28,146.2,146.2,146.2,146.2,96.0
BXPHARMA,2023-08-29,146.2,146.2,146.2,146.2,205.0
BXPHARMA,2023-08-30,146.2,146.2,146.2,146.2,250.0
BXPHARMA,2023-08-31,146.2,146.2,146.2,146.2,319.0
BXPHARMA,2023-09-03,146.2,146.2,146.2,146.2,36.0
BXPHARMA,2023-09-04,146.2,146.2,146.2,146.2,269.0
BXPHARMA,2023-09-05,146.2,146.2,146.2,146.2,187.0
BXPHARMA,2023-09-07,146.2,146.2,146.2,146.2,50.0
BXPHARMA,2023-09-11,146.2,146.2,146.2,146.2,250.0
BXPHARMA,2023-09-12,146.2,146.2,146.2,146.2,100.0
BXPHARMA,2023-09-13,146.2,146.2,146.2,146.2,445.0
BXPHARMA,2023-09-14,146.2,146.2,146.2,146.2,1402.0
BXPHARMA,2023-09-17,146.2,146.2,146.2,146.2,92.0
BXPHARMA,2023-09-18,146.2,146.2,146.2,146.2,2.0
BXPHARMA,2023-09-19,146.2,146.2,146.2,146.2,260.0
BXPHARMA,2023-09-20,146.2,146.2,146.2,146.2,80.0
BXPHARMA,2023-09-21,146.2,146.2,146.2,146.2,1037.0
BXPHARMA,2023-09-24,146.2,146.2,146.2,146.2,2.0
BXPHARMA,2023-09-25,146.2,146.2,146.2,146.2,58.0
BXPHARMA,2023-09-26,146.2,146.2,146.2,146.2,50.0
BXPHARMA,2023-09-27,146.2,146.2,146.2,146.2,80.0
BXPHARMA,2023-10-01,146.2,146.2,146.2,146.2,26.0
BXPHARMA,2023-10-02,146.2,146.2,146.2,146.2,54.0
BXPHARMA,2023-10-03,146.2,146.2,146.2,146.2,24.0
BXPHARMA,2023-10-04,146.2,146.2,146.2,146.2,99.0
BXPHARMA,2023-10-05,146.2,146.2,146.2,146.2,18.0
BXPHARMA,2023-10-08,146.2,146.2,146.2,146.2,20.0
BXPHARMA,2023-10-09,146.2,146.2,146.2,146.2,658.0
BXPHARMA,2023-10-10,146.2,146.2,146.2,146.2,125.0
BXPHARMA,2023-10-11,146.2,146.2,146.2,146.2,25.0
BXPHARMA,2023-10-12,146.2,146.2,146.2,146.2,47.0
BXPHARMA,2023-10-15,146.2,146.2,146.2,146.2,75.0
BXPHARMA,2023-10-16,146.2,146.2,146.2,146.2,2.0
BXPHARMA,2023-10-17,146.2,146.2,146.2,146.2,92.0
BXPHARMA,2023-10-18,146.2,146.2,146.2,146.2,7.0
BXPHARMA,2023-10-19,146.2,146.2,146.2,146.2,142.0
BXPHARMA,2023-10-22,146.2,146.2,146.2,146.2,2939.0
BXPHARMA,2023-10-23,146.2,146.2,146.2,146.2,83.0
BXPHARMA,2023-10-25,146.2,146.2,146.2,146.2,2822.0
BXPHARMA,2023-10-26,146.2,146.2,146.2,146.2,20.0
BXPHARMA,2023-10-29,146.2,146.2,146.2,146.2,21.0
BXPHARMA,2023-10-30,146.2,146.2,146.2,146.2,280.0
BXPHARMA,2023-10-31,146.2,146.2,146.2,146.2,105.0
BXPHARMA,2023-11-01,146.2,146.2,146.2,146.2,71.0
BXPHARMA,2023-11-02,146.2,146.2,146.2,146.2,299.0
BXPHARMA,2023-11-05,146.2,146.2,146.2,146.2,301.0
BXPHARMA,2023-11-06,146.2,146.2,146.2,146.2,40.0
BXPHARMA,2023-11-07,146.2,146.2,146.2,146.2,72.0
BXPHARMA,2023-11-08,146.2,146.2,146.2,146.2,170.0
BXPHARMA,2023-11-09,146.2,146.2,146.2,146.2,3559.0
BXPHARMA,2023-11-12,146.2,146.2,146.2,146.2,2658.0
BXPHARMA,2023-11-14,146.2,146.2,146.2,146.2,24.0
BXPHARMA,2023-11-15,146.2,146.2,146.2,146.2,2.0
BXPHARMA,2023-11-16,146.2,146.2,146.2,146.2,205.0
BXPHARMA,2023-11-19,146.2,146.2,146.2,146.2,31.0
BXPHARMA,2023-11-20,146.2,146.2,146.2,146.2,1157.0
BXPHARMA,2023-11-21,146.2,146.2,146.2,146.2,10.0
BXPHARMA,2023-11-22,146.2,146.2,146.2,146.2,51.0
BXPHARMA,2023-11-23,146.2,146.2,146.2,146.2,22.0
BXPHARMA,2023-11-26,146.2,146.2,146.2,146.2,72.0
BXPHARMA,2023-11-27,146.2,146.2,146.2,146.2,3.0
BXPHARMA,2023-11-28,146.2,146.2,146.2,146.2,31.0
BXPHARMA,2023-11-29,146.2,146.2,146.2,146.2,339.0
BXPHARMA,2023-12-04,146.2,146.2,146.2,146.2,211.0
BXPHARMA,2023-12-05,146.2,146.2,146.2,146.2,90.0
BXPHARMA,2023-12-06,146.2,146.2,146.2,146.2,55.0
BXPHARMA,2023-12-10,146.2,146.2,146.2,146.2,243.0
BXPHARMA,2023-12-11,146.2,146.2,146.2,146.2,595.0
BXPHARMA,2023-12-12,146.2,146.2,146.2,146.2,261.0
BXPHARMA,2023-12-13,146.2,146.2,146.2,146.2,174.0
BXPHARMA,2023-12-14,146.2,146.2,146.2,146.2,221.0
BXPHARMA,2023-12-17,146.2,146.2,146.2,146.2,85.0
BXPHARMA,2023-12-18,146.2,146.2,146.2,146.2,52.0
BXPHARMA,2023-12-19,146.2,146.2,146.2,146.2,61.0
BXPHARMA,2023-12-20,146.2,146.2,146.2,146.2,58.0
BXPHARMA,2023-12-21,146.2,146.2,146.2,146.2,67.0
BXPHARMA,2023-12-24,146.2,146.2,146.2,146.2,712.0
BXPHARMA,2023-12-26,146.2,146.2,146.2,146.2,6.0
BXPHARMA,2023-12-27,146.2,146.2,146.2,146.2,35.0
BXPHARMA,2023-12-28,146.2,146.2,146.2,146.2,1163.0
BXPHARMA,2024-01-01,146.2,146.2,146.2,146.2,419.0
BXPHARMA,2024-01-02,146.2,146.2,146.2,146.2,716.0
BXPHARMA,2024-01-03,146.2,146.2,146.2,146.2,149.0
BXPHARMA,2024-01-04,146.2,146.2,146.2,146.2,431.0
BXPHARMA,2024-01-08,146.2,146.2,146.2,146.2,101.0
BXPHARMA,2024-01-09,146.2,146.2,146.2,146.2,272.0
BXPHARMA,2024-01-10,146.2,146.2,146.2,146.2,30.0
BXPHARMA,2024-01-11,146.2,146.2,146.2,146.2,535.0
BXPHARMA,2024-01-14,146.2,146.2,146.2,146.2,4502.0
BXPHARMA,2024-01-15,146.2,146.2,146.2,146.2,2732.0
BXPHARMA,2024-01-16,146.2,146.2,146.2,146.2,255.0
BXPHARMA,2024-01-17,146.2,146.2,146.2,146.2,1833.0
BXPHARMA,2024-01-18,146.2,146.2,146.2,146.2,3626.0
BXPHARMA,2024-01-21,131.6,140.4,131.6,137.4,995493.0
BXPHARMA,2024-01-22,137.4,142.0,134.2,136.9,465606.0
BXPHARMA,2024-01-23,136.9,138.0,133.4,134.0,390675.0
BXPHARMA,2024-01-24,134.1,136.0,133.5,134.0,401400.0
BXPHARMA,2024-01-25,133.8,135.5,125.0,126.4,474098.0
BXPHARMA,2024-01-28,126.4,135.1,126.4,131.3,754707.0
BXPHARMA,2024-01-29,130.9,133.0,129.9,130.2,336012.0
BXPHARMA,2024-01-30,133.8,135.1,131.6,134.1,628774.0
BXPHARMA,2024-01-31,132.2,134.1,131.0,131.9,234038.0
BXPHARMA,2024-02-01,134.0,134.0,131.0,131.5,149591.0
BXPHARMA,2024-02-04,132.0,132.9,131.1,132.0,305355.0
BXPHARMA,2024-02-05,132.7,135.1,131.8,132.4,330692.0
BXPHARMA,2024-02-06,132.5,141.0,132.0,139.4,823032.0
BXPHARMA,2024-02-07,139.9,140.9,138.0,139.6,419900.0
BXPHARMA,2024-02-08,139.0,141.7,139.0,140.2,273045.0
BXPHARMA,2024-02-11,140.1,146.0,140.1,144.9,437975.0
BXPHARMA,2024-02-12,146.0,146.2,142.1,145.0,626047.0
BXPHARMA,2024-02-13,146.0,146.2,142.1,144.0,497937.0
BXPHARMA,2024-02-14,146.1,146.1,139.5,140.7,283638.0
BXPHARMA,2024-02-15,139.8,143.6,138.3,139.1,104269.0
BXPHARMA,2024-02-18,139.6,140.9,136.8,137.4,67792.0
BXPHARMA,2024-02-19,136.1,139.9,135.1,136.1,118564.0
BXPHARMA,2024-02-20,136.0,137.0,134.6,135.0,145007.0
BXPHARMA,2024-02-22,135.1,136.2,132.8,133.5,404720.0
BXPHARMA,2024-02-25,139.0,139.0,133.1,133.4,167252.0
BXPHARMA,2024-02-27,134.9,135.0,133.2,133.9,187580.0
BXPHARMA,2024-02-28,133.8,135.0,133.8,134.0,109248.0
BXPHARMA,2024-02-29,134.0,134.0,132.5,133.0,80669.0
BXPHARMA,2024-03-03,135.0,135.0,130.5,131.4,111576.0
BXPHARMA,2024-03-04,131.4,131.6,129.1,129.7,100676.0
BXPHARMA,2024-03-05,129.3,132.9,127.6,129.0,119980.0
BXPHARMA,2024-03-06,133.0,133.0,128.6,129.7,126973.0
BXPHARMA,2024-03-07,129.7,131.0,128.0,128.5,154754.0
BXPHARMA,2024-03-10,128.0,129.8,127.0,127.7,62385.0
BXPHARMA,2024-03-11,127.0,128.8,126.0,126.7,43487.0
BXPHARMA,2024-03-12,125.1,126.7,123.0,124.0,171134.0
BXPHARMA,2024-03-13,124.0,124.9,118.2,121.1,238145.0
BXPHARMA,2024-03-14,123.7,123.7,119.5,119.8,87470.0
BXPHARMA,2024-03-18,119.8,120.2,117.5,119.5,271132.0
BXPHARMA,2024-03-19,119.4,119.4,117.1,117.7,87811.0
BXPHARMA,2024-03-20,117.5,119.8,117.2,118.0,406630.0
BXPHARMA,2024-03-21,119.0,120.5,116.9,117.2,1039940.0
BXPHARMA,2024-03-24,118.5,124.0,117.5,119.7,219545.0
BXPHARMA,2024-03-25,119.7,119.7,116.9,117.5,146528.0
BXPHARMA,2024-03-27,118.8,118.8,113.5,114.4,158398.0
BXPHARMA,2024-03-28,114.4,115.9,113.5,114.6,98824.0
BXPHARMA,2024-03-31,114.6,117.0,114.6,116.4,89909.0
BXPHARMA,2024-04-01,116.5,116.5,112.6,113.4,88891.0
BXPHARMA,2024-04-02,113.5,113.5,110.0,111.4,53446.0
BXPHARMA,2024-04-03,112.9,113.1,111.4,112.7,112563.0
BXPHARMA,2024-04-04,118.9,119.0,113.0,117.1,194657.0
BXPHARMA,2024-04-08,119.0,120.0,114.2,120.0,280439.0
BXPHARMA,2024-04-09,120.2,120.8,118.0,119.6,123921.0
BXPHARMA,2024-04-15,119.5,119.6,117.0,118.3,162837.0
BXPHARMA,2024-04-16,118.9,120.1,117.5,119.3,113394.0
BXPHARMA,2024-04-17,120.4,120.4,119.0,119.5,101834.0
BXPHARMA,2024-04-18,119.4,119.4,116.0,117.7,124368.0
BXPHARMA,2024-04-21,116.0,119.6,116.0,118.9,150959.0
BXPHARMA,2024-04-22,118.2,121.0,116.4,119.2,190856.0
BXPHARMA,2024-04-23,120.0,120.3,118.1,119.0,124390.0
BXPHARMA,2024-04-24,120.9,120.9,115.5,116.6,91895.0
BXPHARMA,2024-04-25,115.6,119.2,113.2,116.1,144223.0
BXPHARMA,2024-04-28,115.0,120.1,113.2,119.7,108792.0
BXPHARMA,2024-04-29,121.2,121.2,116.2,116.6,74645.0
BXPHARMA,2024-04-30,119.2,119.9,116.4,119.0,123704.0
BXPHARMA,2024-05-02,118.5,119.2,117.0,118.4,105753.0
BXPHARMA,2024-05-05,118.4,126.8,118.4,124.4,329791.0
BXPHARMA,2024-05-06,126.7,130.4,124.2,127.3,273497.0
BXPHARMA,2024-05-07,129.0,130.0,124.1,124.8,415991.0
BXPHARMA,2024-05-08,126.8,126.8,123.3,124.6,97297.0
BXPHARMA,2024-05-09,126.8,126.8,121.3,121.9,159671.0
BXPHARMA,2024-05-12,125.3,125.3,122.5,124.1,74181.0
BXPHARMA,2024-05-13,126.2,126.2,122.2,122.4,70876.0
BXPHARMA,2024-05-14,124.4,124.4,119.1,119.3,108459.0
BXPHARMA,2024-05-15,119.5,119.8,116.7,118.1,40792.0
BXPHARMA,2024-05-16,118.4,121.3,117.0,118.9,55821.0
BXPHARMA,2024-05-19,117.5,118.9,115.4,115.4,124652.0
BXPHARMA,2024-05-20,112.2,115.0,112.0,112.7,165385.0
BXPHARMA,2024-05-21,112.8,116.3,110.9,111.7,91490.0
BXPHARMA,2024-05-23,110.2,116.0,109.0,109.3,95609.0
BXPHARMA,2024-05-26,115.4,115.4,106.1,106.9,106802.0
BXPHARMA,2024-05-27,110.6,112.9,107.0,111.3,166025.0
BXPHARMA,2024-05-28,114.0,114.7,109.5,112.7,145316.0
BXPHARMA,2024-05-29,113.4,113.4,109.4,109.4,62404.0
BXPHARMA,2024-05-30,109.3,112.9,107.1,109.1,109993.0
BXPHARMA,2024-06-02,109.1,111.9,108.5,108.5,44180.0
BXPHARMA,2024-06-03,110.4,110.4,107.2,108.0,62824.0
BXPHARMA,2024-06-04,108.0,111.0,107.1,109.9,168123.0
BXPHARMA,2024-06-05,107.6,111.8,107.6,108.0,67468.0
BXPHARMA,2024-06-06,107.5,108.0,105.0,106.8,123453.0
BXPHARMA,2024-06-09,105.2,107.5,103.7,104.0,84937.0
BXPHARMA,2024-06-10,105.0,105.0,101.5,102.8,97247.0
BXPHARMA,2024-06-11,102.0,105.8,99.8,100.4,205400.0
BXPHARMA,2024-06-12,99.5,102.8,99.4,102.0,131329.0
BXPHARMA,2024-06-13,105.6,106.7,100.2,105.1,67677.0
BXPHARMA,2024-06-19,106.0,106.0,103.0,104.2,42130.0
BXPHARMA,2024-06-20,107.5,107.5,104.2,105.7,42351.0
BXPHARMA,2024-06-23,107.0,107.4,102.7,103.3,71378.0
BXPHARMA,2024-06-24,103.8,104.4,102.1,103.5,70508.0
BXPHARMA,2024-06-25,103.0,106.2,103.0,105.5,103939.0
BXPHARMA,2024-06-26,106.6,112.0,105.1,111.1,490709.0
BXPHARMA,2024-06-27,112.0,117.1,111.1,116.1,493435.0
BXPHARMA,2024-06-30,114.0,121.6,112.7,118.1,757012.0
BXPHARMA,2024-07-02,118.0,122.5,114.9,121.0,472368.0
BXPHARMA,2024-07-03,120.0,124.6,120.0,123.7,323881.0
BXPHARMA,2024-07-04,125.0,127.0,123.7,124.9,356594.0
BXPHARMA,2024-07-07,125.1,126.4,122.5,123.1,289869.0
BXPHARMA,2024-07-08,121.7,124.9,121.0,122.0,157933.0
BXPHARMA,2024-07-09,124.5,124.5,121.1,122.7,150551.0
BXPHARMA,2024-07-10,123.0,125.9,121.3,124.3,409263.0
BXPHARMA,2024-07-11,124.0,124.0,120.6,120.6,181343.0
BXPHARMA,2024-07-14,121.9,121.9,117.0,119.7,131803.0
BXPHARMA,2024-07-15,121.0,121.0,117.2,118.5,175242.0
BXPHARMA,2024-07-16,118.5,119.0,115.0,115.5,134199.0
BXPHARMA,2024-07-18,117.9,117.9,112.1,113.6,163426.0
BXPHARMA,2024-07-24,113.6,119.4,110.2,110.2,64336.0
BXPHARMA,2024-07-25,108.6,114.8,108.6,114.1,86814.0
BXPHARMA,2024-07-28,115.7,115.7,111.5,112.4,61162.0
BXPHARMA,2024-07-29,111.5,113.7,109.1,109.1,176586.0
BXPHARMA,2024-07-30,106.7,107.9,105.9,106.9,270982.0
BXPHARMA,2024-07-31,103.7,112.0,103.7,106.3,244323.0
BXPHARMA,2024-08-01,106.3,110.0,106.3,108.4,261612.0
BXPHARMA,2024-08-04,106.6,106.6,105.2,105.2,190302.0
BXPHARMA,2024-08-06,102.5,106.0,102.1,102.1,16708.0
BXPHARMA,2024-08-07,99.1,99.1,99.1,99.1,207948.0
BXPHARMA,2024-08-08,96.2,96.2,96.2,96.2,335716.0
BXPHARMA,2024-08-11,93.4,93.4,93.4,93.4,432633.0
BXPHARMA,2024-08-12,90.6,90.6,90.6,90.6,33793.0
BXPHARMA,2024-08-13,87.9,87.9,87.9,87.9,35980.0
BXPHARMA,2024-08-14,85.3,93.6,85.3,88.0,5679711.0
BXPHARMA,2024-08-15,88.0,91.0,85.4,85.4,903938.0
BXPHARMA,2024-08-18,82.9,82.9,82.9,82.9,198652.0
BXPHARMA,2024-08-19,80.5,80.5,80.5,80.5,265391.0
BXPHARMA,2024-08-20,78.1,78.1,78.1,78.1,228959.0
BXPHARMA,2024-08-21,75.8,75.8,75.8,75.8,117674.0
BXPHARMA,2024-08-22,73.6,73.6,73.6,73.6,175046.0
BXPHARMA,2024-08-25,71.4,77.1,71.4,74.9,2135755.0
BXPHARMA,2024-08-27,75.0,81.5,73.8,79.0,1524347.0
BXPHARMA,2024-08-28,79.0,79.0,76.7,76.7,1947046.0
BXPHARMA,2024-08-29,74.0,79.0,74.0,76.2,1393048.0
BXPHARMA,2024-09-01,82.0,82.0,76.0,76.6,841571.0
BXPHARMA,2024-09-02,78.5,78.5,73.9,74.1,825685.0
BXPHARMA,2024-09-03,74.1,75.4,72.3,72.8,470055.0
BXPHARMA,2024-09-04,74.5,75.6,72.4,73.3,443030.0
BXPHARMA,2024-09-05,74.0,77.5,73.0,76.5,740427.0
BXPHARMA,2024-09-08,78.9,79.8,76.5,77.8,1224336.0
BXPHARMA,2024-09-09,78.0,78.0,73.1,74.1,812027.0
BXPHARMA,2024-09-10,75.5,75.9,73.5,74.9,469557.0
BXPHARMA,2024-09-11,76.2,78.0,74.9,75.3,720344.0
BXPHARMA,2024-09-12,75.3,77.3,75.0,76.5,1001689.0
BXPHARMA,2024-09-15,78.0,78.0,75.0,75.4,433236.0
BXPHARMA,2024-09-17,75.4,76.2,73.0,73.4,693492.0
BXPHARMA,2024-09-18,74.2,74.6,73.1,73.6,378652.0
BXPHARMA,2024-09-19,73.5,75.2,73.2,74.0,422316.0
BXPHARMA,2024-09-22,74.8,75.3,73.2,73.5,350497.0
BXPHARMA,2024-09-23,73.5,75.1,73.5,74.3,552867.0
BXPHARMA,2024-09-24,74.2,75.5,72.0,72.6,687845.0
BXPHARMA,2024-09-25,73.8,73.8,71.7,71.9,428581.0
BXPHARMA,2024-09-26,71.7,72.7,70.8,71.3,350601.0
BXPHARMA,2024-09-29,71.3,73.6,70.7,73.0,319380.0
BXPHARMA,2024-09-30,73.0,73.6,72.3,73.0,402836.0
BXPHARMA,2024-10-01,73.0,73.4,70.2,70.5,621865.0
BXPHARMA,2024-10-02,70.5,70.5,64.6,65.3,1310673.0
BXPHARMA,2024-10-03,64.3,68.3,64.2,67.5,525816.0
BXPHARMA,2024-10-06,67.1,70.4,67.1,69.5,587868.0
BXPHARMA,2024-10-07,69.5,73.3,68.5,70.1,689889.0
BXPHARMA,2024-10-08,70.1,72.4,69.0,70.8,470117.0
BXPHARMA,2024-10-09,71.6,73.6,70.9,73.3,525683.0
BXPHARMA,2024-10-14,73.5,74.6,70.0,70.9,951573.0
BXPHARMA,2024-10-15,70.5,72.7,70.5,72.4,335937.0
BXPHARMA,2024-10-16,70.9,72.8,70.0,70.7,263035.0
BXPHARMA,2024-10-17,72.0,74.0,72.0,72.9,700608.0
BXPHARMA,2024-10-20,74.3,74.5,71.2,71.9,206545.0
BXPHARMA,2024-10-21,71.3,72.5,70.7,71.1,270658.0
BXPHARMA,2024-10-22,71.1,72.5,71.0,71.4,255279.0
BXPHARMA,2024-10-23,71.4,72.8,69.4,69.9,160629.0
BXPHARMA,2024-10-24,70.5,72.1,68.6,71.7,553147.0
BXPHARMA,2024-10-27,70.5,71.0,68.8,69.4,119269.0
BXPHARMA,2024-10-28,69.5,71.1,68.4,69.9,287968.0
BXPHARMA,2024-10-29,72.8,73.7,71.6,73.0,639666.0
BXPHARMA,2024-10-30,73.6,74.2,73.3,73.7,731335.0
BXPHARMA,2024-10-31,74.0,74.6,72.8,74.0,355212.0
BXPHARMA,2024-11-03,74.0,75.4,74.0,74.2,312896.0
BXPHARMA,2024-11-04,74.4,74.7,73.3,74.1,329706.0
BXPHARMA,2024-11-05,74.2,77.8,74.2,76.1,1059692.0
BXPHARMA,2024-11-06,74.1,78.7,72.8,77.6,1469618.0
BXPHARMA,2024-11-07,77.6,83.0,76.7,82.5,2454405.0
BXPHARMA,2024-11-10,83.4,84.4,81.0,82.7,819309.0
BXPHARMA,2024-11-11,82.7,84.5,81.3,83.8,1189059.0
BXPHARMA,2024-11-12,84.2,89.8,84.0,86.0,1606160.0
BXPHARMA,2024-11-13,86.0,86.5,83.8,84.5,952981.0
BXPHARMA,2024-11-14,85.5,89.5,85.4,89.2,1845039.0
BXPHARMA,2024-11-17,89.2,93.3,88.3,91.4,1188734.0
BXPHARMA,2024-11-18,92.0,92.6,86.4,86.9,1330723.0
BXPHARMA,2024-11-19,86.9,88.7,84.0,84.5,1141912.0
BXPHARMA,2024-11-20,84.5,85.5,81.8,82.4,1017849.0
BXPHARMA,2024-11-21,82.5,83.0,79.6,79.8,1209363.0
BXPHARMA,2024-11-24,81.0,82.4,79.4,80.9,1004531.0
BXPHARMA,2024-11-26,78.5,80.9,77.5,80.1,963321.0
BXPHARMA,2024-11-27,81.0,84.8,81.0,84.1,585011.0
BXPHARMA,2024-11-28,84.2,87.7,84.2,86.9,992601.0
BXPHARMA,2024-12-01,87.0,87.4,84.2,84.9,499164.0
BXPHARMA,2024-12-02,84.5,85.8,82.4,82.9,755862.0
BXPHARMA,2024-12-03,83.5,83.8,81.0,82.6,644559.0
BXPHARMA,2024-12-04,81.5,84.2,81.5,83.2,579539.0
BXPHARMA,2024-12-05,83.8,83.8,81.7,82.1,489865.0
BXPHARMA,2024-12-08,82.1,83.4,81.4,82.9,446985.0
BXPHARMA,2024-12-09,83.0,83.8,83.0,83.5,402535.0
BXPHARMA,2024-12-10,84.0,86.0,82.9,85.6,1214553.0
BXPHARMA,2024-12-11,85.4,88.1,84.1,86.4,1132397.0
BXPHARMA,2024-12-12,86.0,86.5,83.7,84.3,608852.0
BXPHARMA,2024-12-15,84.7,85.3,83.5,84.2,425951.0
BXPHARMA,2024-12-17,84.0,87.5,84.0,84.5,861216.0
BXPHARMA,2024-12-18,85.0,86.2,84.2,85.0,944987.0
BXPHARMA,2024-12-19,85.8,85.8,84.7,85.0,430549.0
BXPHARMA,2024-12-22,85.4,85.8,82.8,83.1,279798.0
BXPHARMA,2024-12-23,83.3,84.0,81.0,81.6,329183.0
BXPHARMA,2024-12-24,82.5,83.7,80.4,81.0,454702.0
BXPHARMA,2024-12-26,82.3,82.3,80.3,81.4,230014.0
BXPHARMA,2024-12-29,82.2,83.2,81.8,82.1,508835.0
BXPHARMA,2024-12-30,82.4,82.7,81.0,81.6,493934.0
BXPHARMA,2025-01-01,82.4,82.4,81.0,81.2,353299.0
BXPHARMA,2025-01-02,81.6,81.6,77.7,78.2,447959.0
BXPHARMA,2025-01-05,78.8,80.3,78.7,78.9,163150.0
BXPHARMA,2025-01-06,79.0,80.2,78.3,79.7,254330.0
BXPHARMA,2025-01-07,80.4,80.4,78.8,79.0,500218.0
BXPHARMA,2025-01-08,79.1,79.1,78.2,78.5,285218.0
BXPHARMA,2025-01-09,78.5,78.8,78.0,78.2,566543.0
BXPHARMA,2025-01-12,78.2,78.5,77.5,77.6,190899.0
BXPHARMA,2025-01-13,77.7,78.1,74.5,75.3,260010.0
BXPHARMA,2025-01-14,76.5,76.5,74.9,75.6,406342.0
BXPHARMA,2025-01-15,76.0,76.8,75.3,76.2,207225.0
BXPHARMA,2025-01-16,76.7,76.7,74.9,75.1,188891.0
BXPHARMA,2025-01-19,74.9,76.0,74.8,74.9,173536.0
BXPHARMA,2025-01-20,75.4,77.4,75.4,77.1,264237.0
BXPHARMA,2025-01-21,77.3,79.8,77.3,78.8,825041.0
BXPHARMA,2025-01-22,78.0,78.7,77.6,78.3,461960.0
BXPHARMA,2025-01-23,76.6,79.3,76.5,76.8,124045.0
BXPHARMA,2025-01-26,78.4,78.4,74.8,75.1,170650.0
BXPHARMA,2025-01-27,75.4,75.7,75.0,75.5,125006.0
BXPHARMA,2025-01-28,75.3,77.2,75.3,76.6,165082.0
BXPHARMA,2025-01-29,75.0,76.5,75.0,75.2,585558.0
BXPHARMA,2025-01-30,76.0,76.2,75.2,75.6,253205.0
BXPHARMA,2025-02-02,75.3,76.8,75.3,76.3,185837.0
BXPHARMA,2025-02-03,76.8,77.0,76.3,76.8,142290.0
BXPHARMA,2025-02-04,77.0,78.7,76.8,78.3,833135.0
BXPHARMA,2025-02-05,78.5,79.0,77.8,78.7,314546.0
BXPHARMA,2025-02-06,78.5,79.3,77.0,77.1,125633.0
BXPHARMA,2025-02-09,77.8,77.8,76.0,77.2,123074.0
BXPHARMA,2025-02-10,77.9,78.0,75.5,76.2,102030.0
BXPHARMA,2025-02-11,76.2,77.8,76.2,76.6,93148.0
BXPHARMA,2025-02-12,76.6,77.5,76.2,76.6,49331.0
BXPHARMA,2025-02-13,76.4,77.1,76.2,76.4,81492.0
BXPHARMA,2025-02-16,76.9,76.9,76.3,76.5,136896.0
BXPHARMA,2025-02-17,76.7,78.1,76.5,77.8,183807.0
BXPHARMA,2025-02-18,78.1,78.5,77.4,78.0,172656.0
BXPHARMA,2025-02-19,78.0,78.2,76.2,76.6,79361.0
BXPHARMA,2025-02-20,77.2,77.5,76.4,76.7,56329.0
BXPHARMA,2025-02-23,77.0,78.2,76.6,77.8,168963.0
BXPHARMA,2025-02-24,78.6,78.7,77.2,78.5,232063.0
BXPHARMA,2025-02-25,78.8,82.9,77.9,79.9,909984.0
BXPHARMA,2025-02-26,80.4,81.0,78.9,80.3,1189310.0
BXPHARMA,2025-02-27,80.8,80.8,78.3,78.6,352026.0
BXPHARMA,2025-03-02,78.6,80.0,78.4,79.2,89963.0
BXPHARMA,2025-03-03,79.4,79.8,78.8,79.0,277647.0
BXPHARMA,2025-03-04,79.9,79.9,78.0,78.3,65620.0
BXPHARMA,2025-03-05,79.0,79.7,78.2,79.5,135166.0
BXPHARMA,2025-03-06,79.8,79.8,78.1,78.3,43031.0
BXPHARMA,2025-03-09,78.0,79.0,78.0,78.5,74725.0
BXPHARMA,2025-03-10,79.0,81.5,78.2,81.0,394388.0
BXPHARMA,2025-03-11,81.0,82.8,80.6,81.0,137578.0
BXPHARMA,2025-03-12,81.0,81.5,80.8,81.3,577052.0
BXPHARMA,2025-03-13,81.9,81.9,79.9,81.1,648704.0
BXPHARMA,2025-03-16,81.0,82.5,80.6,81.2,156040.0
BXPHARMA,2025-03-17,81.5,82.7,80.6,82.4,690754.0
BXPHARMA,2025-03-18,81.4,81.9,80.6,80.9,138470.0
BXPHARMA,2025-03-19,81.5,83.5,80.9,83.0,639943.0
BXPHARMA,2025-03-20,83.0,88.2,83.0,87.2,1471323.0
BXPHARMA,2025-03-23,87.0,95.9,87.0,94.9,2246134.0
BXPHARMA,2025-03-24,95.0,104.3,94.9,101.9,3111051.0
BXPHARMA,2025-03-25,102.0,104.4,100.5,101.6,1899197.0
BXPHARMA,2025-03-27,101.4,101.9,97.9,99.1,1527708.0
BXPHARMA,2025-04-06,98.0,109.0,93.3,108.8,2991166.0
BXPHARMA,2025-04-07,110.9,113.3,106.7,107.7,2449146.0
BXPHARMA,2025-04-08,107.5,111.8,105.9,109.2,2206972.0
EHL,2022-05-16,64.6,64.8,60.9,60.9,1667421.0
EHL,2022-05-17,61.2,61.7,57.9,60.5,2017863.0
EHL,2022-05-18,61.1,61.9,57.5,57.6,1214975.0
EHL,2022-05-19,57.6,58.9,55.6,56.7,1301560.0
EHL,2022-05-22,57.2,57.9,54.8,55.2,853056.0
EHL,2022-05-23,57.9,58.7,56.6,57.0,868934.0
EHL,2022-05-24,58.0,58.3,55.3,55.9,903322.0
EHL,2022-05-25,55.1,56.9,54.7,55.7,469825.0
EHL,2022-05-26,55.1,57.0,54.9,56.7,439179.0
EHL,2022-05-29,58.0,59.2,57.6,58.9,1025128.0
EHL,2022-05-30,59.0,59.2,57.8,57.9,755301.0
EHL,2022-05-31,57.0,58.0,56.8,56.9,562063.0
EHL,2022-06-01,50.7,52.9,50.6,52.4,326890.0
EHL,2022-06-02,57.5,59.0,57.2,57.6,406874.0
EHL,2022-06-03,52.0,53.0,51.2,51.3,98201.0
EHL,2022-06-04,54.9,54.9,53.2,53.5,158236.0
EHL,2022-06-06,61.9,64.7,61.4,62.6,1985797.0
EHL,2022-06-07,58.2,58.7,57.5,57.7,361222.0
EHL,2022-06-13,59.5,60.0,58.4,58.4,651807.0
EHL,2022-06-14,58.8,59.5,58.1,58.6,403811.0
EHL,2022-06-15,58.3,59.4,58.3,58.9,585550.0
EHL,2022-06-16,60.0,62.1,59.4,61.2,1866364.0
EHL,2022-06-19,61.9,63.5,61.0,61.7,1787164.0
EHL,2022-06-20,61.7,62.0,60.5,60.5,596295.0
EHL,2022-06-21,60.0,60.2,59.3,59.3,432056.0
EHL,2022-06-22,61.3,61.3,58.3,58.9,397736.0
EHL,2022-06-23,59.2,60.2,58.0,58.9,499186.0
EHL,2022-06-26,59.0,59.2,57.8,58.2,397767.0
EHL,2022-06-27,57.7,59.2,57.7,58.7,326269.0
EHL,2022-06-28,58.8,59.6,58.5,58.8,375741.0
EHL,2022-06-29,57.8,59.3,57.8,58.1,372263.0
EHL,2022-06-30,58.2,58.7,57.6,57.7,431775.0
EHL,2022-07-02,57.9,59.0,56.6,57.0,452225.0
EHL,2022-07-03,51.0,51.3,49.0,49.3,363820.0
EHL,2022-07-04,52.9,53.9,52.5,53.4,117653.0
EHL,2022-07-06,62.5,62.9,61.4,61.4,1044761.0
EHL,2022-07-07,58.2,58.4,57.7,58.1,219053.0
EHL,2022-07-13,57.3,57.6,56.2,56.3,465898.0
EHL,2022-07-14,56.9,57.0,55.5,56.5,305667.0
EHL,2022-07-17,56.1,57.4,56.1,56.5,222461.0
EHL,2022-07-18,56.2,56.2,55.4,55.4,189121.0
EHL,2022-07-19,54.3,54.3,54.3,54.3,227177.0
EHL,2022-07-20,53.4,55.5,53.3,54.8,267231.0
EHL,2022-07-21,55.7,55.7,53.8,53.8,272679.0
EHL,2022-07-24,54.8,54.8,52.8,52.8,216343.0
EHL,2022-07-25,52.1,54.2,51.8,53.8,322433.0
EHL,2022-07-26,55.0,56.4,53.7,54.0,732433.0
EHL,2022-07-27,54.1,54.4,53.0,53.0,241553.0
EHL,2022-07-28,52.1,52.4,52.0,52.0,284909.0
EHL,2022-07-31,53.1,54.7,53.1,54.1,380776.0
EHL,2022-08-01,54.4,56.6,54.1,56.3,754605.0
EHL,2022-08-02,56.6,58.3,56.3,57.8,1159715.0
EHL,2022-08-03,58.7,59.2,57.2,57.8,743144.0
EHL,2022-08-04,57.5,57.6,56.6,57.0,528817.0
EHL,2022-08-05,57.6,61.7,57.6,61.4,2305537.0
EHL,2022-08-06,61.3,62.6,60.8,61.0,1048977.0
EHL,2022-08-07,56.6,61.5,56.2,60.0,1781295.0
EHL,2022-08-08,60.6,61.9,58.8,59.3,1142371.0
EHL,2022-08-10,58.9,59.3,56.6,56.8,640370.0
EHL,2022-08-11,56.2,58.0,55.9,57.2,257696.0
EHL,2022-08-14,57.2,58.6,57.1,57.6,367156.0
EHL,2022-08-16,58.4,61.0,57.8,60.5,1312753.0
EHL,2022-08-17,57.9,61.9,57.9,60.4,1376387.0
EHL,2022-08-21,61.1,63.5,59.9,63.0,2600244.0
EHL,2022-08-22,64.5,65.5,62.5,62.9,2422794.0
EHL,2022-08-23,62.6,66.8,62.6,64.0,4018594.0
EHL,2022-08-24,64.0,66.9,63.9,66.4,2624259.0
EHL,2022-08-25,67.0,73.0,67.0,73.0,5736813.0
EHL,2022-08-28,76.0,80.3,74.4,80.1,6721893.0
EHL,2022-08-29,81.8,84.2,78.6,79.6,3782320.0
EHL,2022-08-30,79.8,87.5,78.7,87.5,5280564.0
EHL,2022-08-31,90.0,96.2,90.0,92.2,4459267.0
EHL,2022-09-01,90.5,101.4,90.5,101.4,5718250.0
EHL,2022-09-02,57.7,59.1,56.9,58.6,533920.0
EHL,2022-09-03,51.0,52.4,51.0,52.1,246725.0
EHL,2022-09-04,106.0,109.0,102.2,105.1,4825435.0
EHL,2022-09-05,104.5,106.2,94.6,94.7,5705505.0
EHL,2022-09-06,94.7,96.4,87.1,92.9,4638645.0
EHL,2022-09-07,95.0,97.0,83.8,85.7,5523189.0
EHL,2022-09-08,87.9,90.9,80.0,82.4,4060834.0
EHL,2022-09-11,84.8,90.1,82.6,86.3,3843168.0
EHL,2022-09-12,86.9,87.8,81.0,82.4,3433265.0
EHL,2022-09-13,83.1,84.5,77.1,79.3,3140386.0
EHL,2022-09-14,79.3,80.5,75.6,76.2,2323893.0
EHL,2022-09-15,77.9,82.0,76.5,79.6,1825942.0
EHL,2022-09-18,82.0,87.2,79.2,84.5,5345975.0
EHL,2022-09-19,86.6,92.9,86.1,92.9,3343820.0
EHL,2022-09-20,99.5,99.9,85.0,88.9,7038453.0
EHL,2022-09-21,88.5,90.7,83.4,84.7,2860665.0
EHL,2022-09-22,84.0,93.1,84.0,93.1,3458771.0
EHL,2022-09-25,95.6,100.9,93.1,94.5,5950372.0
EHL,2022-09-26,92.2,97.3,90.4,94.9,3934138.0
EHL,2022-09-27,98.2,104.3,98.2,103.4,6183608.0
EHL,2022-09-28,105.0,113.0,103.9,108.2,5464537.0
EHL,2022-09-29,108.6,119.0,105.8,116.6,6015451.0
EHL,2022-10-01,51.6,55.7,50.6,55.7,1182944.0
EHL,2022-10-02,58.9,60.7,58.9,59.5,709950.0
EHL,2022-10-03,52.1,53.0,51.4,51.9,295709.0
EHL,2022-10-04,116.9,119.5,110.2,112.1,4733522.0
EHL,2022-10-05,69.4,73.5,64.2,67.8,4925635.0
EHL,2022-10-06,112.3,114.4,108.5,110.7,3588373.0
EHL,2022-10-10,110.3,115.0,107.0,109.3,3103295.0
EHL,2022-10-11,110.3,118.3,108.4,116.8,5043959.0
EHL,2022-10-13,120.1,128.4,120.1,127.8,9987977.0
EHL,2022-10-16,133.0,140.5,132.3,140.0,4810681.0
EHL,2022-10-17,140.7,147.9,132.9,137.8,7596485.0
EHL,2022-10-18,137.0,143.8,135.8,138.0,4584428.0
EHL,2022-10-19,139.5,140.9,124.2,124.2,5059000.0
EHL,2022-10-20,121.1,121.1,111.8,115.4,3862308.0
EHL,2022-10-23,118.1,122.8,104.3,106.9,2418382.0
EHL,2022-10-24,107.7,110.7,100.2,105.9,1984309.0
EHL,2022-10-25,108.6,114.5,107.3,111.8,2242280.0
EHL,2022-10-26,112.9,119.9,112.0,117.9,2771846.0
EHL,2022-10-27,118.4,123.4,114.6,115.8,2648312.0
EHL,2022-10-30,112.5,118.1,106.1,108.5,1856519.0
EHL,2022-10-31,110.9,115.7,107.2,109.1,2276087.0
EHL,2022-11-01,113.7,119.0,110.4,118.5,3099405.0
EHL,2022-11-02,121.8,130.3,121.8,130.2,4976300.0
EHL,2022-11-03,132.0,135.9,124.8,126.1,5053974.0
EHL,2022-11-04,54.2,54.5,53.7,53.8,66324.0
EHL,2022-11-05,67.1,67.5,64.5,64.6,2946475.0
EHL,2022-11-06,125.9,137.1,124.0,132.4,3545510.0
EHL,2022-11-07,134.6,139.0,131.3,133.1,4475513.0
EHL,2022-11-08,134.0,135.4,119.8,121.1,4013547.0
EHL,2022-11-09,119.0,124.8,111.1,114.3,2490284.0
EHL,2022-11-10,115.6,122.9,114.7,121.2,2241083.0
EHL,2022-11-13,122.1,126.5,109.5,111.5,2454109.0
EHL,2022-11-14,112.0,115.7,101.1,102.8,1488920.0
EHL,2022-11-15,101.0,103.0,92.6,92.8,2508154.0
EHL,2022-11-16,93.2,99.7,86.3,98.9,1710106.0
EHL,2022-11-17,101.5,101.5,91.8,93.3,2123612.0
EHL,2022-11-20,93.9,94.6,84.0,84.0,1686624.0
EHL,2022-11-21,81.0,81.2,75.6,77.6,1957124.0
EHL,2022-11-22,80.2,85.3,80.2,85.0,1367172.0
EHL,2022-11-23,84.3,86.2,78.6,79.8,2005979.0
EHL,2022-11-24,79.9,84.4,78.0,83.7,1034379.0
EHL,2022-11-27,84.3,87.0,83.0,84.2,1130350.0
EHL,2022-11-28,84.9,85.0,76.0,76.8,1386064.0
EHL,2022-11-29,75.0,81.0,75.0,80.6,1070816.0
EHL,2022-11-30,80.3,81.9,79.4,80.5,1190184.0
EHL,2022-12-01,73.0,84.0,73.0,82.2,1443487.0
EHL,2022-12-04,82.4,82.8,77.8,78.2,998770.0
EHL,2022-12-05,78.0,79.6,76.1,77.1,733181.0
EHL,2022-12-06,74.0,82.2,74.0,80.9,1166058.0
EHL,2022-12-07,82.4,84.2,81.3,81.8,1231367.0
EHL,2022-12-08,81.2,81.6,78.5,80.5,1095380.0
EHL,2022-12-11,80.9,82.9,80.9,82.0,737643.0
EHL,2022-12-12,82.4,86.9,81.7,86.3,2007942.0
EHL,2022-12-13,86.9,89.3,84.7,85.3,1348995.0
EHL,2022-12-14,84.5,85.2,82.6,83.4,999009.0
EHL,2022-12-15,83.7,84.6,82.6,84.0,752820.0
EHL,2022-12-18,84.7,85.6,83.2,83.5,714465.0
EHL,2022-12-19,83.5,83.7,81.9,82.3,468004.0
EHL,2022-12-20,82.3,83.8,79.6,80.5,621230.0
EHL,2022-12-21,80.8,80.8,74.5,76.2,713572.0
EHL,2022-12-22,75.0,77.7,74.0,76.4,318085.0
EHL,2022-12-26,76.5,77.4,73.8,74.2,306497.0
EHL,2022-12-27,75.5,75.5,70.2,73.3,516740.0
EHL,2022-12-28,74.8,77.8,73.5,77.4,583759.0
EHL,2022-12-29,77.4,80.3,76.8,78.9,891178.0
EHL,2023-01-01,80.9,80.9,76.4,76.7,553280.0
EHL,2023-01-02,77.0,77.0,74.1,74.7,396367.0
EHL,2023-01-03,75.0,77.7,73.0,77.1,568188.0
EHL,2023-01-04,78.0,80.5,77.5,80.0,837526.0
EHL,2023-01-05,80.0,81.0,77.5,77.9,722638.0
EHL,2023-01-08,77.9,79.7,76.7,79.2,664851.0
EHL,2023-01-09,80.4,82.6,79.6,81.9,1302726.0
EHL,2023-01-10,82.0,84.8,82.0,83.2,1493309.0
EHL,2023-01-12,84.0,90.0,83.3,88.0,1747743.0
EHL,2023-01-15,90.0,92.4,88.3,91.7,2165384.0
EHL,2023-01-16,92.0,92.3,88.3,89.9,1872103.0
EHL,2023-01-17,89.9,96.2,89.9,94.3,2102316.0
EHL,2023-01-18,94.0,95.0,87.0,88.3,1924119.0
EHL,2023-01-19,88.5,91.2,87.5,89.2,1073915.0
EHL,2023-01-22,89.5,90.4,83.1,83.9,1219900.0
EHL,2023-01-23,84.4,85.4,82.4,83.2,436004.0
EHL,2023-01-24,86.5,91.5,86.0,91.5,1898459.0
EHL,2023-01-25,95.4,98.0,92.0,92.7,2996588.0
EHL,2023-01-26,92.4,101.9,91.4,101.9,3045359.0
EHL,2023-01-29,105.0,107.3,103.6,105.3,2609811.0
EHL,2023-01-30,105.5,108.3,102.8,106.7,2911566.0
EHL,2023-01-31,106.7,111.9,106.0,108.4,2478818.0
EHL,2023-02-01,107.9,111.0,105.5,109.2,3209861.0
EHL,2023-02-02,109.0,113.9,107.1,108.2,2573258.0
EHL,2023-02-05,108.2,110.6,104.9,105.6,2147137.0
EHL,2023-02-06,106.8,106.8,101.5,103.1,1893179.0
EHL,2023-02-07,101.9,109.6,101.9,108.6,1856792.0
EHL,2023-02-08,109.5,111.4,105.6,107.0,2062874.0
EHL,2023-02-09,107.0,107.9,102.5,103.4,1600926.0
EHL,2023-02-12,104.6,104.8,94.8,96.0,1552138.0
EHL,2023-02-13,94.0,101.9,94.0,100.7,1262911.0
EHL,2023-02-14,101.2,102.0,96.0,96.6,1040209.0
EHL,2023-02-15,96.0,98.5,95.1,95.6,905132.0
EHL,2023-02-16,96.0,97.2,93.3,94.7,756395.0
EHL,2023-02-19,94.8,96.0,91.7,92.8,595053.0
EHL,2023-02-20,93.0,94.0,90.8,92.1,628905.0
EHL,2023-02-22,92.6,95.9,92.6,93.4,696281.0
EHL,2023-02-23,92.9,92.9,90.5,90.9,503861.0
EHL,2023-02-26,91.6,91.8,85.8,86.4,597920.0
EHL,2023-02-27,87.3,91.3,85.0,90.5,1151838.0
EHL,2023-02-28,91.0,93.0,91.0,91.5,1049811.0
EHL,2023-03-01,91.5,93.8,89.7,90.7,1033026.0
EHL,2023-03-02,91.5,92.5,89.4,90.7,986200.0
EHL,2023-03-05,90.7,99.7,90.7,99.7,2565863.0
EHL,2023-03-06,99.9,104.5,99.9,101.8,2177523.0
EHL,2023-03-07,101.9,108.3,100.1,106.3,3589399.0
EHL,2023-03-09,109.0,109.0,103.5,105.7,2446134.0
EHL,2023-03-12,106.0,106.1,98.5,99.2,2066535.0
EHL,2023-03-13,99.8,102.2,97.1,97.6,1546526.0
EHL,2023-03-14,98.7,99.9,95.3,96.6,1147947.0
EHL,2023-03-15,97.9,97.9,92.9,93.4,1043274.0
EHL,2023-03-16,94.4,98.0,93.6,97.3,929612.0
EHL,2023-03-19,97.9,98.9,92.8,93.4,1167506.0
EHL,2023-03-20,93.2,96.0,92.1,94.8,808727.0
EHL,2023-03-21,95.1,99.4,95.1,98.8,1274718.0
EHL,2023-03-22,99.3,101.9,96.2,97.3,1916682.0
EHL,2023-03-23,96.9,104.3,95.8,102.8,1668841.0
EHL,2023-03-27,104.0,107.0,99.9,101.3,2637019.0
EHL,2023-03-28,101.0,106.0,100.1,105.3,1976329.0
EHL,2023-03-29,106.0,108.9,104.1,104.9,2515729.0
EHL,2023-03-30,105.0,109.6,104.9,108.7,3220572.0
EHL,2023-04-02,110.0,114.6,110.0,110.9,2642738.0
EHL,2023-04-03,111.8,112.9,106.7,107.5,2784108.0
EHL,2023-04-04,108.0,112.6,105.9,110.9,3164881.0
EHL,2023-04-05,112.0,118.4,112.0,117.0,3835494.0
EHL,2023-04-06,117.8,120.4,115.0,116.0,3220031.0
EHL,2023-04-09,116.0,117.4,111.6,112.3,2358245.0
EHL,2023-04-10,111.0,114.8,111.0,112.1,1694358.0
EHL,2023-04-11,113.0,117.4,112.8,115.6,1866922.0
EHL,2023-04-12,116.1,119.0,116.1,117.8,2097294.0
EHL,2023-04-13,118.5,121.7,118.5,120.5,2139804.0
EHL,2023-04-16,122.0,122.8,114.5,116.5,2019282.0
EHL,2023-04-17,122.0,122.0,113.8,115.1,1508153.0
EHL,2023-04-18,114.9,117.0,111.1,111.8,2677972.0
EHL,2023-04-24,111.5,115.5,111.5,113.4,2005600.0
EHL,2023-04-25,114.0,119.0,113.6,118.6,2936803.0
EHL,2023-04-26,119.9,124.2,119.0,122.5,4498617.0
EHL,2023-04-27,122.9,123.8,116.8,118.0,3069174.0
EHL,2023-04-30,118.2,126.7,116.6,124.3,3524988.0
EHL,2023-05-02,126.0,128.7,123.5,123.9,2809599.0
EHL,2023-05-03,124.0,126.5,120.2,121.0,4589328.0
EHL,2023-05-07,121.3,121.9,114.8,115.8,3185220.0
EHL,2023-05-08,116.3,116.9,111.8,115.5,2412738.0
EHL,2023-05-09,116.0,117.9,113.4,113.9,1534808.0
EHL,2023-05-10,114.0,114.6,109.3,110.6,1909727.0
EHL,2023-05-11,111.1,118.0,108.5,115.1,3246556.0
EHL,2023-05-14,115.0,117.0,112.2,113.0,1223514.0
EHL,2023-05-15,113.0,114.5,109.9,110.8,1279634.0
EHL,2023-05-16,110.8,113.0,110.2,111.5,1305653.0
EHL,2023-05-17,114.0,114.0,109.1,109.7,1461893.0
EHL,2023-05-18,109.7,111.0,106.4,107.2,1837154.0
EHL,2023-05-21,107.8,108.8,103.2,103.5,1704420.0
EHL,2023-05-22,103.5,105.9,100.5,104.3,2283994.0
EHL,2023-05-23,105.8,108.6,101.5,107.2,3843566.0
EHL,2023-05-24,107.5,109.7,106.0,106.7,1789804.0
EHL,2023-05-25,106.7,107.0,102.7,105.7,2599348.0
EHL,2023-05-28,106.0,106.8,103.0,103.4,1714890.0
EHL,2023-05-29,103.8,107.5,103.4,105.1,1680304.0
EHL,2023-05-30,106.0,110.2,104.2,109.5,2517020.0
EHL,2023-05-31,108.9,113.2,106.6,107.7,2783825.0
EHL,2023-06-01,107.8,108.3,104.4,105.0,2100981.0
EHL,2023-06-04,105.1,106.0,103.6,104.2,1536368.0
EHL,2023-06-05,105.1,105.8,102.7,103.3,1353266.0
EHL,2023-06-06,104.0,104.4,97.1,98.6,1303087.0
EHL,2023-06-07,99.0,100.9,98.0,98.9,940972.0
EHL,2023-06-08,99.0,101.5,97.4,100.8,1159097.0
EHL,2023-06-11,101.3,103.5,99.3,99.7,852216.0
EHL,2023-06-12,100.0,100.6,97.1,97.6,919201.0
EHL,2023-06-13,98.0,98.8,95.1,96.2,674365.0
EHL,2023-06-14,96.6,97.8,94.5,94.6,691093.0
EHL,2023-06-15,94.7,96.9,94.0,95.2,478779.0
EHL,2023-06-18,95.5,96.1,94.3,94.7,274754.0
EHL,2023-06-19,95.7,98.8,95.3,97.9,869956.0
EHL,2023-06-20,98.4,104.6,98.3,103.6,2419699.0
EHL,2023-06-21,104.0,105.1,101.1,101.9,1142013.0
EHL,2023-06-22,102.0,103.4,100.4,101.5,1367816.0
EHL,2023-06-25,101.3,105.9,101.3,105.5,1335738.0
EHL,2023-06-26,105.5,106.8,103.5,104.4,1231011.0
EHL,2023-07-02,104.0,105.1,102.8,103.2,724186.0
EHL,2023-07-03,103.2,103.8,100.4,100.7,636989.0
EHL,2023-07-04,101.4,101.8,99.0,99.3,619830.0
EHL,2023-07-05,99.2,101.4,99.2,100.4,744950.0
EHL,2023-07-06,100.9,101.3,98.6,98.7,547486.0
EHL,2023-07-09,98.6,101.0,97.7,99.6,698100.0
EHL,2023-07-10,100.2,100.2,96.1,97.3,542531.0
EHL,2023-07-11,99.0,99.0,95.8,96.2,352026.0
EHL,2023-07-12,96.5,98.5,96.5,96.9,456990.0
EHL,2023-07-13,97.4,97.8,95.8,96.0,514135.0
EHL,2023-07-16,96.2,99.6,96.0,97.6,598824.0
EHL,2023-07-17,97.7,98.0,96.2,96.4,360695.0
EHL,2023-07-18,96.4,96.9,95.1,95.3,437382.0
EHL,2023-07-19,96.0,96.4,94.1,94.6,553102.0
EHL,2023-07-20,95.5,95.5,93.5,94.0,555688.0
EHL,2023-07-23,94.0,94.5,91.4,92.0,501579.0
EHL,2023-07-24,92.3,92.7,90.3,90.6,289851.0
EHL,2023-07-25,90.6,92.7,90.3,91.5,388751.0
EHL,2023-07-26,91.6,92.3,91.3,91.8,209848.0
EHL,2023-07-27,92.8,92.8,88.5,89.6,502575.0
EHL,2023-07-30,90.0,90.5,88.0,88.3,244189.0
EHL,2023-07-31,88.0,94.0,87.3,91.7,1107312.0
EHL,2023-08-01,92.2,92.7,89.9,90.3,639629.0
EHL,2023-08-02,90.1,92.2,90.1,90.7,509935.0
EHL,2023-08-03,90.2,91.8,90.2,90.6,354506.0
EHL,2023-08-06,91.1,91.1,88.5,88.8,256577.0
EHL,2023-08-07,88.7,89.8,87.3,87.6,312932.0
EHL,2023-08-08,87.5,88.6,87.5,88.0,200910.0
EHL,2023-08-09,88.9,88.9,85.9,86.3,319038.0
EHL,2023-08-10,86.3,86.9,85.1,85.4,253850.0
EHL,2023-08-13,85.4,86.4,84.6,84.8,247786.0
EHL,2023-08-14,85.0,85.0,81.6,82.2,437659.0
EHL,2023-08-16,82.2,83.8,78.2,78.6,355546.0
EHL,2023-08-17,78.0,81.8,78.0,81.0,253777.0
EHL,2023-08-20,81.7,81.9,79.2,81.4,246947.0
EHL,2023-08-21,82.0,85.8,81.7,85.1,494707.0
EHL,2023-08-22,85.1,86.7,83.9,85.7,528202.0
EHL,2023-08-23,86.0,86.0,82.6,83.1,438683.0
EHL,2023-08-24,82.7,83.8,81.9,82.7,426446.0
EHL,2023-08-27,83.5,90.9,83.5,90.9,1356343.0
EHL,2023-08-28,93.0,97.0,92.4,92.7,1652077.0
EHL,2023-08-29,92.7,92.7,89.7,91.1,1155589.0
EHL,2023-08-30,92.0,92.3,89.2,90.1,715954.0
EHL,2023-08-31,95.0,97.7,93.8,95.1,3365599.0
EHL,2023-09-03,96.0,103.0,94.1,102.0,3040641.0
EHL,2023-09-04,102.3,104.8,101.2,102.3,3160921.0
EHL,2023-09-05,102.4,103.6,100.3,103.0,2516559.0
EHL,2023-09-07,103.2,104.0,97.9,98.7,1844565.0
EHL,2023-09-10,98.7,99.2,95.5,96.1,1317165.0
EHL,2023-09-11,96.2,97.6,95.0,95.7,608671.0
EHL,2023-09-12,97.0,102.5,96.2,101.7,1742072.0
EHL,2023-09-13,101.9,103.5,99.8,100.4,1856749.0
EHL,2023-09-14,100.4,101.6,98.0,98.5,1348181.0
EHL,2023-09-17,99.7,104.6,97.8,103.9,3269370.0
EHL,2023-09-18,103.9,104.3,100.8,101.8,2146199.0
EHL,2023-09-19,101.8,101.8,98.5,100.2,1758775.0
EHL,2023-09-20,101.1,104.0,100.9,103.7,2947528.0
EHL,2023-09-24,100.0,102.0,98.0,98.6,2072648.0
EHL,2023-09-25,99.0,99.6,97.2,97.9,833836.0
EHL,2023-09-26,97.9,98.7,95.4,95.7,837675.0
EHL,2023-09-27,95.3,100.3,94.3,99.7,1295729.0
EHL,2023-10-01,99.9,99.9,94.7,95.4,741169.0
EHL,2023-10-02,95.0,95.8,93.6,95.1,743596.0
EHL,2023-10-03,94.5,95.9,91.0,91.5,864476.0
EHL,2023-10-04,91.6,92.4,88.1,90.9,462788.0
EHL,2023-10-05,90.9,93.9,90.7,92.0,557415.0
EHL,2023-10-08,92.0,93.0,86.1,87.7,698483.0
EHL,2023-10-09,87.9,90.3,85.9,87.7,655033.0
EHL,2023-10-10,88.4,89.4,88.0,88.8,290713.0
EHL,2023-10-11,89.2,91.7,88.3,91.2,641038.0
EHL,2023-10-12,89.7,93.0,88.5,90.9,561675.0
EHL,2023-10-15,92.3,92.4,88.8,89.2,370220.0
EHL,2023-10-16,89.9,90.6,87.5,88.3,548994.0
EHL,2023-10-17,88.6,91.7,87.6,91.2,867954.0
EHL,2023-10-18,91.3,91.9,89.4,89.7,377402.0
EHL,2023-10-19,89.9,90.6,88.7,89.6,359741.0
EHL,2023-10-22,90.5,90.5,88.4,88.7,256712.0
EHL,2023-10-23,88.7,89.8,87.8,88.9,286867.0
EHL,2023-10-25,89.6,90.6,88.5,89.5,416736.0
EHL,2023-10-26,90.0,91.0,88.7,89.1,388851.0
EHL,2023-10-29,89.8,92.8,88.5,91.9,905333.0
EHL,2023-10-30,91.3,93.3,91.2,91.9,418715.0
EHL,2023-10-31,92.0,92.0,87.9,89.0,1527630.0
EHL,2023-11-01,89.3,89.4,87.9,88.2,431216.0
EHL,2023-11-02,88.4,88.7,87.8,88.5,326244.0
EHL,2023-11-05,88.7,88.9,87.8,88.2,490627.0
EHL,2023-11-06,89.0,90.3,88.3,88.7,502584.0
EHL,2023-11-07,89.4,89.4,87.9,88.2,353546.0
EHL,2023-11-08,88.5,89.4,87.7,88.0,441453.0
EHL,2023-11-09,88.7,88.7,87.1,87.4,358453.0
EHL,2023-11-12,87.5,87.9,85.5,85.7,260368.0
EHL,2023-11-13,85.9,86.3,84.1,84.3,234477.0
EHL,2023-11-14,85.4,85.4,83.9,84.1,179820.0
EHL,2023-11-15,85.0,85.3,84.4,85.1,160191.0
EHL,2023-11-16,84.9,85.1,83.7,84.1,191822.0
EHL,2023-11-19,85.1,85.1,82.5,82.8,167806.0
EHL,2023-11-20,83.9,84.3,82.0,82.3,211480.0
EHL,2023-11-21,83.5,83.5,81.9,82.0,130245.0
EHL,2023-11-22,82.3,83.3,81.9,82.2,140471.0
EHL,2023-11-23,82.9,83.4,82.0,83.2,186917.0
EHL,2023-11-26,83.5,83.6,81.0,82.0,220426.0
EHL,2023-11-27,82.0,82.0,79.8,80.2,163657.0
EHL,2023-11-28,80.8,80.8,78.0,78.2,297074.0
EHL,2023-11-29,78.2,80.3,78.2,79.6,200800.0
EHL,2023-11-30,79.7,84.2,79.2,83.7,731225.0
EHL,2023-12-03,84.1,85.9,83.3,85.7,488026.0
EHL,2023-12-04,85.9,85.9,83.6,84.4,509631.0
EHL,2023-12-05,85.0,85.7,83.5,84.1,280508.0
EHL,2023-12-06,84.5,84.9,84.0,84.4,233210.0
EHL,2023-12-07,84.7,84.7,82.7,82.9,308147.0
EHL,2023-12-10,82.6,83.6,82.5,83.2,194831.0
EHL,2023-12-11,83.2,86.1,82.8,85.9,594853.0
EHL,2023-12-12,85.2,86.4,84.5,84.8,285510.0
EHL,2023-12-13,84.9,85.1,83.9,84.1,266075.0
EHL,2023-12-14,84.1,84.4,83.3,83.6,159653.0
EHL,2023-12-17,83.1,84.5,82.4,82.5,172018.0
EHL,2023-12-18,83.7,83.7,81.5,81.7,240033.0
EHL,2023-12-19,82.0,83.6,81.5,82.8,209224.0
EHL,2023-12-20,83.1,83.7,82.1,83.1,280593.0
EHL,2023-12-21,83.0,83.5,81.3,81.9,248923.0
EHL,2023-12-24,83.4,83.4,81.0,82.0,234365.0
EHL,2023-12-26,81.5,83.1,80.5,82.1,426123.0
EHL,2023-12-27,82.8,84.9,81.6,83.9,545306.0
EHL,2023-12-28,84.0,87.0,83.8,86.4,1068570.0
EHL,2024-01-01,87.0,87.0,84.0,85.4,255993.0
EHL,2024-01-02,86.0,86.0,83.6,84.1,243505.0
EHL,2024-01-03,84.8,85.2,83.7,84.8,148196.0
EHL,2024-01-04,84.7,86.7,83.9,85.3,778392.0
EHL,2024-01-08,85.3,90.1,85.3,88.9,1086312.0
EHL,2024-01-09,89.4,89.7,87.1,88.9,699622.0
EHL,2024-01-10,88.9,94.0,88.4,93.4,1263669.0
EHL,2024-01-11,93.5,95.8,92.6,93.0,1135581.0
EHL,2024-01-14,93.0,97.0,92.3,93.5,1227114.0
EHL,2024-01-15,94.0,96.4,91.9,95.6,1240941.0
EHL,2024-01-16,96.4,97.2,94.9,95.7,1245130.0
EHL,2024-01-17,95.3,95.8,93.5,94.2,842713.0
EHL,2024-01-18,95.0,95.0,92.4,93.4,613590.0
EHL,2024-01-21,92.6,94.8,88.0,94.3,670530.0
EHL,2024-01-22,94.7,97.7,93.8,96.5,915100.0
EHL,2024-01-23,96.7,97.3,95.0,96.5,929855.0
EHL,2024-01-24,98.0,101.1,96.5,98.2,2149916.0
EHL,2024-01-25,99.0,99.8,96.0,96.4,758430.0
EHL,2024-01-28,97.5,97.8,92.1,92.9,603039.0
EHL,2024-01-29,95.0,95.0,92.1,93.6,328746.0
EHL,2024-01-30,94.4,96.5,93.0,94.1,541350.0
EHL,2024-01-31,94.6,95.8,93.0,94.7,366949.0
EHL,2024-02-01,95.0,95.3,93.1,94.1,569510.0
EHL,2024-02-04,94.2,95.8,93.0,95.3,645031.0
EHL,2024-02-05,95.5,96.2,94.0,94.5,868051.0
EHL,2024-02-06,94.0,99.9,94.0,96.4,1024188.0
EHL,2024-02-07,97.0,98.7,96.2,97.2,850338.0
EHL,2024-02-08,97.3,98.0,95.2,96.1,830364.0
EHL,2024-02-11,96.2,97.0,94.7,95.0,749189.0
EHL,2024-02-12,95.8,96.9,94.1,94.4,648350.0
EHL,2024-02-13,94.9,96.5,94.5,95.0,962992.0
EHL,2024-02-14,94.5,95.7,94.2,94.3,335547.0
EHL,2024-02-15,94.5,94.5,92.0,92.3,337307.0
EHL,2024-02-18,92.6,93.3,89.3,90.2,310859.0
EHL,2024-02-19,91.0,91.4,88.7,89.0,372682.0
EHL,2024-02-20,89.3,90.3,88.6,88.9,279271.0
EHL,2024-02-22,89.5,90.0,87.2,87.3,324338.0
EHL,2024-02-25,87.3,88.3,86.0,86.2,375832.0
EHL,2024-02-27,87.7,89.4,85.5,88.3,401134.0
EHL,2024-02-28,88.9,90.6,88.4,89.1,362836.0
EHL,2024-02-29,89.2,91.0,88.0,89.9,338833.0
EHL,2024-03-03,89.8,89.8,87.8,88.1,235538.0
EHL,2024-03-04,88.6,88.8,85.1,88.2,134336.0
EHL,2024-03-05,88.8,89.6,87.8,88.0,121231.0
EHL,2024-03-06,88.1,88.9,88.0,88.4,180363.0
EHL,2024-03-07,88.8,89.0,86.2,86.6,165024.0
EHL,2024-03-10,86.6,88.0,86.1,86.6,44806.0
EHL,2024-03-11,86.9,87.5,85.5,86.0,132959.0
EHL,2024-03-12,87.0,87.6,85.2,85.7,93729.0
EHL,2024-03-13,85.0,86.9,84.0,84.4,119116.0
EHL,2024-03-14,85.5,85.9,84.5,84.7,50376.0
EHL,2024-03-18,85.2,85.7,82.6,83.0,77145.0
EHL,2024-03-19,84.5,84.5,79.5,80.6,96388.0
EHL,2024-03-20,82.0,84.0,81.0,83.2,148252.0
EHL,2024-03-21,83.6,85.5,82.5,84.5,145057.0
EHL,2024-03-24,85.5,86.0,83.1,83.2,118504.0
EHL,2024-03-25,83.0,83.9,81.1,81.6,136723.0
EHL,2024-03-27,84.2,84.2,81.2,81.6,135625.0
EHL,2024-03-28,81.0,86.9,80.9,85.7,314131.0
EHL,2024-03-31,86.9,88.3,85.0,85.7,216423.0
EHL,2024-04-01,85.0,85.5,83.2,84.1,146130.0
EHL,2024-04-02,84.2,85.4,83.5,84.9,116390.0
EHL,2024-04-03,85.0,85.3,84.6,84.9,181061.0
EHL,2024-04-04,84.6,85.2,84.0,84.3,92743.0
EHL,2024-04-08,84.5,88.0,84.5,87.3,143441.0
EHL,2024-04-09,86.0,87.0,85.5,85.8,153687.0
EHL,2024-04-15,84.2,86.1,84.2,85.9,90595.0
EHL,2024-04-16,86.0,86.9,85.0,85.2,147580.0
EHL,2024-04-17,85.1,86.7,85.0,85.2,120262.0
EHL,2024-04-18,84.9,86.7,82.6,83.0,193558.0
EHL,2024-04-21,83.1,83.7,80.4,82.7,237672.0
EHL,2024-04-22,82.2,83.5,82.0,82.5,134087.0
EHL,2024-04-23,82.5,83.0,81.8,82.2,141217.0
EHL,2024-04-24,82.3,83.3,81.0,81.7,242486.0
EHL,2024-04-25,82.5,82.5,79.5,80.9,187745.0
EHL,2024-04-28,80.6,82.7,80.6,82.0,132947.0
EHL,2024-04-29,81.9,82.1,79.6,79.6,165661.0
EHL,2024-04-30,78.6,81.4,77.3,80.1,169697.0
EHL,2024-05-02,81.2,81.2,79.2,79.7,136422.0
EHL,2024-05-05,80.2,82.7,80.2,82.0,218620.0
EHL,2024-05-06,82.3,85.8,81.1,84.2,375285.0
EHL,2024-05-07,84.3,85.0,82.1,82.3,304392.0
EHL,2024-05-08,82.1,83.6,82.0,82.8,219176.0
EHL,2024-05-09,83.3,84.2,82.1,82.6,185355.0
EHL,2024-05-12,82.7,84.5,82.0,84.1,270981.0
EHL,2024-05-13,84.2,85.0,83.2,83.3,378934.0
EHL,2024-05-14,83.3,85.0,81.6,82.3,397792.0
EHL,2024-05-15,80.7,82.8,79.9,82.0,140236.0
EHL,2024-05-16,82.0,83.0,80.6,81.1,218368.0
EHL,2024-05-19,80.6,81.0,78.7,78.7,260253.0
EHL,2024-05-20,79.3,79.3,76.4,76.8,385306.0
EHL,2024-05-21,78.0,79.9,75.2,75.9,140130.0
EHL,2024-05-23,74.2,77.1,74.0,74.6,111429.0
EHL,2024-05-26,77.4,77.4,72.4,72.7,115480.0
EHL,2024-05-27,70.6,75.9,70.6,75.5,180694.0
EHL,2024-05-28,75.7,77.0,73.3,73.4,146115.0
EHL,2024-05-29,73.7,74.7,72.1,72.9,96187.0
EHL,2024-05-30,73.0,73.8,72.1,72.8,59061.0
EHL,2024-06-02,73.0,73.9,72.5,73.3,58795.0
EHL,2024-06-03,73.1,75.0,71.8,74.4,180275.0
EHL,2024-06-04,74.0,74.9,73.0,73.6,77740.0
EHL,2024-06-05,73.3,73.6,71.4,71.6,132480.0
EHL,2024-06-06,71.7,74.0,71.0,73.6,184293.0
EHL,2024-06-09,73.9,74.5,71.5,72.4,109923.0
EHL,2024-06-10,72.0,72.7,70.4,70.6,120524.0
EHL,2024-06-11,70.0,70.9,69.7,70.0,78734.0
EHL,2024-06-12,71.5,71.5,70.0,70.6,82555.0
EHL,2024-06-13,71.6,71.6,70.0,70.2,69627.0
EHL,2024-06-19,71.4,71.4,70.0,70.3,77572.0
EHL,2024-06-20,71.3,72.4,70.6,72.0,110162.0
EHL,2024-06-23,72.5,73.3,71.6,72.6,140315.0
EHL,2024-06-24,72.6,72.6,70.7,71.6,92576.0
EHL,2024-06-25,71.4,72.6,71.2,71.4,80456.0
EHL,2024-06-26,71.9,73.7,71.3,73.5,167060.0
EHL,2024-06-27,73.5,74.4,73.5,74.1,176785.0
EHL,2024-06-30,73.5,74.9,72.5,74.1,133258.0
EHL,2024-07-02,73.1,74.5,72.5,74.1,130900.0
EHL,2024-07-03,74.6,75.3,73.5,74.6,198107.0
EHL,2024-07-04,74.8,78.2,74.8,77.8,419170.0
EHL,2024-07-07,78.0,78.1,76.7,77.8,338360.0
EHL,2024-07-08,77.9,77.9,75.8,76.9,265363.0
EHL,2024-07-09,77.0,79.5,76.5,78.4,382933.0
EHL,2024-07-10,78.4,81.8,78.4,80.4,723728.0
EHL,2024-07-11,80.5,80.5,78.0,78.0,346198.0
EHL,2024-07-14,78.0,78.1,75.9,76.6,202958.0
EHL,2024-07-15,76.6,78.2,76.5,77.3,176541.0
EHL,2024-07-16,77.3,77.6,75.0,75.7,166994.0
EHL,2024-07-18,74.7,75.2,73.5,73.9,94814.0
EHL,2024-07-24,71.8,73.3,71.7,71.9,98940.0
EHL,2024-07-25,71.5,73.4,71.2,72.9,230924.0
EHL,2024-07-28,72.2,73.2,71.8,72.1,165386.0
EHL,2024-07-29,72.1,72.1,70.1,70.7,185274.0
EHL,2024-07-30,70.5,70.5,68.6,68.8,133445.0
EHL,2024-07-31,69.2,70.1,69.0,69.9,133327.0
EHL,2024-08-01,69.2,71.3,69.2,70.6,152555.0
EHL,2024-08-04,68.5,68.5,68.5,68.5,24439.0
EHL,2024-08-06,72.0,75.3,72.0,75.3,469741.0
EHL,2024-08-07,76.3,82.8,76.0,82.5,821129.0
EHL,2024-08-08,83.9,85.5,80.8,84.6,825774.0
EHL,2024-08-11,85.9,87.6,82.1,82.1,758486.0
EHL,2024-08-12,82.0,82.1,79.7,79.7,347605.0
EHL,2024-08-13,78.2,80.3,77.4,78.0,401981.0
EHL,2024-08-14,78.0,81.1,78.0,79.9,456099.0
EHL,2024-08-15,79.8,80.9,78.5,79.1,151733.0
EHL,2024-08-18,78.3,79.3,76.8,77.3,148751.0
EHL,2024-08-19,79.3,80.6,77.5,80.1,373706.0
EHL,2024-08-20,80.5,82.3,79.9,80.0,288230.0
EHL,2024-08-21,78.2,79.3,77.8,78.6,222517.0
EHL,2024-08-22,76.6,79.0,76.3,77.1,196690.0
EHL,2024-08-25,76.8,78.5,76.1,76.7,78137.0
EHL,2024-08-27,75.2,77.8,75.1,77.6,92512.0
EHL,2024-08-28,77.9,78.6,77.0,78.1,128813.0
EHL,2024-08-29,78.1,81.6,76.1,81.0,341254.0
EHL,2024-09-01,81.2,81.7,80.3,80.9,123789.0
EHL,2024-09-02,80.9,81.0,78.5,78.8,352154.0
EHL,2024-09-03,78.8,79.9,76.8,77.1,291523.0
EHL,2024-09-04,77.1,78.7,77.0,77.7,194015.0
EHL,2024-09-05,78.1,79.3,77.0,78.7,213246.0
EHL,2024-09-08,79.4,80.7,77.1,77.8,288841.0
EHL,2024-09-09,77.3,77.6,76.1,76.5,234401.0
EHL,2024-09-10,76.5,76.5,68.0,72.3,628957.0
EHL,2024-09-11,72.6,73.7,71.1,71.6,185530.0
EHL,2024-09-12,71.9,71.9,69.9,70.3,415983.0
EHL,2024-09-15,71.0,71.5,69.8,70.1,211496.0
EHL,2024-09-17,70.6,71.9,70.6,71.3,203923.0
EHL,2024-09-18,71.8,71.8,70.6,71.3,106336.0
EHL,2024-09-19,71.2,71.5,70.5,70.6,135933.0
EHL,2024-09-22,70.2,71.0,69.7,69.9,157739.0
EHL,2024-09-23,69.9,70.4,68.8,69.0,140800.0
EHL,2024-09-24,69.2,69.4,68.0,68.5,139794.0
EHL,2024-09-25,69.9,69.9,65.0,65.8,229611.0
EHL,2024-09-26,65.9,66.3,64.2,64.9,195763.0
EHL,2024-09-29,64.3,67.0,64.3,66.2,193481.0
EHL,2024-09-30,66.2,67.9,66.1,67.5,201852.0
EHL,2024-10-01,67.5,67.8,65.8,66.1,121247.0
EHL,2024-10-02,66.0,66.2,63.0,65.2,320807.0
EHL,2024-10-06,63.0,64.9,62.0,62.4,229273.0
EHL,2024-10-07,63.8,63.8,60.8,61.1,31127.0
EHL,2024-10-08,61.1,61.2,58.6,59.0,126364.0
EHL,2024-10-09,59.1,61.5,59.1,61.3,108420.0
EHL,2024-10-14,61.3,61.8,59.1,59.3,105522.0
EHL,2024-10-15,59.6,60.2,58.3,58.5,62181.0
EHL,2024-10-16,59.0,59.0,57.2,57.4,75149.0
EHL,2024-10-17,57.5,58.2,55.6,56.0,72049.0
EHL,2024-10-20,56.0,57.4,53.0,53.4,127333.0
EHL,2024-10-21,53.5,53.7,50.3,53.0,77373.0
EHL,2024-10-22,53.1,54.7,53.0,54.4,96560.0
EHL,2024-10-23,55.0,55.0,53.8,54.3,91549.0
EHL,2024-10-24,54.0,54.0,52.4,52.9,83409.0
EHL,2024-10-27,52.2,52.9,48.2,48.5,142834.0
EHL,2024-10-28,48.6,49.5,47.3,48.5,115295.0
EHL,2024-10-29,49.9,53.3,49.9,53.3,184258.0
EHL,2024-10-30,57.8,58.6,57.6,58.6,584807.0
EHL,2024-10-31,59.5,64.0,59.4,62.9,384607.0
EHL,2024-11-03,62.9,62.9,59.8,60.3,425090.0
EHL,2024-11-04,59.5,66.3,59.5,66.3,610667.0
EHL,2024-11-05,67.0,69.3,65.1,65.7,604932.0
EHL,2024-11-06,65.7,66.6,63.6,64.2,472960.0
EHL,2024-11-07,64.2,65.0,62.8,63.1,321291.0
EHL,2024-11-10,63.2,63.5,62.0,62.9,261701.0
EHL,2024-11-11,63.0,67.4,62.8,67.1,783041.0
EHL,2024-11-12,67.5,68.6,65.7,66.0,494844.0
EHL,2024-11-13,65.9,66.9,64.2,65.7,438980.0
EHL,2024-11-14,66.3,68.7,65.9,66.9,683302.0
EHL,2024-11-17,67.0,73.3,66.4,71.2,858742.0
EHL,2024-11-18,71.2,71.7,68.4,68.6,441517.0
EHL,2024-11-19,68.6,69.7,67.0,67.2,348329.0
EHL,2024-11-20,67.3,68.6,66.8,67.1,289502.0
EHL,2024-11-21,67.2,68.0,65.0,65.6,210794.0
EHL,2024-11-24,65.8,66.2,63.7,64.4,232528.0
EHL,2024-11-25,65.5,66.0,64.6,64.8,193533.0
EHL,2024-11-26,65.9,66.0,64.9,65.0,219315.0
EHL,2024-11-27,65.2,67.6,65.2,67.3,191310.0
EHL,2024-11-28,67.7,68.3,66.2,66.4,368209.0
EHL,2024-12-01,66.4,66.8,65.0,65.7,103153.0
EHL,2024-12-02,66.2,67.7,65.8,66.5,206768.0
EHL,2024-12-03,66.6,69.2,66.1,68.7,650183.0
EHL,2024-12-04,69.0,69.9,67.5,67.7,178876.0
EHL,2024-12-05,67.8,67.8,66.0,66.3,159384.0
EHL,2024-12-08,65.6,66.3,65.0,65.9,136737.0
EHL,2024-12-09,66.2,67.8,66.0,66.1,146276.0
EHL,2024-12-10,66.8,67.2,65.8,66.0,117324.0
EHL,2024-12-11,66.1,66.7,64.3,64.6,154964.0
EHL,2024-12-12,65.1,65.1,64.0,64.3,73851.0
EHL,2024-12-15,65.0,65.5,64.7,65.3,101694.0
EHL,2024-12-17,65.5,68.8,65.5,67.9,546215.0
EHL,2024-12-18,68.3,68.3,66.0,66.3,216013.0
EHL,2024-12-19,66.5,66.5,65.5,66.0,149921.0
EHL,2024-12-22,66.0,66.7,65.0,65.5,124997.0
EHL,2024-12-23,65.5,66.1,65.3,65.4,101721.0
EHL,2024-12-24,66.4,66.4,65.2,65.3,74236.0
EHL,2024-12-26,65.5,66.4,65.4,66.1,94013.0
EHL,2024-12-29,66.5,71.0,66.5,67.3,332509.0
EHL,2024-12-30,67.9,68.0,65.9,66.4,129092.0
EHL,2025-01-01,66.6,67.2,65.8,66.0,100294.0
EHL,2025-01-02,66.1,66.6,65.2,65.4,151244.0
EHL,2025-01-05,65.3,66.4,64.6,64.8,48390.0
EHL,2025-01-06,64.9,65.8,64.8,65.5,128149.0
EHL,2025-01-07,65.7,66.6,65.6,65.7,120960.0
EHL,2025-01-08,65.9,65.9,64.8,65.1,69573.0
EHL,2025-01-09,64.9,65.9,64.9,65.0,62625.0
EHL,2025-01-12,65.5,65.5,64.0,64.2,76584.0
EHL,2025-01-13,64.3,64.8,63.8,64.3,81281.0
EHL,2025-01-14,64.9,65.2,64.3,64.9,96905.0
EHL,2025-01-15,64.9,65.8,64.5,64.7,59507.0
EHL,2025-01-16,64.7,65.1,64.4,64.6,81068.0
EHL,2025-01-19,64.0,65.3,63.8,65.0,167564.0
EHL,2025-01-20,64.8,66.4,64.8,66.1,152627.0
EHL,2025-01-21,66.5,68.3,66.2,67.5,534389.0
EHL,2025-01-22,67.6,67.6,65.7,66.1,129147.0
EHL,2025-01-23,66.3,66.3,64.4,64.8,198337.0
EHL,2025-01-26,64.9,66.6,64.0,66.2,198686.0
EHL,2025-01-27,68.0,68.3,67.2,67.7,822178.0
EHL,2025-01-28,67.9,69.9,67.4,67.7,343289.0
EHL,2025-01-29,68.0,68.0,66.8,67.4,196197.0
EHL,2025-01-30,67.0,67.5,66.8,67.0,157505.0
EHL,2025-02-02,67.0,67.9,67.0,67.4,86723.0
EHL,2025-02-03,67.4,68.1,67.2,67.4,139274.0
EHL,2025-02-04,67.9,67.9,66.9,67.1,173385.0
EHL,2025-02-05,67.1,68.0,67.0,67.6,182547.0
EHL,2025-02-06,68.0,74.3,67.8,74.3,1851560.0
EHL,2025-02-09,74.3,74.5,72.1,72.5,288743.0
EHL,2025-02-10,72.5,77.8,71.4,75.9,1092860.0
EHL,2025-02-11,79.8,79.8,74.1,75.5,326493.0
EHL,2025-02-12,75.2,76.9,73.6,73.9,678706.0
EHL,2025-02-13,73.2,74.8,73.1,73.7,286622.0
EHL,2025-02-16,73.9,74.0,72.3,72.8,314717.0
EHL,2025-02-17,72.2,75.1,72.2,74.8,514701.0
EHL,2025-02-18,75.0,75.3,72.6,73.1,544534.0
EHL,2025-02-19,73.5,73.7,72.6,72.8,116054.0
EHL,2025-02-20,72.6,73.4,72.6,73.0,138203.0
EHL,2025-02-23,73.3,73.5,73.1,73.3,224613.0
EHL,2025-02-24,73.4,73.7,72.1,72.6,244339.0
EHL,2025-02-25,72.8,74.8,72.6,74.5,554795.0
EHL,2025-02-26,75.0,75.0,72.8,73.1,267540.0
EHL,2025-02-27,73.9,73.9,72.5,72.9,155360.0
EHL,2025-03-02,73.3,73.4,72.0,72.6,284124.0
EHL,2025-03-03,73.0,73.0,72.0,72.4,121864.0
EHL,2025-03-04,72.3,72.9,72.0,72.6,122201.0
EHL,2025-03-05,72.9,72.9,72.0,72.6,86714.0
EHL,2025-03-06,72.9,73.7,72.7,73.3,148219.0
EHL,2025-03-09,73.3,73.3,72.3,72.4,110206.0
EHL,2025-03-10,72.2,72.9,72.0,72.4,115704.0
EHL,2025-03-11,72.7,72.9,72.1,72.5,98165.0
EHL,2025-03-12,72.5,74.3,72.5,73.6,285995.0
EHL,2025-03-13,74.4,74.4,73.0,73.7,191904.0
EHL,2025-03-16,73.7,74.4,73.4,74.1,261784.0
EHL,2025-03-17,74.1,75.8,74.1,75.5,482869.0
EHL,2025-03-18,75.8,76.7,75.0,76.3,481712.0
EHL,2025-03-19,76.4,76.7,75.5,75.9,338285.0
EHL,2025-03-20,75.7,75.7,74.2,74.4,228382.0
EHL,2025-03-23,74.5,76.0,73.7,75.3,216148.0
EHL,2025-03-24,75.9,78.5,75.3,76.0,535933.0
EHL,2025-03-25,76.0,76.8,75.1,75.4,187406.0
EHL,2025-03-27,75.9,77.7,75.4,77.1,244756.0
EHL,2025-04-06,76.6,81.4,75.5,80.3,956617.0
EHL,2025-04-07,81.7,83.5,79.3,81.8,1043151.0
EHL,2025-04-08,81.8,84.3,80.8,83.1,1126009.0
AMCL(PRAN),2022-05-16,292.0,292.5,278.0,278.2,36477.0
AMCL(PRAN),2022-05-17,283.9,283.9,266.1,276.7,36001.0
AMCL(PRAN),2022-05-18,273.1,285.0,265.0,266.2,22174.0
AMCL(PRAN),2022-05-19,260.5,267.0,255.1,259.2,30273.0
AMCL(PRAN),2022-05-22,256.2,257.0,246.3,246.8,27503.0
AMCL(PRAN),2022-05-23,267.3,267.3,250.2,258.2,17668.0
AMCL(PRAN),2022-05-24,255.3,263.6,252.0,254.2,24040.0
AMCL(PRAN),2022-05-25,250.0,251.9,247.0,248.0,10109.0
AMCL(PRAN),2022-05-26,247.2,256.0,245.3,254.4,11664.0
AMCL(PRAN),2022-05-29,259.0,272.0,259.0,270.3,27678.0
AMCL(PRAN),2022-05-30,271.0,276.0,266.4,267.9,33292.0
AMCL(PRAN),2022-05-31,266.2,277.9,262.6,272.1,25318.0
AMCL(PRAN),2022-06-01,272.5,275.8,264.6,265.6,86683.0
AMCL(PRAN),2022-06-02,347.0,347.0,331.0,332.5,48186.0
AMCL(PRAN),2022-06-03,338.0,346.0,332.0,334.3,48233.0
AMCL(PRAN),2022-06-04,333.2,335.5,330.2,331.1,19636.0
AMCL(PRAN),2022-06-06,290.0,292.5,284.3,284.4,39344.0
AMCL(PRAN),2022-06-07,270.3,277.9,270.3,272.2,6287.0
AMCL(PRAN),2022-06-13,282.8,285.8,279.5,279.8,10670.0
AMCL(PRAN),2022-06-14,277.5,282.9,276.5,277.2,8865.0
AMCL(PRAN),2022-06-15,281.4,281.4,272.5,273.4,16084.0
AMCL(PRAN),2022-06-16,279.0,279.0,270.1,273.3,12216.0
AMCL(PRAN),2022-06-19,274.0,275.4,270.5,271.0,9058.0
AMCL(PRAN),2022-06-20,270.0,270.2,265.6,265.8,35698.0
AMCL(PRAN),2022-06-21,266.4,270.4,265.1,267.0,12364.0
AMCL(PRAN),2022-06-22,266.2,274.7,266.1,269.9,10095.0
AMCL(PRAN),2022-06-23,273.0,273.0,268.1,270.2,9362.0
AMCL(PRAN),2022-06-26,270.0,273.0,265.5,267.0,6622.0
AMCL(PRAN),2022-06-27,263.1,272.0,262.5,268.9,12378.0
AMCL(PRAN),2022-06-28,273.8,274.0,270.0,271.7,7420.0
AMCL(PRAN),2022-06-29,270.0,273.9,270.0,271.8,8747.0
AMCL(PRAN),2022-06-30,279.9,280.0,270.8,275.3,11327.0
AMCL(PRAN),2022-07-02,332.5,343.0,327.6,330.7,56232.0
AMCL(PRAN),2022-07-03,332.2,338.2,316.0,318.0,40303.0
AMCL(PRAN),2022-07-04,330.0,336.2,325.7,334.8,17921.0
AMCL(PRAN),2022-07-06,279.6,284.5,278.8,281.0,19885.0
AMCL(PRAN),2022-07-07,271.0,275.8,271.0,271.6,7971.0
AMCL(PRAN),2022-07-13,271.8,271.8,263.2,263.7,19607.0
AMCL(PRAN),2022-07-14,267.8,274.9,262.0,272.8,26414.0
AMCL(PRAN),2022-07-17,272.8,286.9,272.8,283.1,53512.0
AMCL(PRAN),2022-07-18,284.0,285.5,277.5,277.5,21672.0
AMCL(PRAN),2022-07-19,275.1,275.1,272.0,272.0,24490.0
AMCL(PRAN),2022-07-20,266.8,274.0,266.6,270.3,17304.0
AMCL(PRAN),2022-07-21,273.9,274.0,267.5,267.9,10677.0
AMCL(PRAN),2022-07-24,265.1,266.7,262.6,262.8,18147.0
AMCL(PRAN),2022-07-25,258.1,269.0,258.1,264.4,15493.0
AMCL(PRAN),2022-07-26,270.0,277.4,267.2,274.3,29572.0
AMCL(PRAN),2022-07-27,271.1,273.0,268.9,268.9,12725.0
AMCL(PRAN),2022-07-28,263.7,265.0,263.6,263.6,13258.0
AMCL(PRAN),2022-07-31,266.8,273.5,266.8,271.4,8825.0
AMCL(PRAN),2022-08-01,271.4,275.1,268.5,269.7,11715.0
AMCL(PRAN),2022-08-02,273.9,278.0,271.0,277.6,22813.0
AMCL(PRAN),2022-08-03,322.0,326.0,308.0,320.6,54027.0
AMCL(PRAN),2022-08-04,273.6,276.9,273.0,274.4,10765.0
AMCL(PRAN),2022-08-05,312.0,313.1,305.0,306.4,37781.0
AMCL(PRAN),2022-08-06,277.1,281.9,277.0,281.2,15117.0
AMCL(PRAN),2022-08-07,271.3,274.4,270.0,272.4,28872.0
AMCL(PRAN),2022-08-08,276.0,276.7,273.0,274.3,20745.0
AMCL(PRAN),2022-08-10,272.1,274.9,268.0,270.2,27050.0
AMCL(PRAN),2022-08-11,270.2,270.2,267.3,267.8,7811.0
AMCL(PRAN),2022-08-14,267.3,270.9,267.3,269.8,8345.0
AMCL(PRAN),2022-08-16,273.7,280.9,270.0,280.0,41904.0
AMCL(PRAN),2022-08-17,280.0,289.9,280.0,283.4,55660.0
AMCL(PRAN),2022-08-21,283.4,308.2,281.0,303.7,113038.0
AMCL(PRAN),2022-08-22,305.6,317.6,305.5,311.3,98262.0
AMCL(PRAN),2022-08-23,309.8,321.1,305.8,312.0,112814.0
AMCL(PRAN),2022-08-24,312.0,318.8,304.0,309.0,47871.0
AMCL(PRAN),2022-08-25,314.7,317.5,310.3,314.2,76034.0
AMCL(PRAN),2022-08-28,319.0,330.0,315.0,316.3,72432.0
AMCL(PRAN),2022-08-29,317.0,322.0,312.4,316.7,74884.0
AMCL(PRAN),2022-08-30,321.8,338.0,321.8,334.3,174848.0
AMCL(PRAN),2022-08-31,330.0,340.0,326.1,329.7,67371.0
AMCL(PRAN),2022-09-01,334.0,342.0,326.0,333.8,91560.0
AMCL(PRAN),2022-09-02,327.0,349.0,327.0,342.8,62942.0
AMCL(PRAN),2022-09-03,328.0,334.2,323.0,333.1,49655.0
AMCL(PRAN),2022-09-04,341.9,345.0,318.1,322.1,107665.0
AMCL(PRAN),2022-09-05,324.0,330.0,310.0,312.5,68570.0
AMCL(PRAN),2022-09-06,315.0,323.4,310.0,317.5,53410.0
AMCL(PRAN),2022-09-07,320.0,333.0,320.0,325.0,98756.0
AMCL(PRAN),2022-09-08,327.0,335.0,302.1,312.7,65331.0
AMCL(PRAN),2022-09-11,319.5,319.5,306.3,306.8,36394.0
AMCL(PRAN),2022-09-12,317.9,323.8,307.0,318.5,23715.0
AMCL(PRAN),2022-09-13,327.0,327.6,319.3,326.7,38793.0
AMCL(PRAN),2022-09-14,330.0,341.0,327.0,332.8,179526.0
AMCL(PRAN),2022-09-15,333.0,361.9,333.0,351.3,346525.0
AMCL(PRAN),2022-09-18,354.8,370.0,341.3,346.6,148648.0
AMCL(PRAN),2022-09-19,336.0,349.5,332.0,334.8,115975.0
AMCL(PRAN),2022-09-20,336.3,358.5,336.2,338.9,187897.0
AMCL(PRAN),2022-09-21,345.0,349.0,332.0,332.9,78701.0
AMCL(PRAN),2022-09-22,336.0,337.5,326.0,328.1,80753.0
AMCL(PRAN),2022-09-25,334.0,343.0,325.0,326.3,93828.0
AMCL(PRAN),2022-09-26,333.8,334.0,321.0,322.0,39031.0
AMCL(PRAN),2022-09-27,317.2,321.7,311.7,314.0,42980.0
AMCL(PRAN),2022-09-28,319.9,319.9,300.1,304.6,55722.0
AMCL(PRAN),2022-09-29,312.5,318.9,302.0,313.6,42098.0
AMCL(PRAN),2022-10-01,312.0,314.0,303.0,314.0,263998.0
AMCL(PRAN),2022-10-02,344.0,349.0,337.1,346.2,50738.0
AMCL(PRAN),2022-10-03,307.3,317.0,306.2,308.7,25732.0
AMCL(PRAN),2022-10-04,312.0,326.5,312.0,320.7,58960.0
AMCL(PRAN),2022-10-05,312.0,317.0,308.0,308.1,39997.0
AMCL(PRAN),2022-10-06,326.5,337.0,325.0,326.3,71645.0
AMCL(PRAN),2022-10-10,327.0,333.5,301.0,310.8,94352.0
AMCL(PRAN),2022-10-11,319.9,321.9,308.8,319.5,50884.0
AMCL(PRAN),2022-10-12,323.0,339.0,323.0,335.6,186041.0
AMCL(PRAN),2022-10-13,342.0,344.9,329.2,330.5,96994.0
AMCL(PRAN),2022-10-16,331.0,356.0,324.1,350.8,212431.0
AMCL(PRAN),2022-10-17,353.0,357.5,324.0,328.7,262373.0
AMCL(PRAN),2022-10-18,330.8,336.8,321.2,331.6,114817.0
AMCL(PRAN),2022-10-19,334.0,360.6,334.0,353.7,510410.0
AMCL(PRAN),2022-10-20,359.8,373.0,336.0,343.5,213416.0
AMCL(PRAN),2022-10-23,344.0,345.0,313.5,313.5,125701.0
AMCL(PRAN),2022-10-24,306.0,306.0,290.0,293.6,63119.0
AMCL(PRAN),2022-10-25,294.5,319.2,294.0,319.2,114967.0
AMCL(PRAN),2022-10-26,320.0,333.0,306.0,313.2,110057.0
AMCL(PRAN),2022-10-27,304.0,314.7,296.0,302.7,81757.0
AMCL(PRAN),2022-10-30,300.0,300.0,266.8,267.6,211733.0
AMCL(PRAN),2022-10-31,268.3,284.5,266.8,266.8,82245.0
AMCL(PRAN),2022-11-01,269.0,274.0,266.8,271.8,104578.0
AMCL(PRAN),2022-11-02,274.0,278.0,266.8,266.8,89222.0
AMCL(PRAN),2022-11-03,266.8,268.9,266.8,266.8,72386.0
AMCL(PRAN),2022-11-04,341.0,342.0,331.8,332.7,32023.0
AMCL(PRAN),2022-11-05,306.0,309.0,293.0,295.0,33510.0
AMCL(PRAN),2022-11-06,270.0,270.0,266.8,266.8,37861.0
AMCL(PRAN),2022-11-07,266.8,266.8,266.8,266.8,5188.0
AMCL(PRAN),2022-11-08,266.8,266.8,266.8,266.8,10380.0
AMCL(PRAN),2022-11-09,266.8,266.8,266.8,266.8,1469.0
AMCL(PRAN),2022-11-10,266.8,266.8,266.8,266.8,1323.0
AMCL(PRAN),2022-11-13,266.8,266.8,266.8,266.8,589.0
AMCL(PRAN),2022-11-14,266.8,266.8,266.8,266.8,5045.0
AMCL(PRAN),2022-11-15,266.8,266.8,266.8,266.8,7282.0
AMCL(PRAN),2022-11-16,266.8,266.8,266.8,266.8,277.0
AMCL(PRAN),2022-11-20,266.8,266.8,266.8,266.8,710.0
AMCL(PRAN),2022-11-21,266.8,266.8,266.8,266.8,498.0
AMCL(PRAN),2022-11-22,266.8,266.8,266.8,266.8,17.0
AMCL(PRAN),2022-11-23,266.8,266.8,266.8,266.8,40.0
AMCL(PRAN),2022-11-24,266.8,266.8,266.8,266.8,508.0
AMCL(PRAN),2022-11-27,266.8,266.8,266.8,266.8,336.0
AMCL(PRAN),2022-11-28,266.8,266.8,266.8,266.8,6619.0
AMCL(PRAN),2022-11-29,266.8,266.8,266.8,266.8,68.0
AMCL(PRAN),2022-11-30,266.8,266.8,266.8,266.8,50.0
AMCL(PRAN),2022-12-01,266.8,266.8,266.8,266.8,347.0
AMCL(PRAN),2022-12-04,266.8,266.8,266.8,266.8,526.0
AMCL(PRAN),2022-12-05,266.8,266.8,266.8,266.8,616.0
AMCL(PRAN),2022-12-06,266.8,266.8,266.8,266.8,592.0
AMCL(PRAN),2022-12-07,274.0,274.0,266.2,267.4,8662.0
AMCL(PRAN),2022-12-08,266.8,266.8,266.8,266.8,401.0
AMCL(PRAN),2022-12-11,266.8,266.8,266.8,266.8,201.0
AMCL(PRAN),2022-12-12,266.8,274.0,266.8,267.4,66212.0
AMCL(PRAN),2022-12-13,267.2,285.1,267.1,275.6,116491.0
AMCL(PRAN),2022-12-14,274.9,276.8,270.1,271.4,62586.0
AMCL(PRAN),2022-12-15,275.4,277.0,271.0,276.2,104883.0
AMCL(PRAN),2022-12-18,279.5,288.1,275.5,283.3,111744.0
AMCL(PRAN),2022-12-19,287.0,287.2,278.0,279.2,61046.0
AMCL(PRAN),2022-12-20,287.9,287.9,272.3,274.4,88148.0
AMCL(PRAN),2022-12-21,273.2,274.4,266.8,268.9,52622.0
AMCL(PRAN),2022-12-22,266.3,275.0,266.3,267.0,14875.0
AMCL(PRAN),2022-12-26,266.0,268.4,264.4,264.9,23850.0
AMCL(PRAN),2022-12-27,262.4,266.0,262.3,262.3,7780.0
AMCL(PRAN),2022-12-28,268.0,268.8,259.7,263.5,33311.0
AMCL(PRAN),2022-12-29,264.1,267.5,263.0,265.6,21607.0
AMCL(PRAN),2023-01-01,268.0,268.0,263.0,263.0,7376.0
AMCL(PRAN),2023-01-02,262.8,262.8,260.4,260.4,5275.0
AMCL(PRAN),2023-01-03,257.8,257.8,257.8,257.8,6727.0
AMCL(PRAN),2023-01-04,255.3,257.6,255.3,255.9,37298.0
AMCL(PRAN),2023-01-05,260.0,260.0,253.4,254.4,30293.0
AMCL(PRAN),2023-01-08,255.7,255.7,251.9,251.9,9625.0
AMCL(PRAN),2023-01-09,249.4,249.5,249.4,249.4,4769.0
AMCL(PRAN),2023-01-10,247.0,253.9,247.0,252.8,79343.0
AMCL(PRAN),2023-01-12,250.0,250.0,247.8,247.8,14702.0
AMCL(PRAN),2023-01-15,248.0,250.7,245.4,249.1,28377.0
AMCL(PRAN),2023-01-16,250.0,254.9,248.0,249.4,21165.0
AMCL(PRAN),2023-01-17,249.4,254.3,249.4,250.8,39420.0
AMCL(PRAN),2023-01-18,254.0,254.0,248.3,248.3,14042.0
AMCL(PRAN),2023-01-19,254.0,254.0,245.9,246.6,15224.0
AMCL(PRAN),2023-01-22,246.6,251.9,244.2,245.2,18898.0
AMCL(PRAN),2023-01-23,242.8,247.7,242.8,244.3,38817.0
AMCL(PRAN),2023-01-24,247.5,247.5,241.9,245.5,29431.0
AMCL(PRAN),2023-01-25,244.1,247.0,244.0,244.2,40894.0
AMCL(PRAN),2023-01-26,244.2,244.2,242.0,242.2,20432.0
AMCL(PRAN),2023-01-29,242.2,242.4,239.8,240.0,20982.0
AMCL(PRAN),2023-01-30,237.6,240.0,237.6,237.6,15445.0
AMCL(PRAN),2023-01-31,235.3,236.8,235.3,235.3,11820.0
AMCL(PRAN),2023-02-01,233.0,239.7,233.0,237.6,14020.0
AMCL(PRAN),2023-02-02,241.0,248.9,239.2,247.2,44636.0
AMCL(PRAN),2023-02-05,249.0,252.8,244.9,247.5,33193.0
AMCL(PRAN),2023-02-06,245.2,253.5,245.1,245.9,21371.0
AMCL(PRAN),2023-02-07,245.2,248.2,243.5,243.9,15961.0
AMCL(PRAN),2023-02-08,243.9,251.9,241.5,249.0,34479.0
AMCL(PRAN),2023-02-09,251.5,257.0,249.5,253.9,78983.0
AMCL(PRAN),2023-02-12,255.2,259.0,251.4,251.4,52229.0
AMCL(PRAN),2023-02-13,254.0,257.2,248.9,255.5,19215.0
AMCL(PRAN),2023-02-14,257.9,258.0,253.0,253.2,34245.0
AMCL(PRAN),2023-02-15,250.9,274.0,250.7,266.9,147893.0
AMCL(PRAN),2023-02-16,266.0,275.0,264.3,266.0,94439.0
AMCL(PRAN),2023-02-19,265.0,267.5,263.4,263.4,15835.0
AMCL(PRAN),2023-02-20,260.8,269.9,260.8,260.8,40326.0
AMCL(PRAN),2023-02-22,260.8,260.8,258.2,258.3,27232.0
AMCL(PRAN),2023-02-23,255.8,255.8,255.8,255.8,602.0
AMCL(PRAN),2023-02-26,253.3,253.3,253.3,253.3,894.0
AMCL(PRAN),2023-02-27,250.8,250.8,250.8,250.8,14673.0
AMCL(PRAN),2023-02-28,250.8,254.8,248.3,251.6,39815.0
AMCL(PRAN),2023-03-01,255.1,257.0,250.0,252.4,28503.0
AMCL(PRAN),2023-03-02,254.7,256.5,252.0,252.0,20476.0
AMCL(PRAN),2023-03-05,254.0,257.0,252.1,256.1,38748.0
AMCL(PRAN),2023-03-06,258.5,258.5,252.0,252.8,41445.0
AMCL(PRAN),2023-03-07,254.0,255.0,252.0,252.1,21753.0
AMCL(PRAN),2023-03-09,254.9,254.9,252.0,252.0,23521.0
AMCL(PRAN),2023-03-12,252.0,252.1,252.0,252.0,2274.0
AMCL(PRAN),2023-03-13,252.0,252.0,252.0,252.0,426.0
AMCL(PRAN),2023-03-14,252.0,252.0,252.0,252.0,508.0
AMCL(PRAN),2023-03-15,252.0,252.0,252.0,252.0,2079.0
AMCL(PRAN),2023-03-16,252.0,252.0,252.0,252.0,470.0
AMCL(PRAN),2023-03-19,252.0,252.0,252.0,252.0,277.0
AMCL(PRAN),2023-03-20,252.0,252.0,252.0,252.0,1097.0
AMCL(PRAN),2023-03-21,252.0,252.0,252.0,252.0,37.0
AMCL(PRAN),2023-03-22,252.0,252.0,252.0,252.0,40.0
AMCL(PRAN),2023-03-23,252.0,252.0,252.0,252.0,461.0
AMCL(PRAN),2023-03-27,252.0,252.0,252.0,252.0,2619.0
AMCL(PRAN),2023-03-28,252.0,252.0,252.0,252.0,26.0
AMCL(PRAN),2023-03-29,252.0,252.0,252.0,252.0,68.0
AMCL(PRAN),2023-03-30,252.0,256.9,252.0,254.7,58043.0
AMCL(PRAN),2023-04-02,254.7,258.8,254.2,256.1,30741.0
AMCL(PRAN),2023-04-03,260.0,262.6,253.6,254.8,73037.0
AMCL(PRAN),2023-04-04,252.5,262.8,252.5,254.8,45514.0
AMCL(PRAN),2023-04-05,255.0,266.0,255.0,264.4,61561.0
AMCL(PRAN),2023-04-06,269.0,282.0,266.5,280.3,167905.0
AMCL(PRAN),2023-04-09,285.0,285.9,265.0,268.8,112875.0
AMCL(PRAN),2023-04-10,273.0,273.5,264.0,265.3,47535.0
AMCL(PRAN),2023-04-11,264.2,269.5,255.0,257.7,58705.0
AMCL(PRAN),2023-04-12,261.8,262.0,256.0,258.4,24556.0
AMCL(PRAN),2023-04-13,262.5,264.0,259.0,261.1,25831.0
AMCL(PRAN),2023-04-16,263.3,268.0,259.0,260.6,20288.0
AMCL(PRAN),2023-04-17,266.9,266.9,258.0,259.3,26281.0
AMCL(PRAN),2023-04-18,258.6,263.6,256.0,257.8,28448.0
AMCL(PRAN),2023-04-24,258.2,269.9,258.1,268.8,55593.0
AMCL(PRAN),2023-04-25,275.0,275.0,266.0,268.0,58396.0
AMCL(PRAN),2023-04-26,268.0,268.6,262.0,266.1,48731.0
AMCL(PRAN),2023-04-27,266.6,288.5,266.1,279.8,234043.0
AMCL(PRAN),2023-04-30,266.1,274.9,266.0,273.0,83451.0
AMCL(PRAN),2023-05-02,270.1,276.6,268.0,269.9,85324.0
AMCL(PRAN),2023-05-03,274.6,274.6,267.0,268.0,67243.0
AMCL(PRAN),2023-05-07,268.0,270.0,262.0,262.6,45470.0
AMCL(PRAN),2023-05-08,261.3,278.5,261.2,277.3,120890.0
AMCL(PRAN),2023-05-09,277.3,284.7,269.2,272.9,76269.0
AMCL(PRAN),2023-05-10,271.0,278.5,271.0,275.3,76391.0
AMCL(PRAN),2023-05-11,277.0,282.8,274.2,280.4,162556.0
AMCL(PRAN),2023-05-14,274.5,288.0,272.2,281.0,93341.0
AMCL(PRAN),2023-05-15,282.1,284.0,271.0,272.6,89753.0
AMCL(PRAN),2023-05-16,272.2,275.1,268.6,269.6,39195.0
AMCL(PRAN),2023-05-17,272.0,273.9,266.5,267.4,50294.0
AMCL(PRAN),2023-05-18,267.4,272.8,264.2,269.9,34557.0
AMCL(PRAN),2023-05-21,272.0,272.6,265.1,266.2,37714.0
AMCL(PRAN),2023-05-22,267.9,270.0,266.3,267.8,22903.0
AMCL(PRAN),2023-05-23,267.8,270.1,267.0,268.7,39055.0
AMCL(PRAN),2023-05-24,270.0,272.1,266.0,266.5,67723.0
AMCL(PRAN),2023-05-25,266.5,269.4,264.0,266.5,42933.0
AMCL(PRAN),2023-05-28,270.7,270.7,264.2,265.0,49176.0
AMCL(PRAN),2023-05-29,265.0,268.6,262.5,262.9,32365.0
AMCL(PRAN),2023-05-30,266.0,272.1,263.5,271.1,86274.0
AMCL(PRAN),2023-05-31,274.1,274.1,267.0,269.4,75605.0
AMCL(PRAN),2023-06-01,270.6,275.0,267.4,268.4,120460.0
AMCL(PRAN),2023-06-04,269.0,271.3,267.0,267.4,22698.0
AMCL(PRAN),2023-06-05,268.0,270.1,264.2,265.1,73074.0
AMCL(PRAN),2023-06-06,269.5,269.5,261.0,261.6,32611.0
AMCL(PRAN),2023-06-07,268.0,268.0,261.5,262.4,21637.0
AMCL(PRAN),2023-06-08,265.0,265.5,261.7,263.0,19009.0
AMCL(PRAN),2023-06-11,267.0,267.0,258.2,261.3,24583.0
AMCL(PRAN),2023-06-12,265.7,269.3,261.5,262.7,27093.0
AMCL(PRAN),2023-06-13,262.0,263.5,259.4,259.9,22517.0
AMCL(PRAN),2023-06-14,264.0,264.0,256.7,257.2,19906.0
AMCL(PRAN),2023-06-15,261.0,261.0,257.5,259.0,10270.0
AMCL(PRAN),2023-06-18,260.0,262.0,259.0,260.5,5833.0
AMCL(PRAN),2023-06-19,260.3,262.7,258.0,259.7,13714.0
AMCL(PRAN),2023-06-20,258.6,263.0,258.6,259.8,5879.0
AMCL(PRAN),2023-06-21,260.0,262.6,260.0,261.6,7003.0
AMCL(PRAN),2023-06-22,262.6,264.4,262.6,263.9,9656.0
AMCL(PRAN),2023-06-25,266.3,266.3,263.3,264.6,6645.0
AMCL(PRAN),2023-06-26,264.0,274.0,264.0,271.3,67376.0
AMCL(PRAN),2023-07-02,273.7,289.0,273.7,284.5,219487.0
AMCL(PRAN),2023-07-03,289.0,291.2,280.0,282.8,133835.0
AMCL(PRAN),2023-07-04,280.8,283.8,272.4,273.1,71776.0
AMCL(PRAN),2023-07-05,277.0,277.0,268.2,269.0,63281.0
AMCL(PRAN),2023-07-06,268.1,273.4,265.0,271.1,33721.0
AMCL(PRAN),2023-07-09,279.5,279.5,268.0,269.5,34929.0
AMCL(PRAN),2023-07-10,274.6,274.6,267.2,267.5,56256.0
AMCL(PRAN),2023-07-11,267.5,270.0,267.0,267.6,19291.0
AMCL(PRAN),2023-07-12,271.8,278.5,269.0,271.8,45481.0
AMCL(PRAN),2023-07-13,273.0,275.0,270.0,270.3,27821.0
AMCL(PRAN),2023-07-16,270.4,272.9,268.4,269.8,23861.0
AMCL(PRAN),2023-07-17,275.0,275.0,268.7,269.0,22927.0
AMCL(PRAN),2023-07-18,269.4,272.0,268.1,268.6,19592.0
AMCL(PRAN),2023-07-19,268.9,269.0,265.0,266.3,30676.0
AMCL(PRAN),2023-07-20,270.0,270.0,265.2,265.8,16175.0
AMCL(PRAN),2023-07-23,267.7,269.0,261.0,267.2,14513.0
AMCL(PRAN),2023-07-24,265.6,268.7,265.6,267.4,8096.0
AMCL(PRAN),2023-07-25,268.0,268.5,264.3,265.5,23559.0
AMCL(PRAN),2023-07-26,263.9,270.1,263.9,264.8,15261.0
AMCL(PRAN),2023-07-27,265.0,268.4,264.0,264.5,4115.0
AMCL(PRAN),2023-07-30,269.0,269.0,261.0,263.1,8357.0
AMCL(PRAN),2023-07-31,266.1,266.1,262.6,263.6,7697.0
AMCL(PRAN),2023-08-01,263.0,268.8,263.0,264.2,11000.0
AMCL(PRAN),2023-08-02,269.0,269.0,263.0,266.8,7360.0
AMCL(PRAN),2023-08-03,268.9,269.2,266.0,267.7,13709.0
AMCL(PRAN),2023-08-06,266.4,268.8,261.0,262.6,12738.0
AMCL(PRAN),2023-08-07,262.2,265.3,261.2,261.8,7442.0
AMCL(PRAN),2023-08-08,264.8,264.8,260.0,261.0,14394.0
AMCL(PRAN),2023-08-09,261.8,274.4,261.8,266.5,62635.0
AMCL(PRAN),2023-08-10,266.0,274.1,264.0,272.6,112637.0
AMCL(PRAN),2023-08-13,273.9,285.0,273.0,282.4,161864.0
AMCL(PRAN),2023-08-14,282.3,287.6,276.0,278.8,172903.0
AMCL(PRAN),2023-08-16,276.0,278.9,265.2,266.6,73122.0
AMCL(PRAN),2023-08-17,271.0,273.0,267.2,269.7,26693.0
AMCL(PRAN),2023-08-20,270.8,271.9,264.1,270.4,31117.0
AMCL(PRAN),2023-08-21,271.0,274.0,268.4,269.9,58731.0
AMCL(PRAN),2023-08-22,268.0,272.8,267.8,271.5,32352.0
AMCL(PRAN),2023-08-23,284.0,284.0,270.5,274.0,75618.0
AMCL(PRAN),2023-08-24,277.0,277.0,272.0,274.6,36027.0
AMCL(PRAN),2023-08-27,278.8,282.8,273.1,274.1,40734.0
AMCL(PRAN),2023-08-28,272.0,276.0,272.0,273.2,12802.0
AMCL(PRAN),2023-08-29,275.3,276.9,272.1,272.8,24675.0
AMCL(PRAN),2023-08-30,274.0,275.0,270.0,270.7,13787.0
AMCL(PRAN),2023-08-31,275.0,275.0,270.0,270.4,9958.0
AMCL(PRAN),2023-09-03,270.4,274.9,270.4,272.3,1457.0
AMCL(PRAN),2023-09-04,274.4,276.8,270.6,271.2,9168.0
AMCL(PRAN),2023-09-05,270.0,272.4,269.2,269.7,12390.0
AMCL(PRAN),2023-09-07,269.7,274.0,269.0,269.4,6816.0
AMCL(PRAN),2023-09-10,273.0,274.0,266.3,266.8,17105.0
AMCL(PRAN),2023-09-11,266.7,268.8,266.6,266.8,5813.0
AMCL(PRAN),2023-09-12,267.0,268.7,266.5,266.8,10511.0
AMCL(PRAN),2023-09-13,266.6,269.5,265.0,265.7,13469.0
AMCL(PRAN),2023-09-14,265.9,268.5,264.0,264.1,12376.0
AMCL(PRAN),2023-09-17,268.0,271.7,263.3,265.8,20966.0
AMCL(PRAN),2023-09-18,270.0,277.0,267.0,275.8,41438.0
AMCL(PRAN),2023-09-19,279.0,282.0,270.9,278.3,40513.0
AMCL(PRAN),2023-09-20,278.3,281.8,272.0,273.8,21715.0
AMCL(PRAN),2023-09-21,273.8,274.1,269.2,270.7,16218.0
AMCL(PRAN),2023-09-24,270.6,271.9,265.0,265.2,13376.0
AMCL(PRAN),2023-09-25,268.9,271.9,265.2,269.4,7206.0
AMCL(PRAN),2023-09-26,268.9,275.0,268.9,269.8,11156.0
AMCL(PRAN),2023-09-27,270.9,275.0,270.9,274.1,21029.0
AMCL(PRAN),2023-10-01,275.0,278.8,273.7,275.0,57814.0
AMCL(PRAN),2023-10-02,275.1,276.0,270.0,271.0,19328.0
AMCL(PRAN),2023-10-03,273.1,278.5,271.0,272.4,41474.0
AMCL(PRAN),2023-10-04,271.5,273.8,270.1,270.5,8746.0
AMCL(PRAN),2023-10-05,271.4,272.2,268.0,270.0,15671.0
AMCL(PRAN),2023-10-08,271.0,271.0,265.0,265.5,17382.0
AMCL(PRAN),2023-10-09,265.1,268.5,263.0,263.6,29843.0
AMCL(PRAN),2023-10-10,262.0,267.0,262.0,264.2,4654.0
AMCL(PRAN),2023-10-11,265.0,266.7,263.1,264.8,11242.0
AMCL(PRAN),2023-10-12,264.8,269.9,263.8,264.9,13410.0
AMCL(PRAN),2023-10-15,268.0,268.8,265.0,265.8,6038.0
AMCL(PRAN),2023-10-16,268.0,275.0,265.3,270.9,29333.0
AMCL(PRAN),2023-10-17,273.8,280.0,271.0,278.1,75218.0
AMCL(PRAN),2023-10-18,278.1,283.0,275.7,279.9,69326.0
AMCL(PRAN),2023-10-19,280.0,285.0,274.3,275.2,48627.0
AMCL(PRAN),2023-10-22,275.0,279.0,264.9,265.8,92684.0
AMCL(PRAN),2023-10-23,269.8,276.0,264.5,267.8,43404.0
AMCL(PRAN),2023-10-25,270.4,277.0,266.0,274.5,85468.0
AMCL(PRAN),2023-10-26,277.0,277.0,265.1,266.3,52470.0
AMCL(PRAN),2023-10-29,265.0,267.9,252.9,253.6,86445.0
AMCL(PRAN),2023-10-30,262.9,262.9,252.0,254.4,78341.0
AMCL(PRAN),2023-10-31,252.3,256.7,252.0,253.8,29972.0
AMCL(PRAN),2023-11-01,255.3,255.3,252.0,252.1,28361.0
AMCL(PRAN),2023-11-02,252.1,254.0,252.0,252.0,22417.0
AMCL(PRAN),2023-11-05,252.0,252.0,252.0,252.0,11271.0
AMCL(PRAN),2023-11-06,252.0,261.8,252.0,259.9,54089.0
AMCL(PRAN),2023-11-07,263.7,263.7,258.2,260.8,27215.0
AMCL(PRAN),2023-11-08,263.2,264.8,253.0,254.2,38216.0
AMCL(PRAN),2023-11-09,259.5,260.0,254.0,254.8,18425.0
AMCL(PRAN),2023-11-12,253.6,256.6,253.5,253.8,8206.0
AMCL(PRAN),2023-11-13,253.2,256.7,252.0,252.2,25241.0
AMCL(PRAN),2023-11-14,252.2,254.0,252.2,252.2,15119.0
AMCL(PRAN),2023-11-15,252.1,254.4,252.0,252.8,28383.0
AMCL(PRAN),2023-11-16,252.0,254.0,252.0,252.2,38231.0
AMCL(PRAN),2023-11-20,252.0,252.0,252.0,252.0,855.0
AMCL(PRAN),2023-11-21,252.0,252.0,252.0,252.0,7471.0
AMCL(PRAN),2023-11-22,252.0,252.0,252.0,252.0,343.0
AMCL(PRAN),2023-11-23,252.0,252.0,252.0,252.0,1168.0
AMCL(PRAN),2023-11-26,252.0,252.0,252.0,252.0,1104.0
AMCL(PRAN),2023-11-27,252.0,252.0,252.0,252.0,616.0
AMCL(PRAN),2023-11-28,252.0,252.0,252.0,252.0,482.0
AMCL(PRAN),2023-11-29,252.0,252.0,252.0,252.0,1089.0
AMCL(PRAN),2023-11-30,252.0,252.0,252.0,252.0,232.0
AMCL(PRAN),2023-12-03,252.0,252.0,252.0,252.0,1010.0
AMCL(PRAN),2023-12-04,252.0,252.0,252.0,252.0,2390.0
AMCL(PRAN),2023-12-05,252.0,252.0,252.0,252.0,14526.0
AMCL(PRAN),2023-12-06,252.0,257.0,252.0,252.1,20039.0
AMCL(PRAN),2023-12-07,256.0,256.4,252.4,253.2,12163.0
AMCL(PRAN),2023-12-10,253.2,255.8,252.0,252.0,18395.0
AMCL(PRAN),2023-12-11,252.6,254.5,252.0,253.3,19043.0
AMCL(PRAN),2023-12-12,253.1,254.0,252.2,252.3,6563.0
AMCL(PRAN),2023-12-13,252.8,253.0,252.0,252.0,12837.0
AMCL(PRAN),2023-12-14,252.0,255.0,252.0,252.2,11023.0
AMCL(PRAN),2023-12-17,252.0,253.1,252.0,252.2,16767.0
AMCL(PRAN),2023-12-18,252.0,253.0,252.0,252.0,6482.0
AMCL(PRAN),2023-12-19,252.0,252.0,252.0,252.0,1856.0
AMCL(PRAN),2023-12-20,252.0,252.0,252.0,252.0,9967.0
AMCL(PRAN),2023-12-21,252.0,252.5,252.0,252.0,8953.0
AMCL(PRAN),2023-12-24,252.0,252.0,252.0,252.0,364.0
AMCL(PRAN),2023-12-26,252.0,252.0,252.0,252.0,3392.0
AMCL(PRAN),2023-12-27,252.0,252.0,252.0,252.0,1680.0
AMCL(PRAN),2023-12-28,252.0,252.0,252.0,252.0,2000.0
AMCL(PRAN),2024-01-01,252.0,252.0,252.0,252.0,977.0
AMCL(PRAN),2024-01-02,252.0,252.0,252.0,252.0,4304.0
AMCL(PRAN),2024-01-03,252.0,252.0,252.0,252.0,252.0
AMCL(PRAN),2024-01-04,252.0,252.0,252.0,252.0,278.0
AMCL(PRAN),2024-01-08,252.0,252.0,252.0,252.0,5319.0
AMCL(PRAN),2024-01-09,252.0,252.0,252.0,252.0,2044.0
AMCL(PRAN),2024-01-10,252.0,252.0,252.0,252.0,149.0
AMCL(PRAN),2024-01-11,252.0,255.0,252.0,254.3,22804.0
AMCL(PRAN),2024-01-14,256.9,256.9,254.1,254.9,6231.0
AMCL(PRAN),2024-01-15,252.5,254.7,252.0,252.5,21690.0
AMCL(PRAN),2024-01-16,252.3,256.2,252.2,253.9,13887.0
AMCL(PRAN),2024-01-17,257.0,257.0,253.9,254.6,16900.0
AMCL(PRAN),2024-01-18,255.0,255.0,252.5,252.9,21868.0
AMCL(PRAN),2024-01-21,245.0,252.7,245.0,245.6,23262.0
AMCL(PRAN),2024-01-22,241.3,250.0,241.0,248.7,12694.0
AMCL(PRAN),2024-01-23,252.8,254.0,251.2,251.7,27785.0
AMCL(PRAN),2024-01-24,251.6,251.6,250.4,250.6,17439.0
AMCL(PRAN),2024-01-25,250.4,251.1,250.0,250.3,10095.0
AMCL(PRAN),2024-01-28,250.3,250.3,246.1,246.2,4829.0
AMCL(PRAN),2024-01-29,249.7,250.0,243.7,245.7,2652.0
AMCL(PRAN),2024-01-30,252.0,252.0,245.1,246.2,2425.0
AMCL(PRAN),2024-01-31,245.0,252.9,245.0,248.1,5930.0
AMCL(PRAN),2024-02-01,248.1,253.0,245.8,249.4,6799.0
AMCL(PRAN),2024-02-04,247.0,253.2,247.0,250.0,8335.0
AMCL(PRAN),2024-02-05,250.0,252.8,250.0,251.6,12269.0
AMCL(PRAN),2024-02-06,252.0,254.1,252.0,254.0,32979.0
AMCL(PRAN),2024-02-07,255.0,255.0,252.1,253.0,10441.0
AMCL(PRAN),2024-02-08,254.0,254.0,251.0,253.3,13101.0
AMCL(PRAN),2024-02-11,252.2,253.8,250.9,251.9,8804.0
AMCL(PRAN),2024-02-12,251.9,253.4,247.7,248.5,16688.0
AMCL(PRAN),2024-02-13,251.0,251.0,249.1,249.6,20165.0
AMCL(PRAN),2024-02-14,254.9,254.9,249.0,249.8,7246.0
AMCL(PRAN),2024-02-15,250.0,250.0,247.0,247.8,8979.0
AMCL(PRAN),2024-02-18,246.1,253.9,246.1,248.5,5157.0
AMCL(PRAN),2024-02-19,246.1,253.0,246.1,250.5,15369.0
AMCL(PRAN),2024-02-20,251.0,251.6,249.0,250.7,9926.0
AMCL(PRAN),2024-02-22,249.1,252.0,249.1,250.6,8082.0
AMCL(PRAN),2024-02-25,249.0,252.3,249.0,249.5,20971.0
AMCL(PRAN),2024-02-27,250.0,250.0,248.0,248.6,3287.0
AMCL(PRAN),2024-02-28,248.4,251.0,248.2,248.8,5928.0
AMCL(PRAN),2024-02-29,248.1,251.0,248.1,249.9,4795.0
AMCL(PRAN),2024-03-03,249.0,251.9,248.5,250.0,8788.0
AMCL(PRAN),2024-03-04,249.0,252.0,248.0,249.3,10427.0
AMCL(PRAN),2024-03-05,249.3,253.0,249.1,251.6,5665.0
AMCL(PRAN),2024-03-06,250.0,252.2,249.6,251.4,5893.0
AMCL(PRAN),2024-03-07,251.1,251.1,247.9,248.7,5137.0
AMCL(PRAN),2024-03-10,252.9,252.9,246.4,246.8,2478.0
AMCL(PRAN),2024-03-11,251.9,251.9,245.4,246.6,1659.0
AMCL(PRAN),2024-03-12,249.0,251.0,249.0,249.8,2713.0
AMCL(PRAN),2024-03-13,249.0,249.0,246.0,246.4,730.0
AMCL(PRAN),2024-03-14,247.0,250.1,245.5,248.4,4035.0
AMCL(PRAN),2024-03-18,246.0,248.9,245.6,246.0,863.0
AMCL(PRAN),2024-03-19,246.0,246.0,241.4,241.6,3971.0
AMCL(PRAN),2024-03-20,245.0,248.9,241.9,244.8,1513.0
AMCL(PRAN),2024-03-21,243.5,249.9,243.2,248.8,1062.0
AMCL(PRAN),2024-03-24,248.8,248.8,244.0,244.9,492.0
AMCL(PRAN),2024-03-25,242.5,245.0,242.5,243.6,1875.0
AMCL(PRAN),2024-03-27,242.2,243.5,235.0,237.2,4842.0
AMCL(PRAN),2024-03-28,243.9,243.9,234.0,234.4,2143.0
AMCL(PRAN),2024-03-31,234.4,241.2,234.4,238.8,2572.0
AMCL(PRAN),2024-04-01,239.1,240.0,239.1,239.2,818.0
AMCL(PRAN),2024-04-02,234.5,245.0,234.5,237.5,905.0
AMCL(PRAN),2024-04-03,240.0,242.5,238.1,239.7,1593.0
AMCL(PRAN),2024-04-04,240.0,240.0,236.1,236.9,1071.0
AMCL(PRAN),2024-04-08,237.1,254.0,237.1,239.2,669.0
AMCL(PRAN),2024-04-09,239.5,247.8,239.5,242.4,776.0
AMCL(PRAN),2024-04-15,242.6,245.5,240.2,240.7,1842.0
AMCL(PRAN),2024-04-16,239.1,245.0,239.1,240.1,1920.0
AMCL(PRAN),2024-04-17,239.3,254.0,239.3,246.4,3314.0
AMCL(PRAN),2024-04-18,246.1,246.1,241.3,243.0,495.0
AMCL(PRAN),2024-04-21,236.0,243.0,236.0,236.5,744.0
AMCL(PRAN),2024-04-22,245.0,245.0,237.0,240.0,576.0
AMCL(PRAN),2024-04-23,237.7,240.0,237.5,237.9,929.0
AMCL(PRAN),2024-04-24,237.0,238.4,236.1,236.4,6443.0
AMCL(PRAN),2024-04-25,235.8,235.8,231.2,233.4,1184.0
AMCL(PRAN),2024-04-28,234.7,234.7,232.0,233.2,3932.0
AMCL(PRAN),2024-04-29,232.7,240.0,232.0,233.2,2152.0
AMCL(PRAN),2024-04-30,232.2,241.5,231.8,235.6,2011.0
AMCL(PRAN),2024-05-02,235.0,241.9,233.1,240.1,3329.0
AMCL(PRAN),2024-05-05,245.9,245.9,235.2,239.2,2993.0
AMCL(PRAN),2024-05-06,244.0,253.9,241.1,244.1,4986.0
AMCL(PRAN),2024-05-07,240.0,246.0,236.8,238.9,5653.0
AMCL(PRAN),2024-05-08,237.0,243.6,235.5,237.5,2211.0
AMCL(PRAN),2024-05-09,236.7,240.0,233.6,234.0,7961.0
AMCL(PRAN),2024-05-12,238.0,240.2,235.0,235.9,4142.0
AMCL(PRAN),2024-05-13,235.9,239.0,232.0,237.7,3059.0
AMCL(PRAN),2024-05-14,234.1,238.0,230.6,230.9,14635.0
AMCL(PRAN),2024-05-15,226.2,233.0,225.0,228.2,4093.0
AMCL(PRAN),2024-05-16,228.1,230.0,225.0,225.9,1649.0
AMCL(PRAN),2024-05-19,226.1,233.0,220.1,222.4,3783.0
AMCL(PRAN),2024-05-20,219.1,226.5,218.8,221.3,2471.0
AMCL(PRAN),2024-05-21,230.0,230.0,219.1,221.7,2762.0
AMCL(PRAN),2024-05-23,219.3,227.9,215.1,216.7,1153.0
AMCL(PRAN),2024-05-26,211.8,220.0,210.2,212.5,1244.0
AMCL(PRAN),2024-05-27,207.5,228.0,206.2,213.7,6236.0
AMCL(PRAN),2024-05-28,209.7,221.5,207.3,212.3,2987.0
AMCL(PRAN),2024-05-29,212.3,212.3,210.2,210.9,410.0
AMCL(PRAN),2024-05-30,211.5,216.0,209.3,215.1,1178.0
AMCL(PRAN),2024-06-02,218.0,225.0,213.0,214.7,2119.0
AMCL(PRAN),2024-06-03,212.1,213.1,212.0,212.7,480.0
AMCL(PRAN),2024-06-04,213.6,220.9,213.6,215.4,1076.0
AMCL(PRAN),2024-06-05,212.8,217.5,212.6,212.8,1036.0
AMCL(PRAN),2024-06-06,210.6,215.0,209.0,210.2,3196.0
AMCL(PRAN),2024-06-09,212.8,214.7,207.2,208.5,3347.0
AMCL(PRAN),2024-06-10,207.0,209.5,202.3,202.8,9799.0
AMCL(PRAN),2024-06-11,202.0,205.0,200.0,201.1,5588.0
AMCL(PRAN),2024-06-12,202.0,208.6,202.0,207.0,11668.0
AMCL(PRAN),2024-06-13,209.0,209.0,201.7,202.6,35347.0
AMCL(PRAN),2024-06-19,202.2,213.4,201.9,212.0,4704.0
AMCL(PRAN),2024-06-20,208.5,219.8,208.5,218.6,19496.0
AMCL(PRAN),2024-06-23,218.8,219.0,212.2,212.7,19789.0
AMCL(PRAN),2024-06-24,213.1,214.0,208.2,210.8,741.0
AMCL(PRAN),2024-06-25,208.5,221.8,208.5,214.1,13461.0
AMCL(PRAN),2024-06-26,214.0,221.0,212.8,220.8,57361.0
AMCL(PRAN),2024-06-27,226.9,227.0,221.1,226.5,13752.0
AMCL(PRAN),2024-06-30,220.8,231.3,220.8,229.4,10599.0
AMCL(PRAN),2024-07-02,226.0,231.8,226.0,229.8,6139.0
AMCL(PRAN),2024-07-03,227.0,233.4,227.0,231.9,6189.0
AMCL(PRAN),2024-07-04,236.5,237.5,233.0,237.0,18196.0
AMCL(PRAN),2024-07-07,235.0,239.9,230.1,238.4,5931.0
AMCL(PRAN),2024-07-08,239.2,240.0,236.8,238.0,9362.0
AMCL(PRAN),2024-07-09,239.0,243.5,234.2,238.0,8653.0
AMCL(PRAN),2024-07-10,237.0,242.9,235.1,235.3,11746.0
AMCL(PRAN),2024-07-11,230.0,236.9,230.0,232.8,9184.0
AMCL(PRAN),2024-07-14,231.2,235.0,231.2,233.7,2247.0
AMCL(PRAN),2024-07-15,233.1,240.0,233.1,235.5,2997.0
AMCL(PRAN),2024-07-16,236.5,256.1,236.5,250.6,62470.0
AMCL(PRAN),2024-07-18,244.5,250.0,244.3,249.8,5885.0
AMCL(PRAN),2024-07-24,244.0,248.9,242.4,242.6,3470.0
AMCL(PRAN),2024-07-25,246.0,252.0,240.1,243.2,8772.0
AMCL(PRAN),2024-07-28,243.0,244.7,238.0,240.6,2825.0
AMCL(PRAN),2024-07-29,240.0,241.1,235.4,236.3,4299.0
AMCL(PRAN),2024-07-30,230.4,233.5,230.4,231.0,7591.0
AMCL(PRAN),2024-07-31,230.1,240.0,230.1,234.1,12749.0
AMCL(PRAN),2024-08-01,235.0,241.9,234.0,239.3,3859.0
AMCL(PRAN),2024-08-04,232.2,232.3,232.2,232.2,11631.0
AMCL(PRAN),2024-08-06,250.0,250.0,235.0,237.2,4317.0
AMCL(PRAN),2024-08-07,237.3,255.0,236.0,250.4,15544.0
AMCL(PRAN),2024-08-08,258.0,258.0,245.1,257.2,26947.0
AMCL(PRAN),2024-08-11,264.6,264.8,251.0,255.2,22249.0
AMCL(PRAN),2024-08-12,252.0,255.0,251.6,251.8,12090.0
AMCL(PRAN),2024-08-13,248.7,251.9,248.7,249.6,8177.0
AMCL(PRAN),2024-08-14,249.0,258.0,249.0,253.0,12649.0
AMCL(PRAN),2024-08-15,255.9,255.9,248.6,251.4,8032.0
AMCL(PRAN),2024-08-18,252.1,252.1,248.1,249.4,9735.0
AMCL(PRAN),2024-08-19,249.4,253.0,248.0,249.6,5201.0
AMCL(PRAN),2024-08-20,250.1,252.0,247.0,249.7,3507.0
AMCL(PRAN),2024-08-21,243.3,247.0,243.3,245.0,3629.0
AMCL(PRAN),2024-08-22,245.0,249.8,241.6,246.1,5277.0
AMCL(PRAN),2024-08-25,246.1,249.7,243.0,244.5,7098.0
AMCL(PRAN),2024-08-27,245.0,252.0,244.0,248.9,8026.0
AMCL(PRAN),2024-08-28,250.0,252.4,245.0,249.7,8852.0
AMCL(PRAN),2024-08-29,246.2,255.0,246.2,253.8,7569.0
AMCL(PRAN),2024-09-01,250.0,253.8,246.0,249.7,3526.0
AMCL(PRAN),2024-09-02,248.0,250.0,245.4,249.4,13190.0
AMCL(PRAN),2024-09-03,249.1,252.5,245.0,246.6,13038.0
AMCL(PRAN),2024-09-04,245.8,249.0,245.8,246.5,4900.0
AMCL(PRAN),2024-09-05,245.2,247.8,244.3,245.1,7183.0
AMCL(PRAN),2024-09-08,246.2,249.3,241.0,241.8,14233.0
AMCL(PRAN),2024-09-09,247.0,247.0,241.6,242.3,744.0
AMCL(PRAN),2024-09-10,242.6,248.7,242.6,244.2,910.0
AMCL(PRAN),2024-09-11,246.7,246.7,243.5,244.4,3418.0
AMCL(PRAN),2024-09-12,248.0,254.6,244.0,252.5,9841.0
AMCL(PRAN),2024-09-15,250.0,251.0,243.0,244.7,2486.0
AMCL(PRAN),2024-09-17,240.0,250.4,240.0,241.2,16007.0
AMCL(PRAN),2024-09-18,247.7,247.7,239.0,239.4,7416.0
AMCL(PRAN),2024-09-19,241.0,245.0,239.4,241.3,3012.0
AMCL(PRAN),2024-09-22,241.2,242.5,241.0,241.5,8128.0
AMCL(PRAN),2024-09-23,245.6,245.8,241.5,243.5,3431.0
AMCL(PRAN),2024-09-24,240.1,241.8,240.1,240.6,2805.0
AMCL(PRAN),2024-09-25,240.1,240.6,238.2,238.8,5562.0
AMCL(PRAN),2024-09-26,237.0,237.0,234.0,235.0,618.0
AMCL(PRAN),2024-09-29,236.0,236.0,232.9,233.7,4510.0
AMCL(PRAN),2024-09-30,233.3,239.8,233.2,233.5,727.0
AMCL(PRAN),2024-10-01,238.0,238.0,233.7,234.4,158.0
AMCL(PRAN),2024-10-02,233.0,234.1,220.0,224.3,868.0
AMCL(PRAN),2024-10-03,243.8,243.8,225.3,238.1,321.0
AMCL(PRAN),2024-10-06,231.0,231.0,230.0,230.2,343.0
AMCL(PRAN),2024-10-07,228.5,230.0,226.0,227.7,1928.0
AMCL(PRAN),2024-10-08,226.2,229.0,226.0,227.8,1046.0
AMCL(PRAN),2024-10-09,227.0,227.2,227.0,227.0,550.0
AMCL(PRAN),2024-10-14,227.2,231.9,226.0,228.7,1992.0
AMCL(PRAN),2024-10-15,226.1,228.7,225.6,226.1,791.0
AMCL(PRAN),2024-10-16,232.0,232.0,206.6,208.6,2137.0
AMCL(PRAN),2024-10-17,209.1,226.8,208.6,209.7,1666.0
AMCL(PRAN),2024-10-20,209.1,209.1,205.0,206.0,4455.0
AMCL(PRAN),2024-10-21,206.0,218.0,205.0,208.2,2898.0
AMCL(PRAN),2024-10-22,213.8,213.8,208.2,210.6,115.0
AMCL(PRAN),2024-10-23,211.3,212.0,205.0,208.7,1353.0
AMCL(PRAN),2024-10-24,205.2,208.9,201.2,203.1,2737.0
AMCL(PRAN),2024-10-27,203.0,203.2,196.0,197.2,2307.0
AMCL(PRAN),2024-10-28,195.0,208.5,195.0,204.3,1289.0
AMCL(PRAN),2024-10-29,203.9,207.0,203.0,206.1,1046.0
AMCL(PRAN),2024-10-30,209.9,219.9,209.9,218.1,2823.0
AMCL(PRAN),2024-10-31,218.1,224.0,216.0,217.4,1612.0
AMCL(PRAN),2024-11-03,217.4,219.0,216.7,217.3,1738.0
AMCL(PRAN),2024-11-04,216.8,217.4,213.1,215.3,3156.0
AMCL(PRAN),2024-11-05,216.0,220.0,215.0,220.0,8602.0
AMCL(PRAN),2024-11-06,217.3,217.5,214.6,214.9,5423.0
AMCL(PRAN),2024-11-07,214.0,215.2,212.0,214.0,1635.0
AMCL(PRAN),2024-11-10,215.0,215.0,209.5,210.7,1094.0
AMCL(PRAN),2024-11-11,210.7,216.0,210.7,214.2,853.0
AMCL(PRAN),2024-11-12,214.4,214.4,209.5,210.3,3548.0
AMCL(PRAN),2024-11-13,219.0,219.0,205.0,207.5,6325.0
AMCL(PRAN),2024-11-14,208.2,212.6,208.0,208.0,7363.0
AMCL(PRAN),2024-11-17,207.5,212.0,207.0,211.2,3570.0
AMCL(PRAN),2024-11-18,212.0,214.0,208.6,211.2,1446.0
AMCL(PRAN),2024-11-20,208.0,208.0,202.5,205.3,930.0
AMCL(PRAN),2024-11-21,206.0,213.9,202.0,204.8,5219.0
AMCL(PRAN),2024-11-24,203.0,208.0,203.0,205.7,357.0
AMCL(PRAN),2024-11-25,205.7,209.4,203.5,208.3,1035.0
AMCL(PRAN),2024-11-26,203.0,214.4,202.1,207.3,3028.0
AMCL(PRAN),2024-11-27,204.6,209.7,204.3,206.0,1142.0
AMCL(PRAN),2024-11-28,210.0,210.0,206.0,206.4,1530.0
AMCL(PRAN),2024-12-01,207.3,211.0,206.0,207.3,1553.0
AMCL(PRAN),2024-12-02,209.9,209.9,205.0,206.5,2152.0
AMCL(PRAN),2024-12-03,206.0,208.4,204.3,207.0,1501.0
AMCL(PRAN),2024-12-04,204.1,208.2,204.1,207.9,623.0
AMCL(PRAN),2024-12-05,207.6,209.4,207.6,207.8,950.0
AMCL(PRAN),2024-12-08,203.3,210.9,203.2,205.2,831.0
AMCL(PRAN),2024-12-09,203.2,209.9,203.1,207.3,1098.0
AMCL(PRAN),2024-12-10,210.0,211.0,207.5,209.6,1442.0
AMCL(PRAN),2024-12-11,207.9,208.8,204.0,204.8,1629.0
AMCL(PRAN),2024-12-12,204.9,207.0,204.3,205.2,1049.0
AMCL(PRAN),2024-12-15,205.3,209.9,204.0,205.1,2628.0
AMCL(PRAN),2024-12-17,207.8,207.8,203.0,204.9,1376.0
AMCL(PRAN),2024-12-18,205.1,207.4,205.1,205.9,1666.0
AMCL(PRAN),2024-12-19,207.0,207.0,205.2,205.6,1750.0
AMCL(PRAN),2024-12-22,205.6,208.9,204.9,205.3,3195.0
AMCL(PRAN),2024-12-23,205.3,205.3,205.0,205.0,1251.0
AMCL(PRAN),2024-12-24,205.2,206.7,205.1,205.7,91.0
AMCL(PRAN),2024-12-26,205.1,206.7,204.7,204.9,1497.0
AMCL(PRAN),2024-12-29,206.0,206.0,204.6,204.9,842.0
AMCL(PRAN),2024-12-30,205.1,207.1,204.7,204.7,6984.0
AMCL(PRAN),2025-01-01,206.8,206.8,204.6,204.9,448.0
AMCL(PRAN),2025-01-02,204.1,204.7,204.0,204.3,2342.0
AMCL(PRAN),2025-01-05,204.4,204.4,200.2,201.4,951.0
AMCL(PRAN),2025-01-06,201.5,205.9,201.5,203.3,171.0
AMCL(PRAN),2025-01-07,203.4,206.6,203.4,205.6,1624.0
AMCL(PRAN),2025-01-08,205.6,206.1,204.2,204.7,1899.0
AMCL(PRAN),2025-01-09,206.0,206.0,203.5,204.9,96.0
AMCL(PRAN),2025-01-12,205.0,205.0,204.0,204.1,51.0
AMCL(PRAN),2025-01-13,205.9,205.9,203.0,203.2,1195.0
AMCL(PRAN),2025-01-14,203.3,204.0,201.6,202.1,4102.0
AMCL(PRAN),2025-01-15,202.7,203.0,201.7,202.0,1071.0
AMCL(PRAN),2025-01-16,202.0,202.0,201.6,201.8,2378.0
AMCL(PRAN),2025-01-19,201.6,202.1,201.0,201.4,2026.0
AMCL(PRAN),2025-01-20,206.8,206.8,202.1,202.3,558.0
AMCL(PRAN),2025-01-21,203.3,203.3,201.0,201.9,1940.0
AMCL(PRAN),2025-01-22,204.0,204.0,201.2,202.2,945.0
AMCL(PRAN),2025-01-23,202.3,204.0,202.2,203.7,405.0
AMCL(PRAN),2025-01-26,204.1,204.5,202.0,204.1,1038.0
AMCL(PRAN),2025-01-27,201.5,203.0,200.0,202.2,1531.0
AMCL(PRAN),2025-01-28,202.2,202.6,200.9,201.5,615.0
AMCL(PRAN),2025-01-29,201.5,204.0,201.5,203.5,1053.0
AMCL(PRAN),2025-01-30,204.1,205.0,200.9,204.5,4013.0
AMCL(PRAN),2025-02-02,201.3,204.8,200.0,201.2,1847.0
AMCL(PRAN),2025-02-03,201.0,203.0,200.9,201.0,2786.0
AMCL(PRAN),2025-02-04,201.1,203.7,201.0,201.0,1934.0
AMCL(PRAN),2025-02-05,201.0,204.8,200.0,203.5,2843.0
AMCL(PRAN),2025-02-06,200.8,203.0,200.3,202.3,948.0
AMCL(PRAN),2025-02-09,201.0,201.1,200.0,200.0,954.0
AMCL(PRAN),2025-02-10,200.1,203.7,200.0,201.2,706.0
AMCL(PRAN),2025-02-11,203.6,203.6,203.6,203.6,50.0
AMCL(PRAN),2025-02-12,200.2,202.0,200.2,201.4,350.0
AMCL(PRAN),2025-02-13,203.6,203.6,201.3,202.4,84.0
AMCL(PRAN),2025-02-16,200.0,203.6,200.0,200.9,4878.0
AMCL(PRAN),2025-02-17,201.1,201.5,201.1,201.4,800.0
AMCL(PRAN),2025-02-18,202.5,203.2,201.7,203.0,2920.0
AMCL(PRAN),2025-02-19,204.0,206.5,204.0,205.3,12350.0
AMCL(PRAN),2025-02-20,203.6,205.5,203.6,204.2,651.0
AMCL(PRAN),2025-02-23,204.1,204.9,200.9,201.2,4659.0
AMCL(PRAN),2025-02-24,201.1,202.0,201.0,201.3,1497.0
AMCL(PRAN),2025-02-25,204.6,204.6,201.0,201.2,540.0
AMCL(PRAN),2025-02-26,204.0,204.0,201.6,202.2,1611.0
AMCL(PRAN),2025-02-27,204.0,204.0,202.0,202.2,2234.0
AMCL(PRAN),2025-03-02,204.9,208.8,204.9,205.8,9156.0
AMCL(PRAN),2025-03-03,205.2,205.8,204.0,204.9,1100.0
AMCL(PRAN),2025-03-04,204.5,207.0,204.5,204.9,2127.0
AMCL(PRAN),2025-03-05,204.5,206.0,204.2,205.2,312.0
AMCL(PRAN),2025-03-06,204.1,206.8,202.7,204.1,2607.0
AMCL(PRAN),2025-03-09,204.2,204.2,201.1,202.2,1464.0
AMCL(PRAN),2025-03-10,202.4,203.8,202.2,202.5,468.0
AMCL(PRAN),2025-03-11,203.9,204.0,203.9,203.9,60.0
AMCL(PRAN),2025-03-12,204.0,207.6,203.3,203.5,1562.0
AMCL(PRAN),2025-03-13,205.0,205.0,204.0,204.8,198.0
AMCL(PRAN),2025-03-16,204.6,205.0,204.1,204.4,533.0
AMCL(PRAN),2025-03-17,204.3,204.7,202.0,202.9,471.0
AMCL(PRAN),2025-03-18,203.5,203.6,202.5,203.3,144.0
AMCL(PRAN),2025-03-19,202.8,204.0,200.0,200.6,10652.0
AMCL(PRAN),2025-03-20,200.8,203.9,200.0,200.3,3167.0
AMCL(PRAN),2025-03-23,200.6,200.6,200.0,200.0,1636.0
AMCL(PRAN),2025-03-24,200.2,200.5,200.0,200.1,1221.0
AMCL(PRAN),2025-03-25,200.1,203.7,200.1,200.7,268.0
AMCL(PRAN),2025-03-27,201.0,205.0,201.0,204.7,5777.0
AMCL(PRAN),2025-04-06,203.0,204.0,201.1,201.7,908.0
AMCL(PRAN),2025-04-07,201.4,204.4,201.4,204.0,1054.0
AMCL(PRAN),2025-04-08,204.5,204.5,203.2,203.8,3166.0
AFTABAUTO,2022-05-07,26.5,27.0,26.3,26.6,191181.0
AFTABAUTO,2022-05-16,26.8,26.8,25.7,25.8,70123.0
AFTABAUTO,2022-05-17,25.9,26.0,24.6,24.8,228807.0
AFTABAUTO,2022-05-18,25.9,25.9,24.8,25.1,85018.0
AFTABAUTO,2022-05-19,24.7,25.3,24.3,25.0,30375.0
AFTABAUTO,2022-05-22,25.0,25.6,24.5,24.6,55639.0
AFTABAUTO,2022-05-23,25.5,25.5,25.0,25.5,51465.0
AFTABAUTO,2022-05-24,25.5,26.0,25.3,25.6,52783.0
AFTABAUTO,2022-05-25,25.0,25.4,24.9,25.0,17217.0
AFTABAUTO,2022-05-26,24.9,25.9,24.9,25.7,29237.0
AFTABAUTO,2022-05-29,25.8,26.3,25.8,26.1,32703.0
AFTABAUTO,2022-05-30,26.0,26.6,25.9,26.1,43943.0
AFTABAUTO,2022-05-31,26.2,26.5,26.0,26.2,62754.0
AFTABAUTO,2022-06-01,29.3,29.5,29.0,29.3,44623.0
AFTABAUTO,2022-06-02,29.0,29.2,28.6,28.8,48356.0
AFTABAUTO,2022-06-03,26.9,26.9,26.4,26.5,28162.0
AFTABAUTO,2022-06-04,26.7,26.9,26.4,26.6,22017.0
AFTABAUTO,2022-06-06,26.6,26.7,26.3,26.5,34078.0
AFTABAUTO,2022-06-07,26.3,27.5,26.3,27.1,116247.0
AFTABAUTO,2022-06-13,26.1,26.1,25.8,25.8,80514.0
AFTABAUTO,2022-06-14,25.7,26.0,25.6,25.9,19092.0
AFTABAUTO,2022-06-15,25.8,26.3,25.8,26.2,52113.0
AFTABAUTO,2022-06-16,26.2,26.6,26.2,26.5,41245.0
AFTABAUTO,2022-06-19,26.3,26.5,26.0,26.0,60505.0
AFTABAUTO,2022-06-20,25.6,26.1,25.6,25.7,40940.0
AFTABAUTO,2022-06-21,25.5,25.9,25.5,25.6,17302.0
AFTABAUTO,2022-06-22,25.6,26.0,25.2,25.8,18683.0
AFTABAUTO,2022-06-23,25.9,26.1,25.5,25.7,37827.0
AFTABAUTO,2022-06-26,25.6,26.0,25.5,25.7,14987.0
AFTABAUTO,2022-06-27,25.7,26.0,25.4,25.5,70012.0
AFTABAUTO,2022-06-28,25.5,25.9,25.4,25.6,96024.0
AFTABAUTO,2022-06-29,25.6,26.4,25.6,26.0,66170.0
AFTABAUTO,2022-06-30,25.9,28.5,25.8,27.8,442877.0
AFTABAUTO,2022-07-02,28.8,29.0,28.7,28.8,34914.0
AFTABAUTO,2022-07-03,26.2,26.3,25.7,25.7,78061.0
AFTABAUTO,2022-07-04,26.8,27.0,26.2,26.6,10872.0
AFTABAUTO,2022-07-06,26.5,26.5,26.0,26.4,29297.0
AFTABAUTO,2022-07-07,27.0,27.2,26.8,27.2,53798.0
AFTABAUTO,2022-07-13,27.8,27.9,26.7,26.7,74281.0
AFTABAUTO,2022-07-14,26.6,26.9,26.2,26.8,103404.0
AFTABAUTO,2022-07-17,27.0,27.4,27.0,27.2,120809.0
AFTABAUTO,2022-07-18,26.7,26.9,26.7,26.7,59402.0
AFTABAUTO,2022-07-19,26.2,26.3,26.2,26.2,35411.0
AFTABAUTO,2022-07-20,26.0,26.1,25.7,25.7,66597.0
AFTABAUTO,2022-07-21,25.7,26.8,25.7,25.8,30949.0
AFTABAUTO,2022-07-24,25.4,26.0,25.4,25.4,34814.0
AFTABAUTO,2022-07-25,26.0,26.0,24.9,25.6,21054.0
AFTABAUTO,2022-07-26,26.7,26.7,25.3,25.5,42276.0
AFTABAUTO,2022-07-27,25.3,25.8,25.3,25.5,15197.0
AFTABAUTO,2022-07-28,26.9,26.9,25.4,25.5,15326.0
AFTABAUTO,2022-07-31,25.5,26.2,25.5,25.8,24048.0
AFTABAUTO,2022-08-01,25.8,26.5,25.8,26.2,44584.0
AFTABAUTO,2022-08-02,27.0,27.0,26.0,26.2,28110.0
AFTABAUTO,2022-08-03,25.8,25.8,25.0,25.3,185328.0
AFTABAUTO,2022-08-04,27.0,27.0,26.0,26.2,15728.0
AFTABAUTO,2022-08-05,26.6,27.1,26.3,26.9,92304.0
AFTABAUTO,2022-08-06,26.4,26.4,26.1,26.2,33751.0
AFTABAUTO,2022-08-07,26.5,26.5,25.6,25.7,58027.0
AFTABAUTO,2022-08-08,25.8,26.3,25.8,26.1,37841.0
AFTABAUTO,2022-08-10,25.7,26.0,25.7,25.8,32036.0
AFTABAUTO,2022-08-11,25.7,26.4,25.5,25.5,66707.0
AFTABAUTO,2022-08-14,25.6,26.2,25.5,25.5,22689.0
AFTABAUTO,2022-08-16,26.6,26.6,25.6,25.8,16727.0
AFTABAUTO,2022-08-17,26.3,26.3,25.9,26.0,36863.0
AFTABAUTO,2022-08-21,26.0,26.3,25.8,26.1,62192.0
AFTABAUTO,2022-08-22,26.1,26.6,26.0,26.1,74638.0
AFTABAUTO,2022-08-23,26.1,26.6,26.0,26.4,44306.0
AFTABAUTO,2022-08-24,26.1,26.3,25.6,25.9,61489.0
AFTABAUTO,2022-08-25,26.7,26.7,25.8,26.3,36654.0
AFTABAUTO,2022-08-28,26.2,26.9,26.1,26.7,149140.0
AFTABAUTO,2022-08-29,26.0,27.3,26.0,27.1,127188.0
AFTABAUTO,2022-08-30,26.9,28.1,26.5,27.6,352927.0
AFTABAUTO,2022-08-31,26.5,28.5,26.5,28.0,299058.0
AFTABAUTO,2022-09-01,28.2,28.2,27.4,28.0,145765.0
AFTABAUTO,2022-09-02,29.0,29.2,28.7,29.0,75407.0
AFTABAUTO,2022-09-03,26.4,27.0,25.8,26.5,71744.0
AFTABAUTO,2022-09-04,28.4,28.4,27.3,27.4,135103.0
AFTABAUTO,2022-09-05,28.3,28.8,27.0,27.1,122949.0
AFTABAUTO,2022-09-06,26.2,27.8,26.2,27.1,82867.0
AFTABAUTO,2022-09-07,27.2,28.0,27.2,27.4,87739.0
AFTABAUTO,2022-09-08,27.4,27.4,26.8,26.9,90950.0
AFTABAUTO,2022-09-11,27.0,27.1,26.6,26.7,49898.0
AFTABAUTO,2022-09-12,26.6,26.7,26.3,26.4,30653.0
AFTABAUTO,2022-09-13,26.4,27.3,26.4,26.5,52289.0
AFTABAUTO,2022-09-14,26.2,26.7,25.9,26.0,41614.0
AFTABAUTO,2022-09-15,25.6,26.3,25.6,26.0,21674.0
AFTABAUTO,2022-09-18,25.8,26.6,25.8,26.3,91551.0
AFTABAUTO,2022-09-19,26.2,26.6,26.0,26.1,42095.0
AFTABAUTO,2022-09-20,26.1,26.4,25.9,26.0,58680.0
AFTABAUTO,2022-09-21,25.6,26.3,25.6,25.9,29472.0
AFTABAUTO,2022-09-22,26.0,26.5,25.9,26.3,51926.0
AFTABAUTO,2022-09-25,26.1,26.9,26.1,26.4,74187.0
AFTABAUTO,2022-09-26,26.3,26.6,26.1,26.4,50705.0
AFTABAUTO,2022-09-27,26.4,26.4,26.0,26.0,49442.0
AFTABAUTO,2022-09-28,26.0,26.3,25.8,25.9,51307.0
AFTABAUTO,2022-09-29,25.9,26.0,25.8,25.9,41789.0
AFTABAUTO,2022-10-01,28.5,29.1,27.0,28.1,64409.0
AFTABAUTO,2022-10-02,29.3,29.3,28.9,29.0,50377.0
AFTABAUTO,2022-10-03,26.4,27.8,26.4,26.9,154755.0
AFTABAUTO,2022-10-04,26.9,27.0,26.1,26.4,28452.0
AFTABAUTO,2022-10-05,27.4,27.9,27.1,27.2,51578.0
AFTABAUTO,2022-10-06,26.1,29.0,26.0,29.0,1093936.0
AFTABAUTO,2022-10-10,30.6,31.8,29.0,31.6,1772364.0
AFTABAUTO,2022-10-11,30.2,31.6,29.1,29.7,677935.0
AFTABAUTO,2022-10-12,29.5,32.6,28.6,32.6,1717089.0
AFTABAUTO,2022-10-13,33.2,35.6,32.9,34.4,2502444.0
AFTABAUTO,2022-10-16,34.1,35.5,32.4,32.8,1269400.0
AFTABAUTO,2022-10-17,33.9,33.9,29.6,29.9,786469.0
AFTABAUTO,2022-10-18,29.6,30.7,27.4,27.6,470825.0
AFTABAUTO,2022-10-19,28.9,30.3,28.7,29.7,618083.0
AFTABAUTO,2022-10-20,29.7,30.5,27.3,28.2,454630.0
AFTABAUTO,2022-10-23,28.4,29.4,26.6,26.9,221389.0
AFTABAUTO,2022-10-24,26.0,26.6,25.7,26.1,122448.0
AFTABAUTO,2022-10-25,26.3,27.1,25.6,25.9,377988.0
AFTABAUTO,2022-10-26,26.1,26.2,25.5,25.6,370698.0
AFTABAUTO,2022-10-27,26.8,29.4,26.5,28.2,848190.0
AFTABAUTO,2022-10-30,28.4,28.4,26.9,27.0,140744.0
AFTABAUTO,2022-10-31,26.5,27.0,25.9,26.1,281826.0
AFTABAUTO,2022-11-01,26.0,26.9,26.0,26.6,205373.0
AFTABAUTO,2022-11-02,27.2,27.3,26.4,26.5,266891.0
AFTABAUTO,2022-11-03,26.5,27.9,26.0,27.4,421341.0
AFTABAUTO,2022-11-04,26.6,26.8,26.5,26.7,14984.0
AFTABAUTO,2022-11-05,27.0,27.2,26.2,26.3,81691.0
AFTABAUTO,2022-11-06,27.4,27.8,27.0,27.3,247699.0
AFTABAUTO,2022-11-07,27.3,27.7,26.6,26.8,240249.0
AFTABAUTO,2022-11-08,26.9,27.8,26.5,27.0,454110.0
AFTABAUTO,2022-11-09,27.0,27.3,26.2,26.3,131528.0
AFTABAUTO,2022-11-10,26.6,26.9,26.3,26.5,119062.0
AFTABAUTO,2022-11-13,26.5,27.5,26.0,26.8,209401.0
AFTABAUTO,2022-11-14,27.0,27.0,25.8,26.0,139432.0
AFTABAUTO,2022-11-15,26.3,26.3,25.5,25.6,249364.0
AFTABAUTO,2022-11-16,25.6,26.0,25.5,25.8,91971.0
AFTABAUTO,2022-11-17,25.8,26.2,25.6,25.7,175476.0
AFTABAUTO,2022-11-21,24.5,24.5,24.5,24.5,28467.0
AFTABAUTO,2022-11-22,24.5,24.5,24.5,24.5,18030.0
AFTABAUTO,2022-11-23,24.5,24.5,24.5,24.5,13089.0
AFTABAUTO,2022-11-24,24.5,24.5,24.5,24.5,9767.0
AFTABAUTO,2022-11-27,24.5,24.5,24.5,24.5,1560.0
AFTABAUTO,2022-11-28,24.5,24.5,24.5,24.5,27241.0
AFTABAUTO,2022-11-29,24.5,25.1,24.5,24.6,180503.0
AFTABAUTO,2022-11-30,24.5,24.7,24.5,24.5,85337.0
AFTABAUTO,2022-12-01,24.5,24.7,24.5,24.5,74269.0
AFTABAUTO,2022-12-04,24.5,24.6,24.5,24.5,80061.0
AFTABAUTO,2022-12-05,24.5,24.5,24.5,24.5,5125.0
AFTABAUTO,2022-12-06,24.5,24.5,24.5,24.5,2572.0
AFTABAUTO,2022-12-07,27.0,27.2,26.8,27.0,20396.0
AFTABAUTO,2022-12-08,24.5,24.5,24.5,24.5,4743.0
AFTABAUTO,2022-12-11,24.5,24.5,24.5,24.5,4257.0
AFTABAUTO,2022-12-12,24.5,24.5,24.5,24.5,24035.0
AFTABAUTO,2022-12-13,24.5,24.9,24.5,24.5,172553.0
AFTABAUTO,2022-12-14,24.6,24.7,24.5,24.5,59301.0
AFTABAUTO,2022-12-15,24.6,24.8,24.5,24.5,55497.0
AFTABAUTO,2022-12-18,24.6,25.2,24.5,24.5,37343.0
AFTABAUTO,2022-12-19,24.5,24.5,24.5,24.5,9908.0
AFTABAUTO,2022-12-20,24.5,25.0,24.5,24.5,76782.0
AFTABAUTO,2022-12-21,24.5,24.5,24.5,24.5,20233.0
AFTABAUTO,2022-12-22,24.5,24.5,24.5,24.5,27325.0
AFTABAUTO,2022-12-26,24.5,24.5,24.5,24.5,260.0
AFTABAUTO,2022-12-27,24.5,24.5,24.5,24.5,4090.0
AFTABAUTO,2022-12-28,24.5,24.5,24.5,24.5,2802.0
AFTABAUTO,2022-12-29,24.5,24.5,24.5,24.5,9219.0
AFTABAUTO,2023-01-01,24.5,24.5,24.5,24.5,15958.0
AFTABAUTO,2023-01-02,24.5,24.5,24.5,24.5,2475.0
AFTABAUTO,2023-01-03,24.5,24.5,24.5,24.5,10011.0
AFTABAUTO,2023-01-04,24.5,24.5,24.5,24.5,1663.0
AFTABAUTO,2023-01-05,24.5,24.5,24.5,24.5,6945.0
AFTABAUTO,2023-01-08,24.5,24.5,24.5,24.5,3084.0
AFTABAUTO,2023-01-09,24.5,24.5,24.5,24.5,4932.0
AFTABAUTO,2023-01-10,24.5,25.5,24.5,24.9,75223.0
AFTABAUTO,2023-01-12,24.5,24.5,24.5,24.5,31459.0
AFTABAUTO,2023-01-15,24.5,25.0,24.5,24.8,57715.0
AFTABAUTO,2023-01-16,24.7,24.8,24.5,24.5,87158.0
AFTABAUTO,2023-01-17,24.5,25.1,24.5,25.0,100654.0
AFTABAUTO,2023-01-18,25.2,25.2,24.5,24.6,60850.0
AFTABAUTO,2023-01-19,24.7,25.0,24.5,24.5,96003.0
AFTABAUTO,2023-01-22,24.5,24.9,24.5,24.5,49067.0
AFTABAUTO,2023-01-23,24.5,24.5,24.5,24.5,14207.0
AFTABAUTO,2023-01-24,24.5,24.5,24.5,24.5,14829.0
AFTABAUTO,2023-01-25,24.5,24.8,24.5,24.5,20884.0
AFTABAUTO,2023-01-26,24.5,24.5,24.5,24.5,8193.0
AFTABAUTO,2023-01-29,24.5,24.5,24.5,24.5,3977.0
AFTABAUTO,2023-01-30,24.5,24.5,24.5,24.5,2928.0
AFTABAUTO,2023-01-31,24.5,24.5,24.5,24.5,5932.0
AFTABAUTO,2023-02-01,24.5,24.5,24.5,24.5,1396.0
AFTABAUTO,2023-02-02,24.5,24.5,24.5,24.5,7698.0
AFTABAUTO,2023-02-05,24.5,24.5,24.5,24.5,26104.0
AFTABAUTO,2023-02-06,24.5,24.5,24.5,24.5,4891.0
AFTABAUTO,2023-02-07,24.5,24.5,24.5,24.5,2300.0
AFTABAUTO,2023-02-08,24.5,24.5,24.5,24.5,10975.0
AFTABAUTO,2023-02-09,24.5,24.5,24.5,24.5,11471.0
AFTABAUTO,2023-02-12,24.5,24.5,24.5,24.5,8445.0
AFTABAUTO,2023-02-13,24.5,24.5,24.5,24.5,509.0
AFTABAUTO,2023-02-14,24.5,24.5,24.5,24.5,16190.0
AFTABAUTO,2023-02-15,24.5,24.5,24.5,24.5,10810.0
AFTABAUTO,2023-02-16,24.5,24.5,24.5,24.5,10000.0
AFTABAUTO,2023-02-19,24.5,24.5,24.5,24.5,227.0
AFTABAUTO,2023-02-20,24.5,24.5,24.5,24.5,10200.0
AFTABAUTO,2023-02-22,24.5,24.5,24.5,24.5,385.0
AFTABAUTO,2023-02-23,24.5,24.5,24.5,24.5,50.0
AFTABAUTO,2023-02-27,24.5,24.5,24.5,24.5,7481.0
AFTABAUTO,2023-02-28,24.5,24.5,24.5,24.5,17811.0
AFTABAUTO,2023-03-01,24.5,24.5,24.5,24.5,2034.0
AFTABAUTO,2023-03-02,24.5,24.5,24.5,24.5,629.0
AFTABAUTO,2023-03-05,24.5,24.5,24.5,24.5,16583.0
AFTABAUTO,2023-03-06,24.5,24.9,24.5,24.5,163174.0
AFTABAUTO,2023-03-07,24.5,24.5,24.5,24.5,19074.0
AFTABAUTO,2023-03-09,24.5,24.5,24.5,24.5,12038.0
AFTABAUTO,2023-03-12,24.5,24.5,24.5,24.5,20358.0
AFTABAUTO,2023-03-13,24.5,24.5,24.5,24.5,1919.0
AFTABAUTO,2023-03-14,24.5,24.5,24.5,24.5,514.0
AFTABAUTO,2023-03-15,24.5,24.5,24.5,24.5,11.0
AFTABAUTO,2023-03-16,24.5,24.5,24.5,24.5,601.0
AFTABAUTO,2023-03-19,24.5,24.5,24.5,24.5,880.0
AFTABAUTO,2023-03-20,24.5,24.5,24.5,24.5,925.0
AFTABAUTO,2023-03-21,24.5,24.5,24.5,24.5,787.0
AFTABAUTO,2023-03-22,24.5,24.5,24.5,24.5,53.0
AFTABAUTO,2023-03-23,24.5,24.5,24.5,24.5,3.0
AFTABAUTO,2023-03-27,24.5,24.5,24.5,24.5,83.0
AFTABAUTO,2023-03-28,24.5,24.5,24.5,24.5,3.0
AFTABAUTO,2023-03-29,24.5,24.5,24.5,24.5,10528.0
AFTABAUTO,2023-03-30,24.5,24.5,24.5,24.5,8938.0
AFTABAUTO,2023-04-02,24.5,24.8,24.5,24.5,149309.0
AFTABAUTO,2023-04-03,24.5,24.8,24.5,24.6,285969.0
AFTABAUTO,2023-04-04,24.6,24.6,24.5,24.5,77411.0
AFTABAUTO,2023-04-05,24.5,24.5,24.5,24.5,19195.0
AFTABAUTO,2023-04-06,24.5,24.5,24.5,24.5,2.0
AFTABAUTO,2023-04-09,24.5,24.5,24.5,24.5,6635.0
AFTABAUTO,2023-04-10,24.5,24.5,24.5,24.5,66847.0
AFTABAUTO,2023-04-11,24.5,24.5,24.5,24.5,5625.0
AFTABAUTO,2023-04-12,24.5,24.5,24.5,24.5,9274.0
AFTABAUTO,2023-04-13,24.5,24.5,24.5,24.5,5636.0
AFTABAUTO,2023-04-16,24.5,24.5,24.5,24.5,6520.0
AFTABAUTO,2023-04-17,24.5,24.7,24.5,24.5,37800.0
AFTABAUTO,2023-04-18,24.5,24.5,24.5,24.5,250.0
AFTABAUTO,2023-04-24,24.5,24.5,24.5,24.5,6075.0
AFTABAUTO,2023-04-25,24.5,24.6,24.5,24.5,248725.0
AFTABAUTO,2023-04-26,24.5,26.8,24.5,26.5,1138527.0
AFTABAUTO,2023-04-27,26.7,26.7,25.8,26.0,218357.0
AFTABAUTO,2023-04-30,25.6,26.0,24.5,24.5,297076.0
AFTABAUTO,2023-05-02,24.5,26.0,24.5,25.7,341759.0
AFTABAUTO,2023-05-03,25.8,26.3,25.6,25.6,274904.0
AFTABAUTO,2023-05-07,25.8,27.4,25.8,26.8,671516.0
AFTABAUTO,2023-05-08,27.0,27.0,26.1,26.4,304519.0
AFTABAUTO,2023-05-09,26.5,27.7,26.1,26.8,861056.0
AFTABAUTO,2023-05-10,27.0,27.4,26.5,26.6,313498.0
AFTABAUTO,2023-05-11,26.8,26.8,25.7,25.8,431778.0
AFTABAUTO,2023-05-14,25.5,26.3,25.4,26.2,195543.0
AFTABAUTO,2023-05-15,26.4,26.7,25.8,25.9,171734.0
AFTABAUTO,2023-05-16,25.9,26.5,25.6,26.2,186104.0
AFTABAUTO,2023-05-17,26.4,27.3,26.4,27.0,504123.0
AFTABAUTO,2023-05-18,27.0,29.4,26.9,28.7,1556309.0
AFTABAUTO,2023-05-21,29.2,29.2,27.6,27.7,326990.0
AFTABAUTO,2023-05-22,28.5,29.6,27.6,29.0,1111055.0
AFTABAUTO,2023-05-23,29.0,29.0,27.7,28.1,621250.0
AFTABAUTO,2023-05-24,27.9,28.5,27.6,27.7,523699.0
AFTABAUTO,2023-05-25,27.6,28.3,27.4,27.5,313905.0
AFTABAUTO,2023-05-28,27.5,28.5,27.5,28.0,652381.0
AFTABAUTO,2023-05-29,28.9,29.4,28.0,28.3,895060.0
AFTABAUTO,2023-05-30,28.4,29.1,27.8,28.0,478371.0
AFTABAUTO,2023-05-31,28.3,28.4,27.5,27.6,441531.0
AFTABAUTO,2023-06-01,27.7,28.2,27.6,27.9,358858.0
AFTABAUTO,2023-06-04,27.7,28.4,27.5,28.0,258825.0
AFTABAUTO,2023-06-05,28.6,29.7,28.2,28.5,1165553.0
AFTABAUTO,2023-06-06,28.5,28.5,27.4,27.5,446943.0
AFTABAUTO,2023-06-07,28.0,28.0,27.2,27.4,227680.0
AFTABAUTO,2023-06-08,27.4,28.0,27.1,27.3,295332.0
AFTABAUTO,2023-06-11,27.7,27.8,27.1,27.3,201065.0
AFTABAUTO,2023-06-12,27.2,27.5,26.2,26.3,225552.0
AFTABAUTO,2023-06-13,26.5,26.9,26.0,26.1,106661.0
AFTABAUTO,2023-06-14,26.4,26.5,25.3,25.4,187977.0
AFTABAUTO,2023-06-15,26.0,26.2,25.4,25.6,47256.0
AFTABAUTO,2023-06-18,26.3,26.6,26.0,26.3,141721.0
AFTABAUTO,2023-06-19,26.2,26.7,26.2,26.4,65411.0
AFTABAUTO,2023-06-20,26.4,26.7,26.1,26.2,135607.0
AFTABAUTO,2023-06-21,26.2,26.6,26.2,26.4,100526.0
AFTABAUTO,2023-06-22,26.4,26.7,26.2,26.4,86624.0
AFTABAUTO,2023-06-25,26.4,27.2,26.3,27.0,134717.0
AFTABAUTO,2023-06-26,27.0,27.6,27.0,27.5,363297.0
AFTABAUTO,2023-07-02,27.0,28.2,27.0,27.8,291027.0
AFTABAUTO,2023-07-03,28.1,28.1,27.1,27.3,152531.0
AFTABAUTO,2023-07-04,27.2,27.6,27.1,27.5,122534.0
AFTABAUTO,2023-07-05,27.5,28.0,27.5,27.7,249133.0
AFTABAUTO,2023-07-06,27.7,30.3,27.7,29.0,2078515.0
AFTABAUTO,2023-07-09,29.0,29.7,28.6,28.7,385185.0
AFTABAUTO,2023-07-10,28.7,29.8,27.4,27.7,914822.0
AFTABAUTO,2023-07-11,28.0,28.4,27.2,27.8,422225.0
AFTABAUTO,2023-07-12,27.8,28.0,27.1,27.2,369386.0
AFTABAUTO,2023-07-13,27.2,27.7,26.9,27.4,420571.0
AFTABAUTO,2023-07-16,27.4,28.7,27.4,27.9,401905.0
AFTABAUTO,2023-07-17,27.7,28.3,27.1,27.3,285262.0
AFTABAUTO,2023-07-18,27.3,27.9,27.2,27.6,248215.0
AFTABAUTO,2023-07-19,27.8,28.8,27.6,28.6,495394.0
AFTABAUTO,2023-07-20,28.7,28.9,27.5,27.7,274214.0
AFTABAUTO,2023-07-23,29.3,29.3,27.4,27.5,350829.0
AFTABAUTO,2023-07-24,27.3,28.0,27.1,27.5,254994.0
AFTABAUTO,2023-07-25,27.8,27.8,26.8,26.9,210200.0
AFTABAUTO,2023-07-26,26.9,27.6,26.6,27.2,142646.0
AFTABAUTO,2023-07-27,27.5,27.6,26.9,27.1,140656.0
AFTABAUTO,2023-07-30,27.0,27.9,26.6,26.7,63131.0
AFTABAUTO,2023-07-31,26.6,27.2,26.6,26.7,87929.0
AFTABAUTO,2023-08-01,26.6,27.5,26.6,26.8,142225.0
AFTABAUTO,2023-08-02,26.8,27.3,26.6,27.0,75117.0
AFTABAUTO,2023-08-03,27.0,27.0,26.5,26.6,88558.0
AFTABAUTO,2023-08-06,27.0,27.0,26.0,26.1,97804.0
AFTABAUTO,2023-08-07,26.1,26.8,25.8,26.0,82741.0
AFTABAUTO,2023-08-08,26.0,26.4,26.0,26.2,39184.0
AFTABAUTO,2023-08-09,25.8,26.3,25.3,26.0,82191.0
AFTABAUTO,2023-08-10,26.0,26.6,25.7,25.9,70149.0
AFTABAUTO,2023-08-13,25.9,26.2,25.4,25.5,105754.0
AFTABAUTO,2023-08-14,25.2,25.7,24.9,25.1,103467.0
AFTABAUTO,2023-08-16,25.4,25.4,24.8,25.0,52057.0
AFTABAUTO,2023-08-17,25.2,26.0,24.8,25.9,57720.0
AFTABAUTO,2023-08-20,25.9,26.0,25.2,25.9,11522.0
AFTABAUTO,2023-08-21,25.6,26.4,25.4,26.2,145852.0
AFTABAUTO,2023-08-22,26.5,26.5,25.3,25.6,58708.0
AFTABAUTO,2023-08-23,25.9,26.1,25.5,25.7,32334.0
AFTABAUTO,2023-08-24,25.8,27.1,25.8,26.8,171265.0
AFTABAUTO,2023-08-27,26.8,27.3,26.5,26.8,38970.0
AFTABAUTO,2023-08-28,26.5,27.0,26.1,26.2,96763.0
AFTABAUTO,2023-08-29,26.9,26.9,25.6,25.7,71486.0
AFTABAUTO,2023-08-30,25.8,26.1,25.6,25.8,155372.0
AFTABAUTO,2023-08-31,26.0,26.5,25.9,25.9,47709.0
AFTABAUTO,2023-09-03,26.2,26.5,26.0,26.1,58047.0
AFTABAUTO,2023-09-04,26.3,26.4,25.7,25.8,86897.0
AFTABAUTO,2023-09-05,25.8,26.0,25.8,25.9,20321.0
AFTABAUTO,2023-09-07,26.1,26.1,25.5,25.8,68411.0
AFTABAUTO,2023-09-10,25.8,26.0,25.4,25.5,45924.0
AFTABAUTO,2023-09-11,25.4,25.7,25.2,25.3,52406.0
AFTABAUTO,2023-09-12,25.5,25.8,25.3,25.5,47927.0
AFTABAUTO,2023-09-13,25.5,26.0,25.4,25.5,38506.0
AFTABAUTO,2023-09-14,25.7,25.7,25.2,25.3,60615.0
AFTABAUTO,2023-09-17,25.4,25.4,25.1,25.1,70865.0
AFTABAUTO,2023-09-18,25.1,25.2,24.9,25.0,79218.0
AFTABAUTO,2023-09-19,25.0,25.4,24.9,25.3,54573.0
AFTABAUTO,2023-09-20,25.1,25.5,25.1,25.2,32888.0
AFTABAUTO,2023-09-21,25.3,25.5,25.0,25.4,72693.0
AFTABAUTO,2023-09-24,25.3,25.4,24.6,24.8,153337.0
AFTABAUTO,2023-09-25,24.8,25.0,24.6,24.7,45967.0
AFTABAUTO,2023-09-26,24.7,25.1,24.7,24.7,20858.0
AFTABAUTO,2023-09-27,24.7,25.0,24.6,24.8,18435.0
AFTABAUTO,2023-10-01,24.7,24.9,24.5,24.6,128557.0
AFTABAUTO,2023-10-02,24.6,24.9,24.5,24.8,47954.0
AFTABAUTO,2023-10-03,25.0,25.0,24.5,24.6,48447.0
AFTABAUTO,2023-10-04,24.8,24.8,24.5,24.6,17498.0
AFTABAUTO,2023-10-05,24.7,25.0,24.6,24.6,50455.0
AFTABAUTO,2023-10-08,24.6,24.6,24.5,24.5,93185.0
AFTABAUTO,2023-10-09,24.6,24.6,24.5,24.5,38285.0
AFTABAUTO,2023-10-10,24.5,24.7,24.5,24.5,16833.0
AFTABAUTO,2023-10-11,24.6,24.6,24.5,24.6,44889.0
AFTABAUTO,2023-10-12,24.6,25.0,24.5,24.5,122146.0
AFTABAUTO,2023-10-15,24.5,24.8,24.5,24.6,50222.0
AFTABAUTO,2023-10-16,24.7,24.8,24.5,24.7,29995.0
AFTABAUTO,2023-10-17,24.7,25.0,24.7,24.8,62273.0
AFTABAUTO,2023-10-18,24.8,25.0,24.6,24.7,46143.0
AFTABAUTO,2023-10-19,24.6,24.7,24.5,24.5,65641.0
AFTABAUTO,2023-10-22,24.5,24.7,24.5,24.5,34558.0
AFTABAUTO,2023-10-23,24.6,24.7,24.5,24.5,53438.0
AFTABAUTO,2023-10-25,24.5,24.5,24.5,24.5,34039.0
AFTABAUTO,2023-10-26,24.5,24.5,24.5,24.5,8191.0
AFTABAUTO,2023-10-29,24.5,24.5,24.5,24.5,12935.0
AFTABAUTO,2023-10-30,24.5,24.5,24.5,24.5,26785.0
AFTABAUTO,2023-10-31,24.5,24.5,24.5,24.5,16614.0
AFTABAUTO,2023-11-01,24.5,24.5,24.5,24.5,838.0
AFTABAUTO,2023-11-02,24.5,24.5,24.5,24.5,170.0
AFTABAUTO,2023-11-05,24.5,24.5,24.5,24.5,3667.0
AFTABAUTO,2023-11-06,24.5,25.2,24.5,24.8,96219.0
AFTABAUTO,2023-11-07,24.8,25.3,24.5,24.5,134521.0
AFTABAUTO,2023-11-08,24.5,25.0,24.5,24.6,51721.0
AFTABAUTO,2023-11-09,24.9,25.0,24.6,24.7,77443.0
AFTABAUTO,2023-11-12,24.8,27.1,24.8,26.5,698807.0
AFTABAUTO,2023-11-13,26.5,27.3,26.3,26.4,427715.0
AFTABAUTO,2023-11-14,26.2,26.3,24.7,25.7,131111.0
AFTABAUTO,2023-11-15,25.4,25.7,24.5,25.0,301811.0
AFTABAUTO,2023-11-16,25.0,26.2,25.0,26.0,238212.0
AFTABAUTO,2023-11-19,26.0,26.2,25.3,25.4,99136.0
AFTABAUTO,2023-11-20,24.9,25.9,24.6,25.2,160378.0
AFTABAUTO,2023-11-21,25.2,25.6,24.8,24.8,86271.0
AFTABAUTO,2023-11-22,24.8,25.8,24.8,25.5,91507.0
AFTABAUTO,2023-11-23,25.6,25.8,25.2,25.5,103964.0
AFTABAUTO,2023-11-26,25.9,27.6,25.4,27.4,923477.0
AFTABAUTO,2023-11-27,27.6,29.4,27.6,28.8,1524656.0
AFTABAUTO,2023-11-28,29.1,29.9,27.3,28.0,1045824.0
AFTABAUTO,2023-11-29,28.5,28.6,27.5,28.2,807748.0
AFTABAUTO,2023-11-30,29.5,34.3,28.6,31.3,6560653.0
AFTABAUTO,2023-12-03,31.8,34.4,29.9,34.4,2803389.0
AFTABAUTO,2023-12-04,35.4,36.8,33.5,34.2,5188999.0
AFTABAUTO,2023-12-05,33.9,37.0,33.8,35.7,3699514.0
AFTABAUTO,2023-12-06,36.7,36.7,34.0,34.3,3210181.0
AFTABAUTO,2023-12-07,34.8,35.9,33.6,35.3,2938319.0
AFTABAUTO,2023-12-10,35.4,36.4,35.0,35.3,3031492.0
AFTABAUTO,2023-12-11,35.5,35.6,33.8,34.2,2428925.0
AFTABAUTO,2023-12-12,34.2,35.8,34.1,34.7,2145380.0
AFTABAUTO,2023-12-13,34.7,35.1,33.0,33.4,1752952.0
AFTABAUTO,2023-12-14,33.1,34.2,32.1,32.7,1436577.0
AFTABAUTO,2023-12-17,33.0,33.5,32.6,33.2,1160810.0
AFTABAUTO,2023-12-18,33.2,34.0,32.8,33.0,1422600.0
AFTABAUTO,2023-12-20,33.2,33.7,31.4,31.8,2084827.0
AFTABAUTO,2023-12-21,32.3,32.3,28.7,29.0,917019.0
AFTABAUTO,2023-12-24,29.0,29.2,27.8,28.1,1512884.0
AFTABAUTO,2023-12-26,28.1,30.2,28.1,29.9,1008889.0
AFTABAUTO,2023-12-27,29.9,31.6,29.7,31.1,1871306.0
AFTABAUTO,2023-12-28,31.2,31.6,29.6,30.0,1026555.0
AFTABAUTO,2024-01-01,28.5,28.7,27.1,27.2,1322841.0
AFTABAUTO,2024-01-02,27.2,27.7,26.0,26.2,642320.0
AFTABAUTO,2024-01-03,26.5,27.4,26.2,27.0,544744.0
AFTABAUTO,2024-01-04,27.0,27.8,27.0,27.2,352871.0
AFTABAUTO,2024-01-08,27.6,28.5,27.3,28.0,734150.0
AFTABAUTO,2024-01-09,28.0,28.8,27.8,28.1,810796.0
AFTABAUTO,2024-01-10,28.4,28.6,28.1,28.3,524685.0
AFTABAUTO,2024-01-11,28.5,28.8,27.6,27.9,584204.0
AFTABAUTO,2024-01-14,28.1,28.5,27.0,27.1,822470.0
AFTABAUTO,2024-01-15,27.2,27.6,27.0,27.3,422246.0
AFTABAUTO,2024-01-16,27.1,28.3,27.1,27.6,936796.0
AFTABAUTO,2024-01-17,27.6,29.4,27.3,28.9,1642375.0
AFTABAUTO,2024-01-18,29.0,29.7,28.7,29.3,1535721.0
AFTABAUTO,2024-01-21,29.0,29.8,27.5,29.3,896463.0
AFTABAUTO,2024-01-22,29.3,32.2,29.3,32.2,2016716.0
AFTABAUTO,2024-01-23,32.5,34.4,32.5,34.1,3555535.0
AFTABAUTO,2024-01-24,34.1,37.5,33.7,36.7,4188855.0
AFTABAUTO,2024-01-25,36.7,39.5,35.8,37.3,3754130.0
AFTABAUTO,2024-01-28,37.7,38.8,36.4,37.6,2985013.0
AFTABAUTO,2024-01-29,38.0,40.4,37.8,39.7,3779388.0
AFTABAUTO,2024-01-30,39.9,42.9,38.4,40.5,3966798.0
AFTABAUTO,2024-01-31,39.6,44.5,38.6,44.5,5129242.0
AFTABAUTO,2024-02-01,45.9,48.9,45.6,48.7,3895691.0
AFTABAUTO,2024-02-04,49.2,50.7,46.1,46.6,5066247.0
AFTABAUTO,2024-02-05,44.2,48.5,44.2,46.0,2705792.0
AFTABAUTO,2024-02-06,46.0,50.6,45.8,50.6,4540919.0
AFTABAUTO,2024-02-07,52.0,55.6,51.7,55.6,2728030.0
AFTABAUTO,2024-02-08,58.0,60.0,52.8,54.0,5214899.0
AFTABAUTO,2024-02-11,54.0,55.8,51.0,52.6,3262277.0
AFTABAUTO,2024-02-12,53.0,57.8,53.0,57.8,3818343.0
AFTABAUTO,2024-02-13,60.0,61.8,55.9,56.4,3494374.0
AFTABAUTO,2024-02-14,56.5,61.9,55.6,60.3,4600328.0
AFTABAUTO,2024-02-15,60.8,64.5,60.5,61.9,5073750.0
AFTABAUTO,2024-02-18,62.6,64.5,61.0,61.7,2941488.0
AFTABAUTO,2024-02-19,63.0,63.7,57.0,57.7,3826850.0
AFTABAUTO,2024-02-20,59.0,59.0,52.0,52.6,4659985.0
AFTABAUTO,2024-02-22,52.7,55.6,51.6,53.5,2553364.0
AFTABAUTO,2024-02-25,53.8,55.0,50.5,50.9,2568059.0
AFTABAUTO,2024-02-27,50.8,55.9,50.8,55.9,3555134.0
AFTABAUTO,2024-02-28,53.5,57.8,53.4,54.1,2487202.0
AFTABAUTO,2024-02-29,54.7,54.7,51.7,52.4,2318755.0
AFTABAUTO,2024-03-03,53.8,56.5,52.9,54.9,2134121.0
AFTABAUTO,2024-03-04,54.9,58.6,54.2,56.6,3425555.0
AFTABAUTO,2024-03-05,56.8,59.4,56.8,57.2,2650449.0
AFTABAUTO,2024-03-06,58.0,61.6,57.3,60.0,4617211.0
AFTABAUTO,2024-03-07,61.0,61.0,55.3,56.4,2622381.0
AFTABAUTO,2024-03-10,57.4,58.1,54.6,55.4,2025030.0
AFTABAUTO,2024-03-11,56.4,57.5,54.1,54.6,2207292.0
AFTABAUTO,2024-03-12,55.0,55.4,50.0,50.5,2181728.0
AFTABAUTO,2024-03-13,50.1,53.3,50.0,52.7,1709113.0
AFTABAUTO,2024-03-14,53.0,53.7,50.0,50.3,1541871.0
AFTABAUTO,2024-03-18,50.5,51.7,45.4,46.1,1970518.0
AFTABAUTO,2024-03-19,46.0,47.0,43.5,45.5,1233714.0
AFTABAUTO,2024-03-20,45.6,50.0,45.6,49.6,1253155.0
AFTABAUTO,2024-03-21,50.2,52.0,49.3,49.8,1488706.0
AFTABAUTO,2024-03-24,50.1,50.4,46.0,46.3,1681904.0
AFTABAUTO,2024-03-25,46.5,46.8,45.0,45.3,1119273.0
AFTABAUTO,2024-03-27,46.0,46.3,40.8,41.7,1672572.0
AFTABAUTO,2024-03-28,42.1,45.7,41.4,45.3,1263834.0
AFTABAUTO,2024-03-31,45.5,46.9,44.5,45.3,880361.0
AFTABAUTO,2024-04-01,45.7,46.1,41.5,42.1,1088865.0
AFTABAUTO,2024-04-02,42.9,43.0,41.3,42.5,790880.0
AFTABAUTO,2024-04-03,43.3,44.5,42.2,42.8,1118158.0
AFTABAUTO,2024-04-04,43.5,43.6,41.6,42.0,781967.0
AFTABAUTO,2024-04-08,42.8,45.7,42.6,45.0,1107180.0
AFTABAUTO,2024-04-09,45.3,45.9,44.3,44.5,1173497.0
AFTABAUTO,2024-04-15,44.5,44.5,42.4,42.8,726841.0
AFTABAUTO,2024-04-16,43.3,44.3,42.1,43.5,1191696.0
AFTABAUTO,2024-04-17,44.1,46.6,43.8,44.1,1632478.0
AFTABAUTO,2024-04-18,44.4,44.6,42.6,43.1,1126259.0
AFTABAUTO,2024-04-21,43.9,44.0,41.0,42.2,931047.0
AFTABAUTO,2024-04-22,42.4,43.4,41.5,42.3,821447.0
AFTABAUTO,2024-04-23,42.5,45.7,41.6,44.0,2148456.0
AFTABAUTO,2024-04-24,44.5,48.0,44.2,47.0,3406605.0
AFTABAUTO,2024-04-25,47.0,47.1,45.6,45.6,1705802.0
AFTABAUTO,2024-04-28,45.6,46.1,44.3,45.7,2009728.0
AFTABAUTO,2024-04-29,45.9,45.9,44.4,44.4,1245641.0
AFTABAUTO,2024-04-30,43.1,43.1,43.1,43.1,62043.0
AFTABAUTO,2024-05-02,41.9,41.9,41.9,41.9,64508.0
AFTABAUTO,2024-05-05,40.7,43.1,40.7,40.8,3608031.0
AFTABAUTO,2024-05-06,40.9,42.5,40.1,41.3,1451765.0
AFTABAUTO,2024-05-07,41.7,42.2,40.1,40.1,2023172.0
AFTABAUTO,2024-05-08,39.6,40.1,38.9,38.9,1323332.0
AFTABAUTO,2024-05-09,38.5,38.5,37.8,37.8,1141697.0
AFTABAUTO,2024-05-12,37.8,38.8,36.7,36.9,1651278.0
AFTABAUTO,2024-05-13,37.0,38.6,36.9,37.2,1225441.0
AFTABAUTO,2024-05-14,37.4,38.4,36.1,36.2,1433536.0
AFTABAUTO,2024-05-15,36.2,36.2,35.2,35.2,581429.0
AFTABAUTO,2024-05-16,35.2,35.7,34.2,34.2,543865.0
AFTABAUTO,2024-05-19,34.0,34.0,33.2,33.2,255660.0
AFTABAUTO,2024-05-20,33.1,33.3,32.3,32.3,836396.0
AFTABAUTO,2024-05-21,32.3,33.3,31.4,31.4,607698.0
AFTABAUTO,2024-05-23,30.7,30.9,30.5,30.5,210574.0
AFTABAUTO,2024-05-26,29.7,30.0,29.6,29.6,235528.0
AFTABAUTO,2024-05-27,29.3,30.9,28.8,30.3,889539.0
AFTABAUTO,2024-05-28,31.0,31.7,29.4,29.4,790624.0
AFTABAUTO,2024-05-29,29.6,29.6,28.6,28.6,161865.0
AFTABAUTO,2024-05-30,27.8,28.8,27.8,28.5,763150.0
AFTABAUTO,2024-06-02,28.3,30.6,28.3,29.1,778763.0
AFTABAUTO,2024-06-03,29.3,32.0,28.5,32.0,1695837.0
AFTABAUTO,2024-06-04,32.5,34.6,32.5,32.8,1897161.0
AFTABAUTO,2024-06-05,33.0,33.0,31.9,31.9,753637.0
AFTABAUTO,2024-06-06,31.0,32.6,31.0,32.4,1272698.0
AFTABAUTO,2024-06-09,31.7,32.7,31.5,31.5,599040.0
AFTABAUTO,2024-06-10,30.8,30.9,30.6,30.6,424286.0
AFTABAUTO,2024-06-11,30.0,30.8,29.7,29.9,724958.0
AFTABAUTO,2024-06-12,30.4,31.5,30.0,30.3,628850.0
AFTABAUTO,2024-06-13,30.8,30.9,29.4,29.7,514404.0
AFTABAUTO,2024-06-19,29.7,30.2,28.9,29.5,291309.0
AFTABAUTO,2024-06-20,29.5,30.3,29.2,29.8,470587.0
AFTABAUTO,2024-06-23,30.4,32.2,30.3,31.4,1220434.0
AFTABAUTO,2024-06-24,31.4,31.7,30.5,30.7,533912.0
AFTABAUTO,2024-06-25,30.7,31.5,30.2,30.9,728503.0
AFTABAUTO,2024-06-26,31.3,31.3,30.4,30.6,504828.0
AFTABAUTO,2024-06-27,30.6,31.5,30.6,30.9,791388.0
AFTABAUTO,2024-06-30,30.1,30.5,30.0,30.0,631495.0
AFTABAUTO,2024-07-02,30.2,33.0,30.2,33.0,1039523.0
AFTABAUTO,2024-07-03,33.5,35.9,33.5,34.1,2242487.0
AFTABAUTO,2024-07-04,34.0,37.5,33.6,37.5,2655194.0
AFTABAUTO,2024-07-07,38.3,40.5,37.8,39.8,2529483.0
AFTABAUTO,2024-07-08,39.8,43.7,38.8,43.2,3922973.0
AFTABAUTO,2024-07-09,43.2,45.0,42.0,42.3,3308955.0
AFTABAUTO,2024-07-10,42.0,44.2,41.1,41.3,3319763.0
AFTABAUTO,2024-07-11,41.6,43.8,41.0,43.2,3345883.0
AFTABAUTO,2024-07-14,43.9,45.4,42.1,42.7,2908471.0
AFTABAUTO,2024-07-15,42.9,43.0,41.5,41.5,2542289.0
AFTABAUTO,2024-07-16,41.5,42.2,40.3,40.4,1453463.0
AFTABAUTO,2024-07-18,40.4,40.4,39.2,39.2,930836.0
AFTABAUTO,2024-07-24,38.1,38.1,38.1,38.1,42639.0
AFTABAUTO,2024-07-25,37.0,41.6,37.0,40.6,1787059.0
AFTABAUTO,2024-07-28,40.9,41.5,39.4,39.4,1254934.0
AFTABAUTO,2024-07-29,39.0,39.2,38.3,38.3,707061.0
AFTABAUTO,2024-07-30,37.4,37.4,37.2,37.2,236366.0
AFTABAUTO,2024-07-31,36.1,38.1,36.1,36.4,1466812.0
AFTABAUTO,2024-08-01,36.8,38.8,36.8,38.5,1255620.0
AFTABAUTO,2024-08-04,37.4,37.4,37.4,37.4,28187.0
AFTABAUTO,2024-08-06,40.0,41.0,37.3,38.0,1948420.0
AFTABAUTO,2024-08-07,38.2,41.8,36.9,41.8,2359233.0
AFTABAUTO,2024-08-08,43.5,44.1,41.8,42.8,2818389.0
AFTABAUTO,2024-08-11,43.2,43.8,41.6,41.6,2399199.0
AFTABAUTO,2024-08-12,41.6,42.0,40.4,40.4,718545.0
AFTABAUTO,2024-08-13,39.5,40.1,39.2,39.2,1036528.0
AFTABAUTO,2024-08-14,39.3,40.2,38.1,38.1,883143.0
AFTABAUTO,2024-08-15,37.5,39.5,37.0,38.8,1256123.0
AFTABAUTO,2024-08-18,39.2,40.4,38.5,39.0,1312013.0
AFTABAUTO,2024-08-19,40.3,40.3,37.9,38.0,1035643.0
AFTABAUTO,2024-08-20,38.2,38.9,36.9,37.1,568517.0
AFTABAUTO,2024-08-21,37.0,37.0,36.0,36.0,347338.0
AFTABAUTO,2024-08-22,35.0,36.2,35.0,35.1,625020.0
AFTABAUTO,2024-08-25,36.0,38.1,35.2,37.8,1056114.0
AFTABAUTO,2024-08-27,37.9,38.8,37.1,37.5,823174.0
AFTABAUTO,2024-08-28,37.6,37.8,37.0,37.5,641905.0
AFTABAUTO,2024-08-29,36.6,38.6,36.6,38.1,741566.0
AFTABAUTO,2024-09-01,38.6,38.8,37.4,37.8,899755.0
AFTABAUTO,2024-09-02,37.8,38.5,36.5,36.8,658355.0
AFTABAUTO,2024-09-03,36.1,37.2,35.5,35.9,553907.0
AFTABAUTO,2024-09-04,35.9,36.9,35.8,35.9,390694.0
AFTABAUTO,2024-09-05,35.9,36.4,35.0,35.7,456329.0
AFTABAUTO,2024-09-08,36.5,36.5,33.0,33.4,603165.0
AFTABAUTO,2024-09-09,34.0,34.2,32.1,32.7,593265.0
AFTABAUTO,2024-09-10,33.2,33.4,32.0,32.5,524635.0
AFTABAUTO,2024-09-11,33.2,34.8,32.8,34.1,871003.0
AFTABAUTO,2024-09-12,34.5,35.0,33.8,34.7,589190.0
AFTABAUTO,2024-09-15,34.8,35.6,34.5,35.1,704615.0
AFTABAUTO,2024-09-17,35.1,36.9,35.1,35.3,1351659.0
AFTABAUTO,2024-09-18,35.5,35.8,34.3,34.5,585379.0
AFTABAUTO,2024-09-19,34.8,35.4,34.0,34.2,624611.0
AFTABAUTO,2024-09-22,34.4,34.7,33.4,33.6,423713.0
AFTABAUTO,2024-09-23,33.6,33.9,32.9,33.2,423377.0
AFTABAUTO,2024-09-24,33.2,33.9,32.5,32.7,453413.0
AFTABAUTO,2024-09-25,32.8,33.0,30.7,31.0,719984.0
AFTABAUTO,2024-09-26,30.6,30.9,29.7,29.9,509675.0
AFTABAUTO,2024-09-29,29.2,30.6,28.5,29.1,352593.0
AFTABAUTO,2024-09-30,29.2,29.7,28.5,28.7,381777.0
AFTABAUTO,2024-10-01,29.1,31.5,29.1,31.5,1134979.0
AFTABAUTO,2024-10-02,31.9,34.5,31.2,33.4,2080212.0
AFTABAUTO,2024-10-03,33.4,35.3,32.8,34.9,1721080.0
AFTABAUTO,2024-10-06,35.3,35.8,31.9,32.4,1578371.0
AFTABAUTO,2024-10-07,32.5,33.3,31.1,31.3,1131916.0
AFTABAUTO,2024-10-08,31.9,34.0,31.7,33.5,1190318.0
AFTABAUTO,2024-10-09,33.5,34.6,33.3,33.8,990661.0
AFTABAUTO,2024-10-14,33.5,34.1,32.4,32.6,899932.0
AFTABAUTO,2024-10-15,32.6,32.7,31.5,31.7,626987.0
AFTABAUTO,2024-10-16,31.7,32.7,31.7,32.4,495049.0
AFTABAUTO,2024-10-17,32.6,33.1,31.1,31.4,572341.0
AFTABAUTO,2024-10-20,31.5,32.1,29.0,29.2,707646.0
AFTABAUTO,2024-10-21,29.4,31.7,28.5,30.8,600843.0
AFTABAUTO,2024-10-22,31.4,31.7,30.5,30.7,433877.0
AFTABAUTO,2024-10-23,30.8,30.9,28.6,28.9,711943.0
AFTABAUTO,2024-10-24,29.0,30.7,28.5,29.9,753601.0
AFTABAUTO,2024-10-27,30.1,30.1,28.0,28.4,502349.0
AFTABAUTO,2024-10-28,28.4,30.2,28.4,28.9,905594.0
AFTABAUTO,2024-10-29,29.2,30.4,28.7,30.0,664262.0
AFTABAUTO,2024-10-30,30.5,32.0,30.4,31.3,1072515.0
AFTABAUTO,2024-10-31,31.3,31.9,30.7,31.0,841240.0
AFTABAUTO,2024-11-03,31.4,34.1,31.1,34.1,1713027.0
AFTABAUTO,2024-11-04,34.6,36.4,34.0,35.3,2056812.0
AFTABAUTO,2024-11-05,35.6,37.2,35.0,35.8,2123049.0
AFTABAUTO,2024-11-06,35.9,37.5,35.2,37.0,1613500.0
AFTABAUTO,2024-11-07,37.6,39.7,37.0,38.8,2366913.0
AFTABAUTO,2024-11-10,39.2,39.4,37.0,37.2,2050300.0
AFTABAUTO,2024-11-11,36.7,37.7,36.0,37.0,1621010.0
AFTABAUTO,2024-11-12,37.5,38.5,36.6,36.8,1543925.0
AFTABAUTO,2024-11-13,36.9,36.9,35.1,35.8,1478398.0
AFTABAUTO,2024-11-14,35.6,36.4,35.0,35.3,867566.0
AFTABAUTO,2024-11-17,35.3,38.1,34.9,37.6,2111763.0
AFTABAUTO,2024-11-19,37.5,38.0,35.5,35.8,2458097.0
AFTABAUTO,2024-11-20,36.2,36.3,34.9,35.3,1012410.0
AFTABAUTO,2024-11-21,35.3,35.5,33.6,34.0,1137371.0
AFTABAUTO,2024-11-24,33.7,34.0,33.0,33.3,984374.0
AFTABAUTO,2024-11-25,33.3,35.8,33.3,34.8,1051433.0
AFTABAUTO,2024-11-26,35.7,36.8,35.6,36.3,1657226.0
AFTABAUTO,2024-11-27,36.6,37.2,36.2,36.4,1227995.0
AFTABAUTO,2024-11-28,36.7,36.8,35.5,35.7,1252360.0
AFTABAUTO,2024-12-01,36.1,37.5,35.2,37.2,1372390.0
AFTABAUTO,2024-12-02,37.0,38.2,37.0,37.6,1548275.0
AFTABAUTO,2024-12-03,37.9,38.5,37.3,37.5,1466751.0
AFTABAUTO,2024-12-04,37.9,37.9,35.8,36.1,1272970.0
AFTABAUTO,2024-12-05,36.1,36.7,35.8,36.5,1242071.0
AFTABAUTO,2024-12-08,36.8,37.0,36.0,36.7,789109.0
AFTABAUTO,2024-12-09,36.8,37.5,36.1,36.4,815118.0
AFTABAUTO,2024-12-10,36.6,36.8,35.5,35.7,844854.0
AFTABAUTO,2024-12-11,35.7,36.2,35.1,35.2,657936.0
AFTABAUTO,2024-12-12,35.5,35.9,34.9,35.6,746120.0
AFTABAUTO,2024-12-15,35.9,36.3,35.8,36.1,571278.0
AFTABAUTO,2024-12-17,36.4,36.5,35.7,35.9,914633.0
AFTABAUTO,2024-12-18,36.1,36.1,35.0,35.2,653164.0
AFTABAUTO,2024-12-19,35.2,35.6,34.9,35.3,423483.0
AFTABAUTO,2024-12-22,35.6,35.6,34.9,34.9,351874.0
AFTABAUTO,2024-12-23,35.0,35.4,34.5,34.8,398991.0
AFTABAUTO,2024-12-24,34.8,35.1,34.4,34.6,567114.0
AFTABAUTO,2024-12-26,34.8,35.1,34.5,34.8,330169.0
AFTABAUTO,2024-12-29,35.3,36.9,35.1,36.7,1612026.0
AFTABAUTO,2024-12-30,36.8,37.1,36.1,36.3,887125.0
AFTABAUTO,2025-01-01,36.4,37.3,36.4,36.7,1295092.0
AFTABAUTO,2025-01-02,36.8,36.9,36.2,36.3,567370.0
AFTABAUTO,2025-01-05,36.4,36.7,35.5,35.6,610204.0
AFTABAUTO,2025-01-06,35.7,36.3,35.5,35.6,454948.0
AFTABAUTO,2025-01-07,35.8,36.6,35.7,35.9,644468.0
AFTABAUTO,2025-01-08,36.0,37.7,36.0,37.4,2036041.0
AFTABAUTO,2025-01-09,37.7,38.6,36.7,37.2,1825531.0
AFTABAUTO,2025-01-12,37.2,39.8,37.0,38.7,2700876.0
AFTABAUTO,2025-01-13,38.9,40.9,38.5,39.6,2729825.0
AFTABAUTO,2025-01-14,39.7,41.5,38.9,40.2,2609037.0
AFTABAUTO,2025-01-15,40.5,40.9,38.1,38.8,2099619.0
AFTABAUTO,2025-01-16,38.5,39.8,38.5,39.1,1955877.0
AFTABAUTO,2025-01-19,39.6,41.3,39.6,40.7,2243265.0
AFTABAUTO,2025-01-20,41.3,42.0,40.3,41.3,2528827.0
AFTABAUTO,2025-01-21,41.3,41.3,38.8,39.4,2662570.0
AFTABAUTO,2025-01-22,39.1,39.4,38.0,38.3,1455794.0
AFTABAUTO,2025-01-23,38.8,38.9,37.7,37.9,1007393.0
AFTABAUTO,2025-01-26,38.5,38.5,35.9,36.4,1504190.0
AFTABAUTO,2025-01-27,37.0,37.8,36.6,36.9,983938.0
AFTABAUTO,2025-01-28,37.2,37.5,36.2,36.4,776934.0
AFTABAUTO,2025-01-29,36.5,36.5,35.0,35.1,889778.0
AFTABAUTO,2025-01-30,35.1,35.6,34.9,35.0,555667.0
AFTABAUTO,2025-02-02,35.1,37.2,34.9,36.5,1255339.0
AFTABAUTO,2025-02-03,37.2,37.3,35.5,36.2,999743.0
AFTABAUTO,2025-02-04,36.2,36.2,34.9,35.1,1209073.0
AFTABAUTO,2025-02-05,34.3,35.3,33.7,35.0,665831.0
AFTABAUTO,2025-02-06,35.5,36.0,34.5,35.8,614994.0
AFTABAUTO,2025-02-09,35.7,35.9,34.8,34.9,232653.0
AFTABAUTO,2025-02-10,35.0,35.3,34.7,34.9,338888.0
AFTABAUTO,2025-02-11,35.1,35.3,34.9,35.1,312245.0
AFTABAUTO,2025-02-12,35.1,36.0,35.1,35.7,312755.0
AFTABAUTO,2025-02-13,36.4,36.4,35.8,35.9,299229.0
AFTABAUTO,2025-02-16,36.0,36.2,35.6,35.9,320633.0
AFTABAUTO,2025-02-17,36.1,36.3,35.9,36.0,323402.0
AFTABAUTO,2025-02-18,36.1,36.3,35.4,35.5,375944.0
AFTABAUTO,2025-02-19,35.8,35.8,34.6,34.7,270320.0
AFTABAUTO,2025-02-20,35.4,35.4,34.6,34.8,147308.0
AFTABAUTO,2025-02-23,35.0,35.3,34.9,35.0,218660.0
AFTABAUTO,2025-02-24,34.9,35.2,34.6,34.6,244393.0
AFTABAUTO,2025-02-25,34.9,35.0,34.6,34.7,197585.0
AFTABAUTO,2025-02-26,34.9,35.1,34.7,34.7,155025.0
AFTABAUTO,2025-02-27,34.7,35.1,34.7,34.9,171887.0
AFTABAUTO,2025-03-02,35.0,35.7,35.0,35.5,254489.0
AFTABAUTO,2025-03-03,35.8,35.9,34.9,35.1,230749.0
AFTABAUTO,2025-03-04,35.1,35.5,34.6,34.7,156260.0
AFTABAUTO,2025-03-05,34.8,35.0,34.6,34.6,143520.0
AFTABAUTO,2025-03-06,34.8,35.0,34.6,34.7,94699.0
AFTABAUTO,2025-03-09,34.5,34.9,34.4,34.5,139192.0
AFTABAUTO,2025-03-10,34.7,34.7,33.6,34.2,175798.0
AFTABAUTO,2025-03-11,34.6,34.6,34.0,34.1,78532.0
AFTABAUTO,2025-03-12,34.4,34.8,34.2,34.5,123743.0
AFTABAUTO,2025-03-13,34.8,34.8,33.9,34.1,163837.0
AFTABAUTO,2025-03-16,34.5,34.5,33.0,33.6,305996.0
AFTABAUTO,2025-03-17,33.6,33.9,32.3,32.6,319607.0
AFTABAUTO,2025-03-18,32.8,32.8,32.2,32.3,118931.0
AFTABAUTO,2025-03-19,32.5,32.7,32.1,32.4,153754.0
AFTABAUTO,2025-03-20,32.6,34.4,32.5,34.0,325100.0
AFTABAUTO,2025-03-23,34.0,34.7,33.7,33.8,175692.0
AFTABAUTO,2025-03-24,34.0,34.3,33.6,33.8,70610.0
AFTABAUTO,2025-03-25,34.0,34.0,33.2,33.4,126706.0
AFTABAUTO,2025-03-27,33.7,33.7,33.1,33.3,57538.0
AFTABAUTO,2025-04-06,33.0,33.3,32.7,32.7,179331.0
AFTABAUTO,2025-04-07,32.7,32.9,32.2,32.3,143756.0
AFTABAUTO,2025-04-08,32.8,32.8,32.2,32.3,87201.0
SINGERBD,2022-04-21,165.2,170.9,165.2,168.9,57734.0
SINGERBD,2022-04-24,171.9,171.9,169.5,170.0,59225.0
SINGERBD,2022-04-25,170.5,170.9,169.0,169.6,47855.0
SINGERBD,2022-04-26,169.7,170.6,168.5,169.5,55633.0
SINGERBD,2022-04-27,169.5,170.8,169.1,170.0,59453.0
SINGERBD,2022-04-28,170.0,170.0,168.5,169.5,57256.0
SINGERBD,2022-05-01,174.1,175.3,170.3,172.5,19425.0
SINGERBD,2022-05-04,170.1,173.4,169.0,172.6,53962.0
SINGERBD,2022-05-05,169.8,169.8,167.9,168.8,19104.0
SINGERBD,2022-05-06,168.3,168.7,167.5,167.7,41862.0
SINGERBD,2022-05-07,163.0,164.6,161.8,162.2,57161.0
SINGERBD,2022-05-16,165.1,169.4,163.0,164.2,44298.0
SINGERBD,2022-05-17,165.0,168.0,164.0,165.1,44574.0
SINGERBD,2022-05-18,165.1,168.5,164.0,165.9,66421.0
SINGERBD,2022-05-19,165.0,168.0,164.1,164.7,41807.0
SINGERBD,2022-05-22,165.0,165.0,163.0,164.3,61757.0
SINGERBD,2022-05-23,164.5,167.0,164.0,164.7,51838.0
SINGERBD,2022-05-24,166.0,166.5,164.0,164.5,38332.0
SINGERBD,2022-05-25,164.5,164.5,164.0,164.3,25847.0
SINGERBD,2022-05-26,164.0,166.9,163.1,165.1,41292.0
SINGERBD,2022-05-29,166.9,167.5,165.0,166.5,37740.0
SINGERBD,2022-05-30,164.0,167.0,164.0,166.8,36188.0
SINGERBD,2022-05-31,167.9,168.1,166.2,167.2,45596.0
SINGERBD,2022-06-01,171.8,174.6,171.7,172.6,16172.0
SINGERBD,2022-06-02,170.0,170.0,168.0,168.3,86848.0
SINGERBD,2022-06-03,157.0,158.6,156.0,156.5,12664.0
SINGERBD,2022-06-04,172.1,173.0,171.6,172.2,48711.0
SINGERBD,2022-06-06,168.0,168.0,164.5,165.8,69400.0
SINGERBD,2022-06-07,161.7,164.0,161.2,161.5,32661.0
SINGERBD,2022-06-13,164.5,165.0,164.0,164.8,23600.0
SINGERBD,2022-06-14,164.2,164.4,163.7,164.0,22253.0
SINGERBD,2022-06-15,164.2,164.5,163.7,164.1,34283.0
SINGERBD,2022-06-16,164.2,166.0,163.5,164.0,57033.0
SINGERBD,2022-06-19,164.0,164.4,163.7,164.0,42417.0
SINGERBD,2022-06-20,163.5,165.0,163.5,164.0,33419.0
SINGERBD,2022-06-21,163.5,163.6,162.5,162.8,32039.0
SINGERBD,2022-06-22,162.5,164.0,162.2,162.9,33640.0
SINGERBD,2022-06-23,163.0,163.5,162.5,163.1,8339.0
SINGERBD,2022-06-26,162.7,164.4,162.7,163.0,10710.0
SINGERBD,2022-06-27,163.3,165.0,162.8,163.1,43847.0
SINGERBD,2022-06-28,163.2,164.9,161.5,162.1,53261.0
SINGERBD,2022-06-29,161.5,165.0,161.5,162.6,78500.0
SINGERBD,2022-06-30,164.9,165.0,162.5,162.7,63103.0
SINGERBD,2022-07-02,170.0,170.0,168.9,169.1,28085.0
SINGERBD,2022-07-03,157.6,157.7,154.7,155.0,102813.0
SINGERBD,2022-07-04,172.5,172.5,171.0,172.1,62326.0
SINGERBD,2022-07-06,165.0,165.5,164.7,165.0,25398.0
SINGERBD,2022-07-07,164.7,164.7,162.0,162.1,4325.0
SINGERBD,2022-07-13,162.0,162.2,161.8,162.0,31751.0
SINGERBD,2022-07-14,162.1,162.1,161.5,161.9,17268.0
SINGERBD,2022-07-17,161.9,164.8,160.9,161.0,26557.0
SINGERBD,2022-07-18,161.9,161.9,160.0,160.1,10324.0
SINGERBD,2022-07-19,157.0,160.0,156.9,157.0,13976.0
SINGERBD,2022-07-20,155.1,155.1,154.0,154.2,26550.0
SINGERBD,2022-07-21,158.1,158.1,153.5,155.4,7854.0
SINGERBD,2022-07-24,155.4,156.9,155.1,155.5,4253.0
SINGERBD,2022-07-25,154.0,154.0,152.5,153.1,13960.0
SINGERBD,2022-07-26,154.0,154.0,150.3,151.0,23546.0
SINGERBD,2022-07-27,154.0,154.0,150.0,150.4,18721.0
SINGERBD,2022-07-28,149.1,151.7,149.1,149.8,8571.0
SINGERBD,2022-07-31,151.9,154.7,151.9,152.2,7372.0
SINGERBD,2022-08-01,156.0,156.0,152.3,153.0,11124.0
SINGERBD,2022-08-02,158.7,158.7,152.4,152.9,18139.0
SINGERBD,2022-08-03,155.0,156.9,152.9,153.0,35180.0
SINGERBD,2022-08-04,153.0,154.2,152.1,153.5,20544.0
SINGERBD,2022-08-05,169.0,169.5,167.6,168.1,74360.0
SINGERBD,2022-08-06,165.1,167.4,164.1,164.8,27803.0
SINGERBD,2022-08-07,155.0,155.0,152.3,153.2,113746.0
SINGERBD,2022-08-08,153.2,153.8,152.5,152.8,19626.0
SINGERBD,2022-08-10,154.9,154.9,151.9,152.3,37531.0
SINGERBD,2022-08-11,152.3,152.9,151.9,151.9,17851.0
SINGERBD,2022-08-14,153.4,153.4,151.9,152.2,16817.0
SINGERBD,2022-08-16,152.2,153.8,151.9,152.3,10292.0
SINGERBD,2022-08-17,153.9,153.9,152.0,152.2,8812.0
SINGERBD,2022-08-21,153.8,153.8,151.9,151.9,144963.0
SINGERBD,2022-08-22,151.9,153.1,151.9,152.0,74154.0
SINGERBD,2022-08-23,153.0,153.4,151.9,152.6,159403.0
SINGERBD,2022-08-24,152.1,153.0,151.9,151.9,34157.0
SINGERBD,2022-08-25,152.0,152.9,151.9,152.0,29612.0
SINGERBD,2022-08-28,154.4,154.6,151.9,153.0,56922.0
SINGERBD,2022-08-29,153.0,153.0,151.9,152.7,98491.0
SINGERBD,2022-08-30,153.0,154.0,152.1,152.5,36564.0
SINGERBD,2022-08-31,152.2,154.3,152.0,152.7,26097.0
SINGERBD,2022-09-01,153.1,155.2,153.0,154.9,83662.0
SINGERBD,2022-09-02,170.9,172.1,169.2,169.5,50996.0
SINGERBD,2022-09-03,155.2,158.4,154.4,156.0,169878.0
SINGERBD,2022-09-04,155.6,159.5,153.7,156.3,192308.0
SINGERBD,2022-09-05,155.0,158.0,155.0,155.6,60146.0
SINGERBD,2022-09-06,156.3,159.8,154.9,155.1,60226.0
SINGERBD,2022-09-07,155.1,157.0,154.0,154.1,32684.0
SINGERBD,2022-09-08,155.0,156.4,153.0,153.7,21560.0
SINGERBD,2022-09-11,154.8,154.8,152.8,153.0,20581.0
SINGERBD,2022-09-12,153.0,154.3,152.5,152.6,15681.0
SINGERBD,2022-09-13,155.7,155.7,151.9,152.0,40669.0
SINGERBD,2022-09-14,152.2,152.9,151.9,152.2,23256.0
SINGERBD,2022-09-15,153.0,153.0,151.9,151.9,15412.0
SINGERBD,2022-09-18,151.9,153.7,151.9,151.9,33749.0
SINGERBD,2022-09-19,151.9,151.9,151.9,151.9,28754.0
SINGERBD,2022-09-20,151.9,154.0,151.9,151.9,41703.0
SINGERBD,2022-09-21,151.9,151.9,151.9,151.9,7471.0
SINGERBD,2022-09-22,151.9,151.9,151.9,151.9,16736.0
SINGERBD,2022-09-25,151.9,152.0,151.9,151.9,8924.0
SINGERBD,2022-09-26,151.9,151.9,151.9,151.9,2963.0
SINGERBD,2022-09-27,151.9,151.9,151.9,151.9,1805.0
SINGERBD,2022-09-28,151.9,151.9,151.9,151.9,1478.0
SINGERBD,2022-09-29,151.9,151.9,151.9,151.9,18554.0
SINGERBD,2022-10-01,174.6,176.8,174.0,176.6,22672.0
SINGERBD,2022-10-02,151.9,151.9,151.9,151.9,2464.0
SINGERBD,2022-10-03,156.9,157.2,156.1,156.8,98476.0
SINGERBD,2022-10-04,151.9,151.9,151.9,151.9,14641.0
SINGERBD,2022-10-05,171.0,171.0,166.7,167.8,43785.0
SINGERBD,2022-10-06,151.9,153.5,151.9,151.9,30202.0
SINGERBD,2022-10-10,151.9,151.9,151.9,151.9,28997.0
SINGERBD,2022-10-11,151.9,151.9,151.9,151.9,5482.0
SINGERBD,2022-10-12,151.9,151.9,151.9,151.9,3967.0
SINGERBD,2022-10-13,151.9,151.9,151.9,151.9,10820.0
SINGERBD,2022-10-16,151.9,151.9,151.9,151.9,4947.0
SINGERBD,2022-10-17,151.9,151.9,151.9,151.9,19108.0
SINGERBD,2022-10-18,151.9,151.9,151.9,151.9,1857.0
SINGERBD,2022-10-19,151.9,151.9,151.9,151.9,1559.0
SINGERBD,2022-10-20,151.9,151.9,151.9,151.9,87.0
SINGERBD,2022-10-23,151.9,151.9,151.9,151.9,255.0
SINGERBD,2022-10-25,151.9,151.9,151.9,151.9,75.0
SINGERBD,2022-10-26,151.9,151.9,151.9,151.9,1139.0
SINGERBD,2022-10-27,151.9,151.9,151.9,151.9,436.0
SINGERBD,2022-10-30,151.9,151.9,151.9,151.9,598.0
SINGERBD,2022-10-31,151.9,151.9,151.9,151.9,63.0
SINGERBD,2022-11-01,151.9,151.9,151.9,151.9,64.0
SINGERBD,2022-11-02,151.9,151.9,151.9,151.9,750.0
SINGERBD,2022-11-03,151.9,151.9,151.9,151.9,1160.0
SINGERBD,2022-11-04,170.2,172.9,169.2,169.7,94358.0
SINGERBD,2022-11-05,168.5,170.0,167.1,167.5,78050.0
SINGERBD,2022-11-06,151.9,151.9,151.9,151.9,441.0
SINGERBD,2022-11-07,151.9,151.9,151.9,151.9,1706.0
SINGERBD,2022-11-08,151.9,151.9,151.9,151.9,25.0
SINGERBD,2022-11-09,151.9,151.9,151.9,151.9,10.0
SINGERBD,2022-11-10,151.9,151.9,151.9,151.9,381.0
SINGERBD,2022-11-13,151.9,151.9,151.9,151.9,371.0
SINGERBD,2022-11-14,151.9,151.9,151.9,151.9,2.0
SINGERBD,2022-11-15,151.9,151.9,151.9,151.9,359.0
SINGERBD,2022-11-16,151.9,151.9,151.9,151.9,106.0
SINGERBD,2022-11-20,151.9,151.9,151.9,151.9,1001.0
SINGERBD,2022-11-21,151.9,151.9,151.9,151.9,11.0
SINGERBD,2022-11-22,151.9,151.9,151.9,151.9,8.0
SINGERBD,2022-11-23,151.9,151.9,151.9,151.9,8.0
SINGERBD,2022-11-24,151.9,151.9,151.9,151.9,298.0
SINGERBD,2022-11-27,151.9,151.9,151.9,151.9,67.0
SINGERBD,2022-11-28,151.9,151.9,151.9,151.9,112.0
SINGERBD,2022-11-29,151.9,151.9,151.9,151.9,63.0
SINGERBD,2022-11-30,151.9,151.9,151.9,151.9,1000.0
SINGERBD,2022-12-01,176.0,176.0,173.0,174.4,68259.0
SINGERBD,2022-12-04,151.9,151.9,151.9,151.9,107.0
SINGERBD,2022-12-05,151.9,151.9,151.9,151.9,121.0
SINGERBD,2022-12-06,151.9,151.9,151.9,151.9,114.0
SINGERBD,2022-12-07,162.2,163.0,161.8,162.0,36218.0
SINGERBD,2022-12-08,151.9,151.9,151.9,151.9,255.0
SINGERBD,2022-12-11,151.9,151.9,151.9,151.9,1111.0
SINGERBD,2022-12-12,151.9,151.9,151.9,151.9,2066.0
SINGERBD,2022-12-13,151.9,151.9,151.9,151.9,457.0
SINGERBD,2022-12-14,151.9,151.9,151.9,151.9,1117.0
SINGERBD,2022-12-15,151.9,151.9,151.9,151.9,605.0
SINGERBD,2022-12-18,151.9,151.9,151.9,151.9,216.0
SINGERBD,2022-12-19,151.9,151.9,151.9,151.9,312.0
SINGERBD,2022-12-20,151.9,151.9,151.9,151.9,246.0
SINGERBD,2022-12-21,151.9,151.9,151.9,151.9,120.0
SINGERBD,2022-12-22,151.9,151.9,151.9,151.9,229.0
SINGERBD,2022-12-26,151.9,151.9,151.9,151.9,365.0
SINGERBD,2022-12-27,151.9,151.9,151.9,151.9,20.0
SINGERBD,2022-12-28,151.9,151.9,151.9,151.9,120.0
SINGERBD,2022-12-29,151.9,151.9,151.9,151.9,302.0
SINGERBD,2023-01-01,151.9,151.9,151.9,151.9,44.0
SINGERBD,2023-01-02,151.9,151.9,151.9,151.9,13.0
SINGERBD,2023-01-03,151.9,151.9,151.9,151.9,1115.0
SINGERBD,2023-01-04,151.9,151.9,151.9,151.9,510.0
SINGERBD,2023-01-05,151.9,151.9,151.9,151.9,697.0
SINGERBD,2023-01-08,151.9,151.9,151.9,151.9,1186.0
SINGERBD,2023-01-09,151.9,151.9,151.9,151.9,212.0
SINGERBD,2023-01-10,151.9,151.9,151.9,151.9,60.0
SINGERBD,2023-01-12,151.9,151.9,151.9,151.9,21.0
SINGERBD,2023-01-15,151.9,151.9,151.9,151.9,63.0
SINGERBD,2023-01-16,151.9,151.9,151.9,151.9,10.0
SINGERBD,2023-01-17,151.9,151.9,151.9,151.9,703.0
SINGERBD,2023-01-18,151.9,151.9,151.9,151.9,1163.0
SINGERBD,2023-01-19,151.9,151.9,151.9,151.9,31.0
SINGERBD,2023-01-22,151.9,151.9,151.9,151.9,1040.0
SINGERBD,2023-01-23,151.9,151.9,151.9,151.9,17.0
SINGERBD,2023-01-24,151.9,151.9,151.9,151.9,553.0
SINGERBD,2023-01-25,151.9,151.9,151.9,151.9,1790.0
SINGERBD,2023-01-26,151.9,151.9,151.9,151.9,6188.0
SINGERBD,2023-01-29,151.9,151.9,151.9,151.9,136.0
SINGERBD,2023-01-30,151.9,151.9,151.9,151.9,113.0
SINGERBD,2023-01-31,151.9,151.9,151.9,151.9,129.0
SINGERBD,2023-02-01,151.9,151.9,151.9,151.9,2.0
SINGERBD,2023-02-02,151.9,151.9,151.9,151.9,14.0
SINGERBD,2023-02-05,151.9,151.9,151.9,151.9,29.0
SINGERBD,2023-02-06,151.9,151.9,151.9,151.9,2590.0
SINGERBD,2023-02-07,151.9,151.9,151.9,151.9,105.0
SINGERBD,2023-02-08,151.9,151.9,151.9,151.9,363.0
SINGERBD,2023-02-09,151.9,151.9,151.9,151.9,1700.0
SINGERBD,2023-02-12,151.9,151.9,151.9,151.9,111.0
SINGERBD,2023-02-13,151.9,151.9,151.9,151.9,5014.0
SINGERBD,2023-02-14,151.9,151.9,151.9,151.9,10.0
SINGERBD,2023-02-15,151.9,151.9,151.9,151.9,7853.0
SINGERBD,2023-02-20,151.9,151.9,151.9,151.9,10010.0
SINGERBD,2023-02-22,151.9,151.9,151.9,151.9,5400.0
SINGERBD,2023-02-23,151.9,151.9,151.9,151.9,2000.0
SINGERBD,2023-02-26,151.9,151.9,151.9,151.9,311.0
SINGERBD,2023-02-27,151.9,151.9,151.9,151.9,1.0
SINGERBD,2023-02-28,151.9,151.9,151.9,151.9,340.0
SINGERBD,2023-03-01,151.9,151.9,151.9,151.9,5042.0
SINGERBD,2023-03-02,151.9,151.9,151.9,151.9,1.0
SINGERBD,2023-03-05,151.9,151.9,151.9,151.9,219.0
SINGERBD,2023-03-06,151.9,151.9,151.9,151.9,51.0
SINGERBD,2023-03-07,151.9,151.9,151.9,151.9,272.0
SINGERBD,2023-03-09,151.9,151.9,151.9,151.9,32.0
SINGERBD,2023-03-12,151.9,151.9,151.9,151.9,1176.0
SINGERBD,2023-03-13,151.9,151.9,151.9,151.9,1002.0
SINGERBD,2023-03-14,151.9,151.9,151.9,151.9,2038.0
SINGERBD,2023-03-15,151.9,151.9,151.9,151.9,1065.0
SINGERBD,2023-03-16,151.9,151.9,151.9,151.9,524.0
SINGERBD,2023-03-19,151.9,151.9,151.9,151.9,35.0
SINGERBD,2023-03-20,151.9,151.9,151.9,151.9,94.0
SINGERBD,2023-03-21,151.9,151.9,151.9,151.9,2.0
SINGERBD,2023-03-22,151.9,151.9,151.9,151.9,19.0
SINGERBD,2023-03-23,151.9,151.9,151.9,151.9,4.0
SINGERBD,2023-03-28,151.9,151.9,151.9,151.9,2.0
SINGERBD,2023-03-29,151.9,151.9,151.9,151.9,102.0
SINGERBD,2023-03-30,151.9,151.9,151.9,151.9,53.0
SINGERBD,2023-04-02,151.9,151.9,151.9,151.9,1510.0
SINGERBD,2023-04-03,151.9,151.9,151.9,151.9,65.0
SINGERBD,2023-04-04,151.9,151.9,151.9,151.9,124.0
SINGERBD,2023-04-05,151.9,151.9,151.9,151.9,14.0
SINGERBD,2023-04-06,151.9,151.9,151.9,151.9,229.0
SINGERBD,2023-04-09,151.9,151.9,151.9,151.9,207.0
SINGERBD,2023-04-10,151.9,151.9,151.9,151.9,2.0
SINGERBD,2023-04-11,151.9,151.9,151.9,151.9,1.0
SINGERBD,2023-04-12,151.9,151.9,151.9,151.9,140.0
SINGERBD,2023-04-13,151.9,151.9,151.9,151.9,101.0
SINGERBD,2023-04-16,151.9,151.9,151.9,151.9,1.0
SINGERBD,2023-04-17,151.9,151.9,151.9,151.9,10.0
SINGERBD,2023-04-24,151.9,151.9,151.9,151.9,487.0
SINGERBD,2023-04-25,151.9,151.9,151.9,151.9,67.0
SINGERBD,2023-04-26,151.9,151.9,151.9,151.9,136.0
SINGERBD,2023-04-27,151.9,151.9,151.9,151.9,189.0
SINGERBD,2023-04-30,151.9,151.9,151.9,151.9,358.0
SINGERBD,2023-05-02,151.9,151.9,151.9,151.9,227.0
SINGERBD,2023-05-03,151.9,151.9,151.9,151.9,784.0
SINGERBD,2023-05-07,151.9,151.9,151.9,151.9,34398.0
SINGERBD,2023-05-08,151.9,151.9,151.9,151.9,3649.0
SINGERBD,2023-05-09,151.9,151.9,151.9,151.9,400.0
SINGERBD,2023-05-10,151.9,151.9,151.9,151.9,509.0
SINGERBD,2023-05-11,151.9,151.9,151.9,151.9,562.0
SINGERBD,2023-05-14,151.9,151.9,151.9,151.9,240.0
SINGERBD,2023-05-15,151.9,151.9,151.9,151.9,256.0
SINGERBD,2023-05-16,151.9,151.9,151.9,151.9,1372.0
SINGERBD,2023-05-17,151.9,151.9,151.9,151.9,299.0
SINGERBD,2023-05-18,151.9,151.9,151.9,151.9,919.0
SINGERBD,2023-05-21,151.9,151.9,151.9,151.9,1201.0
SINGERBD,2023-05-22,151.9,151.9,151.9,151.9,270.0
SINGERBD,2023-05-23,151.9,151.9,151.9,151.9,707.0
SINGERBD,2023-05-24,151.9,151.9,151.9,151.9,355.0
SINGERBD,2023-05-25,151.9,151.9,151.9,151.9,385.0
SINGERBD,2023-05-28,151.9,151.9,151.9,151.9,743.0
SINGERBD,2023-05-29,151.9,151.9,151.9,151.9,357.0
SINGERBD,2023-05-30,151.9,151.9,151.9,151.9,3.0
SINGERBD,2023-05-31,151.9,151.9,151.9,151.9,101.0
SINGERBD,2023-06-01,151.9,151.9,151.9,151.9,600.0
SINGERBD,2023-06-04,151.9,151.9,151.9,151.9,2547.0
SINGERBD,2023-06-05,151.9,151.9,151.9,151.9,1786.0
SINGERBD,2023-06-07,151.9,151.9,151.9,151.9,67.0
SINGERBD,2023-06-08,151.9,151.9,151.9,151.9,10.0
SINGERBD,2023-06-11,151.9,151.9,151.9,151.9,600.0
SINGERBD,2023-06-12,151.9,151.9,151.9,151.9,30.0
SINGERBD,2023-06-13,151.9,151.9,151.9,151.9,210.0
SINGERBD,2023-06-14,151.9,151.9,151.9,151.9,1.0
SINGERBD,2023-06-15,151.9,151.9,151.9,151.9,172.0
SINGERBD,2023-06-18,151.9,151.9,151.9,151.9,52.0
SINGERBD,2023-06-19,151.9,151.9,151.9,151.9,353.0
SINGERBD,2023-06-20,151.9,151.9,151.9,151.9,51.0
SINGERBD,2023-06-22,151.9,151.9,151.9,151.9,63.0
SINGERBD,2023-06-25,151.9,151.9,151.9,151.9,535.0
SINGERBD,2023-06-26,151.9,151.9,151.9,151.9,1183.0
SINGERBD,2023-07-02,151.9,151.9,151.9,151.9,203.0
SINGERBD,2023-07-03,151.9,151.9,151.9,151.9,446.0
SINGERBD,2023-07-04,151.9,151.9,151.9,151.9,196.0
SINGERBD,2023-07-05,151.9,151.9,151.9,151.9,150.0
SINGERBD,2023-07-06,151.9,151.9,151.9,151.9,11.0
SINGERBD,2023-07-09,151.9,151.9,151.9,151.9,29.0
SINGERBD,2023-07-10,151.9,151.9,151.9,151.9,921.0
SINGERBD,2023-07-11,151.9,151.9,151.9,151.9,1.0
SINGERBD,2023-07-12,151.9,151.9,151.9,151.9,558.0
SINGERBD,2023-07-13,151.9,151.9,151.9,151.9,604.0
SINGERBD,2023-07-17,151.9,151.9,151.9,151.9,96.0
SINGERBD,2023-07-19,151.9,151.9,151.9,151.9,141.0
SINGERBD,2023-07-20,151.9,151.9,151.9,151.9,43.0
SINGERBD,2023-07-23,151.9,167.0,151.9,157.4,649393.0
SINGERBD,2023-07-24,157.4,164.8,156.2,156.9,77097.0
SINGERBD,2023-07-25,153.8,156.3,151.9,152.5,181956.0
SINGERBD,2023-07-26,152.5,158.0,151.9,152.0,122394.0
SINGERBD,2023-07-27,152.0,154.8,151.9,154.3,146591.0
SINGERBD,2023-07-30,155.8,155.8,151.9,152.3,49863.0
SINGERBD,2023-07-31,152.0,153.0,151.9,151.9,32497.0
SINGERBD,2023-08-01,151.9,151.9,151.9,151.9,6601.0
SINGERBD,2023-08-02,151.9,151.9,151.9,151.9,4090.0
SINGERBD,2023-08-03,151.9,151.9,151.9,151.9,8134.0
SINGERBD,2023-08-06,151.9,151.9,151.9,151.9,409.0
SINGERBD,2023-08-07,151.9,151.9,151.9,151.9,1472.0
SINGERBD,2023-08-08,151.9,151.9,151.9,151.9,942.0
SINGERBD,2023-08-09,151.9,151.9,151.9,151.9,688.0
SINGERBD,2023-08-10,151.9,151.9,151.9,151.9,120451.0
SINGERBD,2023-08-13,151.9,153.8,151.9,151.9,63193.0
SINGERBD,2023-08-14,151.9,152.0,151.9,151.9,145007.0
SINGERBD,2023-08-16,151.9,151.9,151.9,151.9,6635.0
SINGERBD,2023-08-17,151.9,154.9,151.9,153.1,236651.0
SINGERBD,2023-08-20,153.0,153.9,151.9,152.3,64802.0
SINGERBD,2023-08-21,152.4,152.4,151.9,152.1,47232.0
SINGERBD,2023-08-22,151.9,152.1,151.9,152.0,62723.0
SINGERBD,2023-08-23,151.9,152.2,151.9,152.0,57266.0
SINGERBD,2023-08-24,152.0,154.2,151.9,152.0,50634.0
SINGERBD,2023-08-27,152.0,153.7,151.9,151.9,28396.0
SINGERBD,2023-08-28,151.9,152.7,151.9,151.9,14497.0
SINGERBD,2023-08-29,151.9,152.0,151.9,151.9,9520.0
SINGERBD,2023-08-30,151.9,151.9,151.9,151.9,1569.0
SINGERBD,2023-08-31,151.9,151.9,151.9,151.9,960.0
SINGERBD,2023-09-03,151.9,151.9,151.9,151.9,1514.0
SINGERBD,2023-09-04,151.9,151.9,151.9,151.9,2004.0
SINGERBD,2023-09-05,151.9,151.9,151.9,151.9,1307.0
SINGERBD,2023-09-07,151.9,151.9,151.9,151.9,873.0
SINGERBD,2023-09-10,151.9,151.9,151.9,151.9,2564.0
SINGERBD,2023-09-11,151.9,151.9,151.9,151.9,479.0
SINGERBD,2023-09-12,151.9,151.9,151.9,151.9,886.0
SINGERBD,2023-09-13,151.9,151.9,151.9,151.9,1033.0
SINGERBD,2023-09-14,151.9,151.9,151.9,151.9,443.0
SINGERBD,2023-09-17,151.9,151.9,151.9,151.9,8678.0
SINGERBD,2023-09-18,151.9,151.9,151.9,151.9,658.0
SINGERBD,2023-09-19,151.9,151.9,151.9,151.9,478.0
SINGERBD,2023-09-20,151.9,151.9,151.9,151.9,530.0
SINGERBD,2023-09-21,151.9,151.9,151.9,151.9,195.0
SINGERBD,2023-09-24,151.9,151.9,151.9,151.9,1587.0
SINGERBD,2023-09-25,151.9,151.9,151.9,151.9,41.0
SINGERBD,2023-09-26,151.9,151.9,151.9,151.9,15.0
SINGERBD,2023-09-27,151.9,151.9,151.9,151.9,235.0
SINGERBD,2023-10-01,151.9,151.9,151.9,151.9,106.0
SINGERBD,2023-10-02,151.9,151.9,151.9,151.9,141.0
SINGERBD,2023-10-03,151.9,151.9,151.9,151.9,214.0
SINGERBD,2023-10-05,151.9,151.9,151.9,151.9,50.0
SINGERBD,2023-10-08,151.9,151.9,151.9,151.9,52.0
SINGERBD,2023-10-09,151.9,151.9,151.9,151.9,1207.0
SINGERBD,2023-10-11,151.9,151.9,151.9,151.9,200.0
SINGERBD,2023-10-12,151.9,151.9,151.9,151.9,600.0
SINGERBD,2023-10-15,151.9,151.9,151.9,151.9,26.0
SINGERBD,2023-10-16,151.9,151.9,151.9,151.9,171.0
SINGERBD,2023-10-17,151.9,151.9,151.9,151.9,1224.0
SINGERBD,2023-10-18,151.9,151.9,151.9,151.9,766.0
SINGERBD,2023-10-19,151.9,151.9,151.9,151.9,24325.0
SINGERBD,2023-10-22,151.9,151.9,151.9,151.9,1463.0
SINGERBD,2023-10-23,151.9,151.9,151.9,151.9,152.0
SINGERBD,2023-10-25,151.9,151.9,151.9,151.9,301.0
SINGERBD,2023-10-26,151.9,151.9,151.9,151.9,346.0
SINGERBD,2023-10-29,151.9,151.9,151.9,151.9,209.0
SINGERBD,2023-10-30,151.9,151.9,151.9,151.9,1.0
SINGERBD,2023-10-31,151.9,151.9,151.9,151.9,283.0
SINGERBD,2023-11-01,151.9,151.9,151.9,151.9,64.0
SINGERBD,2023-11-02,151.9,151.9,151.9,151.9,350.0
SINGERBD,2023-11-05,151.9,151.9,151.9,151.9,336.0
SINGERBD,2023-11-06,151.9,151.9,151.9,151.9,2134.0
SINGERBD,2023-11-07,151.9,151.9,151.9,151.9,35.0
SINGERBD,2023-11-08,151.9,151.9,151.9,151.9,60.0
SINGERBD,2023-11-09,151.9,151.9,151.9,151.9,37.0
SINGERBD,2023-11-12,151.9,151.9,151.9,151.9,482.0
SINGERBD,2023-11-13,151.9,151.9,151.9,151.9,70.0
SINGERBD,2023-11-14,151.9,151.9,151.9,151.9,13.0
SINGERBD,2023-11-15,151.9,151.9,151.9,151.9,531.0
SINGERBD,2023-11-16,151.9,151.9,151.9,151.9,351.0
SINGERBD,2023-11-19,151.9,151.9,151.9,151.9,103.0
SINGERBD,2023-11-20,151.9,151.9,151.9,151.9,21.0
SINGERBD,2023-11-21,151.9,151.9,151.9,151.9,17.0
SINGERBD,2023-11-22,151.9,151.9,151.9,151.9,743.0
SINGERBD,2023-11-23,151.9,151.9,151.9,151.9,15.0
SINGERBD,2023-11-26,151.9,151.9,151.9,151.9,330.0
SINGERBD,2023-11-27,151.9,151.9,151.9,151.9,50.0
SINGERBD,2023-11-28,151.9,151.9,151.9,151.9,5.0
SINGERBD,2023-11-29,151.9,151.9,151.9,151.9,7.0
SINGERBD,2023-11-30,151.9,151.9,151.9,151.9,226.0
SINGERBD,2023-12-03,151.9,151.9,151.9,151.9,676.0
SINGERBD,2023-12-04,151.9,151.9,151.9,151.9,428.0
SINGERBD,2023-12-05,151.9,151.9,151.9,151.9,10490.0
SINGERBD,2023-12-06,151.9,151.9,151.9,151.9,180.0
SINGERBD,2023-12-07,151.9,151.9,151.9,151.9,65.0
SINGERBD,2023-12-10,151.9,151.9,151.9,151.9,147.0
SINGERBD,2023-12-11,151.9,151.9,151.9,151.9,70306.0
SINGERBD,2023-12-12,151.9,154.0,151.9,151.9,69616.0
SINGERBD,2023-12-13,151.9,153.9,151.9,151.9,44023.0
SINGERBD,2023-12-14,151.9,151.9,151.9,151.9,814.0
SINGERBD,2023-12-17,151.9,151.9,151.9,151.9,1970.0
SINGERBD,2023-12-18,151.9,151.9,151.9,151.9,5638.0
SINGERBD,2023-12-19,151.9,151.9,151.9,151.9,1297.0
SINGERBD,2023-12-20,151.9,151.9,151.9,151.9,101.0
SINGERBD,2023-12-21,151.9,151.9,151.9,151.9,669.0
SINGERBD,2023-12-24,151.9,151.9,151.9,151.9,2104.0
SINGERBD,2023-12-26,151.9,151.9,151.9,151.9,1.0
SINGERBD,2023-12-27,151.9,151.9,151.9,151.9,133.0
SINGERBD,2023-12-28,151.9,151.9,151.9,151.9,3932.0
SINGERBD,2024-01-01,151.9,151.9,151.9,151.9,576.0
SINGERBD,2024-01-02,151.9,151.9,151.9,151.9,184.0
SINGERBD,2024-01-03,151.9,151.9,151.9,151.9,74.0
SINGERBD,2024-01-04,151.9,151.9,151.9,151.9,105.0
SINGERBD,2024-01-08,151.9,151.9,151.9,151.9,663.0
SINGERBD,2024-01-09,151.9,151.9,151.9,151.9,1089.0
SINGERBD,2024-01-10,151.9,152.9,151.9,152.2,112628.0
SINGERBD,2024-01-11,152.2,154.9,152.0,152.3,65768.0
SINGERBD,2024-01-14,153.8,157.2,152.2,156.7,156202.0
SINGERBD,2024-01-15,156.5,156.5,154.0,155.7,119998.0
SINGERBD,2024-01-16,156.0,158.0,154.2,157.8,118002.0
SINGERBD,2024-01-17,157.8,157.8,155.6,156.6,75022.0
SINGERBD,2024-01-18,156.0,157.2,154.6,155.1,53698.0
SINGERBD,2024-01-21,150.0,155.0,150.0,154.7,99106.0
SINGERBD,2024-01-22,155.5,157.0,153.5,153.7,51148.0
SINGERBD,2024-01-23,154.0,156.6,154.0,156.0,108915.0
SINGERBD,2024-01-24,157.0,157.0,153.4,156.0,17479.0
SINGERBD,2024-01-25,153.7,155.0,153.5,153.6,24253.0
SINGERBD,2024-01-28,152.8,155.7,152.0,152.6,24078.0
SINGERBD,2024-01-29,150.2,154.8,150.2,153.3,7072.0
SINGERBD,2024-01-30,161.0,161.0,149.0,151.8,88381.0
SINGERBD,2024-01-31,152.8,153.0,150.6,151.1,53867.0
SINGERBD,2024-02-01,152.5,153.8,150.1,152.9,21754.0
SINGERBD,2024-02-04,154.2,154.3,153.0,153.8,34371.0
SINGERBD,2024-02-05,154.1,154.1,151.6,152.9,27900.0
SINGERBD,2024-02-06,154.0,154.9,150.5,151.2,88395.0
SINGERBD,2024-02-07,154.7,154.7,152.0,153.0,185136.0
SINGERBD,2024-02-08,153.9,153.9,150.0,151.8,48495.0
SINGERBD,2024-02-11,151.8,153.4,151.5,152.7,18543.0
SINGERBD,2024-02-12,152.0,152.5,151.3,151.8,53434.0
SINGERBD,2024-02-13,152.0,152.0,149.7,150.1,34504.0
SINGERBD,2024-02-14,150.6,152.9,150.3,150.8,27159.0
SINGERBD,2024-02-15,151.7,154.0,149.9,150.1,24652.0
SINGERBD,2024-02-18,150.0,152.2,149.0,150.1,30733.0
SINGERBD,2024-02-19,150.3,152.3,150.0,150.3,71457.0
SINGERBD,2024-02-20,150.2,151.5,150.2,150.6,45236.0
SINGERBD,2024-02-25,149.2,149.2,147.0,147.1,11876.0
SINGERBD,2024-02-27,147.8,147.8,145.6,147.1,18949.0
SINGERBD,2024-02-28,147.4,147.5,146.8,147.0,12760.0
SINGERBD,2024-02-29,145.6,147.6,145.3,147.5,15785.0
SINGERBD,2024-03-03,147.5,147.5,146.0,146.1,10131.0
SINGERBD,2024-03-04,149.0,149.0,145.0,145.3,5539.0
SINGERBD,2024-03-05,145.1,147.0,145.1,146.1,6332.0
SINGERBD,2024-03-06,145.2,147.0,145.2,146.7,9971.0
SINGERBD,2024-03-07,146.1,147.0,146.0,146.3,6412.0
SINGERBD,2024-03-10,147.0,147.0,146.2,146.3,7460.0
SINGERBD,2024-03-11,146.0,150.1,146.0,146.4,5401.0
SINGERBD,2024-03-12,146.4,148.5,146.3,147.9,8738.0
SINGERBD,2024-03-13,146.0,148.5,146.0,147.5,12260.0
SINGERBD,2024-03-14,147.0,147.9,146.5,147.3,7609.0
SINGERBD,2024-03-18,147.3,147.3,146.2,146.5,5956.0
SINGERBD,2024-03-19,146.0,146.0,142.0,143.3,1133.0
SINGERBD,2024-03-20,145.2,147.0,145.2,146.7,8660.0
SINGERBD,2024-03-21,144.0,147.8,144.0,145.9,2717.0
SINGERBD,2024-03-24,148.0,148.4,146.1,147.0,19467.0
SINGERBD,2024-03-25,148.5,148.5,145.5,147.0,4030.0
SINGERBD,2024-03-27,146.1,146.7,145.1,145.6,4199.0
SINGERBD,2024-03-28,145.2,148.8,145.0,146.4,14045.0
SINGERBD,2024-03-31,145.1,147.3,145.0,145.8,4705.0
SINGERBD,2024-04-01,145.2,146.0,143.3,144.3,11684.0
SINGERBD,2024-04-02,145.6,145.6,137.3,142.2,8670.0
SINGERBD,2024-04-03,142.9,142.9,141.1,142.5,9098.0
SINGERBD,2024-04-04,140.3,144.4,140.3,141.2,4243.0
SINGERBD,2024-04-08,142.8,142.8,140.0,140.4,12960.0
SINGERBD,2024-04-09,143.9,143.9,140.0,141.1,7773.0
SINGERBD,2024-04-15,141.8,141.8,139.7,139.8,5530.0
SINGERBD,2024-04-16,139.8,143.7,139.8,141.8,2343.0
SINGERBD,2024-04-17,140.1,141.0,139.0,139.1,14700.0
SINGERBD,2024-04-18,139.2,141.0,137.0,137.6,12817.0
SINGERBD,2024-04-21,139.0,142.9,137.0,137.9,4640.0
SINGERBD,2024-04-22,142.3,142.4,139.0,142.2,12635.0
SINGERBD,2024-04-23,139.3,143.1,139.3,140.1,23378.0
SINGERBD,2024-04-24,138.2,140.9,137.3,138.4,72577.0
SINGERBD,2024-04-25,135.0,135.0,134.3,134.3,11262.0
SINGERBD,2024-04-28,130.5,133.3,130.3,131.9,11106.0
SINGERBD,2024-04-29,130.4,134.0,128.0,129.2,21625.0
SINGERBD,2024-04-30,128.0,132.0,128.0,129.0,12683.0
SINGERBD,2024-05-02,141.6,141.6,128.0,128.9,19590.0
SINGERBD,2024-05-05,130.8,134.0,130.0,133.5,4722.0
SINGERBD,2024-05-06,133.9,134.0,130.0,130.3,18721.0
SINGERBD,2024-05-07,130.2,132.0,128.5,131.4,24616.0
SINGERBD,2024-05-08,133.0,133.0,128.5,129.8,14900.0
SINGERBD,2024-05-09,142.6,142.6,128.6,129.5,5595.0
SINGERBD,2024-05-12,129.5,131.5,127.9,128.0,15754.0
SINGERBD,2024-05-13,128.2,129.9,125.9,126.1,64892.0
SINGERBD,2024-05-14,128.5,128.5,124.5,124.6,33968.0
SINGERBD,2024-05-15,124.6,124.6,122.0,122.2,25179.0
SINGERBD,2024-05-16,122.2,122.2,120.2,121.2,7175.0
SINGERBD,2024-05-19,118.3,120.5,117.6,120.2,6642.0
SINGERBD,2024-05-20,118.0,120.8,118.0,119.0,38755.0
SINGERBD,2024-05-21,119.0,122.0,118.5,118.6,7218.0
SINGERBD,2024-05-23,117.5,119.9,117.5,117.8,25349.0
SINGERBD,2024-05-26,123.0,123.0,116.4,117.0,61309.0
SINGERBD,2024-05-27,124.4,124.5,117.2,122.6,34521.0
SINGERBD,2024-05-28,123.9,127.0,119.0,121.1,91950.0
SINGERBD,2024-05-29,119.1,120.9,118.1,119.4,1439.0
SINGERBD,2024-05-30,121.5,121.5,117.0,119.0,3769.0
SINGERBD,2024-06-02,122.8,122.8,117.0,117.5,12512.0
SINGERBD,2024-06-03,117.4,119.2,117.2,117.7,3427.0
SINGERBD,2024-06-04,120.0,120.0,118.0,118.6,2597.0
SINGERBD,2024-06-05,117.8,118.5,117.1,117.6,4871.0
SINGERBD,2024-06-06,117.4,118.1,117.3,117.7,5706.0
SINGERBD,2024-06-09,120.0,120.0,117.0,117.5,42548.0
SINGERBD,2024-06-10,116.0,122.0,116.0,118.6,20700.0
SINGERBD,2024-06-11,118.0,121.9,117.0,120.5,104588.0
SINGERBD,2024-06-12,120.6,124.7,119.0,123.8,25427.0
SINGERBD,2024-06-13,124.9,127.0,124.0,124.6,116211.0
SINGERBD,2024-06-19,122.2,124.6,121.0,123.7,37515.0
SINGERBD,2024-06-20,126.8,127.1,121.6,126.4,25938.0
SINGERBD,2024-06-23,127.0,127.0,125.0,126.9,6525.0
SINGERBD,2024-06-24,125.1,128.0,124.8,127.6,37174.0
SINGERBD,2024-06-25,124.0,129.3,124.0,128.7,16794.0
SINGERBD,2024-06-26,129.8,131.9,128.1,131.6,64677.0
SINGERBD,2024-06-27,130.0,132.9,130.0,132.0,14459.0
SINGERBD,2024-06-30,133.0,133.0,129.0,131.5,10065.0
SINGERBD,2024-07-02,143.0,143.0,127.6,129.6,3254.0
SINGERBD,2024-07-03,137.0,137.0,129.0,130.2,4006.0
SINGERBD,2024-07-04,132.2,134.4,132.2,133.1,8404.0
SINGERBD,2024-07-07,135.1,139.9,131.7,135.0,9013.0
SINGERBD,2024-07-08,135.0,135.0,132.6,132.9,7018.0
SINGERBD,2024-07-09,136.5,136.5,129.0,131.6,16723.0
SINGERBD,2024-07-10,134.9,134.9,128.5,128.8,28392.0
SINGERBD,2024-07-11,128.6,130.0,128.2,129.5,4674.0
SINGERBD,2024-07-14,135.0,135.0,126.0,129.1,16644.0
SINGERBD,2024-07-15,126.7,133.3,126.7,130.6,24775.0
SINGERBD,2024-07-16,128.5,131.4,126.7,126.8,64875.0
SINGERBD,2024-07-18,124.0,129.7,124.0,124.9,2029.0
SINGERBD,2024-07-24,125.0,125.0,122.0,122.1,1300.0
SINGERBD,2024-07-25,121.1,129.8,121.1,127.3,2489.0
SINGERBD,2024-07-28,126.8,129.8,124.0,127.7,13474.0
SINGERBD,2024-07-29,128.8,128.9,125.0,127.3,13287.0
SINGERBD,2024-07-30,124.3,126.6,124.0,126.2,8239.0
SINGERBD,2024-07-31,123.0,127.9,123.0,126.4,12039.0
SINGERBD,2024-08-01,125.1,127.8,125.1,127.5,21327.0
SINGERBD,2024-08-04,123.7,127.3,123.7,123.8,1606.0
SINGERBD,2024-08-06,135.8,135.9,128.1,133.2,8000.0
SINGERBD,2024-08-07,134.9,135.0,132.0,134.9,60111.0
SINGERBD,2024-08-08,136.9,141.0,134.3,140.6,292432.0
SINGERBD,2024-08-11,144.9,154.6,141.0,148.1,148437.0
SINGERBD,2024-08-12,148.1,148.1,143.7,143.8,127554.0
SINGERBD,2024-08-13,143.6,143.7,139.5,139.5,39973.0
SINGERBD,2024-08-14,137.5,140.8,137.0,139.2,59228.0
SINGERBD,2024-08-15,141.2,149.3,135.1,148.1,261947.0
SINGERBD,2024-08-18,148.7,150.0,143.7,143.7,66075.0
SINGERBD,2024-08-19,140.1,147.0,140.0,140.9,43595.0
SINGERBD,2024-08-20,138.0,142.0,137.5,138.1,76168.0
SINGERBD,2024-08-21,136.0,136.2,134.0,134.3,124681.0
SINGERBD,2024-08-22,131.0,137.5,130.3,136.2,55994.0
SINGERBD,2024-08-25,143.8,143.8,137.5,138.2,64608.0
SINGERBD,2024-08-27,135.0,141.9,135.0,139.5,26865.0
SINGERBD,2024-08-28,140.0,148.0,137.5,143.6,115848.0
SINGERBD,2024-08-29,142.3,152.1,142.3,150.6,257879.0
SINGERBD,2024-09-01,152.0,154.8,150.0,151.6,164236.0
SINGERBD,2024-09-02,152.0,154.4,146.0,146.5,94725.0
SINGERBD,2024-09-03,141.6,149.0,141.6,146.9,65162.0
SINGERBD,2024-09-04,144.1,147.9,143.6,146.8,22665.0
SINGERBD,2024-09-05,146.8,150.9,145.0,148.0,47475.0
SINGERBD,2024-09-08,148.1,150.0,144.0,145.0,85272.0
SINGERBD,2024-09-09,141.2,145.1,140.0,141.9,45436.0
SINGERBD,2024-09-10,142.9,146.4,141.2,145.1,14854.0
SINGERBD,2024-09-11,142.1,147.7,141.1,141.9,43799.0
SINGERBD,2024-09-12,142.0,142.0,137.0,139.8,57074.0
SINGERBD,2024-09-15,140.6,143.6,140.5,141.9,16380.0
SINGERBD,2024-09-17,138.2,142.5,138.0,140.2,33862.0
SINGERBD,2024-09-18,139.2,140.5,137.2,138.3,23045.0
SINGERBD,2024-09-19,138.0,144.6,137.1,141.0,45792.0
SINGERBD,2024-09-22,141.0,141.0,138.3,139.9,36502.0
SINGERBD,2024-09-23,139.5,139.5,138.5,139.4,6392.0
SINGERBD,2024-09-24,144.8,144.8,138.2,138.8,19661.0
SINGERBD,2024-09-25,142.8,142.8,133.0,135.2,38958.0
SINGERBD,2024-09-26,133.0,137.0,133.0,135.5,3378.0
SINGERBD,2024-09-29,139.5,139.5,133.9,134.4,18153.0
SINGERBD,2024-09-30,134.5,139.0,134.5,134.9,1504.0
SINGERBD,2024-10-01,134.9,140.1,134.9,138.7,10902.0
SINGERBD,2024-10-02,131.0,138.8,131.0,135.2,11850.0
SINGERBD,2024-10-03,133.0,139.5,133.0,138.3,5780.0
SINGERBD,2024-10-06,138.0,138.0,134.0,134.0,3167.0
SINGERBD,2024-10-07,141.0,141.0,132.3,133.4,445.0
SINGERBD,2024-10-08,133.0,136.2,133.0,135.4,3761.0
SINGERBD,2024-10-09,132.0,136.8,132.0,135.6,860.0
SINGERBD,2024-10-14,133.5,141.8,133.5,139.6,13426.0
SINGERBD,2024-10-15,132.2,135.0,132.2,134.9,8994.0
SINGERBD,2024-10-16,133.7,135.0,133.3,133.6,1668.0
SINGERBD,2024-10-17,131.3,137.0,131.3,133.3,1127.0
SINGERBD,2024-10-20,133.3,135.0,132.0,134.1,10132.0
SINGERBD,2024-10-21,132.1,135.9,131.5,135.4,15989.0
SINGERBD,2024-10-22,136.0,136.1,132.2,134.6,8252.0
SINGERBD,2024-10-23,121.2,128.0,121.2,122.7,28440.0
SINGERBD,2024-10-24,122.6,122.6,110.5,114.7,9147.0
SINGERBD,2024-10-27,114.7,123.9,111.0,116.4,26419.0
SINGERBD,2024-10-28,112.0,127.5,110.6,120.5,61805.0
SINGERBD,2024-10-29,120.5,121.9,112.0,115.9,10249.0
SINGERBD,2024-10-30,122.0,122.0,117.0,120.2,4839.0
SINGERBD,2024-10-31,123.2,123.5,117.0,118.8,9060.0
SINGERBD,2024-11-03,118.1,127.5,113.0,116.3,25269.0
SINGERBD,2024-11-04,116.6,122.0,116.6,118.2,846.0
SINGERBD,2024-11-05,120.0,121.3,117.0,120.0,30204.0
SINGERBD,2024-11-06,120.0,121.0,118.6,118.9,11829.0
SINGERBD,2024-11-07,118.1,119.0,117.9,118.0,18119.0
SINGERBD,2024-11-10,125.0,125.0,117.2,118.5,884.0
SINGERBD,2024-11-11,115.8,120.0,115.8,116.2,8103.0
SINGERBD,2024-11-12,117.8,118.0,114.4,117.0,12313.0
SINGERBD,2024-11-13,117.1,117.1,114.0,114.7,4128.0
SINGERBD,2024-11-14,115.5,120.5,115.4,116.2,9023.0
SINGERBD,2024-11-17,117.1,120.8,117.1,118.3,6065.0
SINGERBD,2024-11-18,120.0,120.0,118.5,119.2,9559.0
SINGERBD,2024-11-19,117.2,120.0,117.2,119.7,32478.0
SINGERBD,2024-11-20,119.7,123.0,117.9,121.7,16085.0
SINGERBD,2024-11-21,119.0,122.0,117.7,119.5,18673.0
SINGERBD,2024-11-24,117.6,120.9,116.8,120.7,7657.0
SINGERBD,2024-11-25,120.6,120.6,118.2,118.8,7650.0
SINGERBD,2024-11-26,118.8,120.0,117.6,117.8,21376.0
SINGERBD,2024-11-27,118.0,120.2,117.0,119.6,8545.0
SINGERBD,2024-11-28,119.8,120.6,118.8,119.0,87718.0
SINGERBD,2024-12-01,118.5,124.5,117.0,122.5,8819.0
SINGERBD,2024-12-02,120.0,120.1,118.5,118.8,78735.0
SINGERBD,2024-12-03,119.9,119.9,118.0,118.1,8290.0
SINGERBD,2024-12-04,118.1,120.8,117.6,120.6,27322.0
SINGERBD,2024-12-05,118.3,120.0,118.3,118.7,7306.0
SINGERBD,2024-12-08,118.4,119.0,117.0,117.4,4155.0
SINGERBD,2024-12-09,116.6,119.7,116.0,117.6,1841.0
SINGERBD,2024-12-10,116.1,119.0,116.1,117.5,1570.0
SINGERBD,2024-12-11,117.1,117.5,114.9,115.5,10241.0
SINGERBD,2024-12-12,115.0,116.0,114.1,114.5,7455.0
SINGERBD,2024-12-15,114.6,116.0,110.0,113.6,12221.0
SINGERBD,2024-12-17,114.0,116.0,112.0,113.4,19460.0
SINGERBD,2024-12-18,114.9,115.0,113.0,113.3,11387.0
SINGERBD,2024-12-19,114.9,114.9,113.0,113.1,14490.0
SINGERBD,2024-12-22,113.5,113.5,112.0,112.7,20253.0
SINGERBD,2024-12-23,113.0,115.0,112.0,112.7,10587.0
SINGERBD,2024-12-24,113.0,114.0,110.0,110.9,32432.0
SINGERBD,2024-12-26,111.5,113.0,111.5,112.2,6545.0
SINGERBD,2024-12-29,112.4,113.8,112.2,113.6,5526.0
SINGERBD,2024-12-30,113.0,114.0,112.8,113.2,8189.0
SINGERBD,2025-01-01,114.5,114.8,112.6,112.9,10733.0
SINGERBD,2025-01-02,114.2,114.2,110.1,112.7,16948.0
SINGERBD,2025-01-05,112.8,114.0,111.7,112.9,6667.0
SINGERBD,2025-01-06,112.1,114.4,111.9,113.2,26221.0
SINGERBD,2025-01-07,114.2,114.2,112.8,113.4,9017.0
SINGERBD,2025-01-08,113.4,113.4,108.2,109.7,22344.0
SINGERBD,2025-01-09,111.0,112.5,110.3,110.9,5619.0
SINGERBD,2025-01-12,110.9,111.5,108.8,110.2,17068.0
SINGERBD,2025-01-13,110.1,111.0,108.5,110.1,11310.0
SINGERBD,2025-01-14,110.0,111.5,109.0,109.9,66010.0
SINGERBD,2025-01-15,110.0,110.0,109.2,109.4,6452.0
SINGERBD,2025-01-16,111.5,111.5,108.2,108.7,4769.0
SINGERBD,2025-01-19,109.1,110.0,108.5,108.6,18169.0
SINGERBD,2025-01-20,109.0,110.6,109.0,109.9,8977.0
SINGERBD,2025-01-21,110.0,112.4,110.0,111.3,17307.0
SINGERBD,2025-01-22,111.1,111.1,106.0,106.7,40096.0
SINGERBD,2025-01-23,111.0,111.0,107.4,107.7,12810.0
SINGERBD,2025-01-26,107.7,109.0,107.6,107.8,5785.0
SINGERBD,2025-01-27,107.0,109.0,106.5,106.9,10821.0
SINGERBD,2025-01-28,102.0,104.9,96.8,101.4,30821.0
SINGERBD,2025-01-29,106.0,106.0,101.3,102.0,11856.0
SINGERBD,2025-01-30,102.0,102.0,99.4,100.2,19167.0
SINGERBD,2025-02-02,100.8,102.0,98.1,100.2,17379.0
SINGERBD,2025-02-03,101.5,103.0,100.2,101.7,21250.0
SINGERBD,2025-02-04,102.0,102.4,101.0,102.1,30427.0
SINGERBD,2025-02-05,101.1,102.2,100.9,101.3,17132.0
SINGERBD,2025-02-06,103.0,103.0,100.9,101.5,11593.0
SINGERBD,2025-02-09,101.5,101.5,100.0,101.0,14077.0
SINGERBD,2025-02-10,102.0,102.0,101.0,101.4,12798.0
SINGERBD,2025-02-11,101.4,102.4,99.8,100.3,60745.0
SINGERBD,2025-02-12,100.0,101.1,99.9,100.6,28460.0
SINGERBD,2025-02-13,101.7,101.7,99.8,100.0,76951.0
SINGERBD,2025-02-16,100.2,103.0,100.1,102.2,17458.0
SINGERBD,2025-02-17,100.0,102.8,100.0,101.7,12622.0
SINGERBD,2025-02-19,102.2,102.2,99.9,100.0,59698.0
SINGERBD,2025-02-20,99.8,100.5,99.8,100.0,25177.0
SINGERBD,2025-02-23,100.0,109.0,100.0,105.8,55018.0
SINGERBD,2025-02-24,105.5,108.5,102.2,104.3,56851.0
SINGERBD,2025-02-25,104.9,109.0,104.4,107.0,35730.0
SINGERBD,2025-02-26,107.0,109.0,105.9,107.7,31512.0
SINGERBD,2025-02-27,106.0,111.4,104.1,110.1,27605.0
SINGERBD,2025-03-02,111.0,113.9,108.5,112.7,38648.0
SINGERBD,2025-03-03,112.0,112.5,109.7,109.9,43117.0
SINGERBD,2025-03-04,108.6,108.6,105.8,107.0,39734.0
SINGERBD,2025-03-05,111.0,111.0,105.9,106.1,25666.0
SINGERBD,2025-03-06,106.2,106.7,104.6,105.6,11772.0
SINGERBD,2025-03-09,105.2,106.4,105.1,106.0,7490.0
SINGERBD,2025-03-10,106.0,107.0,106.0,106.2,28973.0
SINGERBD,2025-03-11,106.9,109.9,106.6,108.7,12951.0
SINGERBD,2025-03-12,108.5,109.9,107.1,107.9,12785.0
SINGERBD,2025-03-13,108.0,110.0,107.0,109.4,13128.0
SINGERBD,2025-03-16,109.5,110.3,109.3,109.4,28634.0
SINGERBD,2025-03-17,107.9,109.0,107.1,108.5,9364.0
SINGERBD,2025-03-18,107.7,110.4,107.1,109.8,17730.0
SINGERBD,2025-03-19,107.7,110.4,107.7,108.6,15232.0
SINGERBD,2025-03-20,109.0,109.0,108.2,108.5,26845.0
SINGERBD,2025-03-23,108.0,110.3,107.5,109.2,37785.0
SINGERBD,2025-03-24,110.0,110.0,108.8,109.3,40035.0
SINGERBD,2025-03-25,108.9,112.2,108.9,111.7,39748.0
SINGERBD,2025-03-27,113.1,113.1,110.5,111.4,12330.0
SINGERBD,2025-04-06,111.0,111.4,109.6,110.4,12817.0
SINGERBD,2025-04-07,110.0,114.0,110.0,112.2,19654.0
SINGERBD,2025-04-08,112.2,112.5,111.3,111.8,33027.0
