Trading_Code,Date,Open,High,Low,Close,Volume
DHAKAINS,2022-06-30,56.7,56.7,55.1,55.5,41767.0
PRIMETEX,2015-03-08,19.1,20.1,19.0,19.7,831926.0
SHURWID,2020-02-07,21.7,21.7,21.7,21.7,2301.0
CMCKAMAL,2017-08-17,25.2,25.2,24.7,24.7,626850.0
GBBPOWER,2015-04-29,16.9,17.3,16.7,17.0,134430.0
LAFSURCEML,2016-01-20,76.1,77.0,74.4,74.7,975167.0
DHAKAINS,2012-11-15,52.3,53.9,52.0,53.3,65000.0
POWERGRID,2015-08-25,38.6,39.3,38.6,39.0,18203.0
TITASGAS,2025-01-26,20.3,20.3,19.9,20.0,52550.0
DAFODILCOM,2020-12-30,70.8,74.8,70.6,73.8,947508.0
AGRANINS,2022-05-17,46.1,46.3,44.6,45.1,292839.0
UTTARAFIN,2021-12-30,40.6,41.1,40.6,40.9,20444.0
ICBAMCL1ST,2010-01-12,690.25,709.75,690.0,695.25,4750.0
ALIF,2019-03-02,11.4,11.5,11.0,11.1,2058032.0
RAHIMTEXT,2024-04-28,107.6,111.8,107.5,109.7,1141.0
ARAMIT,2014-10-02,343.0,361.0,343.0,343.6,24500.0
RAHIMTEXT,2025-01-05,115.3,116.1,114.0,114.7,5675.0
BEXIMCO,2005-03-05,61.9,64.1,60.6,62.6,24300.0
PREMIERBAN,2022-09-06,13.5,13.5,13.3,13.4,1088957.0
DULAMIACOT,2025-02-20,77.0,77.6,74.0,74.0,3529.0
BRACBANK,2009-04-26,511.0,528.5,499.0,501.25,66200.0
SHAHJABANK,2012-05-13,33.8,33.8,32.5,32.6,1010650.0
NPOLYMAR,2010-03-18,1018.5,1018.5,1004.0,1006.5,1470.0
SOUTHEASTB,2016-04-09,15.9,16.2,15.9,16.1,111081.0
MERCINS,2011-03-21,1162.0,1165.0,1092.0,1092.0,13600.0
PROGRESLIF,2019-09-15,94.0,94.0,90.5,91.3,6239.0
MIRACLEIND,2008-03-16,26.0,31.2,26.0,30.8,1018500.0
SSSTEEL,2019-05-28,26.7,27.8,26.7,27.6,336296.0
NBL,2011-05-01,176.9,182.8,172.9,180.5,3712500.0
BANGAS,2015-05-01,294.9,294.9,283.1,290.3,22463.0
YPL,2018-10-15,13.0,13.1,12.8,12.8,97831.0
INTECH,2022-12-29,29.2,29.2,29.2,29.2,1699.0
BXPHARMA,2009-06-09,168.8,169.0,163.5,163.8,745250.0
SHASHADNIM,2023-06-11,27.0,27.0,27.0,27.0,15004.0
FAREASTFIN,2015-09-14,11.4,11.5,11.3,11.4,330751.0
IPDC,2016-09-28,39.4,40.8,38.9,40.2,1008453.0
IBNSINA,2011-09-10,1324.75,1324.75,1285.0,1295.25,920.0
REPUBLIC,2020-06-15,19.1,19.2,18.8,19.0,13922.0
NLI1STMF,2012-03-25,9.3,9.4,9.3,9.3,2500.0
HAKKANIPUL,2016-04-09,52.3,52.3,49.9,50.1,147991.0
BDTHAIFOOD,2022-09-25,51.9,52.0,47.0,47.8,1748180.0
EBLNRBMF,2022-06-01,6.3,6.4,6.3,6.3,343049.0
MTBL,2013-10-23,14.8,15.7,14.6,15.4,72500.0
BATASHOE,2011-11-15,577.0,600.0,575.1,578.3,8100.0
MEGHNALIFE,2015-04-29,62.0,62.4,60.5,61.6,4662.0
IFIC,2017-12-28,18.0,18.1,17.9,18.0,1354145.0
MTBL,2010-03-11,645.0,649.0,614.0,635.0,230500.0
MEGHNACEM,2000-07-29,424.0,424.5,415.0,419.5,15300.0
IBP,2019-06-10,19.8,20.0,19.3,19.4,342550.0
CONFIDCEM,2023-07-02,89.0,89.0,89.0,89.0,4318.0
ICB1STNRB,2011-05-19,393.5,393.5,391.25,393.0,350.0
EASTLAND ,2018-07-22,18.8,19.7,18.4,18.6,24132.0
ECABLES,2005-05-26,182.0,183.0,180.25,181.25,720.0
NURANI,2022-11-02,7.0,7.0,7.0,7.0,701.0
HRTEX,2014-12-29,28.3,28.6,28.1,28.2,17539.0
NFML,2024-05-15,13.5,13.7,13.2,13.6,124591.0
BSC,2016-12-28,444.0,465.8,444.0,462.3,135516.0
PLFSL,2006-12-15,255.0,255.0,253.5,254.0,800.0
VAMLRBBF,2023-09-24,0.0,0.0,0.0,7.4,0.0
CITYBANK,2023-07-02,21.4,21.4,21.4,21.4,9094.0
ARAMITCEM ,2016-09-26,34.1,35.0,34.1,34.7,79486.0
BPML,2022-04-07,55.5,55.5,54.4,54.5,246684.0
LANKABAFIN,2021-03-23,31.9,32.2,30.2,30.5,9158861.0
ZEALBANGLA,2009-03-12,24.0,24.5,24.0,24.1,21300.0
RENWICKJA,2012-10-16,92.9,92.9,88.5,90.8,1700.0
WATACHEM,2018-05-15,316.2,316.2,311.0,312.9,22836.0
RENWICKJA,2009-07-06,519.75,524.0,510.0,510.25,710.0
TALLUSPIN,2021-08-04,3.9,4.0,3.8,3.9,30505.0
APEXSPINN,2001-02-06,151.0,151.0,150.25,150.5,380.0
GP,2022-12-26,286.6,286.6,286.6,286.6,736.0
ACIFORMULA,2023-03-20,155.0,155.0,155.0,155.0,122.0
AIL,2020-04-08,30.2,30.6,29.0,29.8,556172.0
PIONEERINS,2021-09-09,140.4,143.0,137.1,138.6,510016.0
RENWICKJA,2012-09-25,79.7,87.5,79.7,86.8,19000.0
NATLIFEINS,2014-04-17,322.5,330.5,319.9,324.1,15900.0
IBNSINA,2015-07-04,101.5,103.4,100.0,102.4,22554.0
MJLBD,2015-01-26,115.4,118.0,115.0,115.2,122307.0
TALLUSPIN,2018-03-07,6.9,7.0,6.6,6.9,60207.0
PHARMAID,2016-03-24,228.6,228.6,224.4,227.0,7513.0
INDEXAGRO,2025-03-24,67.8,67.8,66.1,66.1,97557.0
NHFIL,2017-05-07,51.0,55.8,51.0,55.8,2456996.0
POWERGRID,2013-03-19,53.4,54.9,53.4,53.8,5500.0
BXPHARMA,2010-12-08,152.5,152.9,150.5,150.7,613600.0
MPETROLEUM,2010-04-07,258.0,258.0,250.2,252.0,60400.0
BXPHARMA,2017-11-09,107.0,111.8,107.0,109.7,898886.0
IBNSINA,2013-07-01,84.5,88.0,84.5,87.1,2600.0
SEMLIBBLSF,2020-01-27,6.7,6.8,6.5,6.6,120959.0
SAIHAMCOT,2016-06-13,13.0,13.3,13.0,13.1,295454.0
DGIC,2022-10-23,38.4,39.7,37.8,38.4,129649.0
ZEALBANGLA,2021-09-02,146.8,146.9,134.0,144.8,1518.0
ASHRAFTEX,2008-10-19,8.6,8.8,8.5,8.7,13000.0
ACIFORMULA,2022-03-02,173.7,173.8,168.6,170.6,70600.0
PLFSL,2005-09-19,446.0,460.0,446.0,457.75,6550.0
SOUTHEASTB,2008-08-20,400.0,401.75,390.0,390.5,13600.0
YPL,2018-01-30,21.1,21.1,20.3,20.3,79718.0
STANDBANKL,2012-06-09,19.1,19.1,18.4,18.7,481500.0
FAREASTFIN,2017-02-16,14.0,14.1,13.8,14.0,271846.0
PRAGATIINS,2020-07-01,36.2,37.2,36.2,37.1,1151.0
ICB1STNRB,2014-02-09,24.9,24.9,23.9,24.0,4000.0
DAFODILCOM,2022-08-30,66.3,66.4,66.0,66.2,8730.0
NCCBANK,2012-03-12,18.2,18.4,17.9,17.9,266000.0
ISNLTD,2014-04-02,21.3,21.8,21.1,21.2,73000.0
ASIAINS,2021-12-23,110.2,118.4,108.7,115.9,2488702.0
SANDHANINS,2013-09-25,72.5,74.0,70.8,71.2,25550.0
JANATAINS,2023-04-30,27.6,27.6,26.9,27.0,19241.0
ALIF,2018-05-31,12.3,12.3,12.0,12.0,2576596.0
IDLC,2010-04-07,3648.0,3820.0,3620.0,3801.25,65760.0
SHURWID,2020-09-02,29.4,30.3,29.4,29.6,1686515.0
EHL,2019-08-21,53.1,53.4,52.4,52.9,402382.0
GRAMEENS2,2025-03-27,13.2,13.4,13.0,13.3,211499.0
IFADAUTOS,2016-02-03,94.2,97.1,93.7,94.9,1983785.0
RECKITTBEN,2011-12-01,1201.1,1220.0,1150.0,1158.4,1700.0
UTTARABANK,2021-01-26,25.0,25.0,24.6,24.7,582435.0
GQBALLPEN,2009-05-18,131.5,138.0,131.2,132.2,42300.0
SAVAREFR,2022-08-05,237.1,237.1,230.0,231.9,4039.0
EASTLAND,2014-03-16,47.8,48.0,47.1,47.2,72600.0
FUWANGFOOD,2002-04-06,8.8,8.9,8.8,8.8,25500.0
ACI,2015-05-08,590.0,595.0,578.6,580.6,336545.0
ISLAMIBANK,2017-12-01,31.9,32.3,31.1,31.4,3887353.0
DESHBANDHU,2024-06-13,26.0,26.2,25.0,25.4,392576.0
ISLAMICFIN,2010-03-29,826.25,835.0,821.0,823.0,21500.0
PRIMETEX,2011-07-27,618.0,629.0,611.0,614.25,40200.0
PLFSL,2008-11-17,327.0,330.25,321.75,328.25,5650.0
RENATA,2005-04-21,3500.0,3500.0,3500.0,3500.0,25.0
FINEFOODS,2019-08-09,42.1,42.8,42.1,42.3,176023.0
IFADAUTOS,2021-07-04,43.5,43.5,42.5,43.2,105851.0
CNATEX,2016-09-25,8.4,8.9,8.4,8.7,4420467.0
GRAMEENS2,2017-06-09,15.8,16.7,15.7,16.4,1346512.0
TITASGAS,2011-06-26,759.0,759.0,749.0,753.0,97350.0
KARNAPHULI,2010-09-27,1030.0,1100.0,1030.0,1098.5,281420.0
IDLC,2022-09-13,53.3,53.9,52.6,52.9,983414.0
GBBPOWER,2018-11-28,8.7,8.7,8.6,8.6,150898.0
ICBISLAMIC,2010-01-02,424.0,424.0,412.0,412.5,10050.0
BDTHAIFOOD,2022-10-16,42.5,43.1,41.6,41.9,256272.0
AFTABAUTO,2019-10-24,26.6,27.7,26.0,27.4,33629.0
REPUBLIC,2012-04-01,56.0,56.5,53.9,54.3,128000.0
ANWARGALV,2018-11-12,74.5,77.0,74.1,74.5,392366.0
SUMITPOWER,2014-04-13,38.5,38.5,37.8,37.9,492300.0
MATINSPINN,2023-09-14,0.0,0.0,0.0,77.6,0.0
BANKASIA,2025-02-26,17.3,17.3,17.1,17.2,20978.0
RUPALIINS,2022-10-24,27.5,27.5,27.5,27.5,99.0
BBS,2022-12-08,21.6,21.6,21.6,21.6,2016.0
RELIANCE1,2024-11-27,20.6,21.0,20.5,20.7,1166268.0
MIRACLEIND,2015-12-22,22.4,22.6,21.6,21.7,774383.0
MODERNIND,2008-01-29,22.0,22.0,22.0,22.0,20.0
ALIF,2019-04-09,8.6,8.7,8.5,8.6,749360.0
ICBEPMF1S1,2015-04-13,3.9,4.0,3.8,3.9,23442.0
OLYMPIC,2010-04-29,1710.0,1754.0,1710.0,1737.25,31400.0
ORIONPHARM,2024-06-23,71.5,73.0,70.7,71.2,2747308.0
EMERALDOIL,2021-07-25,34.4,34.8,32.1,33.0,261788.0
BOC,2001-08-30,93.0,93.5,93.0,93.2,100.0
APEXSPINN,2014-12-03,98.9,105.0,98.0,104.3,169600.0
MEGCONMILK,2015-02-06,7.0,7.0,6.9,6.9,7090.0
BSC,2019-12-30,42.7,42.8,42.0,42.3,126731.0
YPL,2018-03-18,19.3,19.6,19.0,19.3,73329.0
BEDL,2013-03-20,30.0,30.1,29.6,29.6,137200.0
BDLAMPS,2025-01-12,103.9,103.9,99.0,99.7,14809.0
GQBALLPEN,2020-04-11,233.0,233.0,213.2,214.9,113692.0
GHCL,2024-10-27,17.3,17.4,15.5,15.6,335845.0
FUWANGCER,2011-06-29,388.0,398.0,386.0,388.5,138700.0
PRIMETEX,2009-12-02,127.5,129.5,126.0,128.0,8600.0
NORTHRNINS,2010-12-04,519.0,522.0,514.5,519.25,10750.0
DUTCHBANGL,2016-04-24,100.6,106.5,100.5,103.9,26588.0
BERGERPBL,2018-05-12,1340.5,1345.0,1316.2,1333.4,16259.0
HWAWELLTEX,2018-07-19,37.0,38.9,37.0,37.7,19600.0
TITASGAS,2016-12-01,48.7,49.9,48.2,49.3,778008.0
AAMRATECH,2014-08-18,32.7,34.5,32.7,33.3,1592500.0
RENWICKJA,2021-08-06,847.2,847.2,847.2,847.2,817.0
PURABIGEN,2009-03-03,390.0,398.0,370.0,375.5,3400.0
RAHIMTEXT,2017-12-04,294.0,310.0,288.0,309.6,85536.0
MAKSONSPIN,2013-03-12,18.2,19.5,18.2,19.3,3738500.0
BDFINANCE,2010-09-13,1240.0,1274.0,1180.0,1264.25,20050.0
CAPMBDBLMF,2017-08-10,8.6,8.6,8.5,8.5,3701.0
APSCLBOND,2024-10-16,0.0,0.0,0.0,4288.0,0.0
KARNAPHULI,2017-04-09,18.3,18.3,17.8,18.1,35418.0
ULC,2008-06-25,943.75,978.0,927.0,952.0,25800.0
POPULARLIF,2012-01-18,230.2,234.0,230.2,232.1,1000.0
AGRANINS,2009-10-05,242.0,250.0,242.0,247.5,14650.0
MPETROLEUM,2024-08-18,220.0,224.0,203.0,210.2,111385.0
FUWANGFOOD,2011-12-14,49.5,51.5,46.5,47.1,1619700.0
BARKAPOWER,2017-03-07,45.9,45.9,45.1,45.5,2552419.0
AMBEEPHA,2019-10-12,480.0,480.5,466.9,478.0,4027.0
GULFOODS,2008-11-03,45.0,46.0,43.0,44.5,3050.0
PRIMEINSUR,2009-03-16,338.0,338.0,306.0,310.75,11450.0
TITASGAS,2019-04-24,38.0,38.0,37.6,37.9,56467.0
DELTALIFE,2010-08-24,25550.0,25600.0,25100.0,25514.75,140.0
HFL,2016-10-16,20.7,20.9,20.2,20.7,1700818.0
APEXTANRY,2010-10-19,1775.25,1798.0,1755.0,1762.75,18770.0
EBLNRBMF,2016-04-26,4.4,4.5,4.3,4.4,11000.0
BGIC,1999-07-04,270.0,270.0,270.0,270.0,10.0
LANKABAFIN,2015-03-23,32.0,32.0,31.1,31.4,174736.0
ICBAMCL2ND,2024-03-19,7.6,7.7,7.5,7.7,15131.0
LIBRAINFU,2019-01-31,840.0,899.3,829.0,899.3,26165.0
GHCL,2015-05-31,47.0,47.2,44.5,45.0,149492.0
MITHUNKNIT,2015-03-15,83.0,83.7,82.3,82.8,203828.0
LEGACYFOOT,2015-04-23,19.1,19.3,18.0,18.3,31407.0
AOL,2022-02-06,37.5,39.9,37.5,39.4,866150.0
ARAMIT,2010-01-02,590.0,601.0,590.0,597.4,63300.0
BAYLEASING,2023-03-02,23.9,23.9,23.9,23.9,50000.0
ARGONDENIM,2021-02-03,19.2,19.2,19.2,19.2,19500.0
SINOBANGLA,2022-10-31,81.1,90.3,79.3,84.6,2779405.0
FAMILYTEX,2016-08-03,10.3,10.5,10.3,10.3,245606.0
AZIZPIPES,2002-07-20,162.5,162.5,159.25,159.75,7590.0
SHASHADNIM,2019-04-28,40.2,40.2,38.6,38.8,164611.0
KEYACOSMET,2011-03-15,100.0,101.5,94.5,96.3,1154500.0
MJLBD,2017-05-31,118.3,118.9,117.4,118.5,1450817.0
TRUSTBANK,2019-02-19,35.4,36.0,34.8,35.2,69754.0
NAHEEACP,2023-01-26,65.3,65.3,65.3,65.3,3061.0
GSPFINANCE,2019-01-17,24.7,26.7,24.4,25.9,3941403.0
BAYLEASING,2013-12-03,33.1,34.6,33.0,34.2,66500.0
IBP,2022-10-18,23.6,24.5,22.6,23.0,4664912.0
ACTIVEFINE,2024-01-04,19.3,19.3,19.3,19.3,6.0
SQUARETEXT,2002-12-15,26.7,26.8,26.6,26.6,28450.0
PIONEERINS,2022-01-26,109.8,110.9,109.0,109.3,63258.0
OCL,2011-05-31,76.1,78.0,75.0,75.5,39900.0
MEGHNALIFE,2007-08-28,855.13,870.0,830.0,852.5,11250.0
SEAPEARL,2024-10-23,39.0,39.2,36.3,36.6,816272.0
SUMITPOWER,2022-08-25,34.0,34.2,34.0,34.1,205556.0
SAMATALETH,2024-11-10,41.7,43.7,41.7,42.2,1487.0
PROVATIINS,2020-03-02,29.9,30.5,28.8,29.2,905294.0
ETL,2022-10-19,9.4,9.4,9.4,9.4,314.0
DESCO,2008-12-10,1040.0,1058.0,991.0,998.25,73100.0
EASTRNLUB,2021-05-25,1180.0,1209.0,1160.0,1167.5,4635.0
MIRACLEIND,2012-10-12,13.1,13.1,12.6,12.6,38500.0
BSRMLTD,2022-12-15,90.0,90.0,90.0,90.0,22.0
SAIFPOWER,2019-12-26,13.4,13.6,13.3,13.4,143796.0
DESCO,2016-03-11,51.8,53.7,51.6,52.3,346381.0
ACIFORMULA,2012-01-08,66.1,66.1,63.2,64.3,68400.0
ACFL,2019-02-20,41.8,42.1,41.4,41.5,236649.0
EPGL,2023-12-28,34.5,34.5,34.5,34.5,1948.0
PUBALIBANK,2002-04-05,307.5,308.5,305.5,306.25,980.0
BSC,2022-10-17,139.8,144.7,137.1,139.6,2019891.0
KOHINOOR,2018-04-26,389.5,389.5,385.0,385.5,2009.0
NCCBANK,2004-04-15,186.0,186.0,185.0,185.0,3750.0
BDAUTOCA,2010-03-16,412.0,420.0,412.0,416.0,350.0
APEXSPINN,2015-11-30,74.3,74.4,72.8,73.0,21875.0
BDWELDING,2005-08-24,5.0,5.1,5.0,5.0,10500.0
EBL,2013-07-10,26.4,26.4,26.1,26.1,79800.0
GOLDENSON,2020-01-16,6.4,6.5,6.2,6.3,44998.0
RELIANCINS,2013-08-09,90.0,90.0,76.2,76.4,146500.0
GREENDELMF,2020-12-15,7.2,7.6,7.2,7.3,4310517.0
VFSTDL,2024-10-15,9.5,9.7,9.3,9.4,41988.0
NTC,2001-06-27,701.0,718.75,701.0,718.5,5010.0
ZEALBANGLA,2024-06-12,89.0,94.9,89.0,93.9,6.0
BOC,2005-12-29,111.0,111.0,107.3,109.3,3100.0
ORIONPHARM,2017-06-21,51.4,51.4,50.9,51.1,343849.0
RELIANCE1,2016-03-21,7.0,7.0,6.9,7.0,129250.0
MAKSONSPIN,2010-03-21,100.1,104.0,100.1,103.8,667000.0
MBL1STMF,2012-09-19,7.5,8.0,7.2,7.5,23500.0
KEYACOSMET,2022-11-22,6.4,6.4,6.4,6.4,136116.0
SKTRIMS,2022-08-28,27.8,27.8,27.0,27.1,654123.0
ATCSLGF,2023-10-15,0.0,0.0,0.0,9.7,0.0
IFIC1STMF,2022-04-01,5.7,5.8,5.7,5.7,352409.0
ANLIMAYARN,2009-11-11,151.5,165.0,151.5,153.75,7800.0
MONNOAGML,2023-05-11,1001.2,1028.0,980.1,984.2,65069.0
ATLASBANG,2002-04-09,198.9,200.0,193.5,195.1,2000.0
MERCANBANK,2010-06-13,405.0,415.0,405.0,408.25,469100.0
MEGHNACEM,2019-07-08,84.6,84.7,84.6,84.7,1350.0
RUPALIBANK,2023-08-02,34.5,34.9,32.8,33.1,1470076.0
YPL,2017-10-30,21.0,21.0,20.0,20.2,392455.0
BENGALWTL,2018-04-03,35.4,35.4,34.6,34.9,47053.0
SPCERAMICS,2016-01-12,8.5,8.5,8.3,8.4,61060.0
SUMITPOWER,2011-04-07,82.5,83.1,80.9,81.8,605800.0
UNITEDINS,2009-07-19,1090.0,1090.0,1050.0,1066.75,2570.0
SANDHANINS,2009-05-03,1915.0,2000.0,1915.0,1995.25,1350.0
TOSRIFA,2023-02-23,18.1,18.1,18.1,18.1,24626.0
BATASHOE,2000-11-28,112.0,112.0,111.5,111.7,200.0
BXPHARMA,2011-05-23,78.6,79.8,73.7,74.7,155400.0
SHYAMPSUG,2024-08-20,129.6,134.6,129.6,131.7,8263.0
SAIHAMTEX,2011-05-18,65.7,67.8,64.2,64.6,100800.0
ABBANK,1999-11-09,93.75,93.75,92.0,92.75,90.0
BDLAMPS,2024-10-01,124.2,125.2,120.7,122.5,9666.0
FARCHEM,2021-05-07,12.6,13.0,12.6,13.0,4759217.0
HEIDELBCEM,2014-04-06,533.0,539.0,524.8,530.1,200050.0
MBL1STMF,2014-07-01,6.4,6.8,6.4,6.5,321000.0
UCB,2017-01-25,25.8,25.8,24.5,24.7,5770846.0
APEXFOODS,2007-04-03,555.0,560.0,536.0,538.5,2585.0
LEXCO,2007-11-21,112.0,112.0,112.0,112.0,240.0
ALARABANK,2012-02-27,33.5,33.9,32.5,33.2,1077750.0
SALVOCHEM,2013-10-23,20.2,20.9,19.4,19.5,300000.0
JANATAINS,2016-05-09,11.3,11.4,11.0,11.1,35611.0
WATACHEM,2019-01-08,484.9,484.9,471.9,474.5,47743.0
TOSRIFA,2022-05-05,20.2,20.6,20.1,20.2,99993.0
BEACHHATCH,2012-08-10,31.8,32.3,29.0,30.4,292000.0
IBNSINA,2018-10-12,245.3,256.8,245.3,253.6,304428.0
NATLIFEINS,2013-12-19,302.5,302.5,287.4,295.9,21500.0
SINGERBD,2013-10-21,183.0,189.3,180.5,186.1,39950.0
MARICO,2018-05-23,1179.7,1180.0,1179.7,1179.9,152.0
BEXIMCO,2010-10-11,317.0,321.9,315.5,316.6,2248100.0
GLAXOSMITH,2014-09-06,1677.0,1691.2,1650.5,1666.1,2100.0
WATACHEM,2016-04-09,173.5,173.5,163.0,165.4,27934.0
SAMORITA,2023-02-20,66.5,66.7,66.4,66.4,24973.0
SEMLFBSLGF,2023-11-06,0.0,0.0,0.0,8.4,0.0
BDCOM,2021-10-17,29.0,29.4,27.2,27.6,2191900.0
NCCBLMF1,2018-01-24,8.8,8.8,8.7,8.8,69710.0
BBSCABLES,2021-02-18,54.6,54.6,54.6,54.6,1260.0
EXCELSHOE,2005-12-29,5.25,5.5,5.25,5.25,1600.0
ORIONINFU,2021-04-01,76.4,76.8,73.9,74.7,548625.0
SPCERAMICS,2014-04-28,16.5,16.5,15.8,15.8,148300.0
SPCL,2019-11-28,77.0,77.3,75.6,76.5,306143.0
PRAGATILIF,2018-08-02,109.8,109.8,106.6,107.7,3171.0
GHAIL,2023-04-26,17.5,17.5,17.5,17.5,104.0
BNICL,2024-08-20,44.2,45.0,43.0,43.2,25245.0
PURABIGEN,2013-01-27,74.2,74.6,72.8,74.6,157000.0
PADMALIFE,2013-03-06,73.0,73.2,71.1,71.6,90500.0
NORTHERN,2019-03-24,1301.0,1374.9,1290.0,1307.0,8136.0
GSPFINANCE,2013-12-06,27.8,28.2,26.8,27.1,250000.0
DHAKABANK,2022-10-04,13.6,13.7,13.5,13.6,367173.0
EBL,2019-12-23,33.0,33.2,32.0,32.7,4114.0
WONDERTOYS,2007-04-17,19.25,19.5,19.25,19.25,1150.0
SAVAREFR,2017-11-27,164.7,164.7,157.6,160.1,2885.0
GLOBALINS,2022-11-10,33.8,33.8,32.7,32.8,339711.0
ACI,2008-09-15,529.0,539.0,523.4,533.3,342750.0
RENWICKJA,2015-08-18,265.0,283.4,262.1,278.1,5055.0
BDLAMPS,2000-03-14,508.5,518.0,497.0,507.0,1250.0
FASFIN,2022-04-13,5.5,5.6,5.4,5.5,187837.0
GPHISPAT,2021-03-22,28.1,29.0,28.0,28.8,139802.0
GEMINISEA,2013-03-25,107.0,110.0,102.3,105.5,1050.0
POPULARLIF,2021-04-11,88.1,88.1,84.9,85.7,61681.0
PADMALIFE,2018-08-11,23.7,23.7,23.4,23.5,23030.0
SUNLIFEINS,2022-09-08,70.3,72.2,67.8,69.9,501315.0
PRIMETEX,2024-11-03,12.3,12.3,11.8,11.9,78689.0
BDAUTOCA,2000-06-01,80.0,85.0,75.25,80.25,52930.0
EMERALDOIL,2024-01-04,69.5,74.5,68.5,73.3,1222319.0
KAY&QUE,2016-03-05,16.6,18.4,16.6,18.2,5450.0
GRAMEEN1,2013-10-03,42.9,43.3,41.1,41.6,132500.0
SHURWID,2015-09-04,18.5,19.2,18.0,18.2,209724.0
ABBANK,2014-08-04,25.8,25.8,24.8,25.0,846450.0
PREMIERLEA,2013-11-09,10.1,10.2,10.1,10.1,171000.0
PRAGATILIF,2012-06-06,186.0,186.0,176.7,181.0,7580.0
ABB1STMF,2023-12-27,5.2,5.2,5.2,5.2,16103.0
UNIQUEHRL,2016-03-29,45.5,46.0,45.2,45.6,161636.0
PUBALIBANK,2020-07-26,20.8,21.3,20.8,21.0,30350.0
SANDHANINS,2024-02-19,32.6,32.6,31.1,31.2,446547.0
ONEBANKLTD,2022-09-08,11.0,11.1,10.9,10.9,1978372.0
PREMIERCEM,2022-10-30,44.5,44.5,44.5,44.5,3351.0
NTLTUBES,2019-03-01,107.5,110.0,107.0,108.4,360664.0
GLAXOSMITH,2016-04-02,1820.0,1846.9,1801.5,1814.1,285.0
EBLNRBMF,2018-09-23,5.1,5.1,4.9,4.9,41831.0
IFIC,2002-03-16,218.0,218.75,215.0,216.25,2705.0
STANDBANKL,2015-04-27,9.4,9.5,9.2,9.3,168847.0
PADMAOIL,2016-02-05,191.0,191.0,184.5,186.2,80525.0
POWERGRID,2014-07-12,40.9,43.7,40.7,40.8,73000.0
BDWELDING,2022-11-03,27.3,27.6,25.9,26.4,371404.0
ANWARGALV,2014-02-27,27.7,29.0,27.7,28.1,100500.0
SUMITPOWER,2017-08-17,40.6,41.3,40.6,41.1,846562.0
DHAKAFISH,2008-05-02,65.0,66.75,65.0,65.5,800.0
BATASHOE,2008-02-17,222.1,225.9,222.1,223.8,8200.0
NTC,2010-12-08,3750.0,3800.0,3750.0,3758.25,120.0
GLAXOSMITH,2009-07-22,356.0,357.9,348.2,352.0,10050.0
HAKKANIPUL,2009-03-31,31.1,31.1,31.1,31.1,500.0
CMCKAMAL,2010-04-05,265.0,265.0,265.0,265.0,50.0
BATBC,2007-09-16,120.1,120.1,115.2,116.0,9650.0
SONARBAINS,2021-10-18,75.3,77.6,75.3,76.3,133825.0
MIRAKHTER,2024-03-10,44.2,47.0,44.2,45.4,34940.0
PAPERPROC,2022-08-02,175.2,190.0,175.2,185.6,373895.0
NPOLYMAR,2001-07-16,224.75,224.75,215.0,217.75,670.0
EBL1STMF,2011-03-05,12.7,12.9,12.7,12.7,150500.0
FLEASEINT,2014-09-07,18.6,19.3,18.6,19.1,264500.0
EMERALDOIL,2024-06-26,43.7,44.4,43.3,43.6,665339.0
DGIC,2021-06-29,45.0,45.8,44.1,44.5,120729.0
BNICL,2017-08-23,18.2,18.4,18.1,18.4,70245.0
PRIME1ICBA,2016-11-16,5.0,5.1,5.0,5.1,149800.0
ARAMIT,2012-07-03,205.0,205.0,195.0,198.7,1000.0
BDWELDING,2016-08-31,10.4,10.4,10.0,10.3,36172.0
EASTLAND ,2017-12-26,24.0,24.7,23.9,24.0,24028.0
SANDHANINS,2014-08-01,73.3,73.8,72.6,72.8,27050.0
MALEKSPIN,2023-08-10,27.1,27.1,27.1,27.1,1580.0
NITOLINS,2021-12-20,58.2,59.8,57.6,58.5,407375.0
ANLIMAYARN,2019-11-03,37.0,37.2,36.7,37.0,79400.0
ULC,2002-07-14,671.0,700.0,671.0,685.5,40.0
NORTHRNINS,2012-07-24,46.0,47.7,46.0,47.3,132500.0
DAFODILCOM,2018-07-29,45.0,45.0,43.0,43.3,381939.0
SAMORITA,2013-11-20,124.0,124.9,120.0,124.4,96000.0
IDLC,2005-08-05,800.0,810.0,800.0,800.75,860.0
RENATA,2002-10-09,665.75,666.0,660.0,663.25,85.0
AFTABAUTO,2021-05-09,37.1,39.1,37.1,37.9,1030428.0
LANKABAFIN,2008-06-25,200.0,216.8,198.0,211.9,1105500.0
PUBALIBANK,2015-05-03,24.4,25.0,24.4,24.8,387142.0
RELIANCINS,2020-06-09,48.9,49.9,47.1,47.3,22196.0
EXIMBANK,2023-02-05,10.4,10.4,10.4,10.4,135077.0
ISNLTD,2006-08-01,16.2,16.2,16.1,16.1,8500.0
BXSYNTH,2018-04-26,10.7,10.8,10.4,10.6,125421.0
UTTARABANK,2012-02-27,60.0,60.0,57.7,58.2,429225.0
EBL1STMF,2023-01-03,7.4,7.4,7.4,7.4,1600.0
ONEBANKLTD,2021-04-21,10.4,10.4,10.3,10.3,356387.0
PRIMEFIN,2005-12-21,430.0,430.75,425.5,427.75,2650.0
ARAMITCEM,2006-04-24,55.0,55.0,51.25,52.0,1300.0
EASTLAND,2024-05-23,21.3,22.0,21.3,21.7,10589.0
PROVATIINS,2011-11-17,386.0,421.0,386.0,420.0,14800.0
ACMELAB,2024-07-08,70.8,70.9,69.7,70.0,133565.0
SOUTHEASTB,2000-11-16,172.0,174.0,169.5,171.0,27500.0
ISLAMICFIN,2018-05-31,15.5,15.5,15.0,15.1,70675.0
GBBPOWER,2023-03-06,15.5,16.5,15.5,16.0,679524.0
BANKASIA,2014-03-07,17.7,18.0,17.6,17.7,33000.0
NBL,2012-04-19,37.3,37.8,36.9,36.9,2812600.0
UTTARABANK,2017-09-17,31.7,32.6,31.2,32.3,1771980.0
NTLTUBES,2001-12-27,575.0,575.0,575.0,575.0,30.0
HFL,2017-11-28,24.5,25.5,24.3,25.3,2098095.0
HAKKANIPUL,2020-07-29,75.0,76.0,74.0,74.0,412629.0
CENTRALINS,2015-04-29,20.2,20.3,20.2,20.3,6133.0
TOSRIFA,2024-07-28,26.4,26.9,26.0,26.5,472398.0
ISLAMICFIN,2012-11-14,23.9,24.0,23.2,23.4,231500.0
JAMUNABANK,2012-08-05,24.9,25.1,24.7,24.8,349750.0
BDLAMPS,2013-08-22,142.0,156.0,142.0,155.9,64050.0
RINGSHINE,2024-08-11,5.0,5.0,5.0,5.0,1440584.0
BIONICFOOD,2008-06-10,3.3,3.6,3.3,3.6,51500.0
ESQUIRENIT,2023-12-12,34.5,34.5,34.5,34.5,16.0
RNSPIN,2024-01-04,20.9,20.9,20.9,20.9,5050.0
RAKCERAMIC,2017-08-17,57.0,57.5,57.0,57.1,235026.0
JUTESPINN,2009-02-18,790.0,790.0,720.0,732.5,75.0
AZIZPIPES,2014-09-06,14.8,15.6,14.7,14.9,700.0
IMAMBUTTON,2018-04-12,26.0,27.0,26.0,26.7,10469.0
TAKAFULINS,2019-05-28,26.5,26.8,26.3,26.4,18093.0
ASHRAFTEX,2008-02-09,8.4,8.5,8.3,8.3,4900.0
BDFINANCE,2013-09-29,18.7,19.5,18.6,19.2,233500.0
ASIAPACINS,2020-12-11,77.3,85.0,77.3,83.7,1640630.0
ORIONINFU,2023-12-24,418.4,442.7,407.4,438.0,506749.0
QSMDRYCELL,2012-03-01,65.8,68.0,65.4,67.2,204500.0
NTLTUBES,2001-05-31,500.0,500.0,500.0,500.0,20.0
ICB1STNRB,2013-01-28,25.0,27.5,25.0,26.3,1500.0
ARAMITCEM,2011-03-13,1130.0,1148.0,1055.0,1055.25,3250.0
BANKASIA,2024-08-29,19.4,20.1,19.4,19.9,53215.0
EBLNRBMF,2021-12-05,6.1,6.1,6.0,6.1,891928.0
SONALIANSH,2024-12-08,244.2,244.5,231.4,234.0,166719.0
BATBC,2009-05-01,217.4,219.2,210.0,213.6,192450.0
SKICL,2021-12-26,84.0,84.0,78.1,78.7,1073901.0
SINGERBD,2016-09-29,186.5,187.3,183.4,183.8,339689.0
INTECH,2025-01-26,20.9,20.9,19.7,19.8,96352.0
PURABIGEN,2010-08-24,1885.0,1885.0,1774.0,1816.25,6900.0
AIBL1STIMF,2020-10-08,7.4,7.4,6.9,7.0,218903.0
SUMITPOWER,2017-11-04,40.7,41.3,40.2,40.4,670478.0
BSC,2023-05-03,126.8,128.7,126.8,127.2,1725581.0
BANGAS,2010-11-25,3379.0,3390.0,3150.0,3230.25,1855.0
BANKASIA,2016-10-11,18.0,18.0,17.7,17.9,13794.0
OCL,2011-02-23,103.0,107.0,102.9,104.0,8800.0
ACI,2017-01-29,490.0,501.9,481.0,493.0,808848.0
GENNEXT,2018-08-14,8.1,8.3,8.1,8.2,1268712.0
HEIDELBCEM,2016-02-23,590.0,594.8,582.4,584.3,49050.0
HAKKANIPUL,2022-06-26,62.8,65.0,62.8,62.8,145816.0
LANKABAFIN,2017-09-05,52.8,53.9,52.0,53.7,6164105.0
RUPALIINS,2009-09-02,671.0,685.0,664.0,671.0,7260.0
SAIHAMTEX,2008-07-02,98.75,98.75,97.0,97.75,610.0
ILFSL,2021-05-07,6.6,6.9,6.6,6.9,4344283.0
ALLTEX,2015-05-24,26.8,26.9,25.1,25.6,1208473.0
BXPHARMA,2009-07-27,165.2,167.0,162.3,165.7,738000.0
SALAMCRST,2017-03-21,38.6,39.0,38.4,38.5,156121.0
JAMUNAOIL,2020-03-12,156.5,159.4,156.5,158.9,28061.0
GSPFINANCE,2018-03-13,19.7,19.7,18.6,18.9,202694.0
NTLTUBES,2009-01-15,1570.0,1575.0,1550.0,1555.0,1030.0
GOLDENSON,2021-06-30,16.5,16.6,16.1,16.5,1021825.0
METROSPIN,2013-12-09,15.7,16.1,15.7,15.7,192500.0
PREMIERBAN,2012-03-19,26.8,27.0,26.4,26.6,1020750.0
ACMEPL,2023-04-02,35.4,35.4,35.4,35.4,3.0
DESHBANDHU,2020-01-11,11.3,12.0,11.3,11.8,2346731.0
PHARMAID,2013-01-27,141.5,142.4,140.1,140.3,8950.0
DBH,2014-08-27,61.6,62.3,60.5,61.6,27000.0
MLDYEING,2023-05-16,24.8,24.8,24.8,24.8,10.0
SHASHADNIM,2019-05-15,45.5,45.5,44.9,45.0,233131.0
AIL,2024-10-31,84.0,86.5,80.5,83.3,461307.0
NORTHERN,2009-12-08,31.5,33.0,31.5,32.1,2600.0
ALLTEX,1999-02-10,45.25,45.75,45.0,45.5,2550.0
HEIDELBCEM,2004-05-24,522.0,522.0,514.0,515.5,680.0
AFCAGRO,2018-08-14,38.0,39.6,38.0,39.2,155821.0
MALEKSPIN,2012-03-27,25.4,25.5,24.7,24.8,1097500.0
AMANFEED,2021-11-11,55.5,56.8,55.5,56.4,774516.0
GOLDENSON,2019-08-12,6.8,7.1,6.7,7.0,9484.0
ICBAMCL2ND,2012-04-07,7.5,7.5,7.5,7.5,4500.0
BXPHARMA,2020-01-03,72.3,73.6,71.1,73.1,145836.0
GHAIL,2022-07-27,17.6,17.7,17.5,17.5,170603.0
BDAUTOCA,2019-05-02,299.4,315.9,297.0,310.1,69250.0
PUBALIBANK,2003-05-22,330.5,340.0,330.5,338.75,1195.0
GBBPOWER,2016-09-22,13.7,13.9,13.7,13.8,231578.0
PHPMF1,2015-08-09,4.4,4.4,4.2,4.3,798716.0
IMAMBUTTON,2020-02-24,23.5,23.5,22.0,22.4,1618.0
FEKDIL,2021-06-07,15.8,15.9,15.0,15.3,2452076.0
DBH1STMF,2010-02-16,26.2,27.1,26.2,26.9,1127500.0
EBL1STMF,2012-02-27,9.3,9.3,8.8,9.0,105500.0
BANKASIA,2017-05-21,14.5,15.0,14.2,14.8,558485.0
RUPALIBANK,2022-10-26,25.2,25.2,25.2,25.2,2860.0
ACI,2005-03-14,84.1,86.0,84.1,84.6,0.0
CITYBANK,2020-12-10,24.3,24.4,23.5,23.9,1890339.0
RELIANCINS,2008-08-04,665.0,740.0,660.0,723.75,6100.0
DHAKAINS,2017-08-27,23.0,23.0,22.1,22.4,27515.0
TALLUSPIN,2024-10-27,5.0,5.0,4.9,4.9,49037.0
BDLAMPS,2022-04-07,261.6,271.4,261.6,270.3,45710.0
AMCL(PRAN),2000-09-13,475.0,480.0,475.0,475.75,770.0
COPPERTECH,2022-05-30,39.6,39.6,38.1,38.1,983104.0
MIDASFIN,2006-01-03,208.5,212.75,207.0,210.75,4150.0
EHL,2005-02-16,115.25,118.0,115.0,117.25,4660.0
DELTALIFE,2022-07-14,151.8,151.8,146.3,148.4,170500.0
SAMORITA,2010-11-14,1534.0,1550.0,1455.0,1495.25,5400.0
BBS,2024-02-25,18.2,18.2,17.3,17.4,744670.0
LINDEBD,2020-10-11,1221.5,1225.0,1215.1,1217.0,6529.0
ABBANK,2017-10-31,19.6,20.9,18.6,20.5,3860270.0
KPCL,2015-05-14,65.0,65.0,61.5,62.0,3332209.0
GULFOODS,2007-08-29,42.5,43.0,42.25,42.25,1150.0
FASFIN,2012-05-30,35.9,37.2,35.9,37.2,363000.0
GBBPOWER,2021-12-30,34.2,35.2,33.8,34.1,540260.0
PRAGATIINS,2013-08-13,56.2,58.7,56.2,57.8,7700.0
EASTLAND,2011-09-06,942.0,948.75,927.0,933.0,17680.0
JAMUNABANK,2022-11-29,21.3,21.3,21.3,21.3,401.0
HRTEX,2020-08-20,35.6,36.3,35.1,35.9,167439.0
EHL,2015-08-18,41.8,42.4,41.6,41.8,97592.0
PRIMEFIN,2019-12-05,10.3,10.6,10.2,10.3,243442.0
KPPL,2022-03-15,10.1,10.1,9.9,10.0,255376.0
EASTLAND,2011-11-04,1145.0,1145.0,1063.0,1063.0,47960.0
LIBRAINFU,2015-03-02,350.1,350.1,350.1,350.1,10.0
DULAMIACOT,2021-12-20,49.8,49.8,49.1,49.4,3695.0
FIRSTSBANK,2010-11-30,44.8,44.8,42.0,43.6,1531900.0
MIRACLEIND,2014-12-24,16.5,16.8,16.2,16.4,124226.0
SAFKOSPINN,2019-03-07,19.2,19.3,18.4,18.6,475039.0
SHAHJABANK,2024-02-20,19.0,19.2,18.4,18.6,377318.0
STANCERAM,2017-03-04,63.0,64.3,63.0,63.7,32382.0
BANKASI1PB,2024-06-11,0.0,0.0,0.0,4650.0,0.0
RELIANCINS,2019-09-18,45.6,47.0,45.4,45.6,24592.0
PRIMEINSUR,2018-04-07,15.4,15.6,15.0,15.1,111817.0
APEXTANRY,2009-08-25,1155.0,1200.0,1155.0,1171.5,40000.0
UNIONCAP,2014-09-25,21.5,22.2,20.9,21.8,301500.0
RUPALIINS,2009-01-19,535.0,548.0,533.25,540.75,1860.0
EBLNRBMF,2016-11-23,4.8,5.0,4.8,4.9,31158.0
STANDBANKL,2013-08-29,13.1,13.3,13.1,13.1,165500.0
PRIMEFIN,2007-09-23,447.75,495.0,447.75,491.75,29750.0
GULFOODS,2002-03-11,65.0,65.25,60.25,61.5,30850.0
RELIANCE1,2023-02-15,9.9,9.9,9.9,9.9,5.0
SONARGAON,2021-11-16,19.1,19.1,18.5,18.7,44220.0
ABBANK,2015-12-17,20.1,20.4,20.1,20.3,105317.0
SHURWID,2021-12-15,17.9,17.9,17.0,17.2,479195.0
PREMIERLEA,2024-12-26,2.9,3.1,2.9,3.0,17100.0
MIDASFIN,2012-06-13,63.3,64.0,62.1,62.8,17500.0
AZIZPIPES,2006-09-19,55.0,57.5,55.0,55.0,255.0
LINDEBD,2020-11-03,1282.9,1282.9,1250.1,1260.1,8107.0
SALAMCRST,2025-02-12,9.7,10.0,9.7,9.9,22064.0
IPDC,2022-11-21,57.6,57.6,57.6,57.6,1.0
SAMATALETH,2023-08-27,58.7,59.5,58.5,59.3,8759.0
PREMIERCEM,2016-07-27,93.8,93.8,92.1,93.1,286796.0
NCCBLMF1,2020-01-28,5.8,5.8,5.8,5.8,6700.0
POPULAR1MF,2025-02-12,3.1,3.1,3.0,3.1,432976.0
BDWELDING,2018-11-10,15.7,16.4,15.3,15.4,29538.0
SQURPHARMA,2023-08-07,209.8,210.2,209.8,210.0,412853.0
AL-HAJTEX,2017-07-02,93.5,93.5,92.5,92.7,83933.0
PHARMAID,2022-03-13,817.5,823.0,801.6,803.2,62883.0
FEKDIL,2018-10-07,18.4,18.6,17.5,18.2,1750680.0
QUASEMIND,2024-10-02,32.1,32.7,31.6,31.8,199312.0
NFML,2016-10-08,20.8,21.0,20.4,20.5,1258453.0
ZAHINTEX,2016-02-08,21.3,21.3,20.0,20.8,798967.0
TITASGAS,2012-02-08,70.0,70.5,69.3,69.6,368500.0
ORIONPHARM,2019-07-02,37.9,38.0,37.5,37.9,58487.0
SONARGAON,2012-12-02,25.5,27.2,25.5,26.9,124000.0
MEGHNAPET,2025-03-10,26.5,26.5,25.2,25.3,27486.0
NTLTUBES,2021-02-03,103.1,103.1,103.1,103.1,701.0
AFTABAUTO,2004-08-02,365.0,365.0,361.25,363.5,425.0
PRIMEBANK,2010-12-01,674.75,678.0,663.0,666.5,200500.0
SUMITPOWER,2011-12-22,75.0,75.8,74.5,75.1,570600.0
JANATAINS,2010-12-28,2030.0,2040.0,2000.0,2011.25,3560.0
IBBLPBOND,2013-04-17,897.0,900.0,894.25,899.5,9215.0
ISNLTD,2004-12-01,13.9,13.9,13.8,13.8,9000.0
ANLIMAYARN,2023-01-03,34.7,34.7,34.7,34.7,300.0
GPHISPAT,2015-02-07,45.0,45.7,44.5,44.8,46189.0
MALEKSPIN,2011-01-03,54.0,55.9,53.5,55.9,277000.0
MONNOSTAF,2016-11-24,532.0,558.0,532.0,543.5,5328.0
PREMIERBAN,2015-07-22,8.7,8.9,8.7,8.9,390948.0
NTLTUBES,1999-04-03,410.0,410.0,410.0,410.0,10.0
RAKCERAMIC,2011-11-13,77.0,77.0,72.5,72.8,120400.0
MAKSONSPIN,2016-07-03,6.3,6.9,6.3,6.6,759860.0
ACTIVEFINE,2023-12-27,19.3,19.3,19.3,19.3,1.0
PIONEERINS,2018-07-31,28.0,28.0,27.4,27.6,32401.0
NILOYCEM,2008-09-01,145.0,147.0,145.0,145.75,700.0
RUNNERAUTO,2023-05-28,48.4,48.4,48.4,48.4,600.0
ALLTEX,2016-10-25,18.1,18.3,17.6,17.8,780511.0
ISLAMIBANK,2011-04-19,471.0,490.0,470.75,475.0,102450.0
IFILISLMF1,2020-10-27,6.7,6.8,6.5,6.5,313204.0
ANLIMAYARN,2018-07-31,35.0,36.5,34.8,35.9,196018.0
TAKAFULINS,2022-04-17,65.1,67.0,63.7,63.7,36106.0
CROWNCEMNT,2024-10-15,55.1,56.9,54.1,54.8,4517.0
AMBEEPHA,2010-12-10,585.0,595.0,560.0,562.7,6650.0
GRAMEENS2,2015-09-29,10.6,10.6,10.3,10.5,414063.0
EXIM1STMF,2015-11-08,6.0,6.0,6.0,6.0,10000.0
ACTIVEFINE,2015-09-20,58.0,58.2,57.5,57.8,207429.0
PADMALIFE,2015-09-02,37.1,37.9,37.1,37.7,7450.0
IFIC,2007-08-04,898.0,899.75,874.0,879.0,630.0
SHASHADNIM,2020-03-03,27.9,28.6,27.8,28.1,356351.0
GLOBALINS,2009-01-15,205.0,205.0,196.0,199.5,4350.0
PRIMEINSUR,2019-05-12,27.7,29.0,26.6,27.4,862638.0
ZAHINTEX,2014-03-12,17.0,17.2,16.7,16.9,158500.0
ULC,2014-03-08,22.5,22.6,22.3,22.4,144400.0
SHAHJABANK,2010-06-12,902.5,909.0,831.0,843.0,500700.0
AMBEEPHA,2012-10-23,228.1,233.0,227.1,231.4,1000.0
MONOSPOOL,2022-06-27,165.5,168.9,164.9,164.9,72576.0
PRIMEBANK,2025-03-20,24.3,24.4,24.0,24.2,141532.0
BXPHARMA,2022-11-27,146.2,147.0,146.2,146.3,72101.0
ACI,2000-10-25,57.1,57.2,56.2,56.3,0.0
ALIF,2021-03-18,7.0,7.1,6.8,6.9,1305862.0
PADMALIFE,2019-08-01,27.5,27.8,27.0,27.3,139980.0
ZAHEENSPIN,2021-09-23,10.6,10.9,10.4,10.5,509251.0
GENEXIL,2024-08-08,48.5,53.3,47.5,53.3,1178006.0
SAIHAMCOT,2015-07-29,20.9,21.3,20.3,20.4,381833.0
BDLAMPS,2019-04-12,144.7,148.0,140.0,141.0,7266.0
ARAMIT,2022-11-13,307.5,317.5,300.1,302.2,28344.0
RUPALIBANK,2005-02-06,648.0,655.0,638.0,640.0,3490.0
KPCL,2022-03-16,32.0,32.4,31.5,31.6,285268.0
POPULAR1MF,2019-09-10,4.2,4.3,4.2,4.2,115288.0
APEXTANRY,2005-09-19,222.0,224.5,220.0,220.5,1390.0
ICBEPMF1S1,2016-09-27,6.0,6.2,6.0,6.1,23335.0
MONAFOOD,2008-04-09,28.0,29.0,27.5,28.0,1400.0
SEMLLECMF,2020-01-28,5.4,5.6,5.3,5.4,881170.0
DHAKABANK,2023-07-20,12.5,12.6,12.5,12.6,573572.0
OLYMPIC ,2018-05-27,244.0,247.0,237.0,241.3,20336.0
RSRMSTEEL,2024-04-02,18.7,18.7,16.4,17.1,127835.0
FASFIN,2023-08-22,0.0,0.0,0.0,5.4,0.0
EASTLAND,2014-09-09,35.4,35.6,34.9,35.0,52800.0
BXPHARMA,2023-11-22,146.2,146.2,146.2,146.2,51.0
WONDERTOYS,1999-01-25,74.5,75.75,72.0,72.0,16800.0
BSC,2017-06-15,52.9,53.2,52.0,52.1,995120.0
AMCL(PRAN),1999-08-16,290.0,291.75,290.0,291.0,340.0
SQURPHARMA,2006-12-07,2281.0,2289.0,2275.0,2284.75,1247.0
BANKASIA,2004-08-02,225.0,227.0,224.0,225.25,2550.0
RAKCERAMIC,2018-08-16,40.0,41.5,40.0,40.3,169083.0
SEMLLECMF,2022-11-05,10.1,10.1,9.8,9.8,386654.0
STANDBANKL,2018-12-07,11.2,11.4,11.0,11.3,250253.0
GRAMEEN1,2009-11-25,101.0,107.9,101.0,103.8,169000.0
SAIHAMCOT,2012-12-08,25.0,25.9,23.6,24.2,3783250.0
BGIC,2011-04-25,55.9,57.0,52.6,53.0,212900.0
APSCLBOND,2024-08-20,0.0,0.0,0.0,4288.0,0.0
APEXFOODS,2002-05-22,248.0,263.0,247.0,249.25,5520.0
PHPMF1,2021-09-30,6.2,6.3,6.1,6.1,873241.0
NPOLYMAR,2004-06-06,207.0,215.0,206.0,211.25,360.0
MEGHNACEM,2024-09-15,74.9,74.9,68.0,68.3,1345.0
BEXTEX,2010-06-29,64.9,64.9,63.1,63.3,1767400.0
HAKKANIPUL,2021-08-09,90.9,95.4,90.9,94.3,767978.0
ISLAMICFIN,2020-11-25,16.6,17.3,16.6,16.8,1000756.0
OLYMPIC,2023-11-16,0.0,0.0,0.0,154.0,0.0
BARKAPOWER,2015-08-18,33.5,33.8,33.5,33.6,905780.0
PREMIERBAN,2024-04-16,13.6,13.7,13.6,13.6,508435.0
ATCSLGF,2025-01-20,6.3,6.4,6.2,6.2,111811.0
SQUARETEXT,2004-09-25,82.6,85.6,85.5,85.3,1050.0
BSRMSTEEL,2016-07-11,93.3,93.3,92.1,92.4,174213.0
MEGHNASHRM,2009-08-04,41.5,43.0,40.0,40.0,5100.0
KEYACOSMET,2007-09-19,38.0,38.1,37.7,37.9,102500.0
IFIC,2023-07-13,11.2,11.2,11.2,11.2,129751.0
ICBIBANK,2022-05-23,4.0,4.0,3.9,3.9,175315.0
SHASHADNIM,2023-01-26,27.0,27.0,27.0,27.0,100495.0
DOREENPWR,2020-07-27,57.5,58.7,57.4,58.4,215547.0
MEGHNALIFE,2018-04-17,63.8,64.7,61.7,62.3,157444.0
NORTHRNINS,2013-05-21,45.5,45.6,43.1,43.6,126500.0
DELTALIFE,2009-02-09,14850.0,14850.0,14600.0,14656.5,75.0
EHL,2020-08-09,46.3,47.3,45.5,46.4,516221.0
CONTININS,2011-06-04,582.0,589.75,565.0,585.75,52900.0
ICBAMCL2ND,2020-09-02,7.9,8.0,7.8,7.9,43305.0
GREENDELT,2005-11-14,595.0,605.0,590.0,600.25,1180.0
WALTONHIL,2022-03-14,1078.9,1099.0,1078.9,1095.4,1514.0
POPULARLIF,2019-07-18,97.7,102.1,97.3,101.6,46822.0
PARAMOUNT,2022-11-04,57.3,57.7,56.7,56.9,27175.0
APEXFOODS,2013-12-02,80.6,81.3,78.5,78.7,11850.0
SINGERBD,2011-04-09,2894.0,2894.0,2842.0,2845.25,3480.0
ALIF,2024-12-30,6.7,6.9,6.7,6.8,162680.0
FIRSTSBANK,2016-05-22,8.0,8.1,7.9,8.0,425493.0
PARAMOUNT,2014-02-25,25.3,25.4,25.0,25.2,28500.0
DSHGARME,2011-02-27,319.5,320.0,299.75,316.25,2640.0
BOC,2009-04-10,414.5,435.8,414.5,427.7,278800.0
DSHGARME,2016-07-27,227.6,232.0,223.2,224.3,6870.0
USMANIAGL,2001-10-28,513.0,525.5,513.0,514.5,40.0
SKICL,2022-12-01,56.0,60.4,56.0,59.1,1384439.0
BGIC,2017-11-13,20.8,21.2,20.7,21.0,21769.0
BDLAMPS,2010-08-30,2831.0,3000.0,2831.0,2991.25,4160.0
KEYACOSMET,2024-11-03,6.1,6.1,5.7,5.8,1519622.0
JANATAINS,2022-06-21,37.4,37.8,36.5,37.0,112876.0
ATLASBANG,2019-11-18,118.0,119.5,115.2,116.1,17095.0
MEGCONMILK,2023-02-28,28.5,28.5,28.5,28.5,5458.0
SIMTEX,2020-12-23,16.0,16.0,15.0,15.3,424638.0
SALAMCRST,2013-04-18,36.0,36.2,35.8,35.9,66500.0
FINEFOODS,2012-10-16,23.8,24.6,23.4,23.5,40000.0
PROVATIINS,2013-09-01,31.4,31.5,31.3,31.4,5500.0
NORTHERN,2023-08-09,219.0,232.8,216.0,232.8,35377.0
NLI1STMF,2014-11-12,7.6,7.8,7.6,7.7,103000.0
RELIANCINS,2010-01-20,1330.0,1360.0,1315.0,1340.25,8300.0
BATBC,2003-12-30,135.2,135.9,133.2,133.5,210.0
HAKKANIPUL,2021-03-08,71.9,72.5,71.0,71.1,193800.0
TRUSTBANK,2014-05-02,21.6,21.7,21.2,21.5,172000.0
MIDASFIN,2021-10-01,22.7,24.2,22.2,24.0,2509906.0
TOSRIFA,2024-10-22,20.2,20.4,19.3,20.2,118173.0
UNIONCAP,2023-08-23,8.5,8.7,8.3,8.4,558176.0
BEACONPHAR,2022-03-20,227.0,231.5,227.0,230.0,159164.0
LANKABAFIN,2017-01-31,47.9,49.4,47.5,48.1,3966870.0
NPOLYMAR,2016-08-05,73.1,73.4,71.5,71.9,57501.0
IBNSINA,2012-02-08,76.5,80.0,76.5,79.9,8600.0
PUBALIBANK,2006-10-15,827.0,827.0,806.25,810.0,8290.0
AMBEEPHA,2011-10-03,368.0,390.5,368.0,389.5,1350.0
LHBL,2019-10-14,32.6,32.8,30.7,31.0,916471.0
PRIMEFIN,2007-09-19,434.0,434.0,424.25,425.5,7050.0
MIRACLEIND,2021-01-04,27.0,27.8,26.7,27.3,489250.0
ETL,2022-08-07,10.1,10.7,10.0,10.5,1497181.0
RUPALILIFE,2024-07-18,166.9,169.9,166.9,166.9,50191.0
EXIMBANK,2009-06-30,428.0,430.0,422.0,427.75,273900.0
RSRMSTEEL,2023-01-10,17.5,18.3,17.5,17.7,378240.0
AFTABAUTO,2007-04-26,279.75,280.5,278.75,279.5,1735.0
BBS,2021-04-15,15.5,15.5,15.2,15.4,85681.0
SOUTHEASTB,2016-10-13,16.8,16.9,16.7,16.8,266420.0
GREENDELT,2016-05-01,53.9,53.9,51.6,51.9,24544.0
ALLTEX,2003-06-21,62.5,62.75,62.5,62.5,2300.0
OLYMPIC,2012-03-22,110.7,116.0,109.1,114.7,381000.0
SUMITPOWER,2006-07-02,405.75,408.5,396.25,399.5,18900.0
ATCSLGF,2020-08-01,7.3,7.3,7.1,7.1,191833.0
RUPALILIFE,2022-01-02,70.0,72.8,70.0,72.0,228317.0
APEXTANRY,2000-10-04,121.0,121.0,119.0,119.0,1390.0
ALARABANK,2019-05-16,21.6,21.7,21.5,21.6,493564.0
QSMSILK,2010-06-23,10.6,10.6,10.5,10.5,3000.0
SAIHAMCOT,2016-09-24,14.3,14.4,13.8,13.9,609209.0
MEGHNACEM,2002-03-07,306.75,310.0,304.5,308.75,18750.0
SINGERBD,2014-03-25,209.5,214.5,208.0,213.2,90400.0
ICBSONALI1,2014-04-15,8.7,8.8,8.5,8.5,255500.0
PARAMOUNT,2013-02-01,25.7,26.0,25.5,25.6,10000.0
PTL,2022-06-03,93.8,95.4,93.4,93.6,487986.0
AMBEEPHA,2020-08-09,484.1,489.8,478.0,478.9,5517.0
GLOBALINS,2018-06-03,14.0,14.2,13.9,14.1,3554.0
DELTALIFE,2014-04-27,229.5,233.0,226.8,227.3,224700.0
BGIC,2023-01-29,68.3,69.9,68.0,69.5,144917.0
SEBL1STMF,2018-05-23,13.9,13.9,13.8,13.9,5700.0
AMBEEPHA,2021-06-23,409.6,409.6,401.0,402.6,357.0
DSSL,2019-12-12,11.4,11.6,11.2,11.3,606096.0
MBL1STMF,2023-02-09,6.6,6.6,6.6,6.6,13935.0
RUPALILIFE,2018-01-14,49.0,49.4,47.8,48.1,172603.0
DEBBDZIPP,2023-07-26,0.0,0.0,0.0,700.0,0.0
LRGLOBMF1,2020-05-10,7.2,7.2,6.9,6.9,870159.0
PROVATIINS,2011-07-07,580.0,595.0,576.75,578.5,6950.0
RELIANCINS,2009-12-21,1283.0,1299.0,1280.0,1284.25,6850.0
ABB1STMF,2021-10-11,5.9,6.0,5.8,5.9,366492.0
DELTALIFE,2007-09-24,7700.0,7700.0,7651.0,7675.5,10.0
RECKITTBEN,2018-07-03,1689.0,1763.0,1675.0,1748.4,1630.0
NORTHERN,2019-11-09,1175.0,1191.4,1098.3,1102.7,16870.0
NURANI,2023-05-03,7.0,7.0,7.0,7.0,7617.0
PRAGATIINS,2015-11-05,26.0,28.3,26.0,27.7,43962.0
MALEKSPIN,2012-10-18,34.6,34.6,32.8,33.3,1035500.0
BEACHHATCH,2018-04-25,14.8,15.0,14.6,14.7,40081.0
FAMILYTEX,2019-12-03,4.6,4.6,4.4,4.5,964367.0
SONALIANSH,2022-11-03,848.0,896.3,841.1,895.7,88870.0
FAREASTLIF,2024-01-10,0.0,0.0,0.0,75.0,0.0
ALARABANK,2014-10-15,17.5,17.7,17.1,17.5,1335000.0
ARGONDENIM,2023-03-12,18.2,18.2,18.2,18.2,100.0
PRIMEFIN,2010-11-21,484.0,498.9,483.3,496.6,1183200.0
SINGERBD,2013-03-20,167.0,176.0,163.1,166.8,253600.0
STANDBANKL,2006-04-09,248.0,250.0,245.0,245.5,9450.0
JAMUNAOIL,2008-10-30,149.9,149.9,143.6,144.1,107300.0
APEXFOOT,2018-01-24,320.3,322.9,319.7,321.2,4237.0
SALAMCRST,2016-03-28,27.6,28.3,27.6,27.7,314527.0
ICBIBANK,2015-08-07,3.9,4.0,3.9,3.9,64501.0
SHAHJABANK,2018-10-23,29.0,30.2,28.4,29.6,1990213.0
RENWICKJA,2016-01-12,579.9,579.9,560.0,578.3,1935.0
BGIC,2023-10-17,56.4,58.5,54.0,57.1,69300.0
OLYMPIC,2012-03-19,106.5,113.0,105.0,110.9,483500.0
SANDHANINS,2017-05-18,34.4,34.8,34.2,34.4,12303.0
DOMINAGE,2024-09-23,12.7,13.1,12.4,12.6,1335680.0
AIBLPBOND,2024-02-13,5020.0,5020.0,5020.0,5020.0,6.0
NATLIFEINS,2011-05-04,6410.0,6489.0,6280.0,6314.25,2295.0
BEXIMCO,2002-01-31,33.8,33.8,32.6,33.1,1100.0
TRUSTBANK,2008-10-11,406.0,413.0,402.0,411.25,19550.0
GEMINISEA,2010-04-25,1201.0,1201.0,1200.0,1200.5,10.0
IBBLPBOND,2019-05-15,971.0,982.0,971.0,980.5,289.0
SINOBANGLA,2000-08-06,46.0,51.0,46.0,50.3,76000.0
NHFIL,2024-10-20,24.3,25.2,23.2,23.9,101595.0
KBPPWBIL,2015-11-01,35.2,36.2,34.9,35.1,924567.0
AIBL1STIMF,2013-03-19,5.8,5.8,5.6,5.7,1000.0
SUNLIFEINS,2022-08-01,61.0,61.4,59.6,60.0,686760.0
TUNGHAI,2024-03-28,4.2,4.5,4.2,4.4,26733.0
BSCCL,2021-06-23,172.9,173.8,169.5,169.8,485624.0
REGENTTEX,2019-02-20,17.7,18.0,17.5,17.6,428303.0
PRIMETEX,2023-01-26,33.9,33.9,33.9,33.9,313.0
SQURPHARMA,2017-08-17,281.5,281.5,280.1,280.3,347859.0
SANDHANINS,2023-01-31,30.0,30.8,29.7,29.8,775592.0
CITYGENINS,2014-06-19,19.4,19.8,19.4,19.4,6500.0
APEXADELFT,2010-05-18,2560.25,2580.0,2551.0,2567.25,8880.0
UNITEDAIR,2010-10-31,637.0,637.0,597.0,606.5,284200.0
FIRSTFIN,2020-11-24,7.2,7.2,7.1,7.1,65720.0
MEGCONMILK,2018-04-18,30.8,31.0,30.7,30.9,24099.0
KBPPWBIL,2018-07-01,18.5,18.5,18.2,18.3,309034.0
ANWARGALV,2022-01-25,414.8,418.7,409.0,411.7,99431.0
BATBC,2006-10-08,72.0,74.0,70.0,72.1,16200.0
FUWANGFOOD,2008-11-06,28.1,30.9,27.0,27.5,1375000.0
TALLUSPIN,2012-11-10,38.5,40.9,37.2,40.2,4697700.0
NATLIFEINS,2016-06-09,162.1,163.0,162.1,162.7,1919.0
MIRAKHTER,2023-02-02,50.8,50.8,50.8,50.8,24033.0
FAREASTFIN,2018-09-04,9.2,9.3,9.0,9.2,136561.0
APEXTANRY,2009-09-09,1110.0,1110.0,1085.0,1088.5,12280.0
SQUARETEXT,2017-09-20,66.5,67.0,66.2,66.7,18381.0
QUASEMIND,2023-08-09,0.0,0.0,0.0,58.4,0.0
UCBL,2003-08-10,242.5,242.75,240.25,242.5,405.0
TITASGAS,2018-04-26,41.3,41.3,41.0,41.1,55762.0
INTRACO,2022-10-11,45.4,46.2,43.2,44.0,1582306.0
ADVENT,2024-01-29,23.3,23.8,23.2,23.6,764862.0
HEIDELBCEM,2008-12-17,1066.0,1072.0,1052.0,1070.0,1320.0
FEDERALINS,2010-07-10,179.9,179.9,171.0,171.7,92600.0
EXIMBANK,2010-06-05,580.0,585.5,576.0,582.25,734200.0
IBNSINA,2016-12-19,201.0,201.5,196.0,198.9,75362.0
SQURPHARMA,2001-12-19,1295.0,1295.0,1286.0,1287.5,140.0
UTTARABANK,2014-06-05,27.2,27.3,26.6,26.8,298525.0
SEMLFBSLGF,2021-04-02,8.7,8.8,8.7,8.7,38549.0
LINDEBD,2012-05-17,550.0,550.0,541.1,545.1,350.0
RUPALIBANK,2018-06-08,36.6,36.7,36.1,36.4,214989.0
BNICL,2020-03-18,16.0,16.3,14.3,14.7,253244.0
ASHRAFTEX,2009-04-13,10.5,10.5,9.7,9.9,23900.0
FASFIN,2023-02-13,5.8,5.8,5.8,5.8,500.0
RECKITTBEN,2017-11-16,2095.0,2196.8,2095.0,2190.7,5666.0
NITOLINS,2007-12-08,111.25,114.0,111.25,112.5,5000.0
DUTCHBANGL,2009-04-06,1364.0,1364.0,1343.0,1353.0,5850.0
PRIMEINSUR,2016-01-26,15.2,15.7,15.0,15.5,132893.0
ICBISLAMIC,2007-10-24,258.5,265.0,253.5,259.75,17550.0
MODERNDYE,2017-05-04,160.1,161.9,160.0,160.6,600.0
BXPHARMA,2023-12-19,146.2,146.2,146.2,146.2,61.0
PREMIERCEM,2014-05-03,98.5,99.7,98.2,98.6,46200.0
IBNSINA,2018-09-23,303.0,308.4,299.9,301.8,172083.0
EBL1STMF,2016-11-04,4.5,4.6,4.4,4.6,222837.0
BBSCABLES,2021-11-03,54.7,55.9,54.6,55.0,502153.0
APEXSPINN,2024-12-08,98.0,98.5,97.0,98.0,7641.0
SQURPHARMA,2020-03-06,172.5,172.5,172.5,172.5,182281.0
WALTONHIL,2023-05-28,1047.7,1047.7,1047.7,1047.7,41.0
MODERNCEM,2008-04-05,6.4,6.4,6.1,6.2,77000.0
NAVANACNG,2017-05-02,65.0,65.8,63.2,64.5,359087.0
MIRACLEIND,2002-03-13,10.3,10.4,10.1,10.2,334000.0
POPULARLIF,2023-03-15,75.0,76.5,71.0,72.1,501527.0
DULAMIACOT,2014-06-05,7.3,7.3,7.3,7.3,700.0
ACMELAB,2022-09-06,91.5,94.9,91.5,93.9,695825.0
GLOBALINS,2010-11-04,538.0,538.0,530.0,532.5,6400.0
POPULARLIF,2024-09-01,62.6,64.8,62.0,64.0,611055.0
SQUARETEXT,2002-04-28,32.5,33.3,32.1,32.2,903050.0
PRIMETEX,2017-05-12,25.6,26.2,25.4,25.6,208475.0
AZIZPIPES,2010-04-15,530.0,530.0,520.0,522.25,2325.0
MERCANBANK,2004-09-19,357.0,359.0,352.5,358.0,68.0
MHSML,2015-01-11,38.0,39.4,36.9,38.8,455609.0
BEDL,2015-10-03,32.4,32.5,31.9,32.1,552888.0
JHRML,2023-10-09,74.4,74.4,71.5,72.0,239262.0
IFIC,2016-03-04,18.2,18.4,18.2,18.3,158876.0
PRIMEINSUR,2008-03-12,178.75,179.0,178.5,178.75,550.0
PREBPBOND,2023-07-30,0.0,0.0,0.0,5100.0,0.0
SONARBAINS,2013-09-30,28.4,28.4,26.0,26.4,244000.0
UNITEDFIN,2015-12-07,19.2,19.3,18.9,19.0,70577.0
DSHGARME,2018-03-14,217.1,224.8,217.1,220.8,17016.0
ASIAINS,2020-11-10,48.2,51.4,47.5,49.2,1624978.0
DHAKAINS,2023-02-27,59.0,59.8,58.9,59.2,92304.0
ACTIVEFINE,2014-10-11,74.9,74.9,72.5,73.0,674500.0
FIRSTFIN,2015-02-08,12.2,12.4,11.9,12.1,332486.0
DESCO,2014-03-13,65.3,65.3,64.6,64.6,71000.0
BATASHOE,2008-06-06,358.0,358.0,342.5,349.2,21100.0
SAJIBKNIT,2008-01-30,34.0,34.5,33.0,33.75,2700.0
MALEKSPIN,2023-01-17,29.8,30.9,29.7,30.7,4475686.0
UTTARABANK,2020-07-20,23.7,23.7,23.7,23.7,1107.0
ISLAMICFIN,2022-01-26,25.7,26.5,25.7,26.1,787885.0
ACMELAB,2019-09-10,73.5,73.5,71.0,71.1,145428.0
MONNOCERA,2013-07-21,28.7,28.7,27.3,27.5,5900.0
PRIMELIFE,2013-03-10,95.0,95.0,92.0,92.5,159750.0
AOL,2023-08-17,36.5,36.5,36.5,36.5,1025.0
PRAGATILIF,2020-02-24,113.0,114.1,110.0,111.2,43494.0
ISLAMIBANK,2004-12-01,2580.0,2584.0,2572.0,2576.0,309.0
PRAGATILIF,2013-04-02,130.0,132.7,130.0,130.9,1500.0
SOUTHEASTB,2000-12-09,124.5,124.5,123.0,123.75,1600.0
JAMUNABANK,2011-02-06,29.8,31.9,29.8,31.6,761000.0
DBH1STMF,2024-05-07,5.0,5.2,5.0,5.1,176404.0
EASTERNINS,2012-02-22,47.5,47.8,46.0,46.7,12200.0
CITYBANK,2010-10-19,784.0,794.0,775.25,778.75,126060.0
PRIMETEX,2012-12-06,21.8,22.3,21.5,21.9,16000.0
FINEFOODS,2019-09-06,40.1,40.8,39.6,39.8,271533.0
TALLUSPIN,2017-10-29,9.9,10.0,9.8,9.9,68881.0
IMAMBUTTON,2016-03-11,9.5,10.7,9.5,10.1,2949.0
NAHEEACP,2021-08-18,51.9,51.9,50.0,50.2,696279.0
TAKAFULINS,2020-06-12,46.3,46.6,44.2,44.4,170238.0
RUPALILIFE,2016-06-04,38.0,38.0,36.7,37.0,85725.0
PF1STMF,2015-10-11,4.3,4.3,4.2,4.2,59920.0
PHOENIXFIN,2024-04-16,8.5,8.5,8.2,8.3,103329.0
PROGRESLIF,2022-07-26,85.0,85.0,76.9,77.0,67958.0
PF1STMF,2011-09-28,8.4,8.6,8.2,8.5,492500.0
NTC,2002-08-01,735.0,735.0,732.0,733.5,20.0
EXIMBANK,2005-07-20,655.0,661.75,650.0,657.0,32400.0
MONNOFABR,2022-06-19,29.9,30.7,28.8,29.2,3349907.0
PENINSULA,2024-09-10,15.6,16.1,15.5,15.8,39940.0
ISLAMIBANK,2002-10-19,3275.0,3278.5,3260.0,3278.0,143.0
GOLDENSON,2017-04-24,18.1,18.4,17.7,18.0,283709.0
POPULARLIF,2008-10-06,4280.0,4280.0,4250.0,4253.75,500.0
APEXFOODS,2013-03-14,70.9,71.5,70.1,70.8,5450.0
BEACHHATCH,2018-01-14,17.0,17.0,16.7,16.8,110141.0
NTC,2024-12-05,201.0,202.0,198.0,199.3,3331.0
MAKSONSPIN,2017-09-13,12.5,12.8,12.4,12.4,847169.0
NCCBANK,2001-03-19,169.0,171.25,169.0,170.0,20800.0
PRIMEBANK,2015-03-25,15.0,15.2,14.9,15.1,106501.0
ZAHINTEX,2014-06-29,20.6,20.8,20.5,20.6,32500.0
REPUBLIC,2017-12-21,27.3,29.3,27.3,28.5,378043.0
SOUTHEASTB,2016-12-01,17.5,17.6,16.9,17.3,700441.0
KBPPWBIL,2016-01-06,23.1,24.4,23.0,23.7,3998219.0
PDL,2022-10-06,11.5,11.6,11.5,11.5,366675.0
DEBBXFISH,2023-11-19,0.0,0.0,0.0,835.0,0.0
MALEKSPIN,2015-03-24,17.7,18.0,17.7,18.0,145400.0
KPPL,2024-12-18,8.0,8.1,7.2,7.4,389826.0
CITYGENINS,2020-06-09,17.8,18.0,17.7,17.9,185485.0
SAVAREFR,2011-01-11,600.0,600.0,561.0,570.5,70.0
LANKABAFIN,2009-06-08,249.0,252.8,246.1,251.0,474000.0
SHASHADNIM,2024-11-26,20.0,20.0,19.3,19.3,38612.0
KARNAPHULI,2008-03-30,312.0,328.0,310.0,322.75,1940.0
AFCAGRO,2023-05-16,0.0,0.0,0.0,23.5,0.0
INDEXAGRO,2023-08-16,0.0,0.0,0.0,103.6,0.0
BANKASIA,2004-05-18,362.0,363.0,358.0,359.5,9050.0
SPPCL,2013-06-10,50.8,51.6,49.7,49.8,277400.0
SINOBANGLA,2005-04-13,9.7,9.7,9.7,9.7,3000.0
CAPMBDBLMF,2021-05-16,10.0,10.4,9.9,10.2,1350484.0
BATBC,2018-02-26,3620.0,3620.0,3559.0,3588.4,1540.0
BAYLEASING,2017-07-20,27.2,27.6,27.2,27.2,193135.0
BATBC,2013-05-13,938.5,964.0,938.5,952.7,7900.0
LRGLOBMF1,2014-07-21,5.5,5.5,5.4,5.4,147000.0
MONNOSTAF,2019-04-25,1230.0,1295.2,1186.0,1292.9,37150.0
ZAHEENSPIN,2018-03-25,14.5,14.6,14.2,14.4,802258.0
NHFIL,2011-05-10,1140.0,1140.0,1101.0,1112.0,2600.0
CLICL,2024-02-12,55.6,58.4,55.6,57.1,47232.0
JUTESPINN,2016-11-13,54.2,56.0,54.2,55.5,434.0
UNITEDINS,2008-08-27,1155.0,1155.0,1100.0,1129.5,80.0
GOLDENSON,2021-05-01,13.8,14.8,13.5,13.8,2144978.0
BDAUTOCA,2021-11-29,126.1,128.3,126.1,126.8,1904.0
SINGERBD,2019-09-18,206.9,208.0,205.4,206.3,40069.0
PRIMELIFE,2015-07-04,51.5,51.5,48.5,49.0,32821.0
ANWARGALV,2021-03-01,133.5,135.0,130.0,130.3,195332.0
SINOBANGLA,2003-05-17,14.5,14.5,14.5,14.5,7000.0
MERCINS,2008-01-16,142.0,145.0,132.25,137.5,2900.0
ABBANK,2021-02-11,14.4,14.5,14.1,14.2,2163301.0
PROVATIINS,2023-08-31,58.9,58.9,58.9,58.9,1368.0
FASFIN,2012-07-26,30.5,31.2,29.9,30.6,61500.0
MIDASFIN,2007-08-14,375.0,397.0,366.5,395.25,9250.0
JMISMDL,2015-06-16,157.0,158.8,157.0,157.9,23462.0
ISLAMIBANK,1999-02-05,1920.0,1920.0,1920.0,1920.0,10.0
METROSPIN,2015-04-11,9.7,9.9,9.3,9.4,452931.0
ORIONINFU,2022-09-04,324.0,336.0,283.2,313.6,1539903.0
ANWARGALV,2022-10-04,416.0,446.8,414.1,426.2,287293.0
MEGHNAPET,2012-11-21,7.4,7.5,7.4,7.4,3000.0
SALAMCRST,2014-09-03,37.6,37.9,36.6,36.7,215000.0
STANCERAM,2010-09-12,500.0,533.0,500.0,531.5,3000.0
INTECH,2021-03-24,35.1,35.8,34.3,34.5,139805.0
BANKASIA,2008-01-14,546.0,553.0,544.0,545.0,19500.0
KARNAPHULI,2010-12-29,101.0,101.0,97.2,97.9,130600.0
ALIF,2019-01-08,9.0,9.2,8.9,9.0,767033.0
AZIZPIPES,2021-09-12,111.2,115.0,107.3,112.0,98300.0
ISLAMIBANK,2007-04-24,3665.0,3678.0,3665.0,3671.75,539.0
SQUARETEXT,2022-08-03,59.3,59.3,55.6,58.0,304411.0
CITYBANK,2023-01-09,21.8,21.8,21.8,21.8,26764.0
GREENDELT,2004-10-18,1542.5,1542.5,1542.5,1542.5,30.0
MPETROLEUM,2025-03-06,205.1,205.8,205.1,205.3,2055.0
MAQPAPER,2007-09-16,9.75,9.75,9.75,9.75,20.0
SAIHAMCOT,2016-08-24,13.0,13.1,13.0,13.0,47475.0
DUTCHBANGL,2018-12-24,132.3,134.9,132.0,133.8,49699.0
ICB1STNRB,2012-09-23,32.5,33.0,31.0,33.0,660500.0
REPUBLIC,2015-04-05,13.2,13.2,12.6,12.7,31373.0
BERGERPBL,2020-02-06,1308.6,1308.6,1308.6,1308.6,1834.0
UTTARABANK,2017-09-28,37.1,38.5,37.1,38.1,8013506.0
NLI1STMF,2016-10-08,12.2,12.2,12.0,12.0,38450.0
APOLOISPAT,2023-06-14,8.2,8.2,8.2,8.2,40.0
APEXTANRY,2008-10-07,1295.0,1295.0,1215.0,1224.75,19710.0
SONALIANSH,2016-10-02,122.3,126.7,121.0,121.5,65696.0
FAREASTFIN,2020-01-30,3.2,3.2,3.0,3.1,23520.0
FIDELASSET,2008-05-26,256.0,289.0,256.0,281.5,45450.0
SALVOCHEM,2017-09-24,22.7,23.2,22.7,22.8,121662.0
AIMS1STMF,2007-02-09,5.73,5.75,5.64,5.66,2525000.0
ICBEPMF1S1,2010-04-28,19.5,19.8,19.3,19.3,431500.0
CMCKAMAL,2016-05-17,14.2,14.4,14.0,14.1,851606.0
DBH1STMF,2014-07-15,5.5,5.5,5.4,5.4,36000.0
ICBEPMF1S1,2020-01-13,4.3,4.3,4.1,4.2,70565.0
BSC,2024-11-04,80.5,88.9,79.0,88.9,2340779.0
RECKITTBEN,2022-06-29,4900.0,4900.0,4811.5,4830.1,433.0
DHAKABANK,2021-07-11,14.0,14.2,13.7,13.8,365789.0
GPHISPAT,2023-11-29,44.8,44.8,44.8,44.8,878.0
ABBANK,2022-08-03,10.3,11.0,10.3,10.8,2666263.0
PENINSULA,2022-11-29,27.4,27.4,27.4,27.4,10441.0
KDSALTD,2015-12-27,84.6,85.3,83.0,83.4,955019.0
ASIAINS,2019-09-18,22.7,23.8,22.5,23.3,388500.0
MODERNDYE,2015-02-24,98.0,98.0,95.0,96.5,10.0
BEACHHATCH,2019-08-28,14.0,14.4,13.4,13.5,45081.0
MONNOCERA,2004-03-21,241.0,241.0,240.0,240.0,230.0
UNIONCAP,2008-07-04,72.0,77.0,72.0,76.5,1014500.0
BSC,2020-03-03,46.1,47.5,45.9,46.8,433999.0
LOVELLO,2024-06-27,89.0,90.0,87.6,88.6,1133080.0
AFTABAUTO,2004-01-01,374.25,375.5,374.0,374.25,465.0
KARNAPHULI,2008-08-18,460.0,465.0,448.0,449.5,2440.0
KEYACOSMET,2003-01-13,14.6,14.6,14.6,14.6,6000.0
UNIONCAP,2020-11-26,6.6,6.7,6.4,6.5,561013.0
PRIMETEX,2008-08-20,126.0,126.0,122.0,122.25,2550.0
EASTERNINS,2011-01-18,1126.5,1126.5,1115.0,1121.0,400.0
SILVAPHL,2023-12-11,21.6,21.6,21.6,21.6,86496.0
ISNLTD,2002-07-24,12.1,12.2,12.0,12.0,132500.0
PHARMAID,2012-05-01,251.0,252.0,240.0,242.3,81550.0
DBH1STMF,2024-04-22,5.0,5.5,5.0,5.4,341690.0
FUWANGFOOD,2007-11-06,12.6,12.8,12.6,12.6,19500.0
RUPALIBANK,2023-01-31,25.2,25.2,25.2,25.2,1075.0
ORIONPHARM,2020-10-08,46.0,46.7,45.0,45.2,1781215.0
ORIONINFU,2014-11-27,47.3,48.7,46.5,46.8,260800.0
APEXADELFT,2004-11-10,579.0,592.0,570.0,576.25,2560.0
QSMDRYCELL,2013-06-05,28.8,29.2,28.6,28.7,28000.0
NITOLINS,2007-06-13,65.0,68.5,65.0,67.5,2050.0
LANKABAFIN,2020-06-02,16.3,16.4,16.0,16.2,1170214.0
PHENIXINS,2016-08-30,19.6,19.7,19.2,19.4,34790.0
IFILISLMF1,2019-08-07,7.7,7.7,7.4,7.5,74935.0
MAKSONSPIN,2013-08-18,13.3,14.2,13.3,14.0,1249000.0
HAKKANIPUL,2009-10-21,98.0,99.1,84.0,85.0,53500.0
CONTININS,2024-11-26,26.8,26.9,25.5,25.7,137762.0
DBH,2012-11-18,62.1,63.2,61.2,62.9,49500.0
TALLUSPIN,2008-04-29,76.0,78.0,76.0,76.75,50.0
LHB,2024-10-31,58.4,58.4,55.6,55.8,267400.0
DSHGARME,2009-11-23,387.0,387.0,351.0,355.0,1650.0
EASTERNINS,2010-02-28,852.0,884.5,852.0,866.0,1160.0
SIMTEX,2024-08-12,24.0,24.1,23.3,23.3,550945.0
PREBPBOND,2023-05-03,5100.0,5100.0,5100.0,5100.0,1.0
SPCERAMICS,2019-07-03,14.0,14.0,13.7,13.8,62625.0
DACCADYE,2021-10-10,24.8,25.3,24.0,24.2,573931.0
SAMORITA,2021-12-29,88.5,91.8,88.5,91.5,127998.0
PROVATIINS,2021-11-25,120.6,124.3,117.0,120.2,37885.0
BDLAMPS,2021-01-21,157.0,168.9,155.8,168.4,109818.0
AMCL(PRAN),2024-08-04,232.2,232.3,232.2,232.2,11631.0
EBL,2011-07-06,55.5,59.1,55.4,58.4,723600.0
MEGHNALIFE,2016-04-28,50.7,51.4,49.6,50.0,15678.0
BBS,2017-06-08,48.9,50.3,48.6,49.9,1291016.0
ICBAGRANI1,2019-02-20,7.3,7.3,7.2,7.2,20900.0
GOLDENSON,2007-06-24,14.0,14.2,14.0,14.0,102000.0
POPULARLIF,2023-02-01,81.7,84.0,79.6,80.3,589615.0
SHYAMPSUG,2024-03-07,195.0,199.8,194.0,195.0,11561.0
ICBAMCL1ST,2005-09-02,235.5,235.5,226.0,228.25,4000.0
FEKDIL,2021-11-18,17.4,17.7,17.2,17.3,1050562.0
ENVOYTEX,2024-03-07,37.7,37.9,36.6,36.8,9222.0
ACI,2001-10-13,54.6,55.3,54.2,54.8,0.0
UNIONBANK,2023-07-04,8.9,8.9,8.9,8.9,6620.0
IDLC,2023-05-08,46.5,46.5,46.5,46.5,141.0
PF1STMF,2018-10-31,5.2,5.2,5.1,5.2,1000.0
NBL,2018-08-20,10.7,10.8,10.4,10.7,6348495.0
ALLTEX,2003-09-23,59.5,59.5,58.75,59.25,2250.0
AFTABAUTO,2020-09-09,32.9,33.2,30.8,31.2,340275.0
LRGLOBMF1,2016-12-22,6.7,7.1,6.7,6.9,138047.0
DBH1STMF,2025-02-25,3.9,3.9,3.8,3.8,88517.0
PRIMELIFE,2024-04-28,41.6,43.5,41.6,42.0,10234.0
JAMUNAOIL,2023-01-19,167.3,167.3,167.3,167.3,491.0
AL-HAJTEX,2014-10-22,132.0,132.8,127.1,127.6,58450.0
RNSPIN,2021-06-16,5.0,5.3,5.0,5.0,3045245.0
GHAIL,2015-09-08,29.8,30.6,29.3,29.8,708679.0
FIRSTSBANK,2014-11-12,10.5,11.4,10.5,11.3,170097.0
RANFOUNDRY,2020-03-08,124.1,124.4,120.6,122.1,4288.0
HAKKANIPUL,2012-11-22,19.1,19.7,19.1,19.3,10500.0
KARNAPHULI,2011-06-02,79.0,79.0,72.0,72.8,119200.0
ISLAMIBANK,2004-08-09,4150.0,4155.0,4100.25,4103.75,1304.0
SEMLIBBLSF,2019-07-02,6.9,6.9,6.7,6.7,231022.0
APEXSPINN,2022-08-31,168.0,168.0,154.5,156.6,231038.0
SQUARETEXT,2009-04-30,112.0,112.0,110.5,111.0,61450.0
SQUARETEXT,2016-09-22,67.7,69.5,67.2,69.2,504418.0
ETL,2017-11-14,16.8,16.8,16.6,16.6,539287.0
ISNLTD,2014-03-02,20.9,22.5,20.7,22.0,197000.0
SHURWID,2014-09-25,39.0,41.5,38.6,40.1,1664500.0
GPHISPAT,2022-07-02,57.4,58.4,57.0,57.1,2089837.0
LAFSURCEML,2015-04-27,108.0,109.0,105.7,107.0,419228.0
AMCL(PRAN),2021-12-05,190.1,192.9,188.1,189.5,8246.0
MAKSONSPIN,2018-07-01,10.4,10.5,10.3,10.4,385050.0
ASIAPACINS,2024-04-28,44.0,45.6,43.0,45.0,20795.0
HFL,2021-10-27,18.5,18.7,18.0,18.3,50635.0
HAKKANIPUL,2022-09-01,69.7,72.0,69.3,70.5,427582.0
HAKKANIPUL,2023-06-12,73.3,75.0,70.9,71.6,763288.0
RINGSHINE,2023-05-18,9.8,9.8,9.8,9.8,13275.0
UTTARAFIN,2010-01-28,2300.0,2335.0,2260.0,2280.25,57900.0
AIBLPBOND,2024-11-27,4200.0,4200.0,4200.0,4200.0,2.0
BXPHARMA,2025-03-20,83.0,88.2,83.0,87.2,1471323.0
SONARBAINS,2024-04-24,34.0,34.0,33.3,33.4,49478.0
NAHEEACP,2018-05-06,52.8,53.7,51.7,52.0,1385965.0
EASTERNINS,2022-08-14,53.9,53.9,52.3,52.5,41994.0
UNILEVERCL,2024-08-15,3200.0,3230.0,3134.8,3136.7,124182.0
FAREASTFIN,2019-01-17,6.9,7.5,6.9,7.3,489208.0
MPETROLEUM,2019-07-23,188.0,191.9,188.0,191.5,9128.0
SAFKOSPINN,2018-03-04,16.7,17.1,16.5,16.6,179092.0
BEXIMCO,2005-09-26,53.8,54.2,52.1,52.9,45800.0
HRTEX,2024-06-23,41.0,41.3,40.3,40.7,118627.0
MEGHNALIFE,2011-07-04,371.8,380.2,364.5,376.1,507300.0
BBSCABLES,2021-06-24,63.5,65.2,62.8,64.5,1394389.0
ENVOYTEX,2018-01-10,34.6,35.4,34.5,34.7,20375.0
UNIONCAP,2013-03-31,24.5,25.0,24.4,24.9,63500.0
FAREASTFIN,2014-01-21,16.1,16.6,16.0,16.4,727500.0
MITHUNKNIT,2023-12-28,0.0,0.0,0.0,15.6,0.0
GEMINISEA,2015-02-06,243.0,243.0,220.0,225.2,1070.0
RUPALILIFE,2025-03-11,93.0,95.1,93.0,94.8,146651.0
DACCADYE,2012-10-05,47.5,48.6,45.5,47.9,124500.0
NTLTUBES,2019-09-18,175.9,178.0,166.1,169.9,1158974.0
CITYGENINS,2020-08-03,16.0,16.0,15.3,15.4,125764.0
SHURWID,2024-12-10,6.6,6.9,6.4,6.5,150826.0
STANDARINS,2014-05-22,36.4,36.5,34.5,35.5,59000.0
DUTCHBANGL,2014-12-15,97.6,99.9,95.2,98.1,27874.0
HWAWELLTEX,2015-08-09,33.8,34.0,33.5,33.6,33973.0
ECABLES,2008-04-28,889.0,889.0,847.0,851.5,29450.0
MLDYEING,2019-09-16,22.7,23.9,22.6,23.8,162705.0
OLYMPIC ,2015-07-30,274.0,277.9,274.0,276.5,103541.0
PREMIERLEA,2020-03-19,5.0,5.0,5.0,5.0,162510.0
RELIANCINS,2008-08-19,671.0,671.0,602.0,658.25,750.0
FEKDIL,2016-07-13,24.8,24.8,24.2,24.4,968140.0
ISLAMIINS,2019-05-03,23.1,23.2,22.4,22.6,127803.0
ACI,2005-06-27,81.2,81.2,80.1,80.6,0.0
KOHINOOR,2017-05-16,397.4,399.9,397.0,398.7,4439.0
ISLAMICFIN,2017-12-01,19.9,20.2,19.3,19.4,1624059.0
ISNLTD,2004-10-03,12.8,13.0,12.8,12.9,19500.0
DHAKABANK,2012-12-11,23.5,23.5,22.8,23.2,97100.0
SALAMCRST,2014-05-02,42.6,43.2,41.6,42.4,586500.0
MLDYEING,2021-06-23,31.8,32.7,30.6,30.8,5245290.0
SALAMCRST,2017-08-16,35.3,35.6,35.0,35.2,38527.0
PENINSULA,2024-10-23,11.5,11.9,11.2,11.3,26930.0
SQURPHARMA,2004-04-09,4336.0,4450.0,4336.0,4404.75,274.0
PHPMF1,2023-01-01,5.2,5.2,5.2,5.2,1551.0
IFADAUTOS,2022-08-16,46.8,47.9,46.6,47.6,258366.0
BDAUTOCA,2000-04-27,59.25,60.0,59.0,59.5,460.0
LANKABAFIN,2023-01-24,26.0,26.0,26.0,26.0,2125.0
BANGAS,2019-11-12,171.9,171.9,162.6,163.8,105639.0
MICEMENT,2018-04-07,80.1,83.6,80.1,83.0,3971.0
RUNNERAUTO,2021-12-23,51.5,51.5,51.0,51.1,60720.0
ACI,2022-11-24,260.2,260.2,260.2,260.2,234.0
DS30,2014-09-29,1966.45,1987.87,1937.89,1958.1,90262560.0
GQBALLPEN,2005-12-15,66.0,66.0,66.0,66.0,100.0
PUBALIBANK,1999-09-20,137.0,147.0,130.0,134.75,30.0
EBL,2020-09-20,37.0,37.3,36.9,37.0,75562.0
MITHUNKNIT,2013-07-16,80.7,88.0,80.7,84.3,163200.0
JMISMDL,2022-01-27,348.9,348.9,342.5,343.2,45490.0
APEXFOODS,2014-09-02,108.7,111.5,108.7,110.3,114650.0
BDLAMPS,2018-11-20,206.7,218.0,203.2,212.3,97656.0
MTBL,2005-05-25,351.0,365.5,351.0,364.5,17750.0
PIONEERINS,2016-11-12,30.3,30.4,29.6,29.7,36731.0
CENTRALINS,2016-04-05,14.8,16.0,14.8,15.6,27186.0
GQBALLPEN,2017-02-27,80.8,81.7,80.8,81.0,36016.0
GEMINISEA,2020-06-14,144.3,144.3,144.3,144.3,509.0
BDWELDING,2000-11-18,10.0,10.0,10.0,10.0,28500.0
ACTIVEFINE,2014-08-12,71.1,71.8,70.5,70.7,255000.0
HEIDELBCEM,2023-04-11,179.1,179.1,179.1,179.1,823.0
ICBSONALI1,2017-05-24,8.7,9.1,8.6,8.7,3877609.0
HAKKANIPUL,2021-02-17,74.0,74.0,74.0,74.0,10.0
SHAHJABANK,2018-04-17,27.2,27.9,26.3,26.5,265819.0
SSSTEEL,2021-05-16,21.0,21.4,20.5,20.7,11633716.0
LEGACYFOOT,2023-10-12,82.8,85.4,82.5,84.0,349249.0
AFTABAUTO,2003-02-06,260.5,261.75,260.5,261.25,1825.0
REGENTTEX,2017-10-24,21.3,21.4,20.9,20.9,174637.0
PIONEERINS,2017-12-20,30.6,30.7,30.5,30.6,11101.0
UNIONCAP,2018-12-12,12.2,12.3,12.1,12.1,109644.0
BENGALWTL,2024-01-02,24.3,24.7,23.8,24.0,208966.0
UPGDCL,2020-02-01,257.2,259.0,251.4,254.0,106344.0
ICBIBANK,2009-03-23,899.0,899.0,861.0,873.5,1400.0
ROBI,2024-03-31,27.7,28.4,27.3,27.6,2898170.0
BANKASIA,2022-01-31,20.3,20.6,20.2,20.4,112483.0
QSMDRYCELL,2002-03-18,18.3,18.5,17.9,17.9,169600.0
UTTARAFIN,2000-03-22,171.0,172.0,171.0,171.5,750.0
ICBISLAMIC,2009-08-18,404.0,414.75,398.75,405.25,45850.0
AMCL(PRAN),2017-08-13,220.1,222.0,216.7,217.8,5507.0
SAMATALETH,2016-12-27,25.5,26.9,25.4,26.1,24380.0
IDLC,2019-04-07,58.3,58.8,57.9,58.1,328543.0
GPHISPAT,2024-12-02,23.6,23.7,23.4,23.6,396324.0
SINOBANGLA,2001-01-01,18.0,18.2,18.0,18.1,94000.0
SILCOPHL,2023-06-08,24.8,25.3,24.5,25.1,1459003.0
PIONEERINS,2022-10-16,71.7,72.4,71.5,71.5,73710.0
BSRMSTEEL,2022-12-13,63.9,63.9,63.9,63.9,302.0
BERGERPBL,2024-08-15,1889.9,1889.9,1841.1,1860.4,14882.0
ISNLTD,2018-07-23,22.1,23.5,22.1,22.8,10562.0
1JANATAMF,2015-12-08,5.2,5.4,5.2,5.3,147959.0
SQUARETEXT,2007-02-08,110.0,114.4,109.1,113.9,213900.0
AMANFEED,2021-08-29,72.8,76.9,72.8,76.1,4337753.0
ZAHEENSPIN,2015-12-05,21.3,21.5,20.8,21.1,854088.0
SHURWID,2023-04-16,13.9,14.3,13.9,13.9,121403.0
SAIFPOWER,2022-12-04,29.7,29.7,29.7,29.7,90.0
SINGERBD,2000-05-28,1155.0,1155.0,1100.0,1112.25,365.0
PADMALIFE,2019-10-14,16.0,16.0,15.4,15.8,22260.0
UCB2PBOND,2024-03-19,0.0,0.0,0.0,4700.0,0.0
GRAMEEN1,2007-10-17,75.8,75.8,70.0,70.6,862000.0
SALVOCHEM,2020-05-01,10.2,10.4,10.2,10.3,12430.0
SAMORITA,2011-12-20,82.8,82.8,80.5,81.3,4000.0
ACMELAB,2019-02-19,94.0,94.5,93.4,94.3,25781.0
NORTHERN,2016-07-25,245.0,252.0,240.0,242.2,39606.0
CAPITECGBF,2023-11-02,20.8,20.8,20.8,20.8,257254.0
PRIMELIFE,2022-09-11,58.4,59.2,56.7,57.6,81492.0
GREENDELT,2016-12-07,44.1,45.2,44.0,44.5,1682.0
SINGERBD,2011-07-14,3050.0,3070.0,3030.0,3049.0,9505.0
RUPALILIFE,2014-11-13,52.0,53.4,51.6,51.8,78500.0
RDFOOD,2025-03-02,27.0,28.8,27.0,28.6,3607548.0
MODERNDYE,2014-11-25,81.5,81.5,81.5,81.5,50.0
CONTININS,2013-04-16,25.5,26.0,24.7,24.9,54000.0
BEXIMCO,2004-06-23,27.0,27.2,26.7,27.0,12500.0
GHAIL,2023-12-18,18.0,18.2,17.6,17.7,527306.0
JMISMDL,2017-11-21,172.4,172.4,168.0,168.5,40122.0
BDAUTOCA,1999-04-10,95.0,95.0,88.25,90.25,980.0
RUPALIBANK,2023-04-16,25.2,25.2,25.2,25.2,2000.0
RELIANCE1,2017-02-02,10.1,10.1,9.9,9.9,191604.0
NATLIFEINS,2005-06-16,1540.0,1560.0,1530.0,1539.0,1160.0
AGNISYSL,2015-04-30,26.3,26.6,24.5,25.0,1390093.0
GREENDELT,2014-10-19,82.4,84.1,82.2,82.3,31700.0
SALAMCRST,2021-06-13,30.9,31.5,29.4,30.2,2130424.0
ARAMITCEM ,2015-09-04,23.8,24.1,22.9,23.2,39592.0
PRIMELIFE,2015-01-09,37.9,37.9,36.5,37.2,22056.0
EXIM1STMF,2020-10-25,6.2,6.6,6.2,6.4,1315928.0
GP,2018-02-01,472.2,480.4,472.0,479.6,172097.0
RINGSHINE,2023-08-23,9.8,9.8,9.8,9.8,2288.0
BEXIMCO,2007-01-02,35.7,36.6,35.2,35.3,76500.0
DHAKAINS,2023-10-04,58.6,58.6,56.4,56.8,143720.0
DSHGARME,2015-09-14,95.9,95.9,90.9,91.6,61853.0
FINEFOODS,2022-01-19,50.9,52.4,50.8,51.4,144405.0
SONARGAON,2014-09-18,8.6,8.9,8.6,8.7,48000.0
FEKDIL,2023-01-05,17.2,17.2,17.2,17.2,1.0
GPHISPAT,2015-04-06,45.9,47.0,44.2,46.0,179954.0
NLI1STMF,2021-04-15,13.6,13.6,12.8,13.3,92040.0
UTTARAFIN,2022-09-22,33.9,34.0,33.8,34.0,62083.0
KARNAPHULI,2019-09-26,20.8,20.8,19.6,20.6,489549.0
CONTININS,2023-01-31,33.1,33.3,33.1,33.1,28413.0
TRUSTBANK,2015-12-22,24.3,24.7,24.1,24.3,815950.0
ICBAGRANI1,2022-07-25,9.3,9.3,9.3,9.3,52674.0
ICB1STNRB,2012-03-25,27.2,27.3,27.1,27.1,4000.0
EXIMBANK,2015-02-06,9.8,9.9,9.6,9.6,2066489.0
PHARMAID,2013-11-04,106.0,116.2,103.1,116.2,67650.0
MICEMENT,2021-02-11,70.5,74.2,70.5,73.5,16721.0
AFTABAUTO,2024-12-22,35.6,35.6,34.9,34.9,351874.0
ISNLTD,2012-05-30,23.9,24.3,23.5,23.9,15500.0
PRIMEFIN,2008-10-27,1305.0,1323.0,1198.0,1209.5,21400.0
SONARGAON,2012-01-29,30.5,30.5,27.9,28.2,107000.0
DESCO,2008-03-04,1022.0,1030.0,1002.0,1020.25,47200.0
BANKASIA,2024-02-12,20.4,20.4,20.0,20.0,145086.0
CAPMBDBLMF,2021-02-08,13.7,13.9,13.5,13.5,1642439.0
NPOLYMAR,1999-04-15,127.0,133.0,125.0,128.0,600.0
BDAUTOCA,2013-04-16,24.4,25.0,23.4,23.6,19300.0
SIBL,2024-11-21,9.0,9.1,8.9,9.0,1499070.0
ONEBANKLTD,2009-06-17,365.0,372.0,353.0,367.0,339500.0
BDCOM,2022-08-07,31.2,32.3,31.0,31.7,1734651.0
NLI1STMF,2020-03-18,9.3,9.3,8.7,8.9,393961.0
SEAPEARL,2019-07-21,36.7,39.8,35.8,39.2,1743220.0
GPHISPAT,2022-08-29,51.5,52.3,51.1,51.4,2065548.0
EBL,2012-03-20,39.8,41.6,39.6,41.2,762000.0
UTTARABANK,2019-09-24,28.6,28.6,28.2,28.2,167945.0
APEXADELFT,2000-12-12,214.0,214.0,198.5,206.25,220.0
NITOLINS,2016-10-08,22.1,22.1,21.2,21.6,4400.0
GRAMEENS2,2014-04-22,17.0,17.1,16.6,16.6,395500.0
FBFIF,2023-04-30,5.0,5.0,5.0,5.0,5200.0
AMCL(PRAN),2016-05-18,194.3,194.3,192.8,193.0,21880.0
KDSALTD,2017-10-30,69.0,70.0,68.0,68.3,51128.0
RANFOUNDRY,2017-07-20,124.9,125.8,122.1,122.9,77853.0
ANWARGALV,2013-07-04,13.0,13.0,12.9,12.9,11000.0
EBL,2015-04-05,26.3,26.9,26.3,26.6,23080.0
GENNEXT,2022-10-25,6.1,6.3,6.1,6.2,609736.0
RENATA,2015-05-10,1240.5,1242.5,1233.0,1237.8,11554.0
GOLDENSON,2012-01-04,65.0,67.9,64.3,66.6,1960500.0
COPPERTECH,2022-11-15,38.4,38.4,38.4,38.4,34442.0
EASTLAND ,2018-06-06,18.6,19.7,18.0,19.6,144770.0
SINGERBD,2004-03-25,1426.0,1426.0,1420.0,1422.75,230.0
MLDYEING,2022-12-04,23.4,23.4,22.8,23.0,241443.0
MHSML,2017-01-06,30.5,31.0,30.0,30.8,1619844.0
WATACHEM,2016-12-06,132.2,132.2,131.0,131.0,6629.0
GBBPOWER,2013-05-13,28.5,29.9,27.7,29.5,1298000.0
SQURPHARMA,2012-08-14,262.9,263.0,259.8,261.8,763170.0
ARAMIT,2016-05-18,382.7,382.7,373.4,375.6,11327.0
DULAMIACOT,2015-07-23,8.3,8.5,8.2,8.5,15570.0
NORTHERN,2017-01-02,276.0,279.8,271.0,276.4,5617.0
RAHIMAFOOD,2022-05-05,281.5,281.5,273.1,275.8,46398.0
AMBEEPHA,2010-09-20,317.5,320.9,308.0,312.6,8300.0
GP,2017-08-11,442.0,460.0,442.0,459.0,707659.0
MAKSONSPIN,2019-04-12,5.3,5.6,5.2,5.5,3256288.0
CENTRALPHL,2021-02-11,15.5,16.5,15.2,16.1,1120887.0
UTTARABANK,2013-09-10,24.9,25.3,24.9,25.2,90075.0
CNATEX,2015-05-04,16.7,17.3,16.7,17.0,829111.0
BAYLEASING,2010-01-17,1630.0,1720.0,1630.0,1675.75,25500.0
PREMIERCEM,2014-12-06,86.1,86.1,85.0,85.2,97800.0
AZIZPIPES,2020-10-21,106.6,108.7,105.3,105.5,29521.0
JMISMDL,2017-04-04,182.2,183.5,181.9,182.6,57754.0
CROWNCEMNT,2024-03-13,71.1,72.4,69.0,70.0,2311.0
IBBLPBOND,2024-01-04,0.0,0.0,0.0,1053.0,0.0
HEIDELBCEM,2022-07-20,191.3,195.5,191.3,192.0,6257.0
NPOLYMAR,2003-02-02,151.0,151.0,149.0,149.5,60.0
QSMDRYCELL,2016-08-14,84.2,84.9,83.9,84.3,174664.0
SEBL1STMF,2018-10-30,12.0,12.0,11.9,12.0,7636.0
MTBL,2010-09-06,433.5,435.0,417.0,420.25,164800.0
BXPHARMA,2007-04-19,52.4,52.4,51.4,51.6,65850.0
BEACHHATCH,2012-03-09,24.8,25.7,24.8,25.2,361500.0
NORTHRNINS,2019-05-29,19.6,19.6,19.0,19.3,47442.0
GEMINISEA,2014-08-01,121.1,133.2,121.1,132.1,1200.0
BGIC,1999-09-18,216.25,216.25,216.25,216.25,10.0
APEXTANRY,1999-06-22,210.0,211.0,209.0,209.75,560.0
MIDASFIN,2018-09-01,46.6,47.0,46.2,46.5,105130.0
UNITEDFIN,2024-01-14,15.8,15.8,15.8,15.8,1452.0
LOVELLO,2022-08-07,38.1,39.9,38.1,39.4,465390.0
ALARABANK,2020-10-03,15.0,15.2,14.9,15.2,81540.0
FARCHEM,2018-08-29,18.9,18.9,18.3,18.4,1045965.0
MEGHNALIFE,2013-06-03,109.6,110.1,108.0,108.2,24650.0
SQUARETEXT,2018-11-29,48.0,48.7,48.0,48.4,34603.0
APEXADELFT,1999-07-12,162.0,162.0,155.25,157.25,460.0
GREENDELT,2005-08-29,598.0,600.0,593.0,597.25,940.0
HAKKANIPUL,2010-07-26,53.0,53.3,52.0,52.8,21500.0
SONARGAON,2022-11-16,49.6,49.6,49.6,49.6,75.0
CONTININS,2013-07-28,27.0,27.0,26.4,26.4,13500.0
ONEBANKLTD,2012-05-20,29.2,29.5,28.6,28.9,1008500.0
DAFODILCOM,2008-09-11,23.2,23.3,21.3,21.6,181500.0
MATINSPINN,2020-12-30,35.3,36.4,35.0,36.4,214015.0
BBS,2020-10-25,17.2,18.9,16.9,18.8,1780785.0
UTTARABANK,2015-11-25,21.7,21.9,21.7,21.7,279384.0
AMBEEPHA,2023-02-23,475.4,476.0,475.4,475.4,1770.0
AAMRATECH,2018-04-22,31.3,31.4,31.0,31.1,128095.0
EBL,2013-02-26,32.5,32.9,31.8,32.5,212600.0
ICBSONALI1,2021-04-02,7.9,8.1,7.9,7.9,37411.0
GBBPOWER,2016-02-16,17.4,17.8,17.4,17.6,538598.0
UNIONCAP,2010-03-03,144.0,145.0,139.1,140.2,981500.0
ICBIBANK,2012-12-24,7.5,7.7,7.4,7.4,244000.0
DSHGARME,2024-02-01,91.0,94.5,90.0,93.7,21239.0
MEGHNALIFE,2024-03-21,79.7,79.7,77.5,78.7,112246.0
RAKCERAMIC,2022-11-02,42.9,42.9,42.9,42.9,49763.0
APOLOISPAT,2021-02-15,6.6,7.0,6.6,6.9,2458359.0
NRBCBANK,2024-10-14,9.2,9.3,9.0,9.1,300953.0
SAIHAMCOT,2017-02-15,17.9,18.4,17.4,17.6,1265265.0
BSC,2014-11-09,610.0,617.0,605.5,608.0,178380.0
NTLTUBES,2024-09-03,73.5,76.5,73.5,75.2,92604.0
SAMORITA,2009-08-12,1050.0,1050.5,1010.0,1045.0,900.0
KEYADETERG,2004-10-08,10.8,10.8,10.4,10.5,77000.0
PRIMEINSUR,2019-07-25,25.0,25.1,23.9,24.1,801363.0
UCBL,2008-07-22,6720.0,7049.0,6600.0,6854.0,31530.0
ENVOYTEX,2017-03-27,40.6,41.2,40.6,41.0,99396.0
ABBANK,2011-08-18,765.0,768.0,750.0,756.75,26975.0
IBBL2PBOND,2024-12-03,0.0,0.0,0.0,3351.0,0.0
ACIZCBOND,2010-05-23,773.0,780.0,773.0,776.5,3935.0
SOUTHEASTB,2013-06-01,19.2,19.5,19.2,19.2,318000.0
BATBC,2008-01-29,126.0,127.0,125.2,125.4,27850.0
SAPORTL,2013-01-30,31.4,31.6,30.8,30.9,90100.0
NCCBLMF1,2018-07-24,7.4,7.4,7.4,7.4,200.0
ACMELAB,2022-06-29,89.1,89.2,88.2,88.6,155281.0
BXSYNTH,2023-07-25,0.0,0.0,0.0,8.4,0.0
JAMUNABANK,2013-10-04,17.6,18.5,17.6,18.2,121000.0
APEXFOODS,2010-08-23,1086.0,1100.0,1080.25,1086.0,2345.0
PROGRESLIF,2010-08-09,2470.0,2470.0,2400.0,2448.0,1400.0
MONOSPOOL,2023-09-05,255.2,259.5,254.2,254.7,43011.0
MATINSPINN,2021-05-08,54.7,57.2,54.7,56.4,810369.0
MPETROLEUM,2022-03-14,195.0,195.0,190.0,191.6,8780.0
QSMDRYCELL,2006-02-16,10.6,10.7,10.6,10.6,3500.0
TRUSTBANK,2024-07-08,26.6,26.7,26.3,26.6,46601.0
ALLTEX,2024-01-15,17.5,17.5,17.5,17.5,450.0
ZAHINTEX,2019-04-21,8.6,8.6,8.3,8.4,10425.0
FAREASTLIF,2012-11-22,106.0,107.2,105.2,105.9,12050.0
DYNAMICTEX,2007-11-18,18.0,18.0,17.75,17.75,2220.0
RAHIMTEXT,2020-07-16,227.7,227.7,227.7,227.7,50.0
IBBLPBOND,2014-09-21,971.0,1005.0,971.0,997.75,655.0
KOHINOOR,2022-11-02,568.0,596.0,567.8,588.5,42210.0
BBSCABLES,2019-01-23,106.9,107.5,105.1,106.8,1036002.0
SUNLIFEINS,2015-06-05,27.0,27.2,25.8,27.0,8196.0
SINGERBD,2018-11-07,195.0,198.5,187.2,188.7,276734.0
RAHIMTEXT,2016-07-06,228.0,230.5,225.0,225.7,4773.0
PREMIERLEA,2007-01-16,190.0,191.0,185.75,186.0,8000.0
CITYBANK,2014-08-27,16.3,16.4,15.8,15.9,1258650.0
DESCO,2018-11-26,40.0,40.4,40.0,40.1,43491.0
RUPALIBANK,2009-10-06,651.0,665.0,649.5,660.25,2850.0
ATLASBANG,2015-04-13,125.0,127.2,122.0,122.3,4504.0
PADMACEM,2010-05-23,20.3,20.3,19.1,19.4,152500.0
PRIMELIFE,2014-11-11,91.2,93.7,91.0,92.1,13550.0
STYLECRAFT,2016-07-06,1085.0,1090.0,1080.0,1084.9,296.0
SAFKOSPINN,2011-11-08,488.0,497.0,482.5,484.75,18350.0
DULAMIACOT,2024-05-05,62.3,62.3,62.3,62.3,100.0
GREENDELT,2022-11-02,65.1,68.0,65.1,66.6,269281.0
NHFIL,2014-12-17,28.8,29.3,28.8,29.2,29314.0
SPCL,2015-03-22,189.0,203.1,187.0,202.8,852120.0
SAMORITA,2013-08-29,112.0,112.0,101.9,103.5,37500.0
GOLDENSON,2018-03-22,11.8,12.0,11.8,11.9,23584.0
KARNAPHULI,2020-01-23,24.9,25.7,24.5,24.7,3504816.0
SAMORITA,2024-11-19,0.0,0.0,0.0,54.1,0.0
CVOPRL,2022-09-02,211.6,219.3,211.5,214.3,157730.0
FINEFOODS,2011-09-03,67.0,73.9,67.0,70.2,190000.0
MAKSONSPIN,2014-08-26,15.7,16.7,15.5,16.3,4791000.0
IDLC,2018-01-16,80.8,82.0,80.7,81.5,278607.0
EXIM1STMF,2019-06-13,5.2,5.3,5.1,5.2,228355.0
BDWELDING,2021-09-16,23.5,23.5,22.6,22.8,187895.0
IBNSINA,2012-04-24,135.0,136.0,130.9,131.7,18300.0
HRTEX,2010-11-24,1045.0,1100.0,990.0,1015.5,38050.0
BPML,2023-06-21,78.9,79.4,78.4,79.0,364776.0
CMCKAMAL,2013-10-24,30.0,30.5,28.5,28.9,1226300.0
KDSALTD,2021-03-05,44.2,44.7,43.2,43.3,16655.0
ICBEPMF1S1,2013-12-17,6.0,6.2,6.0,6.1,185000.0
SINOBANGLA,2018-10-05,50.4,52.6,48.7,51.9,1037583.0
JUTESPINN,2022-10-30,202.0,202.0,160.5,190.4,1326.0
BDWELDING,2016-07-17,10.1,10.1,10.0,10.1,157530.0
GRAMEENS2,2016-10-04,9.9,10.0,9.9,9.9,53800.0
JAMUNAOIL,2015-01-02,201.0,201.6,198.2,199.8,82846.0
DEBBDLUGG,2024-02-08,0.0,0.0,0.0,784.0,0.0
LANKABAFIN,2010-12-22,509.0,509.0,492.2,495.0,426000.0
BAYLEASING,2023-09-18,0.0,0.0,0.0,23.9,0.0
UTTARABANK,2017-05-12,36.0,36.3,35.6,35.8,671288.0
ARAMIT,2000-05-12,51.2,51.2,50.1,50.4,4850.0
RELIANCINS,2011-07-17,1214.0,1227.0,1204.0,1214.5,400.0
MEGHNALIFE,2023-06-18,101.0,107.0,99.0,105.4,2209827.0
SILCOPHL,2023-01-12,23.4,23.4,23.4,23.4,7621.0
ISLAMIBANK,2009-10-26,520.0,525.0,514.0,517.25,105720.0
GP,2023-11-21,286.6,286.6,286.6,286.6,230.0
ARAMIT,2009-05-08,330.0,331.0,327.0,330.4,9650.0
ARAMIT,2016-12-01,519.5,519.5,491.0,495.8,13978.0
GHCL,2022-08-03,38.9,40.7,38.5,39.2,618232.0
PROVATIINS,2020-12-20,82.6,84.9,81.7,82.5,271157.0
NORTHRNINS,2016-04-27,15.0,15.2,14.6,14.6,95503.0
TITASGAS,2022-12-08,40.9,40.9,40.9,40.9,135.0
PRIME1ICBA,2019-05-19,6.1,6.1,5.8,6.0,527.0
ACI,2006-03-21,71.4,71.4,70.0,70.0,0.0
UNITEDINS,2021-12-10,65.7,67.0,65.0,65.7,35811.0
KDSALTD,2017-10-24,68.0,68.0,67.0,67.2,37647.0
ICBSONALI1,2021-09-23,8.5,8.6,8.4,8.4,65515.0
MONNOCERA,2015-04-08,32.0,33.0,31.2,31.7,80464.0
RELIANCINS,2007-12-19,490.0,490.0,490.0,490.0,100.0
FIRSTFIN,2017-05-22,11.6,11.7,11.3,11.5,891929.0
EXIM1STMF,2018-04-30,7.0,7.0,6.9,6.9,23626.0
BDLAMPS,2019-05-29,196.0,196.0,189.1,191.0,21410.0
DHAKAINS,2010-12-28,2600.0,2653.0,2591.0,2618.75,13950.0
FEDERALINS,2013-06-02,30.8,30.9,29.7,29.9,184400.0
MONNOCERA,2000-09-07,450.0,512.0,450.0,506.0,9585.0
APEXADELFT,2012-06-03,218.0,218.0,209.0,210.4,25000.0
SAFKOSPINN,2017-09-17,17.9,18.4,17.7,17.9,1584762.0
SUMITPOWER,2009-04-15,1160.0,1188.75,1123.0,1178.5,244900.0
ABBANK,2003-01-28,252.0,253.5,252.0,252.5,1745.0
APOLOISPAT,2022-09-20,8.2,8.2,8.2,8.2,138628.0
HRTEX,2023-02-05,115.9,115.9,115.9,115.9,89.0
BANGAS,2022-09-21,130.7,133.7,128.6,129.0,104756.0
SAIFPOWER,2017-10-18,45.9,46.2,45.1,45.2,1311682.0
TUNGHAI,2021-01-19,3.3,3.4,3.2,3.3,137484.0
MIRACLEIND,2023-12-13,41.0,41.6,39.4,39.8,942736.0
SAMORITA,2011-07-02,1322.0,1328.25,1290.0,1318.75,1850.0
BNICL,2017-07-06,17.0,17.3,16.9,17.0,31601.0
GRAMEEN1,2006-04-30,12.0,12.1,11.8,11.9,79000.0
SALEHCARPT,2004-12-05,1.5,1.5,1.5,1.5,2000.0
RELIANCINS,2023-03-20,55.4,55.4,55.4,55.4,13543.0
ORIONINFU,2021-09-03,72.1,72.1,72.1,72.1,2414.0
ORIONPHARM,2024-09-05,46.1,47.1,45.9,46.1,510403.0
MAKSONSPIN,2009-05-26,48.0,48.9,46.8,48.1,815000.0
IFILISLMF1,2020-12-02,6.0,6.3,5.9,6.3,867337.0
ARAMIT,2002-01-21,44.0,44.1,44.0,44.0,2850.0
ISLAMIBANK,2019-08-12,20.1,20.2,19.3,19.4,830040.0
PURABIGEN,2021-07-04,27.5,29.7,27.0,28.8,1178791.0
AL-HAJTEX,2016-04-20,86.0,90.2,86.0,88.0,124650.0
PROVATIINS,2021-01-17,73.6,78.8,73.6,75.8,223704.0
BSRMLTD,2021-07-13,86.7,87.4,85.7,86.1,219807.0
SQUARETEXT,2006-03-19,82.0,82.4,81.0,81.1,27000.0
ALIF,2022-01-03,14.9,15.2,14.6,14.7,5978358.0
LINDEBD,2016-05-19,1375.0,1393.9,1356.0,1360.0,38793.0
ARAMITCEM,2014-10-08,42.8,43.1,42.7,43.0,100500.0
IBNSINA,2011-04-25,1743.25,1795.0,1722.25,1730.25,4790.0
IDLC,1999-01-14,480.0,480.0,479.0,479.25,0.0
MEGCONMILK,2008-01-14,8.4,8.4,7.9,8.0,119500.0
PADMALIFE,2017-03-13,37.7,37.7,36.3,36.8,18040.0
ISLAMIBANK,2021-04-29,27.9,28.0,27.8,27.9,306369.0
MONNOSTAF,2010-12-27,3500.0,3698.0,3395.0,3513.75,135.0
BSRMSTEEL,2018-07-22,71.0,72.5,70.8,71.7,199983.0
KEYACOSMET,2015-12-04,17.1,17.4,17.1,17.4,173977.0
DESHBANDHU,2021-10-01,12.7,12.7,12.2,12.3,1295200.0
ACIFORMULA,2021-12-14,159.4,159.4,154.0,154.7,16284.0
MALEKSPIN,2014-06-02,28.5,28.5,27.9,27.9,1433500.0
MEGHNAPET,2014-03-07,5.5,5.9,5.5,5.6,4500.0
BATBC,2014-11-12,2795.0,2795.0,2730.0,2749.0,767.0
LAFSURCEML,2010-02-24,456.5,457.75,447.0,450.75,60250.0
MEGHNACEM,2022-11-27,72.0,72.0,68.6,69.0,2833.0
WMSHIPYARD,2022-08-21,11.2,11.2,11.0,11.1,842906.0
MITHUNKNIT,2013-01-31,80.5,80.8,74.8,75.6,229000.0
BDLAMPS,2021-04-18,148.5,148.5,145.6,147.3,8463.0
SINOBANGLA,2022-03-03,50.1,51.5,50.1,50.8,117973.0
BDWELDING,2007-09-08,12.7,12.9,12.7,12.8,22000.0
IFADAUTOS,2023-07-09,44.1,44.1,44.1,44.1,1556.0
METROSPIN,2022-09-20,44.0,45.4,41.7,42.4,2330344.0
PHPMF1,2023-12-05,5.2,5.2,5.2,5.2,911.0
NCCBLMF1,2023-03-07,6.9,7.0,6.9,7.0,108407.0
SHYAMPSUG,2021-11-23,86.7,86.7,80.5,81.5,2138.0
SINGERBD,2013-04-28,121.5,122.1,119.5,120.1,33550.0
SONALIPAPR,2024-08-01,274.9,279.0,269.0,277.3,184098.0
POWERGRID,2022-10-27,52.4,52.4,52.4,52.4,3284.0
MJLBD,2014-04-21,73.9,73.9,70.3,72.7,268300.0
CENTRALINS,2021-12-30,55.3,55.7,54.7,55.5,266142.0
AFTABAUTO,2001-08-22,222.5,224.0,222.25,222.5,235.0
BDCOM,2015-11-26,23.2,24.4,23.1,24.1,1138809.0
BERGERPBL,2011-02-13,698.0,760.0,684.5,718.1,9450.0
RELIANCINS,2009-04-02,855.0,889.0,850.0,869.0,12600.0
FARCHEM,2020-04-08,10.0,10.6,10.0,10.2,4471742.0
SQURPHARMA,2009-03-02,2939.75,2939.75,2900.0,2901.75,11883.0
IBNSINA,2018-02-25,244.0,252.9,243.7,250.6,294907.0
PARAMOUNT,2020-02-06,39.1,41.5,39.1,40.2,371812.0
SEMLLECMF,2022-11-01,9.4,10.1,9.1,9.8,743341.0
GSPFINANCE,2016-06-28,12.7,12.8,12.4,12.7,285662.0
UTTARAFIN,2022-03-02,40.7,40.9,40.4,40.6,28005.0
ASIAINS,2015-04-22,15.5,15.9,15.0,15.0,19612.0
REPUBLIC,2022-11-17,36.4,36.4,36.4,36.4,35391.0
PHPMF1,2012-04-06,5.7,5.7,5.3,5.4,572500.0
GREENDELT,2020-01-26,50.8,51.5,50.8,51.0,7420.0
LANKABAFIN,2017-08-30,57.9,59.6,57.6,59.3,7368192.0
GEMINISEA,2024-10-06,232.5,235.6,227.2,228.0,58635.0
NHFIL,2013-09-09,28.7,28.8,28.0,28.2,140500.0
AAMRANET,2021-07-09,58.0,58.2,56.1,56.3,422554.0
NURANI,2024-03-11,5.0,5.2,4.8,4.9,289167.0
PRIMELIFE,2023-01-22,62.4,63.9,61.0,61.1,339559.0
NHFIL,2013-07-25,31.3,31.9,29.5,29.8,205000.0
MONNOCERA,2025-02-19,88.5,89.3,87.2,88.1,194036.0
KARNAPHULI,2010-09-06,825.0,829.0,805.0,809.75,86660.0
SINOBANGLA,2010-12-26,79.9,81.5,74.5,75.4,398000.0
LIBRAINFU,2021-10-24,793.0,793.0,766.0,774.1,1374.0
ALLTEX,2019-07-31,10.9,11.3,10.4,11.2,95005.0
TAKAFULINS,2013-05-11,43.0,44.4,42.6,42.7,358000.0
CITYBANK,2024-08-28,23.5,23.6,23.0,23.1,4164396.0
ABBANK,2019-01-08,8.9,9.0,8.8,8.8,89307.0
SQURPHARMA,2010-09-13,3027.0,3055.0,2994.0,3038.75,62437.0
BDLAMPS,2003-06-22,424.75,430.0,415.5,424.0,415.0
TOSRIFA,2019-11-03,20.4,20.8,20.2,20.3,203303.0
DULAMIACOT,2022-08-07,76.0,76.0,71.1,71.2,3205.0
NAHEEACP,2021-03-10,51.2,51.8,50.9,51.3,561580.0
FIRSTSBANK,2013-06-30,13.6,14.0,13.6,13.8,423400.0
UTTARAFIN,2000-03-28,172.0,175.0,172.0,173.25,450.0
RUPALILIFE,2022-08-25,63.0,66.3,63.0,65.7,614947.0
RAHIMAFOOD,2016-08-18,63.5,63.8,62.5,63.1,34150.0
JAMUNAOIL,2015-11-01,206.9,209.0,206.9,208.0,115652.0
NCCBANK,2003-10-22,153.5,162.75,153.5,161.25,9300.0
JANATAINS,2019-01-09,16.0,16.0,15.7,15.8,42971.0
GBBPOWER,2013-07-16,29.6,30.0,28.7,29.0,449800.0
MONNOSTAF,2020-05-01,835.0,849.0,811.0,814.3,29767.0
PROVATIINS,2019-06-26,27.8,28.8,27.5,28.0,355373.0
ACI,2012-09-09,152.0,155.0,150.0,152.6,4400.0
UTTARAFIN,2020-09-09,54.7,55.8,53.6,55.6,109485.0
BEXIMCO,2010-08-11,325.0,328.0,319.0,319.9,2376500.0
GREENDELT,2023-10-04,71.3,72.9,70.6,71.7,183190.0
KARNAPHULI,2019-03-25,17.2,17.3,16.7,16.8,49679.0
USMANIAGL,2016-02-08,94.0,95.0,92.6,93.6,78930.0
PROGRESLIF,2016-05-26,62.0,62.0,62.0,62.0,120.0
KBPPWBIL,2016-12-22,20.5,21.8,20.3,21.2,3434366.0
MEGCONMILK,2021-11-25,14.9,15.5,14.8,15.0,4411.0
CAPMBDBLMF,2023-08-20,9.9,9.9,9.9,9.9,10135.0
VAMLRBBF,2022-10-13,7.4,7.4,7.4,7.4,4450.0
EXIMBANK,2013-05-15,16.0,16.0,15.3,15.6,1623000.0
SAIHAMTEX,2010-09-05,372.25,380.0,370.0,374.75,4480.0
PADMALIFE,2018-12-27,24.9,25.1,24.8,25.0,15997.0
EASTERNINS,2022-06-21,64.9,64.9,61.3,62.3,92875.0
MIRACLEIND,2005-08-23,12.0,12.3,12.0,12.1,180000.0
PUBALIBANK,2023-04-04,26.3,26.4,26.3,26.3,49852.0
ICB1STNRB,2011-01-26,522.75,530.0,520.0,525.5,1600.0
BDTHAI,2000-05-21,315.0,319.0,302.0,312.75,240.0
REPUBLIC,2016-02-23,15.6,15.9,15.4,15.5,29993.0
BEACONPHAR,2019-07-30,23.4,24.1,23.0,23.1,4970831.0
BENGALWTL,2024-03-07,24.2,24.3,23.8,23.9,175589.0
GACHIHATA,2007-12-17,12.0,12.0,12.0,12.0,100.0
DBH1STMF,2016-05-22,5.0,5.0,5.0,5.0,86063.0
BEXTEX,2010-11-10,82.8,83.0,81.3,82.3,1877400.0
SAPORTL,2012-02-08,31.5,32.0,30.7,30.7,53400.0
FINEFOODS,2012-12-27,17.8,18.0,17.8,17.9,5500.0
SUNLIFEINS,2017-10-10,21.5,22.3,21.5,21.8,10220.0
1JANATAMF,2024-11-28,3.4,3.4,3.4,3.4,337303.0
RENATA,2013-12-30,733.9,733.9,720.0,722.0,4200.0
MONNOFABR,2008-06-02,65.75,66.0,65.0,65.5,2300.0
VAMLBDMF1,2022-02-24,7.5,7.6,7.5,7.5,38840.0
ARAMITCEM,2013-01-14,61.0,62.0,61.0,61.1,4000.0
APEXFOODS,2004-09-23,562.0,568.0,555.0,557.25,850.0
JAMUNAOIL,2015-05-26,204.0,209.0,203.9,204.9,225315.0
SALVOCHEM,2023-01-17,61.8,61.8,61.8,61.8,3789.0
EXIM1STMF,2022-05-24,5.8,5.8,5.6,5.7,565708.0
SANDHANINS,2008-04-28,2010.0,2010.0,1952.0,1977.0,1350.0
SHEPHERD,2020-06-14,15.1,15.1,15.1,15.1,3015.0
GP,2019-04-09,294.7,297.4,287.2,289.4,241336.0
SEB1PBOND,2024-08-18,0.0,0.0,0.0,5000.0,0.0
POWERGRID,2023-07-26,52.4,52.4,52.4,52.4,5205.0
ICB,2023-01-10,87.6,87.6,87.6,87.6,202.0
BBS,2017-12-20,39.5,39.6,38.9,39.0,229807.0
BDLAMPS,2008-10-22,1223.0,1242.0,1165.0,1183.25,6485.0
LANKABAFIN,2007-09-19,66.0,68.0,65.9,67.1,282500.0
BDLAMPS,2022-07-21,272.0,272.0,262.8,264.3,44975.0
AFTABAUTO,2017-01-26,67.3,67.9,66.0,66.8,577997.0
PREMIERCEM,2022-04-04,56.5,56.5,55.9,56.0,10554.0
FUWANGFOOD,2013-03-28,21.9,22.7,21.7,22.2,50900.0
MATINSPINN,2019-11-18,34.5,35.5,32.0,34.1,40839.0
MATINSPINN,2024-11-24,46.5,47.0,45.9,46.2,82264.0
GACHIHATA,2009-05-19,34.0,39.0,34.0,38.5,87950.0
CONTININS,2021-01-09,55.8,57.4,55.4,56.0,2802697.0
MIRACLEIND,2014-12-03,20.1,21.2,20.1,20.4,223500.0
HWAWELLTEX,2015-10-12,32.4,33.0,32.1,32.9,68016.0
NTC,2007-04-06,715.0,760.0,712.0,751.0,590.0
PUBALIBANK,2024-10-08,25.1,25.5,25.1,25.3,176942.0
EXIMBANK,2023-10-25,10.4,10.4,10.4,10.4,1.0
KEYACOSMET,2004-02-08,16.6,17.3,16.6,17.1,265500.0
AMANFEED,2024-07-28,28.5,29.1,28.1,28.1,82946.0
DELTASPINN,2024-01-29,7.2,7.2,6.2,6.7,561519.0
FIDELASSET,2008-09-14,274.0,284.0,274.0,280.5,5150.0
SHYAMPSUG,2016-11-23,11.3,11.5,11.0,11.2,3516.0
NITOLINS,2015-12-02,24.9,25.5,24.0,25.0,24788.0
JAMUNAOIL,2011-03-30,284.0,301.7,278.6,301.2,766100.0
BDTHAI,2020-09-23,17.9,18.6,17.9,18.5,2033275.0
SHEPHERD,2020-03-09,16.7,16.7,16.5,16.6,587574.0
ATLASBANG,1999-06-09,124.0,124.0,124.0,124.0,850.0
FARCHEM,2019-10-24,8.1,8.4,8.0,8.3,422953.0
PRIMEINSUR,2016-10-30,16.8,18.2,16.0,17.3,44801.0
ICB,2022-08-02,97.5,97.5,94.3,94.8,59821.0
RENWICKJA,2010-08-26,1232.0,1232.0,1183.0,1189.5,1165.0
DELTALIFE,2012-11-01,2899.0,2899.0,2840.1,2859.1,250.0
SQUARETEXT,2004-02-09,79.9,80.5,78.6,79.3,134900.0
FAMILYTEX,2014-10-30,24.4,24.4,23.5,23.6,3101000.0
BDAUTOCA,2008-11-26,137.0,137.0,133.0,133.5,720.0
CONTININS,2020-06-23,18.3,18.3,18.3,18.3,12000.0
IBNSINA,2008-08-20,944.0,950.0,940.0,944.0,370.0
POPULAR1MF,2016-11-07,4.6,5.0,4.6,5.0,3489608.0
FBFIF,2021-08-31,6.1,6.1,5.9,6.0,6038901.0
APEXFOODS,2011-07-27,1000.0,1000.0,974.5,988.0,1665.0
BPPL,2022-09-05,31.2,32.6,30.7,31.0,1014479.0
AIMS1STMF,2014-04-21,42.1,43.8,42.0,42.3,291500.0
DHAKABANK,2024-08-18,13.4,13.4,13.0,13.0,1433531.0
PTL,2018-11-22,58.4,61.4,58.4,61.2,1824132.0
BDWELDING,2008-06-06,25.5,25.5,23.5,24.0,99000.0
CTGVEG,2011-04-08,2700.0,2800.0,2700.0,2746.75,1480.0
STANDBANKL,2016-09-21,9.7,9.9,9.6,9.8,971415.0
MAKSONSPIN,2011-02-03,46.0,47.0,40.0,40.4,2416000.0
BDAUTOCA,2023-05-07,140.1,140.5,136.0,136.4,109503.0
MONNOAGML,2024-09-01,499.5,508.0,497.1,507.4,33236.0
IDLC,2014-09-24,66.0,66.8,65.0,65.1,1045000.0
MEGHNACEM,2001-07-31,464.0,471.0,462.0,468.5,19300.0
NATLIFEINS,2018-11-26,163.8,166.0,161.7,162.7,46654.0
CITYBANK,2003-10-09,240.0,244.0,237.75,240.0,140.0
ROBI,2023-11-13,30.0,30.0,30.0,30.0,22026.0
DESHBANDHU,2022-05-17,19.0,19.1,17.8,18.4,319356.0
BCIL,2009-04-03,60.0,60.0,52.0,58.25,2110.0
SONARBAINS,2020-05-08,44.9,47.5,44.5,46.0,2701689.0
ICB,2017-11-15,175.9,177.7,175.0,175.6,150619.0
FUWANGFOOD,2015-05-25,24.9,25.1,23.7,24.4,3407908.0
ROSEHEAVEN,2009-05-13,14.2,16.3,13.9,16.0,125500.0
UTTARAFIN,2018-09-19,61.3,62.0,61.3,61.7,39841.0
BEXIMCO,2019-05-09,19.2,20.0,19.1,19.6,2971670.0
NPOLYMAR,2003-09-09,163.5,163.5,163.5,163.5,10.0
AMBEEPHA,2004-07-31,50.1,51.8,50.1,50.9,300.0
LIBRAINFU,2013-01-14,200.0,200.0,200.0,200.0,200.0
MONNOFABR,2022-09-02,23.6,23.6,22.9,23.0,118906.0
NPOLYMAR,2001-10-13,208.0,214.0,208.0,211.25,220.0
PHENIXINS,2009-08-18,634.0,649.25,634.0,637.25,20960.0
BBS,2018-04-30,30.2,30.5,29.9,30.0,366030.0
ALLTEX,2017-08-24,13.5,13.7,13.1,13.3,54313.0
CAPMBDBLMF,2018-04-18,8.9,9.0,8.4,8.5,203338.0
PRIMEFIN,2018-05-07,10.6,10.7,10.2,10.3,160692.0
METROSPIN,2008-02-24,18.1,19.0,18.0,18.5,12500.0
STANDBANKL,2017-01-26,14.7,14.9,14.2,14.7,2821241.0
SINOBANGLA,2008-01-23,27.3,27.4,26.3,26.7,17000.0
PRAGATIINS,2012-05-20,80.4,83.4,79.1,81.4,4900.0
BGIC,2016-11-30,21.0,22.2,19.9,21.5,1328345.0
GP,2023-01-17,286.6,286.6,286.6,286.6,6641.0
WMSHIPYARD,2014-11-23,70.4,70.4,63.9,64.8,2888200.0
KARNAPHULI,2022-05-22,30.8,31.3,29.4,29.5,75237.0
PHOENIXFIN,2011-09-03,1380.0,1414.0,1365.0,1414.0,35650.0
BANKASIA,2021-12-12,20.6,20.6,20.3,20.3,137885.0
BDTHAIFOOD,2024-08-12,26.5,26.5,25.7,25.8,174352.0
FUWANGFOOD,2009-12-27,54.7,54.7,52.0,52.4,117500.0
CITYGENINS,2016-10-16,13.6,13.8,13.3,13.7,289727.0
RENWICKJA,2011-02-24,682.0,682.0,681.0,681.5,20.0
NHFIL,2019-11-13,35.6,36.0,35.1,35.2,103160.0
SAFKOSPINN,2012-02-16,30.7,30.9,28.7,29.3,165500.0
RENATA,2022-02-17,1380.0,1380.0,1357.0,1358.3,31773.0
ANLIMAYARN,2011-05-10,446.0,459.25,440.5,457.25,49650.0
SUMITPOWER,2022-08-16,34.5,34.5,34.1,34.2,156041.0
FINEFOODS,2024-11-17,175.2,182.6,175.2,181.7,151172.0
MONNOSTAF,2008-10-23,625.0,625.0,620.0,621.5,60.0
SONALIANSH,2018-01-16,209.4,215.9,209.3,214.6,9691.0
MEGHNALIFE,2014-03-09,88.5,92.0,88.5,89.5,151550.0
MTB,2016-10-30,21.5,21.6,21.4,21.4,338167.0
NTLTUBES,2018-01-04,118.0,123.0,118.0,121.8,210740.0
ARAMITCEM,2023-03-13,22.0,22.3,22.0,22.0,95881.0
DACCADYE,2018-10-23,5.5,5.5,5.0,5.2,36250.0
ICBIBANK,2013-05-09,5.9,6.0,5.9,5.9,276000.0
UNITEDFIN,2023-01-31,15.8,15.8,15.8,15.8,5.0
AIMS1STMF,2010-02-22,22.3,22.3,18.8,19.49,5950000.0
GREENDELT,2004-02-11,1320.0,1320.0,1320.0,1320.0,10.0
BRACBANK,2010-11-02,795.25,842.0,790.0,835.0,246300.0
EBL1STMF,2023-11-08,0.0,0.0,0.0,7.4,0.0
ARAMIT,2025-01-22,157.8,161.1,157.8,159.4,3898.0
BEXTEX,2000-10-12,123.75,124.25,122.0,123.0,3850.0
APEXSPINN,2002-03-18,150.0,150.5,146.5,148.75,100.0
EPGL,2022-01-02,40.8,42.5,40.7,41.4,335816.0
MATINSPINN,2019-12-30,32.8,34.1,29.7,33.2,21777.0
HAKKANIPUL,2010-07-02,57.5,58.0,57.4,57.6,12500.0
WMSHIPYARD,2022-07-20,11.1,11.9,11.1,11.4,193385.0
MHSML,2017-08-16,28.9,28.9,28.1,28.5,440370.0
PROGRESLIF,2008-10-30,1541.0,1541.0,1500.0,1510.75,2150.0
CENTRALINS,2023-12-26,37.7,37.7,36.4,36.7,13973.0
UPGDCL,2021-02-23,269.4,272.7,268.8,270.2,155956.0
TAKAFULINS,2014-02-26,40.3,40.5,40.1,40.2,25000.0
PADMAOIL,2017-07-27,252.2,254.0,252.1,252.7,19402.0
DUTCHBANGL,2020-06-07,56.9,56.9,56.9,56.9,1505.0
AIL,2021-03-05,23.3,24.2,23.1,23.1,66711.0
MONNOAGML,2023-03-23,966.0,975.0,941.1,960.9,22886.0
TALLUSPIN,2021-10-06,4.8,5.2,4.8,5.2,653362.0
ASIAPACINS,2008-03-19,208.0,211.0,193.25,206.5,32750.0
SONALIANSH,2022-11-02,815.0,845.0,790.0,833.8,63754.0
CVOPRL,2025-01-20,118.7,120.0,116.0,117.9,133394.0
FINEFOODS,2016-08-22,9.1,9.7,9.1,9.5,70751.0
QUEENSOUTH,2024-05-23,14.0,14.3,13.7,13.8,117708.0
FEDERALINS,2011-02-24,135.2,138.6,133.5,134.8,14400.0
BARKAPOWER,2020-01-14,22.0,22.0,21.0,21.3,83914.0
RELIANCINS,2023-09-27,77.7,77.8,75.1,76.1,137448.0
APOLOISPAT,2023-10-11,8.2,8.2,8.2,8.2,500.0
OLYMPIC,2010-07-27,2216.0,2337.0,2216.0,2312.5,63250.0
SAIHAMCOT,2014-09-25,20.1,20.2,20.0,20.0,755250.0
MJLBD,2022-07-28,85.3,86.3,85.3,86.0,30795.0
FAMILYTEX,2025-03-17,2.7,2.7,2.5,2.6,308146.0
NURANI,2024-11-24,4.0,4.1,4.0,4.0,39821.0
NTC,2007-02-04,800.0,800.0,750.0,754.5,520.0
FAREASTFIN,2018-11-26,4.9,4.9,4.8,4.9,111252.0
APOLOISPAT,2017-07-02,23.0,23.1,22.5,22.8,4771631.0
HEIDELBCEM,2014-11-02,438.0,439.0,429.2,433.3,99900.0
ACIFORMULA,2013-04-07,83.0,83.8,81.0,82.8,117200.0
MITHUNKNIT,2021-02-09,26.3,26.3,24.2,24.4,975986.0
CNATEX,2015-05-18,17.8,18.8,17.8,18.3,789292.0
MONNOFABR,2025-03-23,16.8,16.8,16.4,16.5,740763.0
MIRACLEIND,2009-07-01,28.1,29.6,28.1,28.2,170000.0
IDLC,2000-04-20,460.5,460.5,460.5,460.5,20.0
MEGCONMILK,2023-08-02,29.2,29.6,29.0,29.4,12763.0
POPULARLIF,2017-04-05,72.2,72.2,71.6,71.7,45015.0
SAIHAMCOT,2020-11-26,16.1,16.1,16.1,16.1,2144.0
DESCO,2021-07-03,34.8,35.0,34.8,34.8,61410.0
ENVOYTEX,2021-03-08,37.0,37.0,35.5,36.2,485091.0
ANWARGALV,2021-10-25,405.5,418.5,382.0,389.7,30641.0
PTL,2024-09-17,54.6,56.0,53.3,53.8,247798.0
BATBC,2014-12-02,2080.0,2100.0,2065.5,2068.3,5450.0
PRIMEBANK,2009-04-20,376.0,403.0,375.25,393.0,63650.0
TRUSTB1MF,2012-10-14,10.2,10.4,9.3,9.5,1621500.0
CMCKAMAL,2016-10-24,14.5,14.7,14.4,14.4,597589.0
NBL,2002-09-14,226.5,243.5,222.25,241.75,9100.0
BANGAS,2018-08-29,317.0,317.0,305.0,308.6,21445.0
CVOPRL,2014-10-08,607.0,640.0,607.0,634.2,39200.0
DAFODILCOM,2022-12-18,65.8,65.8,65.8,65.8,18659.0
DSES,2021-06-28,1287.43,1296.79,1287.43,1294.81,132849510.0
GPHISPAT,2013-07-30,48.4,48.5,47.5,47.6,34500.0
LEGACYFOOT,2013-12-02,22.2,22.4,21.8,21.9,37500.0
DSHGARME,2022-08-07,155.4,156.1,154.0,154.5,19511.0
TRUSTBANK,2021-07-04,31.0,31.5,31.0,31.0,72305.0
EASTLAND,2025-02-25,18.6,19.0,18.5,18.7,53393.0
STANDBANKL,2016-05-10,9.8,9.9,9.7,9.9,904197.0
FEDERALINS,2007-07-22,113.65,116.0,111.5,113.25,800.0
IBBLPBOND,2016-11-15,971.0,980.0,971.0,978.5,77.0
PREBPBOND,2024-08-04,0.0,0.0,0.0,4700.0,0.0
LEGACYFOOT,2010-03-05,49.9,49.9,45.3,47.9,150000.0
BXPHARMA,2000-07-26,59.5,61.0,57.0,60.2,969150.0
SAVAREFR,2019-09-18,101.3,103.0,100.0,100.0,3408.0
AMBEEPHA,2001-04-07,52.3,52.3,51.7,51.9,1100.0
ABB1STMF,2017-02-08,7.8,7.9,7.6,7.8,5828552.0
JAMUNABANK,2008-06-17,303.0,309.0,302.0,302.5,10300.0
PAPERPROC,2024-09-01,131.8,134.9,131.6,133.9,15226.0
ISLAMICFIN,2008-11-11,345.25,367.0,343.0,356.75,7800.0
SQUARETEXT,2009-11-18,109.5,110.5,106.0,106.6,231950.0
MEGHNAINS,2023-11-29,32.2,33.3,32.2,33.2,45364.0
NRBCBANK,2023-12-24,0.0,0.0,0.0,16.8,0.0
ECABLES,2001-01-16,124.0,125.0,124.0,124.25,1290.0
NCCBANK,2018-03-13,16.0,16.3,15.7,15.8,702649.0
CITYBANK,2005-11-01,800.0,805.0,750.0,763.75,820.0
SUNLIFEINS,2014-04-05,55.3,55.8,54.5,55.0,27000.0
MEGHNALIFE,2022-11-13,62.6,62.9,62.5,62.5,63862.0
AOL,2022-11-08,36.5,36.5,36.5,36.5,753120.0
FINEFOODS,2017-06-04,24.8,25.3,24.8,25.0,126200.0
ORIONPHARM,2020-02-11,48.8,49.2,47.4,47.6,1053059.0
GOLDENSON,2023-10-08,18.2,18.2,18.2,18.2,1100.0
BDTHAI,2007-12-07,63.5,63.5,62.75,63.0,270.0
JANATAINS,2019-06-18,20.2,21.5,19.8,20.1,1285489.0
STANDBANKL,2022-06-13,9.2,9.2,9.1,9.1,224038.0
ATCSLGF,2017-03-13,10.1,10.2,10.0,10.1,33400.0
CONTININS,2013-08-25,30.5,31.5,30.2,31.1,296500.0
ICB,2013-05-30,1403.5,1418.0,1384.0,1399.25,9750.0
SHAHJABANK,2019-04-04,26.6,26.9,26.6,26.8,43625.0
PROGRESLIF,2021-07-02,103.2,103.2,103.2,103.2,170.0
SQUARETEXT,2005-09-01,128.0,130.3,125.3,126.1,175150.0
FAREASTLIF,2022-10-03,96.5,96.5,90.0,91.7,1124743.0
NCCBANK,2006-10-10,268.0,271.5,267.0,270.25,12150.0
RUPALILIFE,2013-05-12,110.0,116.0,110.0,113.8,74500.0
FBFIF,2024-12-10,3.4,3.5,3.4,3.4,108769.0
FAREASTLIF,2023-04-02,75.4,79.3,75.3,77.8,557826.0
SAFKOSPINN,2018-10-09,19.6,19.8,18.9,19.0,553597.0
ISLAMICFIN,2022-11-15,19.7,19.7,19.7,19.7,1.0
CMCKAMAL,2013-12-11,30.9,31.0,29.8,30.5,920200.0
LANKABAFIN,2021-03-21,32.4,32.5,30.0,30.4,8143223.0
AGRANINS,2022-07-24,39.7,41.7,38.2,38.2,43507.0
SOUTHEASTB,2008-11-08,384.0,390.0,381.25,387.75,3250.0
RENWICKJA,2016-04-19,283.1,283.1,271.7,273.1,4199.0
AAMRANET,2017-12-24,99.3,101.1,95.4,96.3,531653.0
PDL,2018-03-04,15.9,16.2,15.7,15.9,540918.0
ICBAGRANI1,2023-01-10,9.2,9.2,9.2,9.2,5.0
GP,2023-03-12,286.6,286.6,286.6,286.6,1241.0
ALLTEX,2015-02-25,25.9,26.2,24.3,24.6,1250246.0
ITC,2022-09-05,34.7,35.4,34.1,34.3,176062.0
KEYACOSMET,2015-08-12,14.4,15.5,13.7,15.4,5014648.0
GSPFINANCE,2021-12-27,26.3,26.8,26.2,26.3,3235943.0
BERGERPBL,2013-04-24,596.0,596.0,570.0,590.5,5350.0
ACTIVEFINE,2023-03-16,19.3,19.3,19.3,19.3,760.0
PADMALIFE,2013-05-29,68.5,72.6,68.0,72.5,294000.0
GQBALLPEN,2023-06-25,134.0,137.8,130.3,132.9,115925.0
WMSHIPYARD,2018-10-16,21.0,21.2,20.5,20.7,1244153.0
MEGHNASHRM,2009-03-30,38.5,39.0,36.25,37.25,5080.0
NTLTUBES,2023-01-17,79.5,79.5,79.5,79.5,394.0
GLAXOSMITH,2017-09-05,1464.9,1469.0,1450.0,1450.2,1537.0
GREENDELT,2022-02-28,89.0,89.0,85.5,87.6,249378.0
MIDASFIN,2024-10-21,7.2,7.7,7.0,7.4,91083.0
GQBALLPEN,2002-03-10,89.0,89.8,88.9,89.3,1450.0
BDONLINE,2007-04-12,52.8,53.7,51.1,52.1,114000.0
PADMAOIL,2007-11-13,1205.0,1247.0,1203.0,1228.3,12700.0
CENTRALPHL,2013-04-12,42.2,42.8,40.4,41.0,1856000.0
SILCOPHL,2022-11-29,23.4,23.4,23.4,23.4,6901.0
DBH,2012-09-25,72.4,74.3,70.0,70.9,126500.0
APEXFOODS,2008-03-01,699.0,700.0,677.0,679.25,1840.0
MAKSONSPIN,2009-09-06,50.0,51.0,49.0,49.4,241500.0
CENTRALPHL,2013-12-09,34.1,34.9,33.8,34.6,533500.0
ORIONPHARM,2014-03-11,51.6,53.7,51.6,53.4,957700.0
ABBANK,2001-12-06,242.0,244.0,230.25,232.75,20260.0
CNATEX,2019-11-07,2.5,2.6,2.4,2.5,548890.0
ACI,2002-01-14,53.8,53.9,53.2,53.4,0.0
TOSRIFA,2016-01-12,18.6,18.8,18.5,18.7,132522.0
NLI1STMF,2021-04-25,13.6,13.7,13.5,13.6,559201.0
NRBCBANK,2021-06-20,34.0,37.0,32.9,36.3,5808014.0
RECKITTBEN,2021-06-29,4371.0,4381.0,4365.5,4369.6,1482.0
MIRAKHTER,2024-03-14,44.0,45.1,44.0,44.4,27187.0
LHBL,2022-08-28,75.8,75.9,73.5,73.8,3629226.0
NITOLINS,2019-01-28,35.1,36.5,32.6,33.0,375713.0
LAFSURCEML,2014-10-28,134.0,134.0,128.3,129.3,540000.0
BATASHOE,2006-10-19,124.0,124.9,123.2,124.0,2600.0
ASIAINS,2015-11-17,13.9,14.3,13.9,14.0,36276.0
TRUSTBANK,2020-11-23,31.0,31.5,29.5,31.3,464755.0
AMANFEED,2023-01-23,33.5,33.5,33.5,33.5,44.0
GQBALLPEN,2012-05-16,202.0,208.0,199.7,200.5,184250.0
MATINSPINN,2018-11-14,38.5,39.0,38.3,38.6,37475.0
TRUSTBANK,2020-11-26,30.0,31.5,30.0,30.8,69307.0
BARKAPOWER,2022-12-14,21.3,21.3,21.3,21.3,689.0
CAPMBDBLMF,2021-08-26,13.2,13.3,12.8,12.9,1177373.0
ECABLES,2018-05-30,173.0,174.8,172.1,172.4,7493.0
SINOBANGLA,2013-10-24,20.7,21.1,20.3,20.3,61500.0
EASTRNLUB,2002-03-28,195.0,195.0,185.0,188.4,450.0
SOUTHEASTB,2017-09-10,22.2,22.2,21.4,21.7,3156031.0
BOC,2006-04-09,124.0,125.0,122.5,123.7,5200.0
NATLIFEINS,2018-04-01,156.3,159.4,156.3,157.0,2831.0
BDCOM,2014-10-16,26.8,26.8,25.5,25.7,155500.0
NEWLINE,2022-10-30,45.1,45.1,45.1,45.1,16200.0
SKTRIMS,2022-02-23,28.6,29.2,28.6,29.0,97974.0
RENATA,2019-01-17,1144.0,1148.0,1141.0,1144.3,3734.0
SALVOCHEM,2024-11-21,0.0,0.0,0.0,23.4,0.0
SILCOPHL,2021-05-25,23.5,23.8,23.0,23.1,435512.0
APOLOISPAT,2014-02-03,30.3,30.8,30.0,30.1,1181200.0
PRIMEBANK,2009-01-12,575.0,613.0,575.0,604.75,367800.0
RUNNERAUTO,2019-03-10,72.7,74.7,72.5,72.8,212217.0
BANKASIA,2024-03-03,18.0,18.1,17.9,18.0,47692.0
1JANATAMF,2012-09-19,7.0,7.3,6.8,7.3,1008000.0
GLOBALINS,2021-02-24,30.5,31.1,30.2,30.9,105322.0
ADNTEL,2024-03-31,121.3,121.3,117.0,119.3,49367.0
HAKKANIPUL,2014-10-08,28.5,29.0,28.3,28.6,55500.0
RENATA,2014-09-17,971.6,998.0,971.6,977.2,15050.0
JANATAINS,2017-02-08,15.0,15.1,14.0,14.7,101603.0
GQBALLPEN,2013-09-07,157.8,167.7,153.5,163.2,262000.0
ZEALBANGLA,2007-03-27,16.5,16.5,16.2,16.3,4400.0
CITYGENINS,2010-03-10,1092.0,1194.25,1092.0,1189.25,90250.0
BANKASIA,2010-03-28,497.25,498.5,481.0,485.25,17700.0
PADMAOIL,2014-01-28,335.0,345.8,334.0,340.3,521800.0
CENTRALINS,2018-03-28,22.0,22.5,22.0,22.1,2300.0
DHAKAINS,2022-08-31,50.6,52.5,50.6,52.0,153296.0
JAMUNABANK,2007-01-23,328.0,333.75,323.0,326.75,88700.0
AMCL(PRAN),2006-12-13,359.0,362.0,358.0,358.5,520.0
STANCERAM,2017-06-28,58.4,58.4,57.8,58.2,3300.0
AFTABAUTO,2011-03-14,270.0,287.3,265.0,287.3,1451000.0
PIONEERINS,2016-02-08,28.9,29.3,28.9,29.0,6902.0
KBPPWBIL,2017-11-28,19.1,19.2,18.7,18.8,787842.0
MBL1STMF,2015-06-21,3.8,3.8,3.7,3.7,40400.0
APEXSPINN,2013-10-20,65.0,68.0,64.0,65.2,2000.0
AIMS1STMF,2012-05-29,33.9,34.1,33.0,33.4,143750.0
BATASHOE,2008-10-27,390.0,390.0,383.0,385.0,15200.0
TALLUSPIN,2010-05-17,189.75,190.0,183.25,186.25,270.0
HFL,2016-11-23,23.3,23.5,22.9,23.1,1000186.0
NFML,2020-05-10,10.0,10.8,9.9,10.5,3739450.0
SONALIANSH,2009-01-29,370.0,380.0,370.0,378.25,60.0
INTECH,2023-03-12,22.6,23.0,21.9,22.4,63809.0
PHENIXINS,2024-12-26,26.6,27.7,25.4,25.5,14505.0
HFL,2016-07-19,16.8,16.8,16.4,16.5,141248.0
RENWICKJA,2015-04-03,258.0,265.0,255.0,256.3,12210.0
PHENIXINS,2015-01-09,23.0,23.0,22.7,22.8,20177.0
ONEBANKLTD,2016-10-11,14.7,14.8,14.7,14.7,365604.0
NHFIL,2020-06-09,31.9,33.8,31.8,32.1,1022699.0
OCL,2011-06-26,76.9,76.9,74.0,74.1,42900.0
STANCERAM,2018-04-10,150.0,152.0,145.7,147.9,5758.0
BENGALWTL,2022-11-02,23.5,24.0,23.3,23.9,206368.0
MTB,2017-07-26,25.0,25.3,24.9,25.0,102450.0
PARAMOUNT,2014-04-16,20.9,21.7,20.8,21.1,25000.0
IFIC,2016-10-26,18.4,18.6,17.9,18.3,1005292.0
JANATAINS,2008-05-15,261.0,261.0,245.5,251.0,300.0
BANKASIA,2005-12-26,493.0,493.0,488.0,489.0,2650.0
BDAUTOCA,2015-05-25,19.0,19.0,17.8,18.2,8762.0
RUPALILIFE,2023-03-13,104.0,111.3,103.0,111.1,2539580.0
GOLDENSON,2017-01-02,18.2,20.0,18.1,19.6,695028.0
ICB,2014-02-13,1625.0,1650.0,1625.0,1635.25,11750.0
INTECH,2019-02-01,57.8,59.8,57.8,58.7,1284646.0
SJIBLPBOND,2024-11-25,0.0,0.0,0.0,4500.0,0.0
ACMEPL,2023-05-24,35.4,35.4,35.4,35.4,220.0
AIMS1STMF,2003-01-04,0.67,0.68,0.67,0.67,150000.0
MEGHNALIFE,2011-07-09,212.6,218.0,212.0,216.8,55700.0
ULC,2012-04-01,64.3,64.3,62.0,62.6,242200.0
DACCADYE,2023-01-23,15.7,15.7,15.7,15.7,928.0
NCCBANK,2013-07-23,12.9,13.0,12.6,12.7,374500.0
GPHISPAT,2014-02-10,52.8,56.0,52.7,55.8,569500.0
BDLAMPS,2004-07-31,520.0,533.0,520.0,527.25,740.0
GSPFINANCE,2018-07-06,17.1,17.7,17.1,17.2,330770.0
DBH,2011-12-22,91.6,92.3,88.6,90.6,124000.0
EBL1STMF,2024-07-14,4.2,4.2,4.2,4.2,25232.0
MEGHNACEM,2014-04-28,129.4,130.5,125.8,126.6,41500.0
ZAHEENSPIN,2024-01-18,9.9,9.9,9.9,9.9,34905.0
FIRSTSBANK,2021-05-07,10.9,11.0,10.6,10.9,5473583.0
LOVELLO,2023-04-27,37.9,37.9,37.9,37.9,98.0
DHAKAINS,2012-11-26,52.9,52.9,51.7,51.7,31000.0
RELIANCINS,2017-05-17,44.6,44.6,44.6,44.6,477.0
SAIHAMTEX,2018-06-19,19.1,19.3,18.7,18.8,159800.0
SONARBAINS,2015-12-08,16.2,17.2,16.2,16.9,21027.0
EMERALDOIL,2018-01-08,9.7,9.7,9.0,9.3,111991.0
SUMITPOWER,2017-09-04,42.0,42.3,41.0,41.2,1515773.0
TUNGHAI,2020-11-23,3.0,3.1,3.0,3.0,106996.0
CROWNCEMNT,2024-07-18,61.3,61.4,59.9,60.2,4908.0
DELTALIFE,2023-02-09,136.5,136.6,136.5,136.5,65748.0
UNIQUEHRL,2016-02-03,47.4,47.8,45.3,45.6,203040.0
SHAHJABANK,2014-11-18,11.4,11.6,11.4,11.4,439000.0
DELTASPINN,2017-08-29,11.7,11.9,11.6,11.7,1067906.0
NORTHRNINS,2013-02-12,41.2,43.0,40.9,41.2,18500.0
FASFIN,2021-08-26,9.7,10.0,9.6,9.7,5171116.0
LEGACYFOOT,2024-09-11,58.0,58.0,55.1,55.3,56205.0
MEGHNALIFE,2021-09-03,58.6,59.7,58.0,58.7,77185.0
APEXTANRY,2024-10-15,87.9,87.9,84.0,84.5,6484.0
NCCBANK,2013-07-24,12.4,12.9,12.4,12.6,666750.0
APEXFOODS,2007-07-25,710.0,790.0,710.0,760.0,6785.0
APEXFOODS,2002-05-11,267.25,276.0,273.75,270.0,440.0
AL-HAJTEX,2021-10-06,46.7,47.9,46.0,46.9,396360.0
BDWELDING,2011-11-21,45.0,47.0,42.5,46.7,350271.0
RECKITTBEN,2011-06-21,1140.1,1199.0,1140.1,1191.2,5700.0
APEXFOODS,2020-11-11,120.1,121.0,120.1,120.2,28661.0
MEGHNACEM,2013-08-26,150.0,159.9,143.6,150.7,352900.0
STANDBANKL,2005-12-29,342.5,346.5,340.0,341.25,18900.0
MONNOSTAF,2015-11-06,238.0,246.9,234.0,241.7,370.0
UNITEDAIR,2018-10-12,2.7,2.7,2.5,2.6,497588.0
DELTASPINN,2014-05-25,21.1,21.1,20.2,20.4,374000.0
SPCERAMICS,2009-05-27,87.9,88.4,84.0,84.4,949800.0
RAHIMTEXT,2008-06-05,400.0,400.0,400.0,400.0,10.0
ARAMITCEM,2019-10-21,14.6,14.8,14.4,14.6,13943.0
AGNISYSL,2011-04-19,49.0,49.0,46.3,46.6,265000.0
TRUSTBANK,2019-06-17,32.4,32.4,32.0,32.1,243614.0
ACI,2018-10-04,410.6,413.8,407.1,408.6,132387.0
TITASGAS,2010-06-16,970.0,992.0,960.0,972.0,1391200.0
MIRACLEIND,2011-10-25,25.8,27.5,25.8,26.8,43000.0
IBNSINA,2015-09-09,148.4,148.6,145.8,146.7,333044.0
RAKCERAMIC,2024-10-28,20.1,21.8,20.0,20.3,46987.0
NITOLINS,2011-09-13,674.5,683.5,668.25,678.25,1050.0
ARAMIT,2016-02-14,520.0,520.0,490.0,498.9,16166.0
PREMIERCEM,2013-12-24,101.9,102.3,99.1,99.4,76400.0
CTGVEG,2008-07-17,31.75,32.0,31.75,31.75,600.0
SEMLFBSLGF,2024-03-14,6.8,6.8,6.6,6.7,29008.0
FIDELASSET,2009-10-26,484.75,485.0,457.0,460.25,62400.0
KAY&QUE,2015-05-25,12.8,12.8,12.8,12.8,540.0
NORTHRNINS,2024-04-15,45.0,45.0,42.8,42.9,3207.0
BERGERPBL,2015-12-20,1898.0,1899.0,1850.0,1879.0,35.0
CITYGENINS,2017-01-02,18.6,19.0,18.2,18.4,276569.0
GLOBALINS,2017-07-06,15.0,15.0,14.5,14.6,30537.0
LANKABAFIN,2017-11-09,64.0,64.4,62.7,63.7,7180532.0
DELTALIFE,2014-01-12,148.0,153.4,148.0,152.9,228950.0
EHL,2002-11-28,86.0,86.0,86.0,86.0,900.0
MIRACLEIND,2011-11-05,30.1,32.5,29.7,31.8,220000.0
RUPALIBANK,2018-08-11,35.4,35.5,34.2,34.6,459648.0
CENTRALINS,2020-01-09,33.8,34.4,32.9,34.0,342753.0
BAYLEASING,2019-09-29,14.5,14.8,13.6,13.7,21160.0
LEGACYFOOT,2010-11-28,59.0,59.0,55.8,56.8,46000.0
NTC,2018-04-01,617.0,624.9,617.0,619.2,3425.0
BEACHHATCH,2013-04-30,20.4,20.4,19.7,19.8,74000.0
RINGSHINE,2019-12-24,11.4,11.6,11.1,11.2,4229872.0
PROVATIINS,2022-08-30,62.0,62.6,60.8,61.6,617941.0
IDLC,2004-10-31,1050.0,1100.0,1030.0,1074.5,200.0
FAMILYTEX,2016-05-05,8.9,9.1,8.9,8.9,212675.0
AIMS1STMF,2014-10-28,27.0,27.0,26.6,26.8,87250.0
PHARMAID,2009-06-16,2267.0,2267.0,2265.0,2266.25,35.0
QUEENSOUTH,2019-01-08,30.3,31.6,30.2,31.4,187496.0
UNITEDINS,2008-05-08,1090.0,1130.0,1089.0,1095.5,70.0
RECKITTBEN,2016-03-21,1575.0,1599.9,1560.0,1563.0,150.0
FAREASTFIN,2016-10-27,9.7,9.8,9.5,9.6,301538.0
ATCSLGF,2018-11-18,9.5,9.5,9.3,9.3,5002.0
DHAKABANK,2016-12-20,17.9,18.1,17.8,17.9,475786.0
ASIAPACINS,2010-11-02,798.0,798.0,766.25,769.25,28800.0
MERCINS,2010-01-08,700.0,738.0,700.0,718.25,21800.0
AMCL(PRAN),2000-08-14,535.0,535.0,521.0,522.25,4890.0
PRIME1ICBA,2017-05-10,7.7,7.8,7.7,7.8,49000.0
PROGRESLIF,2010-11-02,1900.0,1900.0,1831.0,1844.25,3050.0
RDFOOD,2017-06-21,17.5,17.5,17.1,17.3,420872.0
UNIONCAP,2013-11-27,29.0,29.0,28.3,28.5,29500.0
SAVAREFR,2014-03-07,57.1,57.1,57.1,57.1,50.0
NTLTUBES,2022-07-25,78.7,82.0,78.6,81.7,91553.0
RDFOOD,2022-01-26,61.2,62.1,60.8,61.6,1415108.0
PUBALIBANK,2009-11-10,390.0,402.75,389.0,399.25,37320.0
SOUTHEASTB,2011-01-19,525.0,529.0,503.0,504.75,235800.0
ENVOYTEX,2016-08-06,33.8,34.1,33.7,34.0,132655.0
BENGALWTL,2020-09-13,20.7,21.0,20.3,20.4,509806.0
AMBEEPHA,2021-06-24,403.3,411.4,403.0,410.2,2317.0
BBS,2016-08-11,40.6,41.4,39.9,40.1,3197658.0
GRAMEENS2,2013-07-16,20.8,21.5,19.8,19.9,887000.0
PIONEERINS,2024-01-15,69.4,70.3,68.7,69.9,114849.0
PENINSULA,2022-10-12,30.9,33.0,30.5,33.0,1117539.0
AGRANINS,2023-06-12,43.1,43.4,40.2,40.5,107993.0
GLOBALINS,2011-07-20,768.0,780.0,758.0,760.0,39800.0
DESHBANDHU,2023-01-10,17.2,17.2,17.2,17.2,1392.0
MEGCONMILK,2023-02-14,30.6,30.6,30.6,30.6,111.0
EASTERNINS,2022-03-13,82.8,83.8,82.1,83.1,161383.0
FUWANGFOOD,2015-12-22,15.2,15.4,15.0,15.3,483192.0
PEOPLESINS,2023-04-09,31.9,31.9,31.9,31.9,42.0
IDLC,2013-12-12,62.1,62.5,60.5,61.7,118200.0
PIONEERINS,2017-11-30,29.1,29.7,29.1,29.6,27704.0
CITYGENINS,2020-11-23,26.0,28.2,25.6,28.1,1237988.0
MONNOAGML,2025-03-04,328.0,329.0,325.8,326.1,8624.0
GREENDELT,2009-11-02,2200.0,2218.0,2136.0,2162.5,4420.0
KARNAPHULI,2014-04-21,23.1,23.1,22.6,22.9,41200.0
ICB3RDNRB,2017-02-02,7.0,7.0,6.6,6.7,599100.0
SEMLLECMF,2022-12-07,9.1,9.1,9.1,9.1,1098.0
ECABLES,2014-02-04,155.0,170.0,155.0,167.6,58300.0
CBLPBOND,2023-11-19,0.0,0.0,0.0,1037500.0,0.0
KBPPWBIL,2021-04-25,7.3,7.9,7.3,7.9,422972.0
GLAXOSMITH,2014-05-27,1650.0,1679.8,1642.0,1649.6,2350.0
NPOLYMAR,2003-07-28,163.0,163.0,163.0,163.0,100.0
HEIDELBCEM,2017-06-07,465.2,472.0,465.0,466.3,13572.0
JHRML,2022-07-18,78.0,78.0,76.2,76.2,436551.0
PRIMEFIN,2022-12-14,11.5,11.5,11.5,11.5,1800.0
TALLUSPIN,2022-11-05,10.6,10.7,10.4,10.4,234569.0
DULAMIACOT,2021-09-05,46.0,46.0,44.9,45.0,16009.0
IDLC,2016-11-30,59.7,59.9,58.8,59.0,537907.0
IBNSINA,2022-07-25,283.1,289.0,283.1,288.7,17829.0
BGIC,2009-12-01,576.0,589.0,572.0,583.0,6250.0
KAY&QUE,2024-11-07,261.0,267.8,254.0,257.8,145257.0
MONNOSTAF,2018-05-07,3347.0,3357.8,3251.1,3357.8,6837.0
ABBANK,2004-07-08,212.0,220.0,212.0,218.5,1305.0
MEGCONMILK,2011-05-04,56.8,58.9,56.4,56.6,272500.0
ATLASBANG,2006-05-12,194.7,194.7,182.0,186.4,12750.0
MLDYEING,2019-12-19,33.3,33.3,32.4,32.6,219129.0
CITYGENINS,2022-10-20,26.3,26.3,26.3,26.3,10572.0
1JANATAMF,2019-08-21,4.5,4.5,4.4,4.4,250214.0
BSRMLTD,2023-07-12,90.0,90.0,90.0,90.0,505.0
RECKITTBEN,2015-09-16,1780.0,1780.0,1750.0,1752.4,1132.0
MERCANBANK,2007-03-21,385.0,385.0,375.0,376.25,34850.0
PF1STMF,2023-02-26,9.9,9.9,9.9,9.9,1.0
INTECH,2020-01-27,13.1,13.3,13.0,13.0,42318.0
GQBALLPEN,2009-06-07,141.0,145.9,141.0,142.1,18900.0
DBH1STMF,2022-09-15,6.9,6.9,6.9,6.9,3375.0
ULC,2005-04-05,929.0,980.0,884.0,954.5,4820.0
EHL,2015-01-11,34.3,34.6,34.1,34.2,102779.0
OAL,2022-07-31,11.1,11.2,11.0,11.1,424562.0
BSRMSTEEL,2022-04-19,74.7,76.9,74.6,76.2,104835.0
SAMATALETH,2014-06-18,28.3,28.9,28.3,28.6,3500.0
APEXTANRY,2021-05-25,106.9,106.9,106.9,106.9,515.0
SINGERBD,2006-09-24,788.0,800.0,786.0,790.25,235.0
PRAGATILIF,2017-10-26,113.8,113.8,107.1,107.7,48630.0
SUNLIFEINS,2017-11-29,23.0,23.5,22.8,23.1,31210.0
SUMITPOWER,2014-09-17,39.8,41.5,39.8,41.1,4920200.0
SQURPHARMA,2000-04-07,969.75,1010.0,969.75,995.75,4940.0
TAKAFULINS,2011-08-05,868.0,871.0,840.0,840.5,9950.0
DOMINAGE,2023-10-11,16.2,16.2,16.2,16.2,14.0
ARAMITCEM,2013-10-07,83.4,84.2,78.3,78.8,82500.0
JUTESPINN,2023-06-01,414.7,414.7,379.5,379.5,32721.0
MBL1STMF,2014-10-14,5.2,5.2,5.0,5.0,1028000.0
ARAMIT,2020-10-02,213.5,219.5,213.4,214.1,1385.0
EHL,2003-04-10,87.5,89.0,87.5,88.5,6280.0
WMSHIPYARD,2019-11-17,10.4,11.0,10.4,10.8,682635.0
IBBLPBOND,2008-02-03,1121.0,1152.0,1105.0,1110.0,7165.0
NITOLINS,2008-05-13,266.0,271.5,258.0,261.75,14350.0
HFL,2021-01-19,17.6,18.1,17.6,17.9,68152.0
ECABLES,2011-07-02,590.0,603.0,582.0,601.0,4460.0
GRAMEEN1,2013-04-16,41.0,41.0,38.3,38.6,126500.0
ACI,2023-02-14,260.2,260.2,260.2,260.2,84.0
WMSHIPYARD,2021-11-10,14.9,14.9,14.2,14.3,931515.0
OLYMPIC,2010-07-13,1955.0,1969.5,1925.0,1950.25,22750.0
IPDC,2008-09-17,435.0,438.0,430.0,431.5,24200.0
BANKASIA,2007-02-07,411.0,425.0,410.25,422.75,29750.0
MIRAKHTER,2021-12-09,97.3,101.0,94.2,95.2,873266.0
OLYMPIC,2014-12-22,234.9,234.9,228.0,229.0,109997.0
KPCL,2017-07-19,60.4,61.4,60.4,60.9,670671.0
LIBRAINFU,2008-04-20,1445.0,1570.0,1445.0,1535.0,380.0
ACI,2006-02-27,65.5,66.0,65.3,65.9,0.0
HWAWELLTEX,2021-09-09,51.0,51.4,47.9,48.8,267386.0
NFML,2019-04-02,11.3,11.5,11.0,11.1,217191.0
BSCCL,2016-01-20,108.7,109.9,106.0,106.5,191478.0
PADMAPRINT,2009-05-02,7.8,8.2,7.8,7.9,3700.0
GOLDENSON,2019-12-09,7.1,7.2,7.0,7.0,68048.0
PADMALIFE,2016-07-25,24.6,24.8,24.5,24.7,14799.0
MONNOFABR,2010-09-22,124.75,140.0,121.5,138.25,70900.0
MIDASFIN,2009-03-25,454.0,465.0,451.25,458.25,16900.0
HEIDELBCEM,2023-03-14,179.1,179.1,179.1,179.1,187.0
PHOENIXFIN,2011-10-05,753.5,760.0,740.0,741.25,6900.0
NITOLINS,2009-06-17,533.0,533.0,500.0,503.25,18700.0
EBL,2005-03-22,791.0,801.0,790.0,798.5,260.0
BATASHOE,2012-03-28,529.0,530.0,526.0,529.0,8800.0
MBL1STMF,2017-03-27,8.2,8.3,8.2,8.3,85500.0
DYNAMICTEX,2008-06-26,23.25,23.25,23.0,23.0,1340.0
RENWICKJA,2022-09-21,980.0,998.8,978.3,978.6,677.0
DSES,2014-05-28,985.51,994.63,985.51,993.28,32120517.0
NLI1STMF,2013-06-24,12.6,12.8,11.9,12.5,1411000.0
ZAHEENSPIN,2016-12-26,17.1,18.1,17.1,17.8,2560669.0
NPOLYMAR,2008-03-23,1208.0,1210.0,1176.0,1192.25,3330.0
NCCBANK,2017-10-04,15.5,15.6,15.1,15.2,1926834.0
MARICO,2024-11-26,2300.1,2330.0,2300.0,2312.1,1052.0
ARAMITCEM ,2018-01-17,31.2,31.2,29.9,30.0,12590.0
NITOLINS,2023-02-14,37.4,37.4,37.4,37.4,3387.0
ACI,2009-01-27,515.0,519.0,507.1,508.8,59950.0
SINOBANGLA,2018-05-28,56.6,59.0,55.9,57.6,1482910.0
MERCANBANK,2010-06-16,409.0,435.0,409.0,418.5,1233000.0
ROBI,2021-09-23,42.2,42.2,41.7,41.8,1939215.0
KPPL,2015-05-02,20.3,20.7,20.2,20.6,352848.0
PHPMF1,2012-03-18,5.6,5.9,5.6,5.7,1440500.0
NTC,2025-02-12,180.0,180.5,173.0,174.1,4155.0
SHEPHERD,2018-11-12,40.0,40.4,38.9,39.5,1027004.0
MONNOCERA,2008-03-08,300.0,302.0,300.0,300.5,540.0
FAREASTLIF,2006-02-02,740.75,740.75,725.0,736.5,800.0
SHYAMPSUG,2013-06-06,7.1,7.1,6.9,7.0,1300.0
JAMUNAOIL,2019-10-15,156.0,157.8,155.4,157.4,12725.0
BSRMSTEEL,2016-10-19,93.3,94.0,90.0,93.0,304990.0
PF1STMF,2021-12-23,8.3,8.4,8.2,8.3,50963.0
SINOBANGLA,2006-03-21,10.2,10.2,10.0,10.0,23000.0
EHL,2020-06-28,38.7,38.7,38.7,38.7,8905.0
HWAWELLTEX,2019-03-10,36.0,36.0,35.1,35.9,13338.0
JMISMDL,2017-08-27,219.5,219.5,211.0,212.0,173163.0
PF1STMF,2023-08-30,0.0,0.0,0.0,9.9,0.0
UNITEDINS,2008-10-13,1101.0,1110.0,1051.0,1076.0,2140.0
MONNOSTAF,2019-04-08,1119.9,1119.9,1070.0,1119.3,47533.0
ICB,2008-01-13,1073.0,1073.0,1035.25,1054.5,650.0
BPPL,2024-09-19,13.8,13.8,13.5,13.5,157492.0
GP,2021-05-10,378.2,380.0,376.1,379.0,219389.0
RNSPIN,2019-07-04,7.3,7.4,7.3,7.3,155145.0
ORIONINFU,2009-01-18,231.75,239.0,222.5,230.75,35320.0
SHEPHERD,2023-05-10,0.0,0.0,0.0,24.0,0.0
1JANATAMF,2024-04-24,4.1,4.1,3.9,4.0,157328.0
MEGHNACEM,2003-10-15,239.5,239.5,237.25,237.75,1200.0
HFL,2021-05-12,25.4,26.7,25.2,25.4,949118.0
DBH,2018-06-11,132.0,132.0,131.7,131.8,5534.0
BATASHOE,2024-09-24,928.6,935.0,928.6,929.0,1914.0
ICB,2007-05-14,428.0,430.0,413.0,417.25,3550.0
SAFKOSPINN,2021-07-13,24.0,24.9,23.7,24.5,540325.0
ACI,2010-12-10,386.1,391.0,385.5,386.5,41750.0
SAVAREFR,2022-09-08,261.1,261.1,261.1,261.1,4.0
MEGHNACEM,2018-06-24,102.0,105.0,99.6,99.8,11973.0
BDLAMPS,2000-06-04,510.0,510.5,507.0,508.5,245.0
KDSALTD,2019-04-28,52.7,55.3,52.7,54.2,272645.0
BANKASIA,2024-01-25,19.5,19.6,19.2,19.3,45452.0
FAREASTLIF,2009-01-03,2330.0,2479.5,2325.0,2475.0,5650.0
FASFIN,2015-02-09,11.8,12.0,11.8,11.9,11689.0
ANWARGALV,2023-12-19,0.0,0.0,0.0,213.3,0.0
TUNGHAI,2016-07-24,9.9,10.0,9.8,9.8,240944.0
RAHIMTEXT,2016-12-19,258.5,259.0,250.0,252.8,9092.0
TAKAFULINS,2023-03-07,45.4,45.4,43.1,43.3,45640.0
BERGERPBL,2008-07-14,325.0,336.7,319.0,334.0,34050.0
ISLAMIINS,2011-02-13,508.0,508.0,481.0,481.5,5750.0
POWERGRID,2024-04-03,44.8,44.8,43.5,43.6,70899.0
DEBBXFISH,2023-05-11,0.0,0.0,0.0,835.0,0.0
IFIC,2000-06-07,135.0,140.0,135.0,135.0,520.0
ZEALBANGLA,2022-12-06,172.0,173.0,171.6,171.9,2324.0
BOC,2000-07-05,97.2,98.0,97.2,97.7,600.0
PRIMELIFE,2025-03-11,41.1,43.0,41.1,43.0,226593.0
AFTABAUTO,2004-05-05,397.0,404.0,393.25,402.75,5635.0
BATASHOE,2022-05-24,951.0,951.0,906.0,913.1,1703.0
PRAGATIINS,2025-02-23,53.5,53.6,52.3,53.1,31224.0
ACIFORMULA,2010-03-03,175.0,176.0,174.0,175.1,67900.0
POPULARLIF,2023-05-30,76.9,78.8,75.1,77.6,463449.0
MONNOCERA,2005-01-13,295.0,300.0,290.0,297.5,520.0
ISLAMIINS,2022-08-22,43.0,43.1,41.3,42.0,188507.0
BANKASIA,2019-08-07,17.8,17.8,17.3,17.5,80286.0
MONNOCERA,2004-01-19,254.0,254.0,254.0,254.0,20.0
SQURPHARMA,2004-07-31,3453.0,3565.0,3453.0,3546.75,3074.0
SPCL,2015-04-02,186.0,188.0,170.0,171.0,294336.0
JUTESPINN,2011-02-08,1464.0,1470.0,1418.0,1452.25,150.0
RDFOOD,2022-10-04,57.6,59.3,57.5,57.8,73177.0
AFTABAUTO,2003-08-11,296.5,296.75,295.25,296.0,605.0
SINOBANGLA,2011-03-31,72.0,72.9,70.3,71.9,357500.0
PADMALIFE,2020-01-26,16.6,16.6,16.3,16.5,18135.0
TAKAFULINS,2009-07-04,283.5,308.0,283.5,294.75,18750.0
GQBALLPEN,2012-04-19,225.2,231.0,216.8,220.6,182000.0
PRAGATIINS,2007-06-09,410.0,419.75,402.0,410.0,4200.0
GP,2022-10-06,286.6,286.6,286.6,286.6,7644.0
MAKSONSPIN,2012-12-30,17.7,17.9,17.7,17.8,248000.0
NBL,2016-06-22,7.8,7.9,7.8,7.8,437245.0
ISNLTD,2007-12-02,16.2,16.7,14.6,15.2,84000.0
SILCOPHL,2023-01-30,23.4,23.4,23.4,23.4,3040.0
CNATEX,2016-04-02,10.4,10.4,10.1,10.1,2076292.0
PIONEERINS,2020-05-03,36.9,37.5,35.6,36.0,271595.0
PRIMETEX,2020-01-10,21.7,22.0,21.4,21.6,198956.0
NORTHRNINS,2024-12-09,30.4,30.4,29.0,29.7,1022.0
BSRMLTD,2016-05-22,139.0,139.5,135.1,135.8,602541.0
SONARBAINS,2011-03-15,615.0,621.5,597.0,619.25,63000.0
QSMDRYCELL,2015-08-25,75.0,78.4,74.2,76.8,953895.0
IFIC1STMF,2017-05-07,7.2,7.2,7.1,7.1,658791.0
DESHBANDHU,2020-07-07,10.4,10.4,10.4,10.4,21.0
ICBAMCL2ND,2022-06-27,8.9,9.1,8.9,9.0,85670.0
RUPALIINS,2018-10-28,17.8,18.2,17.2,17.5,13748.0
BEACHHATCH,2006-11-21,3.5,3.5,3.4,3.4,22000.0
TALLUSPIN,2019-01-31,6.8,6.9,6.5,6.6,155122.0
BATASHOE,2000-06-26,107.0,108.0,107.0,107.0,1600.0
GRAMEENS2,2009-02-11,54.0,54.4,52.9,53.4,624500.0
PADMAOIL,2013-01-21,178.6,179.4,176.6,178.0,20500.0
MITHUNKNIT,2022-01-27,13.9,13.9,13.3,13.6,36503.0
MEGHNACEM,2007-02-13,306.0,310.0,291.0,302.75,2750.0
BCIL,2008-10-03,42.0,48.75,41.5,46.25,7920.0
TITASGAS,2018-05-11,38.4,38.7,38.2,38.4,268649.0
SQURPHARMA,2018-05-04,313.5,316.0,313.5,315.2,321797.0
ANWARGALV,2020-09-14,125.3,128.9,121.3,125.9,399143.0
LAFSURCEML,2008-04-27,507.0,511.0,499.0,500.75,59650.0
ANLIMAYARN,2024-11-11,22.3,23.0,22.3,22.5,22835.0
MATINSPINN,2022-03-02,71.0,71.0,69.2,69.6,900490.0
KARNAPHULI,2009-02-02,450.0,450.0,416.25,422.0,9960.0
UNIONCAP,2010-11-05,112.8,119.3,112.7,117.0,784500.0
IFADAUTOS,2020-06-15,38.5,38.5,38.5,38.5,160.0
RUPALILIFE,2021-06-04,44.7,46.2,44.2,45.7,111071.0
ENVOYTEX,2017-09-13,39.1,39.9,39.1,39.5,68904.0
BEXIMCO,2013-01-24,63.1,63.9,63.0,63.1,1173400.0
GSPFINANCE,2018-02-18,29.6,29.7,29.2,29.4,412679.0
UNITEDINS,2017-12-13,29.3,30.5,29.3,30.0,13238.0
BATBC,2024-05-14,372.0,372.9,362.2,363.3,112986.0
BIFC,2007-11-21,244.75,244.75,235.0,236.0,11850.0
FLEASEINT,2008-06-22,416.0,430.0,415.0,419.0,11000.0
BERGERPBL,2015-02-18,1449.9,1470.0,1449.9,1457.9,40.0
RANFOUNDRY,2012-08-01,80.1,81.0,78.5,78.9,38000.0
MONNOCERA,2009-02-18,379.0,379.0,352.0,370.0,7590.0
EASTRNLUB,2016-02-15,594.0,633.9,591.0,622.4,8068.0
FAMILYTEX,2024-08-04,3.3,3.3,3.3,3.3,443.0
AIBL1STIMF,2018-01-29,8.1,8.1,8.1,8.1,10000.0
AMBEEPHA,2001-08-30,45.7,47.2,45.7,47.0,12000.0
SONARBAINS,2019-03-13,63.8,64.0,59.0,60.0,851157.0
MERCINS,2022-12-22,31.8,31.8,31.8,31.8,6210.0
NATLIFEINS,2005-06-25,1588.0,1615.0,1586.0,1605.25,2830.0
ECABLES,2013-03-07,56.1,57.0,56.0,56.4,1100.0
QSMDRYCELL,1999-02-15,21.0,21.0,20.7,20.7,77600.0
ATLASBANG,2006-05-17,192.4,193.0,190.0,191.5,3850.0
NCCBANK,2016-09-29,9.7,9.8,9.7,9.7,944526.0
BATBC,2024-01-29,518.7,518.7,518.7,518.7,219.0
BBSCABLES,2020-12-20,54.6,54.6,54.6,54.6,13404.0
UNITEDFIN,2017-07-23,21.6,21.7,21.3,21.4,233711.0
FEKDIL,2020-12-03,9.9,9.9,9.3,9.3,531681.0
AL-HAJTEX,2023-08-06,195.5,199.9,193.0,195.2,143024.0
UTTARAFIN,2022-08-30,36.6,38.8,36.6,38.6,97562.0
BDCOM,2021-04-26,21.7,21.7,21.1,21.2,309032.0
LIBRAINFU,2015-10-26,340.0,365.5,340.0,350.9,2474.0
ISLAMIINS,2025-02-23,38.6,39.4,38.6,39.0,4480.0
HAKKANIPUL,2014-04-16,31.1,31.8,30.7,30.7,50500.0
GREENDELT,2014-07-12,76.0,77.0,76.0,76.1,8400.0
STANDBANKL,2025-03-11,6.0,6.1,5.9,5.9,293935.0
ADNTEL,2025-02-24,87.4,88.0,86.5,86.9,163558.0
OLYMPIC,2014-09-09,225.5,227.0,223.4,225.6,192000.0
PREBPBOND,2023-07-17,5100.0,5100.0,5100.0,5100.0,1.0
PRIMETEX,2010-05-18,415.5,416.0,410.25,412.5,22250.0
GHAIL,2013-09-04,32.0,33.6,31.5,33.1,1016700.0
MJLBD,2019-08-01,101.1,101.5,100.6,101.1,198647.0
EASTRNLUB,2020-01-09,1180.0,1229.0,1150.0,1167.0,13602.0
BSC,2010-10-27,3780.0,3800.0,3580.0,3740.5,50.0
ASIAINS,2024-03-28,44.4,44.4,43.0,43.3,66799.0
UNIONCAP,2021-12-14,10.5,10.7,10.3,10.4,271165.0
TITASGAS,2025-01-01,20.9,21.1,20.8,20.9,26101.0
ABBANK,2024-10-24,8.3,8.3,8.0,8.1,1838703.0
MEGHNACEM,2020-02-24,74.7,75.8,72.1,74.4,30018.0
NURANI,2025-03-27,3.9,4.0,3.9,4.0,68201.0
TALLUSPIN,2011-09-03,421.5,422.75,420.0,422.75,13020.0
ADVENT,2022-11-24,24.8,27.1,24.8,26.6,5039682.0
ATLASBANG,2012-11-04,226.5,226.5,220.0,223.2,43800.0
BIFC,2015-10-02,14.7,14.9,14.3,14.6,111270.0
BAYLEASING,2016-07-03,21.5,21.5,20.3,20.7,452954.0
SALVOCHEM,2018-04-25,25.8,26.3,25.7,26.2,1373095.0
MALEKSPIN,2022-11-22,27.1,27.1,27.1,27.1,9984.0
ICBSONALI1,2014-04-20,8.6,8.7,8.6,8.6,98000.0
CENTRALPHL,2017-09-11,21.6,21.8,20.9,21.1,1163482.0
DBH1STMF,2023-04-16,6.9,6.9,6.9,6.9,2180.0
MJLBD,2016-08-29,115.0,115.4,112.8,113.3,1354369.0
GRAMEENS2,2020-07-15,11.1,11.1,11.1,11.1,594269.0
GENNEXT,2013-12-08,20.8,21.1,20.6,20.8,310500.0
GREENDELT,2006-10-19,397.0,397.0,395.0,396.25,30.0
SIMTEX,2018-06-27,26.8,26.9,26.0,26.1,203961.0
SAVAREFR,2009-06-01,143.0,143.0,140.0,140.5,50.0
IMAMBUTTON,2022-09-04,126.6,126.6,126.6,126.6,600.0
BGIC,2014-09-06,22.2,23.0,22.2,22.8,42300.0
PF1STMF,2020-07-07,7.6,7.8,7.6,7.7,411856.0
MAKSONSPIN,2013-09-17,15.3,16.7,15.3,16.7,4432000.0
SANDHANINS,2014-12-22,60.2,61.0,60.2,60.6,10152.0
EASTLAND,2022-11-05,35.0,35.0,33.7,33.9,44505.0
SONARGAON,2024-11-21,21.0,21.2,20.8,20.8,114993.0
NCCBLMF1,2018-01-31,8.7,8.7,8.6,8.7,30010.0
MALEKSPIN,2024-01-21,27.1,27.1,27.1,27.1,1170.0
GQBALLPEN,2007-05-04,56.0,56.1,55.7,55.9,1050.0
ENVOYTEX,2024-08-18,39.5,39.5,38.3,38.3,126395.0
FASFIN,2022-02-17,6.5,6.5,6.3,6.4,706678.0
SAIHAMTEX,2016-12-27,16.4,16.8,15.3,15.8,1341626.0
APEXTANRY,2018-02-12,134.0,135.9,133.5,135.2,12453.0
INTRACO,2023-07-16,48.0,48.1,46.2,46.6,2082324.0
MTBL,2013-09-17,14.7,14.9,14.0,14.6,64000.0
BATBC,1999-06-04,96.0,103.4,96.0,98.1,32000.0
ICB,2008-10-03,1370.75,1476.25,1330.0,1473.5,3600.0
ACFL,2021-02-18,30.2,30.5,29.2,29.8,269508.0
ICBAMCL1ST,2005-08-05,275.0,285.0,275.0,279.25,2650.0
ANWARGALV,2013-08-12,29.2,31.5,28.4,30.5,377500.0
CITYBANK,2015-11-03,19.3,19.7,18.9,19.0,377111.0
ISNLTD,2018-07-01,22.0,23.2,21.8,21.9,111910.0
UTTARAFIN,2020-05-03,51.0,51.2,50.3,50.5,12105.0
BSRMLTD,2019-04-03,76.3,76.5,75.9,76.0,56676.0
DGIC,2022-02-27,35.2,35.3,33.5,34.0,40772.0
PHENIXINS,2007-06-12,326.5,358.0,326.5,349.75,780.0
ASIAINS,2009-10-11,491.5,510.5,491.5,501.75,14600.0
TOSRIFA,2022-11-09,24.2,24.2,24.2,24.2,201.0
ICBAMCL1ST,2013-05-15,46.1,46.1,43.1,44.3,6000.0
1JANATAMF,2013-05-20,6.6,6.7,6.4,6.5,734000.0
HFL,2023-01-22,20.3,20.5,20.3,20.3,92436.0
MIRACLEIND,2001-08-08,12.2,12.2,12.1,12.1,83500.0
KOHINOOR,2015-04-03,330.1,339.8,330.1,337.7,1645.0
TALLUSPIN,2010-10-21,317.0,345.0,317.0,339.25,3160.0
FIDELASSET,2011-02-24,585.0,585.0,539.0,540.75,8700.0
MITHUNKNIT,2011-10-20,1370.0,1418.0,1370.0,1396.25,2540.0
SAIFPOWER,2023-07-06,29.7,29.7,29.7,29.7,24245.0
PHENIXINS,2015-11-03,27.7,27.7,27.1,27.4,29002.0
CENTRALPHL,2017-10-23,23.5,23.5,22.8,22.9,504301.0
MPETROLEUM,2024-05-13,198.6,198.6,198.6,198.6,661.0
UNIONINS,2024-07-31,36.4,37.3,35.4,36.2,54976.0
JUTESPINN,2017-11-05,51.2,52.0,51.2,51.9,833.0
PENINSULA,2023-03-05,27.4,27.4,27.4,27.4,862.0
KOHINOOR,2023-10-12,452.0,453.0,449.2,449.9,15688.0
STYLECRAFT,2014-11-27,780.5,780.5,780.5,780.5,100.0
CONFIDCEM,2013-05-22,100.0,101.3,97.8,97.9,93540.0
BEACHHATCH,2007-08-16,3.4,3.5,3.4,3.5,34500.0
ICB3RDNRB,2025-03-17,4.2,4.3,4.1,4.2,307637.0
ATLASBANG,1999-11-10,154.0,154.0,151.1,152.0,250.0
GULFOODS,2005-11-10,16.25,16.75,16.25,16.5,550.0
RECKITTBEN,2003-01-30,90.4,90.4,90.1,90.2,100.0
APEXADELFT,2005-05-04,545.75,545.75,538.0,538.25,2520.0
ACI,2017-02-04,477.3,485.0,477.3,483.8,115373.0
ILFSL,2023-02-26,6.2,6.2,6.2,6.2,5000.0
MLDYEING,2021-11-22,25.0,25.6,24.5,24.7,2544942.0
ABB1STMF,2014-10-30,6.5,6.6,6.4,6.5,579000.0
PF1STMF,2023-11-05,0.0,0.0,0.0,9.9,0.0
RUPALIINS,2010-02-25,1110.0,1125.0,1091.0,1104.0,2860.0
MPETROLEUM,2014-04-22,310.0,312.4,307.9,308.7,620700.0
USMANIAGL,2012-10-07,80.2,80.2,80.2,80.2,950.0
SONARGAON,2020-11-19,24.5,24.5,24.5,24.5,6583.0
EBLNRBMF,2022-12-12,6.5,6.5,6.5,6.5,1100.0
BXPHARMA,2011-06-19,76.4,76.4,73.0,73.6,236050.0
NAHEEACP,2021-04-10,51.3,51.9,49.9,50.1,1001105.0
METROSPIN,2008-06-30,32.6,33.0,32.0,32.3,49500.0
MHOSSAIN,2008-04-22,19.25,20.5,19.25,20.0,850.0
AFTABAUTO,2003-03-25,246.5,246.5,245.0,245.25,205.0
ACIFORMULA,2019-08-05,149.1,149.6,147.0,149.2,4528.0
RENWICKJA,2024-06-13,760.0,760.0,760.0,760.0,10.0
MIDASFIN,2023-11-20,10.3,10.4,10.0,10.0,296211.0
CENTRALINS,2009-05-08,560.0,568.0,540.0,549.75,4560.0
DHAKABANK,2007-06-18,490.0,505.5,490.0,497.75,4550.0
CMCKAMAL,2014-02-16,32.1,32.2,31.0,31.3,426200.0
JMISMDL,2021-06-23,322.0,325.2,319.0,322.7,26302.0
AZIZPIPES ,2015-10-27,49.8,49.8,42.3,42.3,24393.0
GEMINISEA,2011-08-17,2800.0,2845.0,2730.0,2795.75,30.0
AFTABAUTO,2003-11-18,295.25,300.0,295.25,297.25,1615.0
MATINSPINN,2017-12-06,39.5,40.0,39.5,39.6,17008.0
ANWARGALV,2009-10-14,397.0,410.0,397.0,399.75,4150.0
ARAMIT,2006-04-26,60.0,60.0,60.0,60.0,150.0
SUMITPOWER,2012-06-02,50.6,50.6,46.1,47.9,373600.0
ALLTEX,2020-10-06,6.9,6.9,6.9,6.9,1200.0
ICBIBANK,2013-04-03,7.2,7.2,7.0,7.1,83000.0
INTRACO,2025-01-20,20.0,20.6,20.0,20.5,1018829.0
BERGERPBL,2022-09-15,1770.0,1770.3,1770.0,1770.0,643.0
BAYLEASING,2019-09-23,13.7,14.4,13.7,13.9,59801.0
BATBC,2008-02-12,174.4,177.0,173.5,174.6,48050.0
MEGHNAPET,2013-12-11,5.8,6.2,5.8,5.8,5000.0
QSMDRYCELL,2003-02-01,15.8,16.0,15.8,15.9,15000.0
JUTESPINN,2022-12-04,134.3,138.0,134.3,137.5,3124.0
PROGRESLIF,2011-11-23,1660.0,1677.0,1582.25,1618.0,250.0
EASTRNLUB,2021-08-06,1188.5,1196.0,1170.1,1191.0,3045.0
PLFSL,2010-01-08,154.9,157.7,152.5,154.1,3632100.0
STYLECRAFT,2010-08-04,3600.0,3600.0,3600.0,3600.0,10.0
PRIMEFIN,2016-09-26,7.6,7.9,7.6,7.8,64721.0
DUTCHBANGL,2018-12-26,134.5,142.0,133.6,139.2,349750.0
ISLAMIBANK,2022-05-25,33.0,33.0,32.3,32.5,439761.0
RUPALILIFE,2013-09-18,97.6,100.9,97.0,97.5,25500.0
EBLNRBMF,2018-04-10,4.7,4.8,4.7,4.7,14016.0
MEGCONMILK,2010-07-14,38.1,39.3,38.1,38.8,92500.0
ARAMIT,2023-02-28,259.7,259.7,257.2,257.3,12802.0
GEMINISEA,2019-05-29,265.0,265.0,264.1,264.9,13463.0
POPULARLIF,2019-06-27,97.7,99.6,97.7,99.2,14714.0
GHAIL,2023-12-12,18.2,18.4,17.8,18.2,1483013.0
RECKITTBEN,2002-07-25,107.0,107.0,101.5,103.3,2050.0
NILOYCEM,2005-07-02,71.0,71.0,70.0,70.25,800.0
KBPPWBIL,2023-10-12,27.9,28.4,27.3,28.1,2085820.0
ORIONPHARM,2017-09-28,48.6,49.3,47.8,47.9,367477.0
LANKABAFIN,2019-11-13,16.5,16.7,15.8,16.0,2833928.0
IFILISLMF1,2012-09-18,4.7,5.0,4.6,5.0,538000.0
LANKABAFIN,2015-10-21,30.1,31.9,30.0,31.6,808322.0
SINGERBD,2023-05-11,151.9,151.9,151.9,151.9,562.0
SAMATALETH,2020-07-22,106.9,106.9,106.9,106.9,565.0
HRTEX,2017-07-05,33.2,34.1,33.2,34.0,177380.0
CENTRALINS,2018-10-29,17.7,19.6,17.7,19.3,2024.0
KARNAPHULI,2011-02-10,57.0,57.0,55.1,55.4,130200.0
ABBANK,2005-07-30,250.0,250.25,248.25,249.25,715.0
REPUBLIC,2022-10-17,36.4,36.5,36.4,36.4,16442.0
FEDERALINS,2011-11-27,41.6,41.6,38.2,38.3,191500.0
FIRSTSBANK,2022-04-01,13.0,13.0,12.8,12.9,5108683.0
ETL,2024-08-08,12.4,12.8,12.0,12.7,3063907.0
KPPL,2014-11-11,33.5,35.4,33.3,34.2,3398000.0
SPPCL,2014-05-15,49.6,51.0,49.6,50.4,282300.0
AZIZPIPES ,2018-04-24,154.0,159.0,146.1,149.6,211356.0
INTECH,2018-06-02,16.7,17.2,16.7,16.8,161048.0
BATBC,2000-10-19,106.5,106.5,105.0,106.4,5100.0
RAHIMAFOOD,2016-11-28,106.1,110.0,106.1,108.5,76673.0
MARICO,2014-10-15,1161.0,1173.9,1152.2,1160.8,4850.0
IFIC,2010-08-04,823.75,833.0,816.0,830.25,5095.0
ACIFORMULA,2011-10-27,98.5,100.0,95.0,97.6,18900.0
JHRML,2023-04-30,80.0,80.0,77.5,77.8,928730.0
APEXADELFT,2005-10-10,470.0,470.0,466.75,467.5,660.0
FAMILYTEX,2021-02-22,2.5,2.6,2.4,2.5,563129.0
BDCOM,2008-10-16,40.0,44.5,39.1,42.5,1079500.0
GULFOODS,1999-06-26,127.0,129.0,127.0,127.25,5800.0
ASIAPACINS,2008-01-16,138.0,138.0,126.25,127.5,11950.0
EBL1STMF,2017-12-11,9.1,9.3,8.9,9.1,146196.0
WATACHEM,2022-10-17,241.9,245.6,228.2,230.8,105901.0
ACMEPL,2022-03-30,37.4,37.5,36.7,36.7,432079.0
SUNLIFEINS,2024-08-06,60.0,60.3,56.4,56.9,368086.0
GENEXIL,2022-10-02,80.4,80.6,77.8,78.1,1580112.0
RENATA,2015-01-11,1208.6,1214.0,1199.2,1201.9,7541.0
UNIONINS,2022-09-25,32.9,33.2,32.9,32.9,205128.0
FEDERALINS,2008-04-20,307.5,310.0,305.0,307.75,350.0
BANGAS,2020-02-03,129.5,134.9,129.1,133.3,38020.0
ORIONPHARM,2017-05-04,51.3,51.3,50.2,50.6,729467.0
FAREASTLIF,2006-09-26,703.0,703.0,696.0,699.75,1250.0
CITYGENINS,2016-06-28,10.9,11.1,10.8,11.0,39603.0
ABB1STMF,2022-12-06,5.2,5.2,5.2,5.2,2.0
TUNGHAI,2016-11-28,10.1,10.8,10.1,10.6,1055611.0
IDLC,2005-11-16,1035.0,1035.0,996.0,1008.75,580.0
POPULARLIF,2014-11-26,156.2,159.0,153.0,156.0,17500.0
PLFSL,2017-01-19,11.1,11.4,10.5,10.8,1056303.0
MTBL,2012-08-28,22.2,23.4,22.2,22.6,151500.0
ROSEHEAVEN,2008-07-16,6.0,6.1,6.0,6.0,8500.0
IMAMBUTTON,2021-09-15,37.4,37.4,36.0,36.6,21026.0
UTTARAFIN,2011-11-01,283.1,311.6,283.1,311.6,64500.0
APEXTANRY,2023-11-23,99.3,99.6,99.3,99.3,8616.0
BOC,2004-09-09,158.6,159.0,158.0,158.6,3150.0
AFTABAUTO,2017-03-01,61.9,62.3,60.5,61.2,1699608.0
MERCANBANK,2006-07-13,294.0,301.0,294.0,299.75,22900.0
GRAMEENS2,2017-12-02,14.0,14.3,14.0,14.2,567929.0
NCCBLMF1,2018-07-16,7.5,7.5,7.4,7.5,110.0
BOC,2000-10-18,116.4,116.5,116.3,116.4,1250.0
DAFODILCOM,2006-01-23,20.8,21.2,20.3,21.0,0.0
IMAMBUTTON,2014-09-11,7.5,7.6,7.5,7.5,10500.0
SHURWID,2025-03-04,8.7,9.4,8.7,8.9,279144.0
TALLUSPIN,2008-09-14,68.75,70.0,68.75,68.75,210.0
RELIANCINS,2023-09-12,72.6,74.6,71.7,73.3,207338.0
PURABIGEN,2013-05-12,23.5,23.7,23.4,23.5,233500.0
NHFIL,2020-06-17,24.6,24.6,24.6,24.6,101.0
SHURWID,2024-11-03,6.6,6.8,6.6,6.8,45026.0
PRIMELIFE,2024-01-18,53.9,54.8,52.8,53.2,87436.0
CITYBANK,2013-03-19,23.8,24.2,23.6,23.8,526050.0
SINGERBD,2020-01-16,162.0,164.9,160.8,163.3,175068.0
FEDERALINS,2009-02-12,665.0,686.5,660.0,679.75,45550.0
EASTRNLUB,2008-09-16,455.0,455.0,435.0,443.0,250.0
BSRMLTD,2021-07-07,87.9,88.2,86.4,86.6,174877.0
FORTUNE,2024-07-10,34.8,35.9,33.7,33.8,3664270.0
APEXFOODS,2014-03-27,131.7,132.0,126.6,128.0,51350.0
GREENDELMF,2013-08-04,5.2,5.7,5.1,5.7,1118500.0
PREMIERBAN,2018-06-19,11.3,11.4,11.0,11.1,1976318.0
NATLIFEINS,2019-09-22,259.0,264.9,252.0,257.9,153561.0
NAVANACNG,2012-04-09,84.0,86.2,83.0,83.7,469400.0
GQBALLPEN,2003-09-04,85.8,86.1,85.8,85.9,300.0
REPUBLIC,2015-05-20,17.9,19.0,17.8,18.5,127535.0
IPDC,2007-03-22,331.25,332.5,326.25,326.75,16850.0
SUNLIFEINS,2023-01-22,59.0,59.0,57.1,57.1,152795.0
DOMINAGE,2022-01-23,26.3,26.4,25.5,25.6,193269.0
GHAIL,2023-03-09,17.5,17.5,17.5,17.5,30.0
APEXADELFT,2009-11-02,2025.0,2025.0,1820.0,1830.0,11800.0
DBLPBOND,2023-10-29,0.0,0.0,0.0,5250.0,0.0
RUPALIBANK,2022-12-21,25.2,25.2,25.2,25.2,285.0
MLDYEING,2022-07-02,23.4,23.6,23.0,23.1,397949.0
OAL,2023-06-11,9.9,9.9,9.9,9.9,1052.0
USMANIAGL,2017-07-11,87.3,88.4,87.3,87.8,24601.0
AIBL1STIMF,2012-12-18,7.0,7.0,7.0,7.0,97000.0
NAVANACNG,2017-12-13,69.9,70.6,69.1,69.5,107417.0
BERGERPBL,2011-01-08,745.0,745.0,695.0,722.1,9750.0
DSEX,2014-10-19,5285.84,5311.04,5176.75,5176.75,68725658.0
KPCL,2016-02-17,76.8,78.0,76.3,77.9,999096.0
SREEPURTEX,2009-03-22,20.25,20.25,20.25,20.25,100.0
STANDBANKL,2016-12-21,11.5,11.5,11.3,11.5,1693023.0
LEGACYFOOT,2009-12-23,36.0,36.0,34.7,34.8,29000.0
PRIMELIFE,2017-08-21,57.0,57.5,55.8,56.5,108766.0
SUNLIFEINS,2023-06-06,58.6,59.2,53.0,55.5,950330.0
ZEALBANGLA,2019-09-15,30.1,30.1,30.1,30.1,9.0
MERCANBANK,2019-12-23,13.0,13.2,13.0,13.1,361591.0
NORTHERN,2019-08-12,815.0,847.0,808.0,810.9,34518.0
PURABIGEN,2015-05-14,17.4,17.5,16.8,17.3,192669.0
SEMLLECMF,2024-04-09,7.5,7.6,7.4,7.5,165658.0
MITHUNKNIT,2008-07-17,193.0,200.0,193.0,196.0,480.0
ORIONINFU,2010-09-30,799.75,827.0,760.0,789.25,152240.0
NAHEEACP,2022-06-16,71.7,72.6,70.4,70.4,709334.0
BDLAMPS,2017-11-09,184.8,184.8,180.0,180.4,27115.0
UPGDCL,2022-12-08,233.7,233.7,233.7,233.7,4853.0
FAREASTFIN,2017-04-10,13.7,13.9,13.3,13.4,2136310.0
SONARBAINS,2008-08-05,158.0,164.0,152.0,153.5,16550.0
TITASGAS,2017-03-28,51.2,51.4,51.0,51.1,446495.0
CONFIDCEM,2015-04-23,80.3,80.3,78.6,79.4,51799.0
WATACHEM,2024-07-09,151.1,152.5,149.7,150.9,29568.0
SAIHAMTEX,2010-08-22,440.0,470.0,440.0,465.0,15420.0
MERCINS,2023-05-24,33.3,34.0,32.7,33.1,199134.0
MONNOCERA,2012-04-17,53.7,54.3,51.9,52.2,84200.0
RENATA,2024-04-04,761.3,770.7,761.3,769.0,4969.0
UPGDCL,2016-06-21,146.0,146.0,143.1,143.3,143957.0
AMCL(PRAN),2015-10-21,201.5,202.4,197.0,197.4,18667.0
MONNOSTAF,2007-11-13,400.0,400.0,390.0,398.25,65.0
ICBAMCL2ND,2016-02-28,4.6,4.6,4.6,4.6,2900.0
PREMIERCEM,2022-06-14,48.8,48.8,46.6,47.0,381961.0
NORTHERN,2016-12-28,219.4,224.3,215.3,217.2,8177.0
REPUBLIC,2022-12-14,34.6,34.6,34.6,34.6,2882.0
BDCOM,2003-07-05,12.2,12.3,12.2,12.2,98500.0
ACTIVEFINE,2016-01-18,56.0,57.4,55.9,57.1,509790.0
NFML,2017-09-02,21.3,21.4,20.7,20.9,1200627.0
PROGRESLIF,2013-11-11,112.0,112.0,102.6,103.7,10500.0
SQURPHARMA,2020-08-17,203.6,207.0,202.6,204.9,1180943.0
ITC,2023-11-09,40.4,40.6,39.5,39.7,672295.0
MERCINS,2015-04-21,12.9,13.4,12.8,13.1,14971.0
DELTALIFE,2015-02-03,151.8,159.9,149.9,154.2,552812.0
LINDEBD,2019-11-19,1323.0,1349.9,1323.0,1348.8,2861.0
PRIMEBANK,2017-04-17,20.9,21.6,20.7,21.4,4254078.0
ONEBANKLTD,2014-08-21,12.5,12.6,12.4,12.5,841000.0
SIPLC,2024-09-29,46.5,48.0,44.6,45.1,27151.0
GSPFINANCE,2014-12-06,17.5,17.7,17.5,17.5,51500.0
PADMAOIL,2017-09-19,253.8,253.8,248.7,249.9,69246.0
SAMATALETH,2023-09-18,58.0,58.5,57.6,58.0,17915.0
APEXTANRY,2018-10-22,131.0,131.8,129.0,130.2,35278.0
MATINSPINN,2019-04-16,37.4,37.6,37.4,37.4,86000.0
BOC,2010-06-29,632.1,654.9,630.1,648.8,50550.0
APEXTANRY,2018-04-01,148.5,149.0,148.0,148.6,8155.0
ENVOYTEX,2020-06-21,21.2,21.2,21.2,21.2,143.0
BOC,2010-12-23,758.0,759.0,721.0,724.0,12750.0
FUWANGFOOD,2000-11-20,13.0,13.1,13.0,13.0,37500.0
PRIME1ICBA,2012-02-04,7.6,7.6,7.2,7.3,117000.0
EXCELSHOE,2000-10-01,36.5,36.75,36.0,36.0,4800.0
ABBANK,2013-07-29,25.0,25.5,24.5,24.7,216150.0
BIFC,2022-09-14,9.5,9.5,9.5,9.5,1007.0
KDSALTD,2017-04-06,74.7,76.3,74.7,75.6,33730.0
LEGACYFOOT,2023-11-02,80.0,80.0,76.3,77.7,316555.0
LAFSURCEML,2017-10-25,61.2,61.4,60.7,61.0,616764.0
OAL,2023-01-31,9.9,9.9,9.9,9.9,172.0
NITOLINS,2017-02-01,23.3,23.9,23.3,23.8,28051.0
SUMITPOWER,2005-11-15,400.0,400.0,321.0,359.0,0.0
DOMINAGE,2023-01-16,19.2,19.2,19.2,19.2,10585.0
OAL,2024-02-18,19.0,19.8,18.4,18.5,4922465.0
TITASGAS,2024-06-05,21.5,21.6,21.0,21.1,82966.0
GQBALLPEN,2019-02-24,88.0,88.0,83.8,84.2,71627.0
RECKITTBEN,2024-09-17,4820.1,4839.0,4785.0,4791.3,148.0
EXIM1STMF,2021-09-21,7.3,7.4,7.2,7.4,2746807.0
ORIONINFU,2013-01-20,42.8,43.0,42.3,42.3,59600.0
PLFSL,2008-04-05,422.75,427.0,417.0,418.0,19650.0
MODERNDYE,2016-11-17,190.0,190.0,182.6,184.6,2144.0
PUBALIBANK,2002-04-21,314.5,314.75,311.0,313.25,785.0
ISLAMIBANK,2024-04-22,0.0,0.0,0.0,32.6,0.0
GBJVFOOD,2008-06-05,3.0,3.2,2.9,3.0,29500.0
AFTABAUTO,2022-09-01,29.8,29.8,28.2,28.8,98049.0
CROWNCEMNT,2023-09-12,0.0,0.0,0.0,74.4,0.0
ALLTEX,2015-09-08,25.5,25.7,25.0,25.1,913457.0
BEDL,2014-11-27,36.0,36.3,34.8,35.3,721400.0
RANFOUNDRY,2014-08-14,100.7,102.0,100.7,100.7,35000.0
ZEALBANGLA,2016-03-11,17.1,17.8,16.7,17.1,17160.0
PENINSULA,2018-02-13,21.3,21.8,21.2,21.6,95545.0
SAVAREFR,2018-06-25,154.0,154.0,148.0,151.5,770.0
MERCINS,2016-08-11,13.0,13.2,13.0,13.0,193490.0
NHFIL,2017-11-14,46.8,47.9,46.6,47.7,89576.0
WONDERTOYS,1999-10-14,67.0,67.5,65.5,65.75,18800.0
DUTCHBANGL,2012-05-28,120.0,120.0,116.7,117.3,29000.0
RNSPIN,2017-10-04,24.3,24.6,24.1,24.3,206708.0
NCCBANK,2017-02-28,14.5,14.5,14.1,14.2,1348888.0
SQURPHARMA,1999-07-14,631.0,636.75,628.0,630.5,1460.0
RAHIMTEXT,2022-08-11,215.3,218.6,215.3,216.8,225.0
ACFL,2020-12-28,34.5,35.3,34.5,34.9,326060.0
IDLC,2010-01-17,4000.0,4099.75,3980.0,4074.0,37200.0
SUMITPOWER,2012-01-02,54.2,54.7,50.2,51.5,519800.0
ADVENT,2020-08-25,24.5,24.9,24.1,24.2,805565.0
EBLNRBMF,2015-08-30,4.2,4.3,4.2,4.3,15900.0
EXCELSHOE,2000-04-22,37.5,39.25,37.25,37.5,46150.0
AAMRATECH,2018-07-29,33.9,34.0,31.6,31.8,638286.0
SINGERBD,2001-05-28,1300.0,1305.0,1290.0,1302.0,365.0
ALLTEX,2023-06-07,0.0,0.0,0.0,17.5,0.0
FBFIF,2023-01-03,5.0,5.0,5.0,5.0,277416.0
SHAHJABANK,2018-10-18,27.3,29.9,27.2,29.4,5509422.0
IBNSINA,2022-09-05,304.7,305.7,301.9,302.4,46169.0
POPULARLIF,2024-09-05,60.8,62.1,59.0,59.7,157431.0
ISLAMICFIN,2019-08-21,15.1,15.1,14.9,14.9,100441.0
TRUSTBANK,2008-11-06,651.0,652.0,625.5,631.5,36750.0
GULFOODS,2005-10-10,16.25,16.25,16.25,16.25,50.0
NHFIL,2019-12-06,43.4,44.2,42.7,43.9,780523.0
LEGACYFOOT,2011-08-17,45.8,45.8,44.1,44.9,15000.0
KBPPWBIL,2016-06-19,25.9,27.4,25.9,27.2,2454375.0
AIMS1STMF,2009-07-04,15.0,15.69,15.0,15.14,5412500.0
TITASGAS,2011-08-18,775.0,804.0,775.0,795.25,133000.0
UNIQUEHRL,2017-07-16,54.6,55.5,54.2,54.5,246715.0
NORTHERN,2023-01-19,216.4,220.0,214.3,215.1,6238.0
EHL,2024-04-21,83.1,83.7,80.4,82.7,237672.0
JAMUNAOIL,2012-09-27,273.0,280.0,270.5,274.1,449000.0
ESQUIRENIT,2023-10-26,0.0,0.0,0.0,34.5,0.0
RELIANCE1,2022-06-23,11.1,11.3,11.1,11.1,25471.0
BDWELDING,2024-06-13,16.4,16.8,16.3,16.3,141159.0
ATLASBANG,2009-08-25,515.0,533.9,513.7,527.0,134100.0
GPHISPAT,2015-01-25,44.4,45.0,43.6,44.7,53638.0
UNITEDFIN,2019-02-26,22.2,22.4,21.1,21.3,1102412.0
EASTLAND,2023-04-12,23.7,23.7,23.7,23.7,1325.0
JANATAINS,2020-06-09,23.4,24.2,22.8,23.7,1504588.0
PRIMETEX,2020-02-17,22.1,22.1,21.1,21.6,393824.0
HEIDELBCEM,2017-08-28,437.9,437.9,427.3,427.9,48358.0
BAYLEASING,2021-02-14,24.5,25.5,23.4,24.0,531054.0
MALEKSPIN,2020-02-27,14.7,14.8,14.3,14.4,122679.0
UTTARABANK,2006-09-18,2130.0,2177.5,2127.0,2165.0,2405.0
ROBI,2022-11-24,30.0,30.0,30.0,30.0,5199.0
PEOPLESINS,2019-01-04,18.9,19.5,18.4,19.3,143968.0
DELTASPINN,2023-06-11,0.0,0.0,0.0,8.5,0.0
UTTARABANK,2011-06-27,79.4,80.2,78.5,79.8,1169125.0
ACI,2017-10-17,615.2,617.0,612.9,615.2,59854.0
RAKCERAMIC,2013-11-14,52.2,53.0,51.6,51.8,103800.0
BENGALWTL,2013-09-19,46.1,46.3,45.2,45.7,317400.0
STANDARINS,2011-08-03,479.0,521.0,479.0,521.0,13400.0
FIRSTSBANK,2018-05-07,10.5,10.5,10.2,10.4,1386004.0
NTC,2021-08-04,451.5,451.5,451.5,451.5,185.0
BGIC,2005-08-28,286.0,286.0,279.5,280.25,1120.0
FINEFOODS,2024-06-20,162.0,174.0,162.0,165.7,24904.0
DHAKABANK,2019-08-05,13.2,13.3,13.1,13.3,376964.0
TRUSTBANK,2011-02-14,500.0,500.0,477.75,477.75,70250.0
PHOENIXFIN,2018-10-10,34.5,34.9,34.0,34.3,56664.0
TRUSTB1MF,2012-03-13,7.2,7.5,7.2,7.4,454000.0
RECKITTBEN,2022-03-23,5430.1,5468.9,5420.0,5421.4,623.0
PRIMETEX,2019-02-12,21.5,21.8,20.7,20.9,192710.0
FIRSTSBANK,2018-03-09,11.4,11.4,11.0,11.0,1285230.0
HEIDELBCEM,2025-03-05,210.4,212.0,208.0,209.1,10439.0
SONALIANSH,2015-02-16,102.3,102.3,98.7,98.9,11322.0
DULAMIACOT,2025-01-21,82.0,83.5,79.0,79.3,5775.0
ICBAMCL2ND,2021-02-17,7.7,7.8,7.7,7.8,66539.0
MEGHNAPET,2019-11-04,12.8,13.8,12.8,13.4,574.0
DSEX,2022-01-16,7017.23,7072.96,7016.07,7019.6,150680090.0
PADMAOIL,2021-03-05,195.0,197.9,195.0,196.3,2682.0
BARKAPOWER,2019-03-20,30.7,30.7,30.1,30.1,250452.0
MATINSPINN,2021-08-26,57.0,58.0,56.1,56.5,322652.0
NTLTUBES,2016-06-27,79.0,79.8,79.0,79.2,17698.0
NPOLYMAR,2003-03-03,151.0,152.0,150.0,151.0,270.0
BATBC,2006-03-27,77.5,77.5,76.0,76.6,6600.0
STANDARINS,2016-03-14,12.9,13.2,12.9,13.0,2539.0
BSCCL,2015-07-28,136.1,139.8,134.8,138.4,286846.0
ESQUIRENIT,2021-11-11,36.6,37.5,36.3,37.2,192960.0
CONFIDCEM,2012-11-19,110.1,111.1,107.3,107.8,66340.0
IFIC1STMF,2010-12-30,15.9,16.8,15.6,16.1,11244500.0
PBLPBOND,2023-11-23,0.0,0.0,0.0,4801.0,0.0
SHURWID,2018-02-13,17.1,17.9,16.9,17.8,552126.0
MHSML,2018-11-13,12.2,12.8,12.2,12.2,61004.0
FAREASTFIN,2021-07-11,7.3,7.3,6.9,7.1,31225.0
PHARMAID,2019-08-26,530.0,534.8,519.2,526.0,26580.0
UTTARAFIN,2007-04-19,408.25,414.0,406.0,409.0,2250.0
ITC,2021-03-15,32.3,32.3,31.5,31.8,101910.0
CITYBANK,2013-02-05,15.2,16.8,15.2,16.6,370800.0
GREENDELT,2023-03-07,67.0,67.1,66.3,66.6,57716.0
ACMELAB,2025-02-19,74.5,74.5,73.9,74.2,184050.0
TBL,2009-11-25,550.0,568.0,550.0,552.75,130.0
BDWELDING,2010-06-24,93.2,94.0,91.2,92.1,94500.0
NTLTUBES,2009-10-21,2345.0,2400.0,2270.0,2277.75,18040.0
IBP,2020-09-28,22.1,22.4,21.9,22.2,1834802.0
BANGAS,2009-07-22,1625.0,1700.0,1600.0,1644.75,2395.0
SQUARETEXT,2007-01-28,105.0,109.9,101.6,103.6,419600.0
CROWNCEMNT,2025-03-20,48.6,50.0,48.6,49.8,77059.0
SIBL,2017-06-20,22.1,22.2,21.9,22.0,1254695.0
ASIAPACINS,2013-09-25,29.5,31.5,29.4,30.0,108000.0
LIBRAINFU,2022-06-23,815.0,830.0,800.2,806.5,4066.0
SAIHAMTEX,2024-04-03,15.3,15.6,15.1,15.5,64129.0
BEACHHATCH,2014-04-20,22.0,23.7,22.0,23.7,114000.0
UNITEDFIN,2023-06-15,15.8,15.8,15.8,15.8,3250.0
CENTRALINS,2019-08-21,25.8,26.0,25.2,25.3,218710.0
ADVENT,2019-07-17,30.6,31.4,30.0,31.1,275638.0
DESHBANDHU,2015-10-18,13.1,13.2,12.8,12.9,192382.0
BOC,2011-03-31,652.8,679.0,652.8,673.2,47000.0
BANKASIA,2004-12-05,377.0,380.0,360.0,360.25,20000.0
PHENIXINS,2015-08-24,23.1,23.9,23.1,23.6,36202.0
BEACHHATCH,2020-06-23,13.6,13.6,13.6,13.6,200.0
TILIL,2023-10-29,53.0,53.5,51.7,52.0,160008.0
EASTRNLUB,2003-10-26,143.3,143.3,141.1,141.8,1000.0
BDCOM,2019-04-28,28.5,28.9,28.0,28.4,259326.0
HAKKANIPUL,2020-04-02,50.4,52.0,49.6,50.7,202154.0
BDAUTOCA,2018-06-21,249.9,257.9,249.9,257.9,59421.0
PTL,2021-06-04,48.9,48.9,48.9,48.9,216.0
APEXSPINN,1999-05-08,108.25,108.25,108.25,108.25,300.0
UNITEDINS,2023-03-01,37.3,39.3,37.2,38.2,17681.0
WALTONHIL,2023-04-09,1047.7,1047.7,1047.7,1047.7,239.0
AFTABAUTO,2003-02-12,375.0,385.25,375.0,384.5,1710.0
BSCCL,2014-05-19,185.9,186.0,181.1,181.4,191400.0
STANDARINS,2013-05-05,42.6,42.8,42.6,42.7,36500.0
FAMILYTEX,2014-04-06,24.9,25.3,23.8,23.9,1552500.0
BBSCABLES,2018-12-19,89.4,90.7,88.4,90.0,557275.0
KEYACOSMET,2020-03-03,3.0,3.1,2.9,2.9,886050.0
SONARGAON,2013-08-25,15.5,16.1,14.6,15.3,144000.0
BOC,2010-06-22,629.0,641.0,628.0,634.1,51450.0
UNITEDAIR,2013-01-12,17.1,17.1,16.4,16.4,2963600.0
GREENDELT,2000-06-01,485.0,490.0,485.0,488.5,40.0
FIRSTSBANK,2023-06-12,8.9,8.9,8.9,8.9,5133.0
ATLASBANG,2017-10-09,135.0,143.0,135.0,136.6,51878.0
STYLECRAFT,2022-03-07,107.9,108.8,106.9,107.1,19321.0
PHENIXINS,2019-09-17,26.5,27.0,26.0,26.4,56961.0
CONTININS,2012-06-03,35.1,38.0,35.1,37.5,56000.0
AMBEEPHA,2000-03-29,33.0,33.1,33.0,33.0,650.0
OAL,2017-12-17,20.5,20.7,20.4,20.5,264676.0
MEGHNAPET,2016-03-29,5.2,5.2,5.1,5.2,2000.0
ASIAPACINS,2011-09-28,491.0,508.0,490.0,492.25,14650.0
POPULARLIF,2023-08-31,75.3,75.9,74.6,75.4,336477.0
PLFSL,2024-10-28,2.9,3.0,2.9,3.0,685114.0
ZEALBANGLA,2006-03-15,5.0,5.8,5.0,5.4,27200.0
BDTHAI,2014-03-20,30.9,31.2,30.8,30.9,65800.0
PRIMEINSUR,2020-12-11,36.2,40.5,36.2,40.2,202938.0
EBLNRBMF,2023-02-09,6.5,6.5,6.5,6.5,27.0
MAKSONSPIN,2019-07-21,5.8,5.8,5.3,5.3,829203.0
SIBL,2012-07-10,20.9,21.0,20.6,20.6,1288250.0
QUASEMIND,2022-10-04,52.3,53.9,51.9,53.0,113227.0
DULAMIACOT,2024-02-27,60.9,63.8,60.9,62.8,1482.0
DELTASPINN,2017-01-29,11.4,11.4,10.6,10.7,1365111.0
ARGONDENIM,2020-03-22,20.0,20.0,19.2,19.2,22625.0
JAMUNAOIL,2020-10-20,166.5,166.5,164.7,165.0,34222.0
EPGL,2024-10-02,16.7,16.7,15.4,15.7,124675.0
INTRACO,2024-01-10,42.3,44.0,41.8,43.5,3625104.0
BAYLEASING,2011-10-16,833.0,834.0,770.0,773.0,16000.0
AL-HAJTEX,2013-01-31,41.0,44.1,41.0,42.4,145950.0
AAMRANET,2024-02-14,58.0,58.6,55.4,56.0,811178.0
FARCHEM,2020-06-15,9.8,9.8,9.8,9.8,2800.0
GREENDELT,2008-06-10,2255.0,2264.0,2180.0,2196.5,6460.0
CAPMIBBLMF,2019-08-12,8.9,9.1,8.6,8.7,388345.0
AMBEEPHA,2002-10-03,44.2,45.0,44.1,44.8,1500.0
BXPHARMA,2003-12-03,35.2,36.5,35.2,36.3,24100.0
LEGACYFOOT,2022-04-20,58.1,58.1,56.1,57.1,14947.0
HWAWELLTEX,2019-08-09,36.1,37.0,36.1,36.2,512.0
BRACBANK,2016-01-08,64.0,64.2,61.7,62.6,1022772.0
PUBALIBANK,2006-04-13,527.5,527.5,516.0,518.5,1490.0
AGRANINS,2013-06-02,33.9,33.9,33.3,33.3,17500.0
SQURPHARMA,2022-07-18,214.9,215.1,213.0,213.2,286549.0
POWERGRID,2022-11-24,52.4,52.4,52.4,52.4,707.0
PRIMEINSUR,2024-11-10,36.0,36.2,35.2,35.8,11486.0
NLI1STMF,2021-11-05,13.8,14.1,13.8,13.9,404880.0
TITASGAS,2024-09-30,24.4,24.4,22.4,23.0,177167.0
MEGHNASHRM,2009-12-01,22.0,23.0,21.0,22.0,11440.0
PRAGATILIF,2018-01-31,105.2,108.3,104.1,105.6,3769.0
PRIMELIFE,2023-04-12,62.1,66.7,60.7,66.7,1358271.0
STANDBANKL,2020-07-01,8.2,8.2,7.8,7.8,541985.0
CONTININS,2022-11-24,31.8,31.8,31.8,31.8,52131.0
SINGERBD,2023-10-26,151.9,151.9,151.9,151.9,346.0
ULC,2002-04-02,640.0,640.0,640.0,640.0,20.0
DUTCHBANGL,2015-02-02,94.1,98.5,93.9,97.4,31528.0
AMBEEPHA,2007-07-23,53.9,54.9,53.9,54.4,2400.0
AFCAGRO,2016-06-12,47.8,48.0,46.7,46.9,593858.0
CAPMIBBLMF,2025-02-23,8.7,8.7,8.6,8.6,74410.0
AGRANINS,2015-10-09,14.4,14.6,14.4,14.5,9560.0
ACTIVEFINE,2025-03-24,9.3,9.7,9.3,9.5,152346.0
EXIM1STMF,2020-06-08,4.3,4.5,4.3,4.4,59968.0
ALARABANK,2012-03-27,32.8,33.2,32.5,33.0,1170750.0
BPPL,2022-01-30,35.6,35.6,35.0,35.0,555047.0
SOUTHEASTB,2006-04-26,533.0,547.5,533.0,539.75,22850.0
RAHMANCHEM,2009-01-15,105.5,105.5,100.0,102.5,610.0
UNITEDFIN,2015-05-04,19.3,19.9,19.2,19.3,44379.0
UNITEDINS,2012-04-06,57.3,58.7,55.0,55.8,7700.0
EBL,2012-12-04,47.2,47.5,46.6,47.0,1265800.0
NORTHRNINS,2020-11-11,40.9,40.9,36.6,37.0,2378140.0
SQUARETEXT,2010-04-08,146.8,155.9,146.8,154.2,3053550.0
ISLAMIINS,2010-03-29,453.75,465.0,453.75,461.0,2600.0
APEXFOODS,2004-06-19,445.0,474.0,442.0,451.25,1560.0
PENINSULA,2019-09-24,21.3,21.8,20.8,21.4,201298.0
SHASHADNIM,2019-08-22,42.1,42.5,40.9,41.7,1137461.0
EXIMBANK,2015-06-28,8.8,9.0,8.8,9.0,656456.0
BSCCL,2016-03-24,107.7,108.0,104.8,105.1,247216.0
BENGALWTL,2017-09-13,49.5,49.5,48.2,48.7,294832.0
BNICL,2022-02-23,104.1,105.6,103.0,105.4,22743.0
PRIME1ICBA,2021-06-17,7.5,7.6,7.4,7.5,164569.0
UNITEDFIN,2017-09-10,24.2,24.6,23.6,23.7,959149.0
NPOLYMAR,2012-12-23,37.0,37.0,36.4,36.8,1700.0
ONEBANKLTD,2019-12-15,10.3,10.4,10.2,10.3,636397.0
MEGHNACEM,2007-07-23,370.0,370.0,355.5,366.0,20000.0
SHYAMPSUG,2021-01-21,45.0,46.5,45.0,45.6,7817.0
NBL,2000-09-05,105.5,107.5,105.0,105.75,14820.0
EBL,2009-03-29,366.25,370.0,336.25,358.5,7880.0
PENINSULA,2021-06-27,21.4,21.7,20.4,20.6,702110.0
AFTABAUTO,2022-08-05,26.6,27.1,26.3,26.9,92304.0
FEDERALINS,2007-10-24,147.0,148.0,142.0,145.0,1650.0
SEBL1STMF,2015-12-14,9.1,9.1,9.0,9.0,100895.0
AMBEEPHA,2002-07-01,44.2,44.2,44.1,44.1,250.0
BDLAMPS,2009-03-30,1121.0,1231.0,1121.0,1219.75,2430.0
STANDARINS,2019-10-06,30.4,30.4,28.7,29.0,55368.0
ICBEPMF1S1,2024-11-26,5.3,5.3,5.3,5.3,552.0
ECABLES,2002-07-10,205.5,205.5,202.75,203.0,2450.0
ICBISLAMIC,2012-05-13,20.3,20.3,20.1,20.2,13500.0
BBS,2015-12-03,44.7,45.0,44.0,44.5,278353.0
EASTERNINS,2019-01-21,41.0,43.8,39.5,41.5,762346.0
AMBEEPHA,2020-06-08,452.0,453.9,441.0,446.3,7931.0
KARNAPHULI,2019-04-18,16.1,16.5,15.7,16.2,124362.0
PHPMF1,2017-07-18,8.0,8.1,7.9,7.9,773588.0
BSC,2011-03-29,2360.0,2411.0,2353.0,2398.5,1125.0
EBLNRBMF,2014-08-12,5.3,5.3,5.1,5.2,114500.0
ECABLES,2000-04-04,96.0,96.75,96.0,96.5,530.0
FIRSTSBANK,2009-10-14,162.0,165.0,162.0,163.0,75000.0
BDFINANCE,2019-09-01,18.7,19.2,18.4,18.5,2462082.0
SEAPEARL,2020-03-16,81.0,81.9,80.0,80.3,661947.0
BERGERPBL,2006-03-08,129.5,129.5,124.1,126.4,16950.0
BSC,2007-02-10,1861.0,1861.0,1861.0,1861.0,10.0
LEGACYFOOT,2008-10-27,23.0,23.0,21.8,21.9,56000.0
IPDC,2018-02-12,37.8,38.2,37.7,37.9,126236.0
PHARMAID,2008-07-23,2801.0,2801.0,2700.0,2750.25,40.0
BDLAMPS,2010-02-08,2289.0,2299.0,2252.0,2287.75,2595.0
IFADAUTOS,2019-09-23,62.5,64.0,62.5,63.0,114068.0
UNIONCAP,2021-07-27,8.9,8.9,8.6,8.9,557665.0
FBFIF,2019-03-07,4.8,4.8,4.7,4.8,457366.0
BRACBANK,2023-08-22,35.8,35.8,35.8,35.8,5566.0
PHARMAID,2007-11-12,1720.0,1720.0,1720.0,1720.0,10.0
SAVAREFR,2024-05-19,0.0,0.0,0.0,215.5,0.0
BDLAMPS,2018-05-27,172.0,173.0,170.0,170.6,14545.0
MIRACLEIND,2006-01-06,15.1,15.5,14.9,15.2,347000.0
BNICL,2016-10-13,16.5,17.3,15.9,17.1,1514940.0
IFILISLMF1,2022-08-28,6.4,6.6,6.4,6.5,76683.0
SINOBANGLA,2008-01-21,26.6,27.0,26.4,26.9,105500.0
AMCL(PRAN),2011-06-30,1525.0,1545.0,1521.5,1526.75,1060.0
1JANATAMF,2012-09-18,6.4,6.8,6.3,6.7,797500.0
METROSPIN,2024-04-21,18.9,19.3,18.3,18.5,477984.0
PREMIERLEA,2019-12-17,6.8,6.9,6.7,6.8,263470.0
NATLIFEINS,2023-07-16,179.0,179.0,179.0,179.0,76.0
BEXGSUKUK,2023-05-16,85.0,85.0,85.0,85.0,515.0
DELTASPINN,2012-01-31,32.9,32.9,28.0,28.2,181200.0
PRIMEINSUR,2018-05-29,16.4,17.0,16.4,17.0,12480.0
UTTARAFIN,2011-10-04,260.0,263.5,256.0,257.2,122700.0
BERGERPBL,2010-06-09,945.0,998.0,945.0,972.0,17150.0
BANGAS,2008-07-07,485.0,485.0,485.0,485.0,10.0
RAKCERAMIC,2022-09-25,45.3,46.1,44.5,45.5,1256273.0
SUNLIFEINS,2022-12-06,48.1,48.3,46.9,47.0,239144.0
JANATAINS,2019-04-08,17.0,17.4,16.5,17.0,184498.0
KAY&QUE,2014-05-22,13.6,13.6,13.6,13.6,3000.0
FBFIF,2018-02-07,5.4,5.4,5.2,5.3,657624.0
ECABLES,2015-05-14,111.2,112.4,111.2,112.0,4758.0
TAKAFULINS,2023-01-30,49.1,49.1,49.1,49.1,15278.0
MIDASFIN,2012-04-30,61.3,65.0,61.2,63.5,46000.0
PHPMF1,2021-06-14,7.0,7.0,6.6,6.7,3314648.0
POWERGRID,2021-09-09,58.2,58.5,57.2,58.1,2121121.0
ICB3RDNRB,2014-04-17,5.2,5.2,5.1,5.1,165500.0
AGNISYSL,2014-02-02,24.3,24.7,23.9,24.3,617500.0
SILVAPHL,2022-12-20,21.6,21.6,21.6,21.6,5.0
KARNAPHULI,2013-05-29,26.6,26.8,26.3,26.5,34700.0
HFL,2023-09-10,17.5,17.5,17.5,17.5,2068.0
EXIM1STMF,2022-02-14,6.2,6.3,6.1,6.2,269148.0
SQURPHARMA,1999-03-24,680.0,680.0,680.0,680.0,40.0
AZIZPIPES,2000-06-11,339.25,344.5,339.25,342.5,625.0
PURABIGEN,2008-02-17,242.0,250.0,240.0,247.5,5450.0
BRACBANK,2014-12-11,33.5,34.4,33.5,34.2,829000.0
USMANIAGL,2010-07-15,2149.75,2149.75,2100.0,2103.0,760.0
UCB,2019-04-08,15.7,15.8,15.5,15.7,167398.0
QSMDRYCELL,2016-11-07,81.1,82.2,80.2,80.5,319457.0
LAFSURCEML,2017-03-01,83.6,84.0,82.8,83.1,1549596.0
ISLAMIBANK,2008-01-21,6725.0,6725.0,6281.25,6281.25,19323.0
AMBEEPHA,2000-10-19,48.6,48.8,48.6,48.6,900.0
IDLC,2014-01-19,72.0,72.6,71.0,71.5,537400.0
EASTERNINS,2022-11-01,105.3,108.2,103.0,103.6,839042.0
SONARGAON,2015-02-12,9.1,9.2,8.8,9.0,38000.0
MONNOCERA,2019-03-31,358.0,359.0,346.0,348.6,354225.0
SEMLFBSLGF,2023-05-24,8.4,8.4,8.4,8.4,210.0
TAKAFULINS,2021-05-01,50.1,55.0,49.6,53.0,1299723.0
DS30,2019-07-17,1829.49,1837.18,1828.32,1830.03,30960180.0
ICBEPMF1S1,2015-10-28,6.1,6.2,6.0,6.1,30300.0
NPOLYMAR,2021-05-24,56.6,56.6,56.6,56.6,12176.0
ATLASBANG,2010-11-15,465.0,468.0,457.0,460.0,89100.0
FINEFOODS,2011-08-18,75.0,75.8,73.6,74.1,61000.0
BXPHARMA,2016-11-14,81.8,82.5,81.6,82.2,480549.0
APEXTANRY,2004-12-18,332.0,334.75,328.0,329.5,32.0
ICBEPMF1S1,2023-10-04,0.0,0.0,0.0,7.1,0.0
PIONEERINS,2015-05-11,31.0,31.4,30.8,31.2,14300.0
ICBSONALI1,2015-01-14,6.6,6.7,6.5,6.6,91500.0
DELTASPINN,2009-11-19,484.0,510.0,481.0,497.25,10900.0
RUPALIBANK,2017-04-25,27.0,27.0,26.5,26.6,11850.0
ARAMITCEM,2012-03-14,88.0,88.0,85.0,85.7,44000.0
SAMATALETH,2024-04-22,56.0,56.0,53.6,54.3,6021.0
GENEXIL,2024-03-20,61.5,61.9,60.9,61.4,107713.0
STANDARINS,2016-01-11,17.4,17.6,17.4,17.5,1856.0
FUWANGFOOD,2017-11-16,23.3,23.4,22.7,22.9,2623199.0
RENATA,2016-10-08,1134.0,1134.0,1121.0,1128.8,6922.0
REPUBLIC,2016-11-22,17.1,17.8,17.0,17.6,827340.0
PUBALIBANK,2007-04-16,520.0,520.0,510.0,511.75,19705.0
RUPALIBANK,2017-03-19,32.1,32.1,31.6,31.7,93518.0
INTECH,2009-02-04,33.5,33.8,32.7,32.8,214500.0
DELTALIFE,2014-05-28,184.7,187.0,183.5,184.0,132200.0
HEIDELBCEM,2011-05-25,2950.0,3000.0,2899.0,2985.5,3095.0
RUPALIINS,2023-02-13,27.7,27.7,27.6,27.6,16032.0
IMAMBUTTON,2023-02-01,95.9,95.9,95.9,95.9,6.0
JAMUNAOIL,2018-04-26,190.9,190.9,187.1,187.4,70093.0
BPML,2025-02-24,28.5,31.3,28.5,31.3,520976.0
BDTHAI,2005-07-25,113.75,113.75,113.75,113.75,10.0
SONALIANSH,2013-08-12,149.5,163.0,149.5,154.7,75850.0
BDFINANCE,2018-03-12,15.9,16.5,15.9,16.0,1929167.0
MJLBD,2014-01-26,85.9,87.0,82.5,82.8,334200.0
SILCOPHL,2022-12-08,23.4,23.4,23.4,23.4,33302.0
DELTASPINN,2013-01-09,36.1,36.7,35.4,35.5,503400.0
GSPFINANCE,2020-11-30,16.6,16.6,16.0,16.0,723893.0
IMAMBUTTON,2012-07-10,12.8,12.8,12.8,12.8,500.0
ALLTEX,2017-08-10,12.8,12.8,12.3,12.3,98856.0
DBH1STMF,2024-11-26,3.9,4.0,3.9,4.0,23080.0
JANATAINS,2011-10-17,456.0,456.0,433.0,442.5,4660.0
PIONEERINS,2017-04-13,32.4,32.6,31.3,31.9,103651.0
NFML,2015-06-17,20.2,21.0,20.2,20.4,435141.0
ICBSONALI1,2021-02-14,7.7,7.8,7.6,7.7,89665.0
RENWICKJA,2011-07-03,645.0,667.75,645.0,665.75,335.0
QSMDRYCELL,2004-11-09,15.6,15.6,15.4,15.5,31500.0
NORTHRNINS,2020-06-08,26.3,26.8,25.1,25.3,1928228.0
RENATA,2007-07-15,3802.0,3805.0,3802.0,3802.25,35.0
KARNAPHULI,2016-04-13,11.6,11.7,11.2,11.4,22626.0
FEDERALINS,2023-01-03,24.2,24.2,24.2,24.2,501.0
QSMDRYCELL,2001-06-09,19.2,19.8,19.2,19.6,171600.0
SINOBANGLA,1999-07-04,23.9,24.0,22.4,22.6,1362000.0
JMISMDL,2015-04-15,174.3,177.0,173.0,174.2,89569.0
BGIC,2018-09-25,19.1,19.5,19.1,19.3,22060.0
JAMUNABANK,2021-05-19,19.3,20.5,19.3,20.0,4150949.0
IFADAUTOS,2016-06-23,81.1,81.8,81.1,81.2,122986.0
SIBL,2020-09-21,13.3,13.3,13.1,13.1,341959.0
RNSPIN,2013-06-03,37.3,37.4,35.7,36.0,1918000.0
FEDERALINS,2011-11-17,35.0,35.8,35.0,35.8,103300.0
PAPERPROC,2022-08-01,171.0,177.7,166.8,175.0,189549.0
TALLUSPIN,2013-03-25,21.8,22.5,21.6,21.7,324800.0
PF1STMF,2024-04-02,6.7,6.7,6.5,6.7,135041.0
UTTARAFIN,2011-03-08,176.0,177.0,171.2,176.6,62100.0
AIBL1STIMF,2019-05-23,8.0,8.0,8.0,8.0,143.0
JUTESPINN,2015-03-11,50.5,51.9,50.0,50.3,2516.0
SONARBAINS,2016-03-02,15.1,15.1,15.0,15.1,8264.0
GREENDELMF,2016-10-25,7.0,7.1,6.9,7.0,262118.0
BDLAMPS,2001-11-27,385.0,386.0,383.0,384.25,60.0
MJLBD,2020-06-10,87.8,87.8,85.1,85.5,36879.0
ANLIMAYARN,2024-11-27,21.0,22.3,20.9,21.2,17832.0
PTL,2022-09-08,77.9,79.7,77.4,77.6,527737.0
PADMAOIL,2022-02-06,212.5,214.8,209.5,213.9,24137.0
SHEPHERD,2017-04-20,42.8,42.8,41.4,41.5,337674.0
EXIM1STMF,2016-04-10,7.3,7.3,7.2,7.2,4939.0
GQBALLPEN,2023-05-23,94.7,101.8,93.1,101.8,336061.0
ICB,2011-02-01,4200.25,4285.0,4166.0,4247.0,1200.0
NATLIFEINS,2018-06-12,171.9,178.7,169.0,175.3,124146.0
NAVANACNG,2021-07-19,40.0,40.0,38.0,38.4,158505.0
APOLOISPAT,2017-06-19,20.1,20.5,20.0,20.4,3540170.0
ATCSLGF,2019-09-09,8.5,8.6,8.3,8.4,1165408.0
BEACONPHAR,2015-08-02,15.9,16.3,15.8,16.3,85796.0
PARAMOUNT,2014-09-24,18.6,18.6,18.0,18.1,46000.0
PHARMAID,2010-05-24,3282.0,3302.0,3282.0,3296.5,85.0
BIFC,2023-06-26,9.5,9.5,9.5,9.5,25.0
FAREASTLIF,2024-02-18,61.1,63.0,60.9,61.3,182230.0
CAPITECGBF,2024-10-22,9.5,9.7,9.3,9.4,1869564.0
LINDEBD,2015-04-05,850.0,876.0,827.1,832.8,3895.0
ARAMITCEM,2009-06-08,340.0,340.0,332.25,334.75,8050.0
LAFSURCEML,2014-02-03,41.7,41.8,38.6,39.1,2363500.0
BXPHARMA,1999-01-09,36.2,36.2,35.7,35.7,28250.0
ALARABANK,2021-06-05,21.9,22.0,21.5,21.6,69223.0
METROSPIN,2018-04-26,11.7,11.9,11.6,11.8,774184.0
APEXTANRY,2007-04-10,568.5,570.0,560.0,560.75,4620.0
PADMAOIL,2024-06-09,186.5,186.5,185.2,185.3,3884.0
RUPALIINS,2011-08-12,107.8,107.9,102.0,102.8,67600.0
DACCADYE,2013-12-03,26.9,27.9,26.9,27.3,220500.0
SEMLFBSLGF,2023-06-21,8.4,8.4,8.4,8.4,492.0
MPETROLEUM,2017-01-24,199.1,199.1,196.0,196.9,180346.0
IDLC,2018-03-12,70.2,70.6,70.0,70.3,111800.0
IFILISLMF1,2013-01-04,4.4,4.4,4.3,4.3,154500.0
OIMEX,2019-10-29,20.1,20.8,20.0,20.5,204009.0
ALLTEX,2001-09-08,94.5,95.0,94.0,94.25,4500.0
RUPALIINS,2021-08-16,40.9,41.4,39.1,39.4,799811.0
ICBISLAMIC,2006-11-14,84.0,84.5,84.0,84.25,1100.0
ABBANK,2019-07-02,12.5,12.5,12.3,12.4,257684.0
HAKKANIPUL,2025-01-07,43.5,43.7,42.3,42.4,78152.0
RNSPIN,2014-03-11,22.6,23.0,22.5,22.6,171000.0
ARAMITCEM,2009-02-03,263.0,275.0,260.0,262.25,10050.0
ARAMITCEM,2011-09-06,1250.0,1258.0,1228.0,1229.75,2750.0
DULAMIACOT,2018-02-28,53.0,53.0,50.5,52.2,13842.0
MARICO,2021-09-30,2351.0,2364.0,2332.1,2333.7,9999.0
OAL,2021-07-07,15.5,16.4,14.7,14.8,5274426.0
LOVELLO,2024-11-04,93.9,95.0,92.2,93.6,1047014.0
SINOBANGLA,2000-09-19,18.6,18.8,18.1,18.3,105000.0
NAHEEACP,2020-07-07,47.1,47.1,47.1,47.1,2300.0
ICBEPMF1S1,2020-09-15,7.1,7.2,6.9,7.0,421326.0
SAIFPOWER,2018-07-31,26.1,26.7,26.1,26.3,792037.0
ISLAMIBANK,2021-03-16,27.9,28.6,27.9,28.2,932143.0
REPUBLIC,2021-12-26,53.0,54.4,52.3,52.7,232978.0
PHOENIXFIN,2010-12-07,1518.0,1558.0,1517.0,1545.25,19750.0
UNIONCAP,2008-06-16,110.1,123.0,103.6,120.1,542500.0
DOREENPWR,2018-09-27,101.4,101.4,96.9,97.1,554202.0
JUTESPINN,2012-12-02,112.8,114.0,108.1,111.2,2550.0
FUWANGFOOD,2017-11-23,23.5,23.7,23.1,23.2,2278424.0
GLAXOSMITH,2010-06-12,1275.0,1327.0,1270.0,1282.1,18150.0
STYLECRAFT,2020-10-18,199.1,202.0,193.1,195.0,49047.0
EHL,2007-11-12,157.0,157.0,152.0,152.5,20940.0
ABBANK,2005-12-10,344.0,345.0,341.5,343.5,1450.0
ACMELAB,2017-10-04,114.6,115.0,114.2,114.6,575687.0
RENATA,2003-09-07,795.0,827.0,795.0,822.0,150.0
PREMIERCEM,2017-03-20,92.3,95.0,92.0,94.2,284981.0
LAFSURCEML,2012-11-07,33.6,35.8,31.4,35.0,2390500.0
ICB,2014-09-04,1810.0,1839.75,1792.0,1797.0,5200.0
BEACHHATCH,2016-01-31,15.3,15.3,14.3,14.4,254188.0
SAMATALETH,2019-03-20,56.5,57.9,56.0,56.3,9732.0
FORTUNE,2018-05-30,30.6,30.9,29.8,30.0,877031.0
NORTHRNINS,2014-02-02,53.0,57.0,52.2,54.4,467500.0
AGNISYSL,2009-10-21,101.5,102.0,90.0,95.3,1211000.0
TITASGAS,2022-11-14,40.9,40.9,40.9,40.9,1041.0
RENATA,2023-07-16,1217.9,1217.9,1217.9,1217.9,884.0
IFIC1STMF,2013-07-18,8.4,8.5,8.2,8.2,295500.0
BEACHHATCH,2010-03-03,71.4,73.5,70.8,71.9,358000.0
AAMRATECH,2021-05-01,27.1,28.4,26.9,27.0,126738.0
EHL,2012-03-09,65.0,66.1,64.5,65.3,327400.0
JAMUNAOIL,2012-04-01,181.1,186.4,181.0,185.2,294300.0
HRTEX,2018-02-25,31.5,31.5,31.2,31.3,45618.0
NTLTUBES,2015-03-29,115.1,117.0,113.2,113.4,55805.0
SSSTEEL,2024-08-01,10.5,10.9,10.4,10.8,819588.0
ATLASBANG,2005-08-06,310.0,314.2,310.0,313.6,2600.0
MEGHNACEM,2003-07-26,250.0,252.0,250.0,250.75,600.0
JAMUNABANK,2019-05-22,17.4,17.7,17.1,17.2,507336.0
STANCERAM,2009-09-02,135.0,137.0,135.0,135.25,250.0
CITYGENINS,2017-11-27,18.7,19.0,18.4,18.8,274771.0
NRBCBANK,2021-06-24,33.4,35.0,33.1,33.9,5387815.0
DESHBANDHU,2023-08-22,25.6,25.6,24.8,25.0,1878787.0
GREENDELMF,2020-02-18,7.5,7.8,7.5,7.6,54055.0
KEYACOSMET,2010-01-06,83.6,85.5,82.7,85.0,616000.0
SONARBAINS,2019-11-11,43.0,46.3,42.4,46.0,2310412.0
FAREASTLIF,2007-10-31,1730.0,1750.0,1660.0,1730.5,17050.0
SINGERBD,2006-11-29,755.0,755.0,746.25,748.0,270.0
EBL1STMF,2012-08-10,11.8,11.8,10.6,11.1,2933500.0
STANDARINS,2023-05-11,43.3,43.3,43.3,43.3,500.0
KEYACOSMET,2003-04-21,14.6,14.7,14.3,14.4,33500.0
PADMACEM,2008-02-14,3.4,3.5,3.4,3.4,32000.0
SALVOCHEM,2015-08-11,12.7,12.7,12.5,12.6,242289.0
EBL1STMF,2013-07-14,9.5,9.8,9.2,9.5,647500.0
MONOSPOOL,2023-10-22,281.2,289.0,275.4,278.2,117824.0
GLOBALINS,2013-07-30,33.0,33.0,31.6,31.8,35000.0
SIBL,2022-02-14,16.5,17.1,16.4,16.6,1208374.0
ALLTEX,2017-09-28,12.7,12.9,12.7,12.9,41538.0
BPML,2018-04-11,95.5,104.5,95.4,104.5,685558.0
LANKABAFIN,2018-09-13,27.9,28.0,27.0,27.1,3346378.0
BDONLINE,2006-03-16,61.3,62.3,61.0,62.1,48000.0
HEIDELBCEM,2025-02-04,211.0,211.0,207.4,208.1,2739.0
NATLIFEINS,2019-11-06,242.0,245.6,234.0,236.6,345424.0
PREMIERBAN,2020-06-10,11.3,11.4,10.9,11.2,4310889.0
FIRSTFIN,2020-01-23,5.3,5.4,5.2,5.3,23030.0
FARCHEM,2016-12-22,22.8,23.3,22.7,23.1,3345855.0
ACI,2011-05-06,271.0,272.0,266.4,266.9,26150.0
BDTHAI,2004-11-09,154.25,154.25,154.25,154.25,10.0
BANKASIA,2012-03-20,26.5,27.2,26.5,27.0,344500.0
EBL1STMF,2016-06-12,5.2,5.3,5.2,5.2,145680.0
BANGAS,2018-06-26,258.6,258.6,242.0,244.7,8119.0
ZEALBANGLA,2008-09-11,15.0,15.1,14.6,14.9,1200.0
FAREASTLIF,2014-03-20,112.3,113.0,112.1,112.6,103450.0
RECKITTBEN,2022-09-15,4831.0,4949.8,4831.0,4885.1,844.0
NTLTUBES,2013-07-04,38.5,38.5,38.5,38.5,2100.0
JANATAINS,2010-10-27,1530.0,1530.0,1501.0,1510.5,4620.0
ICBEPMF1S1,2024-03-25,6.0,6.1,5.8,6.0,31604.0
BEACONPHAR,2023-01-05,283.1,285.5,277.3,281.9,39137.0
BNICL,2022-05-07,66.0,68.3,66.0,66.2,169150.0
GPHISPAT,2013-07-31,47.0,49.9,47.0,47.0,45500.0
EASTRNLUB,2009-10-09,950.0,959.9,931.0,952.8,3250.0
SAIFPOWER,2020-03-06,13.0,13.0,13.0,13.0,2762.0
METROSPIN,2020-01-22,5.9,5.9,5.6,5.6,103882.0
KARNAPHULI,2015-06-23,14.2,14.8,14.2,14.7,36252.0
PARAMOUNT,2020-02-01,42.4,42.7,41.2,41.4,712274.0
BIFC,2014-07-23,13.7,13.9,13.5,13.5,82000.0
JMISMDL,2017-03-29,178.3,179.4,176.5,177.9,30894.0
DANDYDYE,2008-05-08,31.75,31.75,31.5,31.5,200.0
MICEMENT,2021-12-22,66.7,69.6,66.7,67.1,55714.0
AL-HAJTEX,2014-10-13,135.0,139.3,132.5,132.8,110100.0
GLOBALINS,2009-08-17,368.0,378.75,361.0,373.25,68600.0
BDCOM,2015-03-24,25.2,25.2,23.8,24.0,165150.0
NTLTUBES,2008-01-12,1565.0,1587.0,1495.0,1501.5,3400.0
MONNOCERA,2021-06-04,126.8,126.8,126.8,126.8,2.0
SINOBANGLA,2001-01-08,20.5,20.5,19.9,19.9,52500.0
BDTHAI,2009-03-22,1080.0,1100.0,980.0,989.25,18860.0
ACI,2007-03-13,78.7,78.7,77.3,77.9,0.0
TALLUSPIN,2012-02-02,54.4,59.0,54.4,56.0,87000.0
BXPHARMA,2000-08-01,68.5,68.5,66.4,66.9,849850.0
ICBAMCL1ST,2007-10-07,356.0,356.0,350.0,353.25,1650.0
EHL,2003-02-20,79.0,79.25,78.75,78.75,380.0
TITASGAS,2020-09-13,35.0,35.5,35.0,35.2,243583.0
EBLNRBMF,2024-01-16,6.5,6.5,6.5,6.5,2901.0
EASTRNLUB,2020-05-08,880.0,880.5,870.2,871.0,1942.0
BXPHARMA,2016-01-20,89.0,89.1,86.8,87.2,2431818.0
ADVENT,2018-07-30,39.2,39.2,36.4,37.8,446871.0
PREMIERCEM,2020-07-26,60.9,60.9,60.9,60.9,5.0
REPUBLIC,2011-08-16,696.0,696.0,680.75,683.0,5200.0
ALARABANK,2022-05-06,26.2,26.5,26.2,26.5,195131.0
GEMINISEA,2008-05-15,702.0,702.0,702.0,702.0,65.0
GHCL,2013-08-18,44.0,44.5,43.7,44.3,96500.0
PRAGATIINS,2009-02-26,1315.0,1334.0,1270.0,1315.5,9280.0
ISLAMICFIN,2019-07-31,15.3,15.3,14.7,14.9,186387.0
BANKASIA,2013-04-08,18.5,18.5,18.0,18.2,32500.0
DUTCHBANGL,2010-06-13,1425.0,1535.0,1425.0,1518.75,81750.0
EBL,2007-03-09,1140.0,1200.0,1070.0,1080.75,45980.0
FBFIF,2023-05-14,5.0,5.0,5.0,5.0,4580.0
AL-HAJTEX,2020-02-26,32.5,33.0,32.0,32.1,29423.0
ACI,2012-02-09,160.0,161.5,158.8,160.7,21950.0
QSMDRYCELL,2009-01-01,46.6,47.2,44.8,45.6,620500.0
MHSML,2019-07-05,12.0,12.0,11.7,11.8,18905.0
SAPORTL,2023-11-16,27.2,27.2,27.2,27.2,10926.0
UNITEDINS,2021-10-17,66.2,67.8,65.6,66.0,55155.0
ACFL,2022-11-09,26.5,26.7,26.5,26.7,133882.0
SEBL1STMF,2016-12-19,11.8,11.9,11.6,11.9,284050.0
PROVATIINS,2017-08-03,19.0,19.4,19.0,19.3,69100.0
FEDERALINS,2019-04-04,11.5,12.1,11.2,12.0,861628.0
HWAWELLTEX,2022-11-10,45.0,45.4,45.0,45.0,45335.0
RECKITTBEN,2015-01-14,1080.0,1080.0,1050.0,1066.5,573.0
CAPMBDBLMF,2017-09-24,8.5,8.8,8.5,8.7,53560.0
BAYLEASING,2024-03-14,12.9,13.3,12.9,13.3,314544.0
EASTLAND ,2016-01-06,18.0,18.5,18.0,18.2,16530.0
RANFOUNDRY,2016-11-29,107.0,107.0,104.1,105.1,18696.0
SAIFPOWER,2017-09-18,45.9,46.1,45.3,45.4,1464553.0
STANDBANKL,2011-06-07,326.0,329.75,322.5,327.75,316050.0
NORTHERN,2018-08-20,278.3,293.0,278.3,290.3,44311.0
IFIC,2012-12-26,35.5,36.6,35.5,36.4,183550.0
ICB,2015-01-02,1350.0,1350.0,1310.1,1320.8,7859.0
SONARGAON,2023-11-20,33.1,33.1,33.1,33.1,2263.0
ACI,2005-01-16,84.5,84.5,81.1,83.0,0.0
NAVANACNG,2010-03-28,257.0,258.5,253.0,253.9,382900.0
TRUSTBANK,2021-05-27,34.5,35.9,34.4,34.8,794599.0
ISLAMICFIN,2022-10-30,19.7,19.7,19.7,19.7,114587.0
UCB,2022-09-01,13.2,13.5,13.2,13.4,201882.0
SUMITPOWER,2013-05-05,32.0,32.7,32.0,32.5,111500.0
DELTALIFE,2020-08-16,72.2,74.0,72.2,72.4,169551.0
NPOLYMAR,2015-09-11,104.1,105.4,99.1,101.7,78620.0
MONNOCERA,2017-08-21,51.8,56.5,51.0,56.5,1141417.0
PREMIERLEA,2022-10-19,6.8,6.8,6.8,6.8,351.0
QSMDRYCELL,2002-01-06,16.9,17.0,16.8,16.9,26100.0
SANDHANINS,2011-07-27,262.0,269.0,262.0,263.8,78900.0
TAKAFULINS,2018-06-11,26.1,26.1,26.0,26.0,16326.0
UTTARABANK,2021-09-16,26.0,26.0,25.6,25.8,626874.0
LOVELLO,2023-04-09,37.9,37.9,37.9,37.9,669.0
ECABLES,2015-08-26,131.3,135.9,131.3,134.4,3368.0
LRGLOBMF1,2017-02-16,7.6,7.7,7.5,7.6,115782.0
FUWANGFOOD,2003-11-22,12.4,12.4,12.3,12.3,150350.0
ONEBANKLTD,2010-08-26,695.0,699.0,685.0,686.75,88650.0
BATASHOE,2020-11-03,730.2,742.0,730.2,740.7,1990.0
NCCBANK,2014-07-13,10.7,10.8,10.6,10.7,450500.0
HAKKANIPUL,2011-06-27,48.5,49.0,47.5,48.3,11000.0
SQUARETEXT,2004-06-12,123.3,123.5,122.2,122.8,92500.0
BDWELDING,2018-07-02,24.1,24.1,23.5,24.0,134268.0
SEMLFBSLGF,2025-04-06,5.0,5.4,5.0,5.3,615460.0
PHOENIXFIN,2009-08-02,438.5,439.5,432.0,436.0,7750.0
ITC,2021-11-21,33.0,34.7,33.0,33.4,116387.0
PHPMF1,2020-12-07,4.2,4.2,4.2,4.2,19704.0
ASIAINS,2022-06-04,76.7,77.2,76.5,76.5,242140.0
PEOPLESINS,2017-06-20,21.3,22.7,21.3,22.2,3025.0
KAY&QUE,2016-02-18,20.1,21.0,19.9,20.8,9021.0
MJLBD,2023-08-21,89.4,90.2,89.4,90.0,54778.0
KEYACOSMET,2010-12-21,137.4,137.8,128.0,130.5,522500.0
SOUTHEASTB,2021-12-14,16.1,16.2,15.9,15.9,1086357.0
IPDC,2007-05-21,344.0,349.75,330.0,332.5,36000.0
GBBPOWER,2015-10-27,17.6,17.7,17.2,17.3,230455.0
SONARBAINS,2015-05-02,17.5,18.6,17.5,17.7,732.0
PURABIGEN,2009-10-12,978.0,1127.5,956.0,1123.25,27750.0
ASIAPACINS,2007-07-22,73.87,75.0,72.5,74.25,5650.0
PRIMETEX,2008-05-27,136.25,138.0,134.0,134.5,9600.0
BSCCL,2014-04-02,167.0,171.9,165.7,170.5,475700.0
PHOENIXFIN,2010-06-30,1478.0,1499.0,1470.0,1490.75,80000.0
PROGRESLIF,2020-01-03,140.0,142.9,134.2,138.9,132618.0
IPDC,2017-05-09,47.9,48.9,47.6,48.6,508802.0
RDFOOD,2025-03-04,27.5,28.3,27.1,27.3,1280608.0
DHAKAINS,2011-09-10,1190.0,1190.0,1157.5,1171.75,2900.0
PRIMETEX,2023-03-12,29.2,29.2,29.2,29.2,1000.0
MTB,2020-07-30,24.1,24.1,24.1,24.1,5001.0
EASTRNLUB,2014-04-08,414.0,437.9,413.0,433.7,4000.0
BSRMSTEEL,2017-04-26,92.0,92.5,91.3,91.8,379258.0
PAPERPROC,2022-09-06,192.4,206.9,192.4,199.8,133870.0
LHBL,2022-01-13,79.8,81.9,79.8,80.5,2062436.0
DSHGARME,2011-11-08,524.0,533.0,518.0,519.0,1580.0
AZIZPIPES,2009-10-18,610.0,610.0,590.0,592.0,2145.0
SEMLFBSLGF,2019-07-22,33.5,33.5,33.5,33.5,1005.0
ACMELAB,2018-09-16,91.9,91.9,90.7,90.9,70022.0
RSRMSTEEL,2015-05-26,59.5,59.5,55.6,56.1,824789.0
SONARGAON,2011-10-19,387.0,409.0,381.0,400.25,7350.0
KPCL,2014-02-19,57.2,58.0,57.0,57.8,290700.0
BBSCABLES,2022-09-06,58.3,58.5,56.3,56.8,788879.0
PIONEERINS,2021-11-21,114.1,115.0,111.8,112.4,96359.0
NFML,2023-01-17,14.9,16.2,14.9,15.4,969711.0
PTL,2015-09-11,18.5,18.5,17.8,18.0,520649.0
NBL,2022-07-03,7.5,7.6,7.4,7.5,4569914.0
FIRSTFIN,2022-10-24,5.5,5.5,5.5,5.5,50.0
PRIMEFIN,2009-07-30,1699.0,1700.0,1662.0,1686.25,45850.0
SPCERAMICS,2019-06-20,13.5,13.8,13.4,13.5,31064.0
GOLDENSON,2019-10-22,7.3,7.7,6.9,7.3,48414.0
SALAMCRST,2023-09-13,0.0,0.0,0.0,33.3,0.0
ARGONDENIM,2021-04-19,16.2,16.7,16.1,16.4,130060.0
NAVANACNG,2019-05-16,43.9,44.8,43.9,44.7,77060.0
PREMIERLEA,2017-07-12,17.9,18.0,17.7,17.8,230027.0
PRIMELIFE,2024-04-29,42.5,42.5,41.7,42.0,6224.0
BEXIMCO,2005-08-03,80.2,86.0,80.2,85.0,103200.0
GRAMEENS2,2015-06-29,10.7,11.0,10.5,10.8,471804.0
HAKKANIPUL,2012-12-11,18.7,19.7,18.7,18.9,4000.0
MIDASFIN,2003-10-19,148.5,149.75,148.0,148.75,4000.0
BDFINANCE,2015-11-23,10.8,10.8,10.3,10.3,231352.0
UTTARABANK,2022-08-03,26.2,26.5,26.2,26.5,568382.0
RECKITTBEN,2006-04-16,143.0,145.0,143.0,144.0,1050.0
FAREASTLIF,2008-11-06,3805.0,3899.0,3651.0,3715.0,3850.0
DHAKAINS,2018-09-26,20.8,21.5,20.3,20.9,94670.0
PUBALIBANK,2016-05-24,18.3,18.7,18.2,18.6,41675.0
SINGERBD,2025-03-17,107.9,109.0,107.1,108.5,9364.0
SAIHAMTEX,2024-04-15,16.0,16.0,15.6,15.7,227022.0
METROSPIN,2008-11-20,46.1,50.2,44.1,46.8,49000.0
CRYSTALINS,2021-03-06,60.5,66.5,60.1,66.5,2466759.0
PADMALIFE,2023-07-24,41.2,41.2,41.2,41.2,620.0
PRIMEFIN,2013-04-08,25.1,25.1,23.9,24.2,132400.0
BENGALBISC,2008-05-21,75.0,77.0,75.0,76.0,520.0
DSEX,2015-01-13,4956.93,4980.92,4956.93,4969.73,40497860.0
COPPERTECH,2024-10-22,16.5,16.9,16.3,16.4,150108.0
DBH1STMF,2012-06-18,6.1,6.1,5.9,5.9,156000.0
BXPHARMA,2018-12-26,76.3,78.5,76.2,77.6,1177485.0
POWERGRID,2024-04-28,41.5,43.5,41.3,42.3,184068.0
DHAKAINS,2023-08-22,55.9,56.5,55.1,55.2,135143.0
UNIONCAP,2020-12-21,6.5,6.6,6.4,6.5,281632.0
RECKITTBEN,2003-07-20,89.0,90.9,88.5,89.2,400.0
MEGCONMILK,2023-01-16,36.9,36.9,36.9,36.9,7.0
GQBALLPEN,2001-08-23,66.0,66.0,65.0,65.5,600.0
ALARABANK,2015-06-25,12.2,12.6,12.2,12.5,270452.0
SINOBANGLA,2022-08-04,54.7,55.0,54.5,54.5,260499.0
TRUSTBANK,2008-09-09,474.5,480.0,470.0,471.75,34850.0
PENINSULA,2015-01-25,25.0,25.0,23.8,24.0,312236.0
RDFOOD,2012-02-28,37.2,38.0,37.0,37.7,939000.0
IFIC,2021-06-12,19.3,19.3,19.0,19.1,8855026.0
DSSL,2017-04-24,20.3,20.3,19.5,19.8,811026.0
CAPMIBBLMF,2023-09-04,12.0,12.3,11.7,11.9,400813.0
GREENDELMF,2025-01-06,3.4,3.5,3.3,3.4,13650.0
HAKKANIPUL,2010-10-27,69.9,70.8,68.0,69.8,37000.0
SAPORTL,2019-08-08,23.2,23.2,22.2,22.8,186651.0
GEMINISEA,2023-08-31,760.0,786.7,756.0,779.7,137616.0
CENTRALINS,2016-08-24,15.1,15.2,15.0,15.1,13959.0
UNITEDFIN,2018-08-01,23.8,24.0,23.4,23.5,188205.0
EMERALDOIL,2023-10-12,124.7,127.3,123.1,126.1,898851.0
GLOBALINS,2009-10-15,380.25,385.0,373.0,376.0,31350.0
NAHEEACP,2023-03-13,65.3,65.3,65.3,65.3,200.0
IBNSINA,2025-02-05,287.1,288.9,287.1,287.5,24029.0
INTECH,2017-04-16,13.6,13.8,13.6,13.7,84987.0
ONEBANKLTD,2022-12-05,11.2,11.2,11.1,11.2,621891.0
PRAGATILIF,2021-02-03,88.3,88.3,88.3,88.3,7.0
DESCO,2024-01-15,36.6,36.6,36.6,36.6,15.0
RAHIMTEXT,2016-11-24,242.4,242.4,236.6,237.1,5534.0
EHL,2001-04-09,112.0,113.0,112.0,112.5,660.0
SPCERAMICS,2021-03-11,33.3,33.3,31.8,32.0,1101978.0
LAFSURCEML,2013-01-08,31.3,31.3,30.9,31.1,368000.0
KDSALTD,2017-01-02,79.7,81.9,78.3,80.6,215966.0
RAHIMTEXT,2022-07-26,224.9,224.9,215.0,216.7,3169.0
SQURPHARMA,2011-03-10,2621.5,2639.0,2609.0,2610.75,17099.0
BSRMSTEEL,2016-05-22,96.1,96.8,94.8,95.1,414360.0
SAIHAMTEX,2022-08-14,24.9,25.2,24.7,24.9,652763.0
MEGCONMILK,2015-05-14,6.8,7.0,6.7,6.8,35840.0
BSC,2024-09-23,91.5,92.8,90.2,90.8,527380.0
CENTRALINS,2020-09-17,39.3,41.9,38.7,41.6,785286.0
HWAWELLTEX,2023-01-22,47.4,47.4,45.3,45.4,33692.0
PEOPLESINS,2021-05-10,49.5,49.9,47.5,48.0,255342.0
FIRSTFIN,2023-12-28,5.5,5.5,5.5,5.5,240.0
PHARMAID,2024-11-03,684.0,703.0,661.0,693.5,47850.0
TOSRIFA,2016-08-06,21.3,23.7,21.2,23.1,2505039.0
STANDARINS,2011-11-24,466.5,466.5,410.0,424.0,4100.0
PURABIGEN,2017-03-28,18.2,18.2,17.7,17.9,331273.0
BBS,2025-03-20,12.4,13.1,12.4,13.0,3356911.0
DHAKABANK,2019-08-26,13.2,13.2,12.8,12.8,636243.0
SPCERAMICS,2016-04-20,9.4,9.6,9.1,9.3,44600.0
RECKITTBEN,2004-10-08,130.0,130.0,126.0,127.0,3950.0
ARGONDENIM,2024-04-30,16.4,16.4,16.0,16.2,137005.0
KEYACOSMET,2008-09-15,67.8,67.8,65.9,66.1,338500.0
PUBALIBANK,2012-02-29,44.6,45.8,44.2,44.9,752750.0
MONOSPOOL,2022-10-10,285.0,290.5,270.5,280.6,743261.0
LRGLOBMF1,2024-06-20,3.7,3.9,3.7,3.8,167556.0
GQBALLPEN,2011-03-10,223.1,227.5,217.0,218.6,63700.0
TAKAFULINS,2009-07-07,349.5,363.0,349.0,358.75,64100.0
HFL,2021-04-28,15.4,15.4,15.0,15.0,15417.0
POPULARLIF,2016-06-23,67.0,67.8,66.8,67.1,121494.0
IBNSINA,2021-03-10,275.5,275.5,270.0,270.5,108204.0
ICBIBANK,2012-09-24,9.5,9.5,8.7,9.0,347500.0
TUNGHAI,2018-01-22,9.9,9.9,9.8,9.8,163683.0
ONEBANKLTD,2014-06-17,12.4,12.4,12.2,12.2,215000.0
ARGONDENIM,2017-10-19,33.6,33.6,32.3,32.5,742023.0
AAMRATECH,2013-05-21,35.0,38.3,35.0,38.1,4049500.0
UTTARABANK,2008-12-17,3180.0,3213.0,3170.5,3195.75,21540.0
MALEKSPIN,2023-07-25,27.1,27.1,27.1,27.1,1255.0
BSCCL,2023-05-30,218.9,218.9,218.9,218.9,47.0
CONFIDCEM,2023-02-26,89.0,89.0,89.0,89.0,507.0
DAFODILCOM,2016-07-06,23.5,23.5,22.2,22.4,577792.0
PENINSULA,2020-01-22,18.9,19.5,18.8,19.3,555251.0
BBSCABLES,2020-06-02,66.8,66.8,64.1,64.4,1022278.0
CENTRALINS,2022-12-01,53.9,55.2,53.1,53.3,89748.0
AIBL1STIMF,2016-12-14,8.0,8.0,7.9,7.9,27000.0
CITYGENINS,2016-03-31,12.8,12.8,12.6,12.7,65697.0
RELIANCINS,2008-03-12,700.0,780.0,700.0,747.75,700.0
LAFSURCEML,2012-06-11,34.2,35.2,34.0,34.1,656000.0
MONNOJTX,2010-12-19,3990.0,3990.0,3850.0,3897.0,15.0
RUPALIBANK,2012-12-24,77.5,81.5,76.8,79.3,20200.0
BATBC,1999-09-27,114.0,114.5,114.0,114.2,100.0
WALTONHIL,2023-03-07,1047.7,1047.7,1047.7,1047.7,238.0
FASFIN,2021-08-23,9.5,9.5,9.0,9.1,3579970.0
AFCAGRO,2022-03-28,24.9,25.5,24.9,25.3,257439.0
MERCANBANK,2024-01-28,12.5,12.5,12.1,12.1,364022.0
SINGERBD,2001-02-24,1172.0,1179.5,1170.5,1175.0,45.0
BDCOM,2010-10-03,61.1,63.0,61.1,61.6,133000.0
RELIANCE1,2017-12-28,10.7,11.2,10.7,11.0,120327.0
BNICL,2025-01-15,41.4,41.4,39.5,39.8,55642.0
MEGHNAPET,2017-03-04,9.7,9.7,9.2,9.5,30000.0
DOMINAGE,2022-11-07,21.8,21.8,21.8,21.8,1215.0
JHRML,2022-08-30,77.2,78.0,75.3,75.7,1787430.0
MONNOCERA,2018-09-05,133.8,136.0,132.2,132.9,274935.0
BXPHARMA,2022-10-16,164.0,165.5,159.7,160.2,243217.0
DEBBXTEX,2025-03-10,0.0,0.0,0.0,1300.0,0.0
DULAMIACOT,2007-09-12,39.5,41.25,39.0,39.5,240.0
MHSML,2016-05-05,16.6,16.8,16.3,16.5,216340.0
RANFOUNDRY,2016-10-03,108.3,111.5,108.3,111.1,52841.0
DOREENPWR,2017-08-31,137.1,138.9,137.1,137.9,184487.0
BATBC,2014-03-16,2117.1,2117.1,2116.1,2116.8,200.0
AL-HAJTEX,2017-02-15,93.6,94.0,92.7,92.9,104792.0
ALIF,2025-01-28,6.8,7.0,6.7,6.9,491365.0
UNITEDAIR,2017-04-04,6.9,7.0,6.8,6.9,1042936.0
METROSPIN,2008-02-27,18.0,19.1,17.9,18.8,35500.0
UNIONCAP,2011-07-08,92.0,93.5,89.0,90.0,258000.0
BRACSCBOND,2014-05-06,1049.0,1049.0,1049.0,1049.0,5.0
ACMELAB,2019-10-02,94.1,97.5,94.1,95.4,420697.0
AMCL(PRAN),2004-12-01,412.0,415.0,412.0,412.75,310.0
RENATA,2016-05-25,1110.0,1115.0,1108.0,1110.2,26542.0
SQURPHARMA,2002-01-22,1128.0,1132.0,1095.0,1100.0,1400.0
BAYLEASING,2022-12-11,23.9,23.9,23.9,23.9,1.0
BDTHAI,2009-10-28,825.0,843.5,821.0,832.0,17150.0
NLI1STMF,2014-02-10,7.9,8.1,7.7,7.9,383500.0
ALLTEX,2015-02-17,26.7,26.8,26.0,26.2,649375.0
WMSHIPYARD,2024-12-15,6.7,6.8,6.6,6.7,29201.0
MTB,2017-06-28,24.2,25.0,24.2,24.8,96853.0
PRIMEBANK,2013-12-30,25.2,26.5,25.0,25.9,2561000.0
MONOSPOOL,2022-10-19,397.0,426.4,380.0,408.6,669354.0
CROWNCEMNT,2022-09-11,74.4,74.4,74.4,74.4,31.0
MEGHNACEM,2017-09-26,107.3,107.3,101.2,103.4,38985.0
KPPL,2018-02-18,14.2,14.5,13.5,13.6,510200.0
TRUSTBANK,2024-02-04,27.4,28.3,27.4,28.2,35899.0
MONNOCERA,2010-08-02,527.0,564.75,526.25,540.0,2220.0
EBL,2019-11-26,34.5,34.7,34.3,34.7,11405.0
HAKKANIPUL,2017-09-05,52.2,53.6,51.7,52.0,166545.0
GBBPOWER,2019-03-09,11.8,11.9,11.7,11.9,233787.0
DACCADYE,2013-10-24,26.5,27.3,25.8,25.9,199500.0
MTB,2023-09-24,0.0,0.0,0.0,15.5,0.0
FASFIN,2013-08-22,13.4,13.9,13.4,13.7,279500.0
MEGHNACEM,2009-10-25,820.0,837.0,816.0,829.5,33650.0
NPOLYMAR,2020-09-11,67.2,70.5,66.7,70.2,735232.0
GPHISPAT,2016-09-06,28.7,29.2,28.3,28.5,1133213.0
NCCBANK,2019-07-17,13.2,14.6,13.2,13.9,501001.0
RECKITTBEN,2015-07-28,1871.4,1900.0,1846.0,1880.2,5042.0
IFADAUTOS,2017-10-22,125.3,125.5,121.5,122.7,1047017.0
EHL,2011-11-01,1180.0,1245.0,1180.0,1245.0,24800.0
PUBALIBANK,2004-10-20,1200.0,1220.0,1110.0,1142.0,2200.0
MEGCONMILK,2008-08-20,6.7,6.7,6.7,6.7,2000.0
WALTONHIL,2022-11-13,1047.7,1047.7,1047.7,1047.7,4.0
DHAKABANK,2014-09-23,18.5,19.9,18.1,18.8,388700.0
MIRACLEIND,2001-10-30,13.5,13.6,13.1,13.2,384500.0
BATASHOE,2016-03-03,1196.0,1200.0,1175.0,1190.8,696.0
ISLAMIINS,2013-12-24,33.4,33.6,32.6,32.9,89500.0
DULAMIACOT,2021-10-28,47.9,51.0,45.1,49.3,5260.0
BDAUTOCA,2017-11-22,105.7,107.0,103.5,103.9,29386.0
ENVOYTEX,2019-03-02,38.5,38.5,37.6,37.8,49985.0
AGNISYSL,2020-02-03,15.5,16.2,15.5,15.9,87883.0
SQURPHARMA,2015-10-15,240.5,242.2,239.7,240.8,265848.0
BERGERPBL,2014-06-05,1159.0,1198.0,1142.0,1157.4,12450.0
MEGHNACEM,2005-01-15,323.0,323.0,320.0,321.0,2250.0
EBL1STMF,2024-01-14,7.4,7.4,7.4,7.4,1.0
REGENTTEX,2020-08-24,9.5,9.5,9.0,9.2,222344.0
BEXIMCO,2006-03-28,42.2,42.5,42.1,42.2,16200.0
BEACHHATCH,2015-03-15,21.0,21.0,20.5,20.7,111907.0
AAMRATECH,2021-06-15,26.5,26.5,25.9,26.0,73132.0
MBL1STMF,2024-12-08,4.0,4.0,4.0,4.0,43582.0
DESHBANDHU,2012-02-09,31.0,31.0,29.3,29.9,330500.0
TOSRIFA,2023-01-02,23.0,23.0,23.0,23.0,1.0
DAFODILCOM,2021-06-04,53.4,53.4,53.4,53.4,11656.0
UTTARABANK,2023-09-24,22.0,22.0,22.0,22.0,1589.0
KBPPWBIL,2021-07-12,11.0,12.1,11.0,12.1,888688.0
DULAMIACOT,2021-02-16,48.1,48.1,48.1,48.1,22100.0
ALARABANK,2013-06-20,17.2,17.5,17.1,17.1,560000.0
KPCL,2014-05-21,50.0,50.9,49.1,50.7,343500.0
GOLDENSON,2023-07-06,18.2,18.2,18.2,18.2,1050.0
PHARMAID,2013-05-02,141.9,141.9,136.3,138.2,8350.0
SHAHJABANK,2017-11-20,32.9,35.1,32.9,34.8,11659376.0
ISNLTD,2016-09-05,10.3,12.4,10.3,12.4,2504.0
SONARGAON,2024-09-09,22.9,24.3,22.8,23.7,126372.0
GHCL,2018-01-17,39.4,40.3,39.3,39.6,49273.0
RNSPIN,2021-11-03,3.9,3.9,3.8,3.9,122790.0
APEXFOODS,2001-12-19,270.0,270.0,270.0,270.0,70.0
NPOLYMAR,2007-06-12,575.0,590.0,571.0,581.0,720.0
ECABLES,2009-02-24,698.0,718.0,670.0,685.25,31890.0
ZAHINTEX,2012-12-12,32.5,32.7,31.3,31.6,73500.0
ZEALBANGLA,2025-03-06,85.2,86.8,85.0,85.3,4726.0
GREENDELT,2006-10-04,520.0,520.0,501.0,509.75,840.0
ICB2NDNRB,2009-02-09,231.0,237.75,231.0,232.25,697450.0
REPUBLIC,2021-07-02,55.1,57.3,54.2,54.4,1136946.0
NATLIFEINS,2015-05-21,199.4,205.0,199.0,199.6,5514.0
DELTALIFE,2019-07-30,93.4,93.7,93.4,93.6,8234.0
STANDBANKL,2009-05-08,239.75,246.5,239.75,243.75,215800.0
GSPFINANCE,2016-10-30,18.5,19.5,18.1,19.3,2196774.0
TITASGAS,2024-11-12,21.7,21.8,21.2,21.3,82938.0
MIRAKHTER,2022-11-16,51.0,51.8,50.8,51.4,105903.0
PIONEERINS,2018-03-27,26.7,26.7,26.7,26.7,300.0
GQBALLPEN,2000-03-04,68.4,68.4,67.5,67.9,1050.0
MIDLANDBNK,2024-10-14,30.9,31.2,30.1,30.4,1491224.0
1JANATAMF,2011-04-20,9.5,9.5,8.9,9.0,959000.0
SAFKOSPINN,2023-02-22,19.8,19.8,19.8,19.8,1.0
NCCBLMF1,2022-02-15,9.0,9.1,9.0,9.0,376339.0
ADVENT,2018-05-29,45.8,47.0,44.0,44.3,3128417.0
STANDARINS,2020-01-27,47.5,47.9,45.5,45.8,134684.0
CITYBANK,2011-04-27,422.0,450.0,420.0,446.25,48090.0
NHFIL,2015-11-16,26.8,27.5,26.6,27.3,79549.0
ICB3RDNRB,2021-10-06,6.9,6.9,6.7,6.8,235196.0
GENNEXT,2021-12-01,4.1,4.4,4.0,4.4,4334765.0
SINOBANGLA,2018-11-19,51.0,52.0,50.1,50.4,266149.0
ARAMIT,2002-06-08,55.6,55.7,55.0,55.2,2800.0
BDLAMPS,2004-06-05,448.75,468.0,448.75,466.25,1110.0
WALTONHIL,2023-02-19,1047.7,1047.7,1047.7,1047.7,2.0
NEWLINE,2019-12-30,15.0,15.2,14.7,14.8,676163.0
GRAMEENS2,2014-07-16,15.2,15.4,15.2,15.2,100500.0
HEIDELBCEM,2020-07-22,137.3,137.3,137.3,137.3,17536.0
MEGCONMILK,2024-02-29,28.1,28.7,27.7,27.9,34613.0
DOMINAGE,2024-05-21,13.8,13.8,12.7,12.8,380284.0
AMANFEED,2017-04-01,71.3,71.8,70.0,70.8,505844.0
MEGHNALIFE,2022-09-11,73.7,74.0,71.7,72.3,165398.0
BEXIMCO,2008-04-12,162.7,165.6,151.1,152.5,741600.0
JUTESPINN,2019-05-19,102.0,102.0,98.3,98.5,3828.0
JMISMDL,2017-12-28,182.0,182.5,179.3,181.4,20775.0
TRUSTB1MF,2011-07-21,14.5,15.4,14.3,15.1,7314500.0
AAMRATECH,2019-12-22,22.0,22.2,21.8,21.9,20231.0
NTLTUBES,2008-03-12,1520.0,1524.0,1500.25,1505.5,1880.0
SAMORITA,2019-10-10,61.5,64.4,61.0,61.7,15525.0
PRIMETEX,2018-08-01,26.2,26.5,26.0,26.2,161922.0
EBLNRBMF,2020-03-15,4.3,4.3,4.3,4.3,55875.0
PERFUMCHM,2007-04-12,23.75,23.75,23.0,23.5,250.0
AZIZPIPES,2010-04-20,527.75,530.0,523.0,526.75,965.0
GQBALLPEN,2004-07-10,110.0,111.4,109.0,110.2,5750.0
JMISMDL,2020-03-02,317.3,320.9,314.6,316.0,50503.0
BDONLINE,2006-07-02,62.0,62.1,61.0,61.2,33000.0
FAREASTLIF,2018-09-19,70.8,75.5,70.8,73.2,370461.0
SQURPHARMA,2011-03-29,3250.0,3308.0,3240.0,3247.0,33131.0
CVOPRL,2014-03-31,818.9,818.9,791.0,799.2,8000.0
EMERALDOIL,2022-08-05,34.6,36.9,34.6,36.2,430736.0
HEIDELBCEM,2023-07-18,294.8,297.9,285.0,287.4,111330.0
SKTRIMS,2021-08-16,43.7,43.9,42.9,43.1,1377591.0
EXCELSHOE,2008-04-16,58.75,64.0,58.75,60.5,32700.0
LRGLOBMF1,2018-02-27,7.9,8.0,7.9,8.0,260000.0
PROGRESLIF,2009-01-04,1690.0,1695.0,1625.0,1649.75,5900.0
PRAGATILIF,2009-10-20,2200.0,2247.0,2180.0,2216.0,2250.0
ASIAPACINS,2018-12-04,26.0,28.0,24.7,24.7,100910.0
NCCBANK,2008-11-24,368.0,374.75,344.25,346.75,48150.0
FORTUNE,2019-07-29,40.8,41.8,40.8,41.3,4678945.0
FUWANGFOOD,2011-06-03,42.9,45.3,40.0,45.0,694800.0
MITHUNKNIT,2008-04-03,134.0,135.0,125.0,131.0,10060.0
NATLIFEINS,2006-12-20,1160.0,1210.0,1160.0,1202.25,685.0
ULC,2006-01-15,880.0,888.0,880.0,883.0,480.0
AGRANINS,2011-01-02,791.0,814.0,765.25,773.75,27350.0
AGRANINS,2018-07-23,16.8,16.8,16.0,16.0,9700.0
PURABIGEN,2018-10-09,12.9,12.9,12.2,12.5,249909.0
INDEXAGRO,2024-06-09,64.7,64.7,60.7,61.1,24095.0
BSRMSTEEL,2012-08-08,70.6,73.1,70.5,72.4,149500.0
BGIC,2022-10-13,42.0,43.2,40.1,43.0,114998.0
ADVENT,2022-12-13,28.1,29.1,28.0,28.2,5471769.0
PREMIERLEA,2015-08-17,8.9,9.0,8.8,8.8,116862.0
BRACBANK,2020-05-02,48.0,48.6,47.9,48.5,197677.0
HFL,2015-08-31,26.1,26.5,25.6,25.7,274741.0
VAMLRBBF,2017-04-20,8.7,8.8,8.7,8.7,12625.0
JAMUNAOIL,2009-02-08,239.0,248.1,236.9,247.3,915900.0
LRBDL,2023-12-20,35.1,35.1,35.1,35.1,2018.0
PUBALIBANK,2016-04-24,16.9,17.1,16.9,17.0,163757.0
CAPMIBBLMF,2023-02-23,9.9,9.9,9.9,9.9,14096.0
SOUTHEASTB,2006-07-20,352.25,352.25,348.25,350.0,12950.0
SUNLIFEINS,2015-06-28,31.1,32.6,31.0,31.8,10427.0
LINDEBD,2012-08-05,575.5,575.5,572.1,572.1,5600.0
GBJVFOOD,2008-04-24,3.9,4.0,3.8,3.9,150500.0
RENWICKJA,2009-12-17,1052.0,1078.0,965.75,990.0,1915.0
PADMAOIL,2020-12-01,185.4,197.9,184.6,193.4,15292.0
NILOYCEM,2009-05-14,119.5,120.75,117.75,119.5,1800.0
ARAMIT,2013-01-12,340.0,340.1,336.5,338.9,3900.0
ICBAMCL1ST,2008-10-09,446.25,466.0,445.0,461.75,9950.0
RELIANCINS,2020-08-19,55.0,55.5,50.0,50.1,331622.0
BEACONPHAR,2017-08-17,22.3,22.6,22.2,22.2,533222.0
USMANIAGL,2004-08-16,1463.75,1472.0,1452.0,1459.75,2295.0
BDSERVICE,2024-09-29,0.0,0.0,0.0,5.2,0.0
SUNLIFEINS,2013-07-14,56.3,57.1,54.0,55.3,246000.0
GOLDENSON,2020-11-06,5.5,5.5,5.5,5.5,50.0
RANFOUNDRY,2014-01-10,99.0,103.0,99.0,101.1,31500.0
IFILISLMF1,2025-04-08,4.5,4.8,4.5,4.7,2388710.0
AMBEEPHA,2019-01-27,730.2,736.9,702.0,708.1,12598.0
MONNOCERA,2013-09-24,40.3,41.6,38.0,38.5,116700.0
TAKAFULINS,2017-12-19,25.1,26.0,24.9,25.5,11317.0
STANDARINS,2023-11-12,52.7,52.7,51.1,51.4,248999.0
PROVATIINS,2014-09-04,25.8,25.8,25.7,25.7,24500.0
PEOPLESINS,2007-10-09,425.0,494.25,425.0,481.5,5550.0
GENNEXT,2023-08-06,7.0,7.1,6.8,6.8,2797048.0
PUBALIBANK,2007-01-03,888.0,904.0,882.5,898.5,53920.0
ICBEPMF1S1,2011-02-11,9.0,9.1,8.6,8.6,98500.0
BDLAMPS,2024-01-18,252.2,252.2,252.2,252.2,14.0
GENNEXT,2013-04-21,22.6,22.8,21.8,21.9,973500.0
PROGRESLIF,2013-10-24,95.6,98.0,95.6,96.7,3500.0
GRAMEENS2,2009-12-10,52.7,53.0,52.0,52.0,1000000.0
IPDC,2016-02-29,27.0,27.9,27.0,27.6,721118.0
YPL,2023-05-10,18.0,18.8,17.9,18.6,1646085.0
EXIM1STMF,2023-12-19,0.0,0.0,0.0,5.8,0.0
MAKSONSPIN,2017-07-19,11.7,11.7,11.2,11.3,952060.0
KEYADETERG,2006-05-22,17.6,17.7,17.5,17.5,103000.0
KBPPWBIL,2017-04-30,23.0,23.5,22.5,23.3,1603303.0
ICBISLAMIC,2007-04-24,228.5,239.0,222.75,230.75,32350.0
GPHISPAT,2020-06-15,24.3,24.3,24.3,24.3,3000.0
TITASGAS,2019-04-12,32.5,32.5,32.2,32.3,102559.0
ALIF,2024-05-12,9.9,10.0,9.7,9.8,714527.0
ALLTEX,2004-07-29,63.0,63.0,62.25,62.5,4700.0
NPOLYMER,2022-10-04,65.7,66.1,63.6,64.0,796923.0
AMBEEPHA,2019-10-27,524.3,554.0,520.0,542.3,7908.0
AIMS1STMF,2004-09-20,1.46,1.49,1.46,1.47,6.0
MODERNDYE,2017-01-25,170.5,170.5,170.0,170.3,1420.0
FUWANGFOOD,2004-07-09,16.3,16.3,16.1,16.1,73000.0
SONARBAINS,2018-03-25,15.4,15.4,15.1,15.3,159.0
CITYGENINS,2021-01-03,24.7,24.7,23.8,24.3,67564.0
ICB2NDNRB,2010-12-10,243.0,243.0,233.25,236.75,67200.0
DUTCHBANGL,2011-01-26,1850.75,1850.75,1850.75,1850.75,800.0
EHL,2022-08-02,58.4,58.4,56.5,56.8,349722.0
AIMS1STMF,2008-04-02,9.6,10.35,9.6,9.73,17167500.0
FBFIF,2022-01-23,5.5,5.5,5.3,5.4,946594.0
IFIC,2013-05-22,21.2,21.8,20.8,20.8,159550.0
ARAMIT,2002-10-16,49.3,49.3,49.0,49.1,800.0
CBLPBOND,2024-03-10,0.0,0.0,0.0,1037500.0,0.0
SINGERBD,2007-03-22,905.0,939.0,900.0,916.0,1530.0
JAMUNAOIL,2024-11-21,187.6,188.0,186.0,186.2,22916.0
WATACHEM,2014-03-11,218.0,224.5,213.0,214.3,28400.0
LRBDL,2024-07-07,19.6,20.1,19.3,19.7,1217151.0
BRACBANK,2017-01-03,66.8,67.5,66.7,67.2,480975.0
BGIC,2022-10-02,56.5,56.8,56.0,56.2,91174.0
AL-HAJTEX,2009-09-15,84.0,85.0,83.6,83.8,57700.0
CITYBANK,2022-04-13,26.1,26.7,26.1,26.5,998166.0
LANKABAFIN,2020-02-12,20.4,20.5,20.2,20.4,1504288.0
BXSYNTH,2012-07-24,21.5,23.0,21.5,22.7,493000.0
ATLASBANG,2013-11-28,168.9,168.9,166.6,167.2,24850.0
NEWLINE,2023-09-21,45.1,45.1,45.1,45.1,25.0
BPPL,2022-10-19,29.3,29.3,29.3,29.3,8905.0
ICBAMCL2ND,2010-01-06,139.0,143.75,139.0,140.5,70550.0
GQBALLPEN,2021-04-21,128.2,137.0,128.2,134.8,79945.0
IBNSINA,2017-08-28,260.6,272.0,260.6,265.0,116285.0
BDLAMPS,2010-04-28,1980.0,1995.0,1972.0,1977.0,720.0
ILFSL,2015-12-14,8.3,8.6,8.2,8.5,258435.0
RDFOOD,2023-01-15,36.2,36.2,36.2,36.2,1390.0
GP,2018-09-23,358.2,371.9,356.0,363.2,242378.0
FINEFOODS,2013-06-05,16.9,16.9,16.6,16.7,34000.0
AGNISYSL,2018-11-10,20.0,20.6,20.0,20.3,308342.0
TITASGAS,2022-05-25,38.3,38.3,37.1,37.3,234773.0
GEMINISEA,2021-06-23,152.5,160.0,151.0,156.6,95902.0
ALLTEX,2021-05-27,9.2,9.5,9.1,9.2,127280.0
ICB,2004-03-14,107.0,107.0,105.0,105.0,175.0
ICBAMCL1ST,2005-07-07,299.5,300.0,298.25,299.25,1200.0
GEMINISEA,2014-07-01,133.0,138.0,132.3,133.6,1550.0
APEXFOODS,2017-03-04,138.9,138.9,137.6,137.8,18847.0
SAIHAMTEX,2023-05-11,17.6,17.6,17.6,17.6,27630.0
UNIONCAP,2014-04-12,22.0,22.7,21.7,22.0,199000.0
PHARMAID,2022-12-20,790.7,790.7,790.7,790.7,1367.0
CENTRALINS,2007-12-12,213.0,214.0,210.0,212.5,720.0
LAFSURCEML,2006-01-16,424.0,425.0,420.5,422.0,13600.0
PUBALIBANK,2024-08-29,25.9,26.1,25.8,25.9,113847.0
PAPERPROC,2024-11-26,110.5,111.0,109.4,109.6,29879.0
EASTLAND,2013-07-22,50.1,50.8,48.1,48.3,76200.0
HWAWELLTEX,2017-11-19,36.0,37.0,35.7,36.2,33629.0
NTLTUBES,2023-06-18,85.0,86.4,83.3,84.1,309505.0
ALARABANK,2009-07-23,335.25,339.0,331.0,331.5,7550.0
IFIC1STMF,2024-07-16,3.4,3.5,3.4,3.4,10277.0
LHBL,2023-04-25,64.8,64.8,64.8,64.8,287816.0
CITYGENINS,2010-08-02,510.0,513.75,504.0,506.25,18750.0
SONALIANSH,2018-01-04,207.3,212.9,207.2,210.2,8580.0
CMCKAMAL,2013-03-06,30.9,31.3,29.8,30.5,1750700.0
DSHGARME,2008-07-24,74.0,74.0,74.0,74.0,20.0
INTECH,2021-01-19,33.1,34.3,33.0,34.2,100215.0
BXSYNTH,2014-12-30,12.8,12.8,12.2,12.5,35477.0
JAMUNABANK,2024-04-18,21.8,21.9,21.6,21.7,437425.0
APEXADELFT,2003-01-04,160.0,161.0,160.0,160.25,460.0
ACTIVEFINE,2014-08-28,64.0,67.4,64.0,66.1,392000.0
NURANI,2024-08-19,5.6,5.6,5.5,5.5,217469.0
EASTLAND,2013-05-09,48.5,48.5,47.4,47.8,35400.0
PHARMAID,2011-12-22,215.0,225.5,214.0,225.5,131500.0
GLAXOSMITH,2018-10-10,1163.0,1163.0,1160.0,1161.5,58.0
AGNISYSL,2011-09-20,43.9,44.0,42.0,42.3,254000.0
ADVENT,2021-03-10,27.3,29.0,27.2,28.9,10224907.0
SAMORITA,2023-07-02,73.7,74.3,73.3,74.0,44329.0
ACTIVEFINE,2017-05-03,51.5,51.9,51.0,51.3,2738488.0
KPCL,2015-04-06,81.4,82.7,79.1,80.8,2955363.0
MONNOCERA,2005-11-12,210.5,210.5,210.0,210.0,250.0
SAFKOSPINN,2014-05-25,21.3,21.5,21.1,21.2,73500.0
RENATA,2010-01-11,12299.0,12914.5,12299.0,12905.5,840.0
SINOBANGLA,2016-12-14,30.4,30.9,30.1,30.8,121625.0
BEXIMCO,1999-07-31,40.5,40.8,40.2,40.4,7300.0
STANCERAM,2024-11-03,78.0,81.0,78.0,79.4,3420.0
WONDERTOYS,1999-09-19,65.5,66.0,64.25,64.5,5700.0
ICBAMCL1ST,2011-01-13,721.0,722.0,680.5,705.25,9250.0
BEACHHATCH,2020-09-08,13.6,14.9,13.6,14.9,231422.0
PHPMF1,2019-04-02,5.2,5.3,5.1,5.3,41332.0
EXIMBANK,2008-05-05,405.0,408.0,398.5,400.75,35900.0
IBNSINA,2013-08-12,109.0,109.2,107.0,107.6,66800.0
DOREENPWR,2018-09-04,112.6,114.9,110.9,111.7,571727.0
BDLAMPS,2010-05-25,2041.0,2096.0,2000.0,2008.5,1965.0
MICEMENT,2012-11-06,111.8,112.4,110.7,111.5,302200.0
SAMATALETH,2015-02-15,20.4,20.4,20.0,20.2,450.0
BDAUTOCA,2013-05-05,25.8,25.9,24.3,24.4,34150.0
UNITEDAIR,2021-10-01,1.6,1.7,1.6,1.7,13409224.0
ORIONINFU,2024-01-14,375.0,406.0,373.0,406.0,765171.0
PADMAOIL,2010-04-22,742.5,759.0,740.0,751.8,133000.0
RDFOOD,2016-06-28,12.4,12.9,12.4,12.8,130831.0
BDAUTOCA,2012-07-23,31.2,31.7,31.2,31.4,2300.0
DACCADYE,2011-11-17,38.0,39.2,37.7,38.9,397000.0
MHSML,2020-03-12,13.4,13.4,12.9,13.1,851834.0
PHPMF1,2019-12-11,4.0,4.1,4.0,4.0,115170.0
FUWANGFOOD,2004-11-27,14.6,14.7,14.4,14.6,97000.0
IDLC,2025-02-19,31.8,31.8,31.1,31.2,158332.0
MONNOSTAF,2016-08-08,580.0,593.9,540.0,542.6,7566.0
NILOYCEM,2009-01-10,225.0,250.0,220.0,247.0,50550.0
BIFC,2013-01-24,24.1,24.6,24.1,24.3,80000.0
FAREASTLIF,2011-01-11,158.0,164.0,150.0,161.8,57350.0
PRAGATIINS,2019-08-07,36.7,39.0,36.7,37.8,9997.0
SANDHANINS,2008-02-25,1541.0,1598.0,1540.0,1561.75,400.0
KPPL,2014-09-21,27.4,28.0,26.9,27.3,1191000.0
PROVATIINS,2022-09-28,58.9,58.9,58.9,58.9,2036.0
JANATAINS,2008-08-06,350.0,388.5,340.0,386.75,3880.0
NORTHERN,2016-02-25,220.2,226.0,220.2,222.0,4945.0
FEDERALINS,2011-04-21,157.2,165.7,157.2,160.3,33100.0
ISLAMIINS,2023-07-06,54.5,56.9,54.4,56.5,79881.0
SPCL,2019-10-28,78.3,79.9,77.2,78.8,231065.0
KTL,2024-07-30,14.0,14.0,13.9,13.9,37784.0
DBH,2014-05-14,62.8,63.2,62.8,62.9,20000.0
IBNSINA,2013-04-24,85.8,87.5,82.7,83.6,20400.0
NBL,2024-10-31,5.5,5.7,5.4,5.6,3297593.0
UCBL,2011-05-30,39.9,40.0,39.1,39.7,961000.0
TITASGAS,2014-09-18,80.5,81.8,80.4,80.6,807500.0
NTC,2000-01-17,675.0,675.0,627.0,651.0,10.0
PIONEERINS,2010-01-13,1165.0,1239.75,1105.0,1137.5,19500.0
MPETROLEUM,2010-05-17,292.2,294.5,282.0,284.3,259000.0
BDCOM,2003-01-06,14.1,14.4,14.1,14.1,37500.0
RAHIMAFOOD,2010-07-25,448.0,465.0,442.0,444.75,6850.0
ICBISLAMIC,2009-06-07,330.0,340.0,330.0,332.25,4900.0
BBS,2018-09-07,31.2,32.9,31.1,32.5,2325780.0
EPGL,2021-02-11,46.8,46.9,46.0,46.1,126377.0
SSSTEEL,2021-08-25,24.4,24.5,23.8,23.9,6599112.0
APEXFOODS,2009-04-06,949.0,950.0,915.0,921.0,3100.0
UTTARAFIN,2001-03-05,228.25,229.0,227.0,228.25,2050.0
ICICL,2024-10-20,23.0,23.8,22.9,23.0,106365.0
SOUTHEASTB,2017-05-30,17.4,17.5,17.3,17.4,1086498.0
DACCADYE,2022-05-31,17.9,18.2,17.7,17.8,469811.0
BAYLEASING,2011-07-26,1158.0,1159.0,1111.0,1118.0,84550.0
MEGHNALIFE,2023-08-16,70.5,71.5,66.7,68.1,433759.0
EXCELSHOE,2008-07-07,44.25,45.0,42.75,43.0,12400.0
NPOLYMER,2024-08-12,44.8,45.5,44.6,44.6,92720.0
NBL,2011-12-05,56.6,58.1,55.8,57.5,1042400.0
ASIAPACINS,2021-10-11,64.8,66.4,64.1,64.7,138450.0
ACMELAB,2023-08-30,85.0,85.0,85.0,85.0,2550.0
TAMIJTEX,2024-10-07,135.1,136.5,128.6,130.1,13024.0
NRBBANK,2024-12-01,14.4,14.4,13.8,14.0,12826101.0
GLOBALINS,2020-06-10,32.9,34.9,30.8,32.1,3934530.0
BDLAMPS,2018-01-02,181.9,185.0,178.3,179.7,14990.0
GREENDELT,2004-07-25,830.0,830.0,830.0,830.0,20.0
BANGAS,2016-06-06,167.4,167.9,166.1,166.8,4099.0
SUMITPOWER,2021-08-03,48.8,50.3,48.4,49.1,10682295.0
ISLAMIBANK,2002-11-16,3570.0,3577.0,3515.0,3529.75,96.0
PHOENIXFIN,2008-11-23,435.0,440.0,425.0,432.5,9100.0
BERGERPBL,2009-01-12,496.9,496.9,460.0,463.4,27050.0
BAYLEASING,2018-12-23,17.1,17.3,17.1,17.2,32160.0
BSCCL,2018-05-08,90.0,90.9,89.2,89.6,21369.0
JMISMDL,2020-08-03,316.0,324.8,312.0,314.6,120696.0
NHFIL,2013-11-21,32.0,32.4,31.4,31.4,333000.0
SONARBAINS,2013-10-02,32.9,33.3,32.7,33.1,51500.0
HEIDELBCEM,2012-12-26,251.0,264.8,251.0,261.7,11600.0
GP,2024-12-15,315.1,315.7,313.1,314.3,184535.0
SAIHAMCOT,2013-11-04,25.0,25.6,24.6,24.9,583000.0
ALARABANK,2023-10-18,23.8,23.8,23.7,23.7,102557.0
SHYAMPSUG,2012-05-04,11.0,11.8,11.0,11.2,4100.0
NAHEEACP,2024-06-05,33.4,33.7,32.4,32.5,171272.0
SHURWID,2021-11-25,15.6,17.0,15.6,17.0,2105945.0
PIONEERINS,2024-11-21,50.3,50.9,49.0,49.3,58382.0
RUPALIBANK,2011-06-09,1483.5,1489.75,1482.0,1486.25,2620.0
PROVATIINS,2022-02-22,113.5,115.4,113.5,113.7,11081.0
LOVELLO,2025-03-20,84.7,84.9,82.2,82.9,635987.0
MAKSONSPIN,2009-08-12,93.2,95.4,92.7,94.9,1202500.0
SINOBANGLA,2006-05-16,10.0,10.2,10.0,10.1,16000.0
PHARMAID,2021-01-31,412.3,419.9,405.0,408.7,17174.0
GREENDELT,2009-01-21,1919.0,1937.5,1893.0,1896.5,2060.0
NLI1STMF,2019-01-28,13.6,13.6,13.5,13.5,6089.0
ILFSL,2012-02-13,37.4,38.4,36.0,36.5,458500.0
PRIMEFIN,2010-10-05,2449.0,2570.0,2449.0,2508.0,118150.0
KPPL,2022-02-01,9.5,9.5,9.3,9.3,170043.0
DULAMIACOT,2009-04-26,89.75,89.75,84.0,84.25,1300.0
ZEALBANGLA,2021-11-23,112.3,112.6,110.0,110.5,2219.0
AFTABAUTO,2000-03-10,235.0,243.5,235.0,241.5,560.0
TITASGAS,2011-04-27,795.0,823.75,789.0,820.0,116000.0
BDFINANCE,2017-10-01,16.0,17.0,16.0,16.7,4158995.0
SQUARETEXT,2019-07-08,42.5,42.9,42.3,42.5,5847.0
GREENDELT,2007-11-21,951.0,975.0,940.0,969.5,3020.0
POWERGRID,2014-12-02,54.0,54.5,53.3,53.7,352500.0
SONALIANSH,2020-01-01,324.9,343.9,320.0,343.9,13522.0
NPOLYMAR,2014-06-19,59.0,60.5,59.0,60.2,57300.0
CENTRALINS,2013-07-28,29.5,29.8,29.0,29.4,26200.0
OCL,2012-08-30,41.5,44.7,41.5,43.6,607300.0
EXIMBANK,2013-10-24,10.9,11.2,10.8,10.9,589300.0
TAKAFULINS,2021-10-03,42.1,43.2,41.4,41.5,115112.0
RENATA,2003-01-10,977.0,985.0,977.0,981.25,85.0
GSPFINANCE,2021-03-16,17.0,17.0,16.4,16.5,729397.0
ORIONINFU,2023-10-08,320.9,324.4,311.6,313.2,142070.0
MIDASFIN,2017-02-07,29.1,29.4,28.6,29.1,58224.0
POPULARLIF,2025-02-16,49.2,50.0,49.1,49.6,824350.0
MPETROLEUM,2022-06-14,206.0,206.0,199.9,201.6,39932.0
ICBSONALI1,2021-11-04,8.3,8.3,8.0,8.1,1550.0
ICBIBANK,2021-08-02,4.2,4.2,3.9,3.9,779940.0
ICB2NDNRB,2009-12-20,210.0,210.0,198.75,200.0,156700.0
ISNLTD,2015-01-21,11.2,11.6,11.2,11.5,9821.0
ACI,2022-09-05,288.0,288.0,281.2,282.8,85613.0
PARAMOUNT,2011-05-18,504.0,524.0,502.0,515.5,19850.0
JUTESPINN,2020-11-16,145.5,145.5,134.0,136.1,635.0
SUNLIFEINS,2016-09-28,17.7,17.8,17.7,17.7,20382.0
RAKCERAMIC,2013-02-05,45.6,47.0,45.6,46.3,37800.0
MARICO,2025-02-27,2390.4,2414.9,2353.1,2371.5,6825.0
BDLAMPS,2001-06-17,480.0,485.0,480.0,484.25,80.0
ICBISLAMIC,2007-02-14,285.0,285.0,257.5,260.5,27400.0
EBLNRBMF,2021-01-27,5.9,6.0,5.6,5.7,746925.0
JUTESPINN,2015-10-08,50.0,50.0,48.6,49.6,1100.0
MIDASFIN,2025-01-08,8.0,8.1,7.9,8.0,17434.0
ICB3RDNRB,2024-02-07,6.4,6.4,6.2,6.3,495469.0
CENTRALPHL,2019-05-19,13.3,13.3,13.0,13.1,466790.0
AMBEEPHA,2017-03-28,371.4,371.4,370.0,370.1,2616.0
ASIAPACINS,2015-07-30,14.5,14.8,14.4,14.7,49700.0
NORTHERN,2018-12-13,1290.0,1360.0,1270.0,1297.5,2716.0
ORIONPHARM,2019-07-18,32.0,32.9,32.0,32.7,87745.0
ORIONINFU,2016-12-04,71.7,71.7,65.5,66.3,1000656.0
SPCL,2024-10-08,41.5,42.6,41.5,41.9,287785.0
UNIONINS,2022-02-16,58.0,58.8,54.5,54.7,1612533.0
BXPHARMA,2023-06-22,146.2,146.2,146.2,146.2,5035.0
MIDASFIN,2016-03-16,19.1,19.4,18.7,19.3,26550.0
POWERGRID,2023-08-29,0.0,0.0,0.0,52.4,0.0
MONNOJTX,2008-04-20,1099.0,1149.0,1099.0,1134.5,105.0
AMBEEPHA,2018-03-10,549.9,560.0,541.1,547.1,10902.0
ZAHEENSPIN,2017-04-26,25.5,25.6,25.0,25.4,749645.0
SINGERBD,2024-07-31,123.0,127.9,123.0,126.4,12039.0
BXPHARMA,2005-08-23,71.0,73.1,71.0,72.8,247600.0
EXCELSHOE,2008-04-23,76.0,77.75,65.0,69.75,60900.0
WATACHEM,2016-11-28,162.0,162.3,158.3,159.0,20629.0
GRAMEENS2,2019-08-08,12.7,12.8,12.6,12.8,80548.0
SOUTHEASTB,2001-06-01,172.5,173.25,171.0,171.75,74400.0
OAL,2023-09-17,10.6,10.6,9.9,10.2,2720049.0
MERCANBANK,2012-03-27,23.6,24.4,23.6,24.2,1824500.0
AGNISYSL,2017-09-20,26.4,26.6,26.0,26.1,496696.0
BBSCABLES,2019-10-23,72.7,74.4,71.2,73.5,475241.0
MIDASFIN,2023-01-02,12.7,12.7,12.7,12.7,1.0
BDONLINE,2004-09-18,36.0,36.4,35.5,35.6,75.0
CONTININS,2013-10-29,28.6,29.6,28.6,28.9,150000.0
SAIHAMTEX,2018-03-12,61.1,62.7,60.3,62.4,443935.0
PREMIERLEA,2020-01-16,5.2,5.6,5.2,5.6,413566.0
BRACBANK,2010-07-26,750.0,765.0,740.5,745.5,144000.0
JAMUNABANK,2011-01-12,35.0,35.0,34.3,34.5,1025025.0
FAMILYTEX,2017-09-21,9.0,9.1,8.8,9.0,3152535.0
PHOENIXFIN,2019-03-21,36.0,36.0,32.8,34.4,35820.0
LEGACYFOOT,2022-04-13,57.7,58.7,57.5,58.3,19922.0
AMBEEPHA,2018-08-11,501.2,529.9,492.2,523.5,14624.0
POPULARLIF,2021-03-03,76.7,76.7,76.7,76.7,1.0
AL-HAJTEX,2019-04-15,88.8,88.8,85.5,85.8,77955.0
NBL,2021-02-15,7.6,8.0,7.5,7.9,4865705.0
IFILISLMF1,2017-04-16,8.5,8.6,8.4,8.5,210765.0
ORIONINFU,2021-07-25,72.8,72.8,69.9,70.6,225991.0
BDAUTOCA,2016-08-12,80.7,85.0,80.2,84.2,27126.0
MICEMENT,2013-01-13,78.8,79.0,77.6,77.9,51800.0
ENVOYTEX,2014-07-12,53.4,53.5,52.0,52.4,296000.0
ILFSL,2013-10-09,12.4,12.6,12.3,12.3,312000.0
INTECH,2009-06-09,32.5,32.5,31.8,32.0,94000.0
SINOBANGLA,2010-02-08,49.9,49.9,47.6,48.3,99500.0
IFIC,2014-07-15,23.7,24.3,23.6,24.1,94450.0
PDL,2019-04-17,14.4,14.6,13.8,14.1,419583.0
POWERGRID,2025-01-22,31.6,32.1,31.4,31.7,295790.0
NORTHRNINS,2009-11-16,370.0,376.0,370.0,374.25,9500.0
HWAWELLTEX,2018-06-11,38.6,38.9,38.1,38.5,6431.0
TRUSTBANK,2009-02-04,275.0,275.0,261.5,263.75,25100.0
MEGHNACEM,2023-03-15,59.5,59.5,57.3,57.5,3252.0
JUTESPINN,2017-01-15,59.2,61.5,59.0,60.3,670.0
NLI1STMF,2019-06-08,13.1,13.2,12.8,12.9,818338.0
TITASGAS,2014-09-11,84.7,86.9,82.1,82.7,2060000.0
BDFINANCE,2008-06-11,401.25,423.5,401.25,415.75,13900.0
NCCBLMF1,2017-09-14,9.1,9.3,9.1,9.2,84506.0
APEXSPINN,2006-02-23,240.0,240.0,240.0,240.0,1040.0
TALLUSPIN,2016-12-26,9.2,9.4,9.1,9.4,250489.0
TALLUSPIN,2022-03-02,10.4,10.4,10.2,10.3,204883.0
KPCL,2015-05-07,70.0,70.2,67.8,68.1,1172185.0
GLAXOSMITH,2011-05-06,947.1,969.0,944.0,961.8,2400.0
FUWANGFOOD,2011-08-05,54.0,54.4,50.6,51.0,795700.0
MHSML,2018-10-18,12.0,12.1,11.6,11.7,178591.0
APEXFOODS,2004-06-10,785.0,844.0,785.0,823.25,3950.0
SQURPHARMA,2021-11-10,239.5,242.6,239.0,240.6,1150987.0
FAMILYTEX,2018-06-24,6.1,6.2,6.0,6.1,640367.0
ICB,2015-11-10,134.2,134.2,130.7,132.3,38819.0
INTRACO,2022-10-30,51.0,51.9,48.8,51.2,6674280.0
ENVOYTEX,2013-02-10,52.6,56.6,52.5,54.7,2274800.0
ICBAMCL2ND,2012-11-20,8.2,8.3,7.9,7.9,155000.0
PRIMEBANK,2002-11-18,282.0,285.5,281.5,285.0,14200.0
RUNNERAUTO,2025-02-16,27.9,28.1,27.3,27.4,241695.0
JAMUNAOIL,2013-02-12,236.7,239.5,234.0,235.2,312200.0
AZIZPIPES,2020-10-18,109.3,110.5,106.6,107.3,37052.0
PRAGATILIF,2018-02-14,110.0,111.1,108.0,109.1,71752.0
BERGERPBL,2013-11-06,694.0,722.0,693.2,716.4,5050.0
IFADAUTOS,2022-04-19,43.5,44.5,43.5,44.2,56506.0
ISLAMIINS,2016-06-11,16.8,17.1,16.6,16.8,11156.0
INTECH,2016-08-06,11.5,11.5,11.3,11.3,181440.0
DEBBXDENIM,2024-05-21,0.0,0.0,0.0,1450.0,0.0
PHARMAID,2021-03-11,616.0,616.0,616.0,616.0,23397.0
NCCBANK,2010-02-09,437.0,451.5,436.0,449.0,236900.0
SINOBANGLA,2012-12-07,23.6,24.4,23.3,24.1,75000.0
AMCL(PRAN),2012-05-07,122.0,126.0,122.0,124.2,2200.0
APEXADELFT,2003-07-26,188.0,188.0,185.0,185.0,480.0
APEXADELFT,2008-08-05,3834.25,4000.0,3830.0,3994.5,29820.0
PIONEERINS,2008-02-07,695.0,695.0,650.5,663.25,1050.0
SAFKOSPINN,2010-04-07,101.0,102.0,95.0,97.75,2150.0
GREENDELT,2004-03-30,685.0,685.0,680.0,682.0,110.0
EXIMBANK,2011-10-07,32.8,33.0,32.4,32.5,3425000.0
MITHUNKNIT,2020-02-07,6.8,6.8,6.7,6.8,1094.0
GREENDELMF,2011-01-31,11.2,11.3,11.0,11.0,1950000.0
PREMIERCEM,2019-05-21,69.0,69.0,68.5,68.7,350.0
EMERALDOIL,2025-01-26,23.5,24.3,23.2,23.3,217529.0
MONNOFABR,2023-11-14,24.1,24.1,24.1,24.1,24.0
ASIAPACINS,2015-11-15,13.9,14.4,13.9,13.9,12860.0
PRAGATILIF,2021-10-19,97.9,103.5,97.6,101.5,86073.0
PRIME1ICBA,2017-08-03,7.0,7.0,6.8,6.9,635200.0
SAIHAMTEX,2022-11-07,24.4,24.4,24.4,24.4,40650.0
BCIL,2008-02-03,23.75,23.75,23.75,23.75,30.0
DUTCHBANGL,2017-08-31,137.5,140.8,136.0,137.7,256110.0
JAMUNABANK,2017-09-04,19.0,19.9,19.0,19.3,275392.0
ISLAMICFIN,2023-09-27,19.7,19.7,19.7,19.7,82.0
DELTASPINN,2016-01-11,8.5,9.0,8.5,8.8,4617770.0
PUBALIBANK,2004-01-25,415.25,415.25,415.25,415.25,20.0
SAPORTL,2024-11-04,21.5,22.2,20.7,21.9,1288876.0
ARAMITCEM,2014-01-19,62.9,63.4,61.5,61.8,202000.0
APEXADELFT,2013-10-20,350.0,350.0,338.0,340.0,28000.0
BDLAMPS,2000-05-10,614.0,614.0,593.75,598.25,165.0
BSRMSTEEL,2021-03-21,45.3,45.3,43.9,44.1,67301.0
LAFSURCEML,2017-08-08,58.1,58.9,57.8,58.1,1072806.0
UNIONCAP,2013-03-10,30.0,30.1,29.5,29.8,24000.0
SQURPHARMA,2011-09-18,2678.0,2678.0,2640.0,2643.0,20646.0
DBLPBOND,2024-10-28,0.0,0.0,0.0,5250.0,0.0
IFIC,2014-11-12,26.2,27.1,26.2,27.0,54690.0
NURANI,2019-08-08,14.7,15.0,14.6,14.9,522783.0
AIBLPBOND,2023-11-29,4895.0,4895.0,4895.0,4895.0,5.0
EBL1STMF,2012-09-26,10.0,10.4,9.5,9.7,1300000.0
PRAGATILIF,2013-11-04,107.8,116.2,107.8,109.8,5500.0
GOLDENSON,2017-03-15,21.8,21.8,20.9,21.0,1684204.0
MONNOAGML,2021-09-27,790.6,795.0,774.0,775.5,18587.0
SINOBANGLA,2008-05-14,49.6,49.6,48.0,48.3,26500.0
KARNAPHULI,2022-11-08,30.9,30.9,28.7,28.9,79655.0
FUWANGFOOD,2020-02-06,11.6,11.6,11.6,11.6,3630.0
FEDERALINS,2011-10-19,45.0,47.0,44.0,46.5,39900.0
CONTININS,2018-04-01,22.3,22.6,22.3,22.5,19510.0
PRIMELIFE,2023-01-18,59.9,64.0,59.9,60.6,732320.0
AZIZPIPES ,2017-09-10,131.9,131.9,127.7,129.3,9934.0
EBLNRBMF,2012-07-02,9.0,9.0,9.0,9.0,500.0
DELTALIFE,2020-03-06,58.0,58.0,58.0,58.0,32163.0
DHAKABANK,2005-05-12,473.0,475.0,460.0,460.75,8800.0
ICB,2006-12-12,144.0,144.0,144.0,144.0,100.0
IFADAUTOS,2021-10-02,46.0,46.6,45.7,46.2,185075.0
NLI1STMF,2017-05-02,13.7,13.9,13.7,13.8,110120.0
PRIMEINSUR,2020-10-20,32.4,33.9,32.0,32.3,542490.0
MERCINS,2022-01-03,45.4,45.4,44.3,44.5,24601.0
METROSPIN,2016-12-20,7.1,7.2,7.0,7.1,57855.0
APEXTANRY,2023-05-11,108.0,108.0,104.0,105.0,32067.0
LIBRAINFU,2013-04-18,205.0,205.0,200.0,203.0,1200.0
TAKAFULINS,2015-02-12,15.6,15.6,14.9,15.1,93183.0
BEACHHATCH,2025-02-19,115.5,115.5,112.7,113.7,409983.0
TALLUSPIN,2017-02-16,10.5,10.6,10.4,10.5,69505.0
OAL,2022-03-04,13.0,13.2,12.9,12.9,648864.0
ARAMIT,2004-05-29,58.0,58.5,58.0,58.4,250.0
FUWANGFOOD,2002-10-29,11.2,11.3,11.0,11.0,774500.0
ISNLTD,2003-12-06,16.0,16.1,15.9,15.9,64500.0
HEIDELBCEM,2012-09-16,260.0,264.5,256.2,262.8,25200.0
CENTRALPHL,2017-05-01,23.2,23.7,22.6,22.7,3953449.0
BARKAPOWER,2018-05-24,28.6,29.0,28.4,28.7,213698.0
ECABLES,2007-04-07,574.0,640.0,573.5,631.5,52940.0
BSCCL,2022-10-24,218.9,218.9,218.9,218.9,552.0
ICB3RDNRB,2021-12-05,6.7,6.7,6.5,6.5,126246.0
RELIANCINS,2009-04-22,900.0,900.0,850.0,860.25,2450.0
BDWELDING,2018-12-04,20.4,21.0,20.3,20.4,29546.0
CAPMIBBLMF,2020-02-16,8.0,8.0,7.8,7.9,301316.0
SILVAPHL,2022-09-15,21.9,22.5,21.9,22.2,425983.0
ACIFORMULA,2022-02-16,172.6,174.5,170.0,174.1,95392.0
PEOPLESINS,2019-07-11,20.8,21.5,20.7,21.2,51284.0
UTTARAFIN,2022-10-01,42.8,42.8,41.2,41.5,49968.0
ONEBANKLTD,2022-07-24,10.2,10.3,10.1,10.2,568604.0
ACI,2005-10-08,70.0,70.9,70.0,70.4,0.0
KEYACOSMET,2022-10-31,6.7,6.8,6.4,6.5,5112537.0
ARGONDENIM,2020-12-03,21.0,21.1,19.5,20.7,425029.0
PLFSL,2024-10-21,2.8,2.9,2.7,2.7,246512.0
MEGHNACEM,2004-04-07,275.5,275.5,272.0,274.0,1900.0
PRAGATIINS,2017-03-27,36.6,38.2,36.6,37.7,208836.0
ARAMITCEM,2022-03-28,34.9,36.3,34.8,36.1,341658.0
AZIZPIPES ,2017-01-17,70.0,70.0,67.1,67.7,5291.0
BEACHHATCH,2024-03-28,56.3,59.2,53.1,57.9,391093.0
ONEBANKLTD,2012-05-17,29.1,29.4,28.9,29.1,691500.0
AFTABAUTO,2020-12-22,26.4,26.5,25.6,25.7,197184.0
DOMINAGE,2025-01-12,12.4,12.6,12.1,12.2,1351837.0
MICEMENT,2013-09-18,92.4,93.8,92.4,93.1,226900.0
EXIMBANK,2024-01-25,10.2,10.4,10.0,10.1,628148.0
SAMORITA,2020-06-10,74.0,74.8,71.5,72.2,102583.0
DUTCHBANGL,2013-08-14,100.0,100.0,99.6,99.9,23000.0
DHAKABANK,2013-11-02,25.5,26.3,25.5,26.0,440900.0
QUASEMIND,2025-02-04,28.0,28.4,27.6,27.7,94371.0
PUBALIBANK,2012-08-07,31.0,31.3,30.5,30.6,105475.0
PUBALIBANK,2000-05-13,113.0,113.0,110.0,110.5,460.0
PREMIERBAN,2018-01-18,14.8,15.0,14.5,14.7,507694.0
MALEKSPIN,2023-07-20,27.1,27.1,27.1,27.1,8518.0
IFADAUTOS,2017-12-07,136.8,139.3,134.1,135.2,2391812.0
IFIC1STMF,2016-09-18,4.5,4.6,4.5,4.6,100227.0
ACI,2022-03-02,303.9,305.9,300.0,301.2,112393.0
LIBRAINFU,2012-05-09,266.0,266.0,266.0,266.0,400.0
SHEPHERD,2019-04-12,27.8,28.8,27.8,28.4,32780.0
RUPALIBANK,2019-04-02,43.5,46.0,43.0,43.7,312587.0
MICEMENT,2015-06-24,77.1,78.0,76.0,76.3,106803.0
KPPL,2022-01-30,9.7,9.9,9.6,9.6,337450.0
ABBANK,2023-08-09,9.7,9.7,9.7,9.7,594.0
ICBSONALI1,2023-05-24,0.0,0.0,0.0,7.8,0.0
SEMLIBBLSF,2025-03-27,6.8,6.9,6.8,6.9,62146.0
BESTHLDNG,2024-12-15,18.4,18.5,18.2,18.3,643706.0
RAHIMAFOOD,2011-12-29,34.4,35.4,34.1,34.8,142000.0
SHURWID,2016-01-31,13.0,13.0,12.2,12.3,314983.0
BSRMSTEEL,2023-01-02,63.9,63.9,63.9,63.9,10.0
FAMILYTEX,2023-11-08,0.0,0.0,0.0,4.9,0.0
GLDNJMF,2025-01-26,8.0,8.0,7.7,7.8,730594.0
PRIMETEX,2019-03-03,31.9,32.8,31.9,32.1,225429.0
PREMIERLEA,2016-10-30,10.3,10.4,10.0,10.3,521589.0
AFCAGRO,2016-12-05,59.3,59.4,57.6,57.9,126343.0
LEGACYFOOT,2022-08-01,60.0,61.4,59.0,59.9,19648.0
FAREASTLIF,2013-03-09,118.5,122.3,116.4,120.6,80800.0
SILCOPHL,2023-03-15,23.4,23.4,23.4,23.4,30.0
USMANIAGL,2016-03-13,86.5,86.7,86.1,86.5,5967.0
DELTALIFE,2025-01-05,79.1,79.2,77.6,78.9,32439.0
SIMTEX,2018-05-07,27.9,28.5,26.9,27.0,230776.0
DBH1STMF,2021-12-28,7.5,7.6,7.4,7.4,114139.0
ONEBANKLTD,2008-11-19,300.0,308.0,296.5,302.75,60350.0
KOHINOOR,2015-10-06,326.6,326.6,315.0,324.7,322.0
QUASEMIND,2024-05-28,38.4,38.4,36.4,36.5,94004.0
BDBUILDING,2014-04-23,67.9,67.9,66.0,66.1,461500.0
INTRACO,2024-05-05,37.9,38.2,36.3,37.5,911307.0
ACIZCBOND,2012-03-21,760.0,760.0,752.0,755.5,102.0
STYLECRAFT,2022-07-31,105.6,107.9,105.5,107.1,30271.0
GRAMEEN1,2006-04-09,12.8,12.9,12.5,12.5,96000.0
PIONEERINS,2012-11-13,75.7,78.0,75.7,77.0,2500.0
SUNLIFEINS,2018-12-13,28.0,28.6,25.8,26.1,898980.0
ALARABANK,2019-06-20,18.0,18.2,17.9,18.1,170268.0
JUTESPINN,2022-11-09,184.2,191.0,182.2,184.3,1666.0
JANATAINS,2011-07-27,694.5,713.0,683.0,691.75,4980.0
BSRMSTEEL,2022-12-14,63.9,63.9,63.9,63.9,327.0
RELIANCINS,2010-06-14,1301.0,1350.0,1301.0,1340.5,10250.0
SALVOCHEM,2015-08-03,17.6,18.0,17.6,17.8,183303.0
BXPHARMA,2002-11-22,43.7,43.9,43.6,43.6,58150.0
APEXFOOT,2014-04-28,435.1,439.7,428.0,429.8,25200.0
EIL,2023-07-03,27.4,27.4,26.4,26.5,53673.0
ANWARGALV,2014-12-24,38.0,38.6,37.3,37.5,40179.0
PTL,2018-07-19,62.6,64.4,61.6,62.0,1732549.0
BIFC,2009-04-02,313.0,315.0,308.0,309.75,3900.0
EBL,2013-12-11,30.0,30.4,29.0,29.5,142000.0
ESQUIRENIT,2022-02-06,35.8,36.0,35.6,35.9,245112.0
DOREENPWR,2019-12-26,59.9,61.0,59.7,60.1,88003.0
GRAMEEN1,2006-05-30,12.1,12.1,12.0,12.0,30500.0
DBH1STMF,2024-05-06,4.9,5.0,4.9,5.0,22983.0
NITOLINS,2023-10-04,42.0,43.0,41.1,42.7,81547.0
AZIZPIPES,2006-08-29,53.25,54.0,53.25,53.25,425.0
PIONEERINS,2014-03-02,78.5,81.0,77.9,78.2,450500.0
ISLAMIINS,2019-11-13,23.8,24.3,23.2,23.5,356072.0
MEGHNAPET,2022-07-26,40.7,40.7,40.7,40.7,9243.0
EHL,2002-09-26,91.5,93.0,90.75,90.75,8140.0
SPCL,2018-11-10,94.7,95.3,91.2,91.5,130631.0
AIBL1STIMF,2016-03-03,7.3,7.3,7.3,7.3,5500.0
DELTASPINN,2015-10-03,12.3,12.3,12.1,12.1,278885.0
GREENDELT,2013-09-25,106.4,108.0,102.3,103.4,37000.0
MPETROLEUM,2015-01-12,174.0,176.0,173.3,174.1,94569.0
ALLTEX,2000-03-04,51.75,51.75,50.5,50.5,3950.0
APEXFOODS,2011-07-12,64.1,71.0,62.7,69.4,5000.0
AIMS1STMF,2005-10-01,1.28,1.28,1.27,1.27,375000.0
BXPHARMA,2002-05-21,34.6,34.9,34.4,34.5,43450.0
LHBL,2024-01-11,70.7,71.9,70.2,71.7,1466582.0
AGNISYSL,2010-10-05,62.3,63.7,61.9,62.0,339500.0
BPML,2020-05-07,39.9,39.9,39.9,39.9,932.0
PROVATIINS,2020-02-19,30.2,30.3,28.6,28.8,446610.0
ALLTEX,2005-06-18,72.0,72.0,72.0,72.0,250.0
PRAGATIINS,2021-08-06,100.0,105.8,100.0,104.6,1250046.0
BIFC,2018-02-20,9.9,9.9,9.9,9.9,2697.0
BANKASIA,2007-07-24,425.0,435.0,421.75,431.25,21550.0
STANDARINS,2020-09-11,42.9,43.8,41.5,41.8,747901.0
ECABLES,2019-08-01,248.0,263.0,248.0,252.1,67010.0
ANLIMAYARN,2021-04-22,34.1,34.1,33.0,33.3,264667.0
NORTHERN,2021-10-31,280.2,284.4,275.0,278.1,9887.0
NLI1STMF,2017-04-19,14.4,14.4,14.2,14.3,75140.0
PRIMEFIN,2017-09-26,13.6,13.9,13.6,13.8,39836.0
PF1STMF,2016-09-06,4.4,4.4,4.4,4.4,104110.0
KEYADETERG,2003-06-10,10.4,10.5,10.4,10.5,87500.0
DELTASPINN,2022-04-26,9.0,9.1,8.9,9.0,360674.0
QUASEMIND,2022-09-04,61.3,63.6,61.1,62.1,1821583.0
EXIMBANK,2023-07-18,10.4,10.4,10.4,10.4,4455.0
HAKKANIPUL,2011-07-19,52.0,53.0,51.2,52.8,33500.0
SAPORTL,2020-07-30,17.4,17.6,17.1,17.4,244482.0
NPOLYMAR,2019-05-05,106.0,107.0,103.9,106.2,1026589.0
SQUARETEXT,2023-11-16,0.0,0.0,0.0,67.5,0.0
BDLAMPS,2014-01-01,126.5,127.1,125.3,125.6,20750.0
AZIZPIPES,2014-02-26,20.7,22.7,20.7,21.9,8350.0
DAFODILCOM,2025-03-24,64.9,64.9,64.8,64.9,1552.0
BDCOM,2015-12-24,23.6,23.7,23.2,23.4,301037.0
PRIMELIFE,2012-11-04,212.1,215.0,207.6,212.6,25900.0
TAKAFULINS,2015-04-06,18.7,19.8,18.7,19.5,1700.0
ADVENT,2023-08-03,24.8,25.0,24.0,24.3,1118351.0
FUWANGCER,2008-03-03,90.25,92.5,90.25,91.25,1400.0
UNITEDAIR,2019-04-24,2.7,2.8,2.6,2.7,431893.0
NFML,2022-12-27,16.4,16.4,16.4,16.4,61.0
MJLBD,2018-02-25,107.9,109.0,107.4,107.6,87992.0
BRACBANK,2025-01-13,49.5,49.8,48.8,49.0,1128463.0
STANDARINS,2010-04-25,469.0,469.0,451.0,464.0,24550.0
FBFIF,2023-08-02,5.0,5.0,5.0,5.0,11020.0
MERCANBANK,2023-04-02,13.6,13.7,13.6,13.6,400988.0
INTECH,2009-08-25,32.8,33.3,32.5,32.6,177500.0
CENTRALINS,2017-03-19,24.2,24.3,24.2,24.3,9519.0
MEGHNAPET,2015-02-12,5.6,5.6,5.4,5.5,10200.0
JUTESPINN,2024-08-08,254.6,259.9,252.3,253.1,2738.0
KARNAPHULI,2014-06-22,18.5,19.8,18.5,19.2,42200.0
BXSYNTH,2017-11-19,7.9,7.9,7.7,7.8,30062.0
SBACBANK,2024-03-19,9.4,9.5,8.9,9.0,641809.0
STYLECRAFT,2017-09-19,1435.0,1435.0,1431.6,1434.2,53.0
UNITEDAIR,2020-09-15,1.8,1.8,1.7,1.8,6961668.0
ZEALBANGLA,2009-08-09,20.0,20.1,19.6,19.7,22200.0
BDLAMPS,2022-06-15,275.9,275.9,267.0,268.9,39068.0
NAVANACNG,2016-12-06,46.4,46.4,45.7,45.9,80524.0
HAKKANIPUL,2011-05-23,47.0,47.1,46.9,47.0,4500.0
ALLTEX,2020-05-10,8.6,8.6,8.2,8.4,83926.0
ISLAMIBANK,2006-08-03,4420.0,4420.0,4395.0,4398.0,748.0
STYLECRAFT,2017-01-16,1400.0,1400.0,1369.0,1372.1,377.0
AFTABAUTO,2010-12-27,461.0,474.9,453.1,468.8,214450.0
STANCERAM,2018-10-12,161.0,161.0,145.0,146.3,24656.0
FINEFOODS,2008-06-30,7.1,7.1,6.8,6.9,17000.0
BSRMSTEEL,2024-05-20,55.8,56.9,55.3,56.3,15746.0
JAMUNABANK,2023-10-05,20.9,20.9,20.9,20.9,6043.0
TAMIJTEX,2023-05-02,179.6,183.5,179.6,182.7,35853.0
SAIHAMCOT,2023-09-11,16.4,16.4,16.4,16.4,50.0
FAREASTLIF,2017-08-01,70.7,71.7,70.0,70.3,31869.0
BEXIMCO,2005-02-05,62.5,63.4,58.5,59.4,37700.0
ABBANK,2015-01-01,30.3,31.0,30.3,30.8,897166.0
STANDBANKL,2006-02-07,210.0,213.5,210.0,211.75,5300.0
AGRANINS,2022-08-14,38.6,39.8,38.5,38.6,30103.0
ARAMITCEM,2013-10-06,75.6,82.4,75.5,81.8,285000.0
NHFIL,2021-08-17,68.0,73.6,66.5,69.0,7565309.0
RANFOUNDRY,2010-06-30,101.5,104.4,101.5,101.9,35500.0
MONNOSTAF,2013-10-24,294.3,299.0,286.0,292.6,950.0
HAKKANIPUL,2015-12-01,29.4,29.6,28.9,29.0,38850.0
PTL,2022-11-08,77.0,77.0,77.0,77.0,8779.0
AGRANINS,2021-09-19,60.9,61.0,58.6,59.3,190809.0
MPETROLEUM,2010-11-14,268.0,268.0,259.0,260.5,139900.0
DAFODILCOM,2013-12-30,13.8,14.1,13.8,14.0,264000.0
HWAWELLTEX,2016-01-09,31.0,31.5,31.0,31.3,19271.0
ARAMITCEM,2022-10-13,31.4,31.4,31.4,31.4,155.0
EBL,2005-03-13,830.0,835.0,812.0,821.75,180.0
BDAUTOCA,2022-10-23,141.4,141.4,136.2,136.2,57276.0
DELTASPINN,2023-07-27,8.5,8.5,8.5,8.5,186.0
GHAIL,2019-06-27,34.2,34.5,34.0,34.2,164536.0
NITOLINS,2014-04-09,29.4,29.4,28.2,28.3,63000.0
DHAKABANK,2015-02-23,20.0,20.3,20.0,20.2,57581.0
GULFOODS,2009-06-04,140.0,140.0,126.0,129.25,16600.0
SPCL,2024-06-06,65.5,65.5,65.5,65.5,3.0
KARNAPHULI,2010-11-01,1040.0,1070.0,1040.0,1067.5,77740.0
AAMRANET,2022-11-27,47.8,51.8,47.7,51.8,2963760.0
BDAUTOCA,2006-09-24,51.0,51.0,50.5,50.5,230.0
RECKITTBEN,2023-10-09,4760.7,4760.7,4760.7,4760.7,5.0
ALARABANK,2008-09-15,422.25,423.5,416.0,417.75,26050.0
SOUTHEASTB,2018-05-15,17.4,17.4,16.9,17.3,470241.0
RENWICKJA,2015-06-21,254.0,258.2,250.0,253.8,882.0
BDAUTOCA,2019-03-28,240.4,248.0,238.0,238.9,58830.0
PARAMOUNT,2010-02-17,397.5,400.0,386.25,390.75,11400.0
EHL,2008-03-17,169.75,172.5,165.5,168.5,54880.0
RELIANCE1,2018-04-02,10.5,10.5,10.1,10.3,140000.0
NILOYCEM,2008-08-09,121.0,125.0,119.0,121.5,2700.0
FAREASTLIF,2018-09-18,66.4,71.1,66.1,70.8,189274.0
SAPORTL,2019-03-21,25.6,25.6,24.8,25.0,133934.0
PRIMEFIN,2015-07-26,13.8,13.8,13.4,13.5,557432.0
LHBL,2022-12-01,66.4,67.1,65.9,66.5,1101158.0
PUBALIBANK,2020-03-08,20.9,21.1,20.9,21.0,10071.0
FASFIN,2014-04-09,15.4,16.6,15.4,15.9,8500.0
MEGCONMILK,2022-08-25,42.0,42.0,42.0,42.0,8.0
MEGCONMILK,2023-05-25,39.1,39.2,33.4,34.3,732573.0
MERCINS,2016-11-16,13.7,14.4,13.7,14.1,403528.0
NORTHRNINS,2013-03-25,37.1,37.1,35.0,35.8,38500.0
MATINSPINN,2018-01-15,40.0,40.0,38.4,39.6,6580.0
GQBALLPEN,2025-02-13,147.8,147.8,143.8,146.1,99172.0
LRBDL,2022-11-28,35.1,35.4,35.1,35.1,114473.0
CITYBANK,2012-05-13,41.0,41.2,39.5,39.8,2979850.0
JMISMDL,2023-04-18,255.5,255.5,255.5,255.5,4.0
ITC,2017-09-04,49.1,49.1,48.0,48.2,120650.0
GREENDELMF,2015-08-03,4.5,4.5,4.4,4.4,36100.0
SEBL1STMF,2014-01-13,8.2,8.2,8.0,8.1,353500.0
MARICO,2012-08-08,367.0,374.0,362.0,366.7,2000.0
MIRACLEIND,2010-03-28,38.5,38.5,37.2,37.5,213500.0
BRACBANK,2020-11-11,44.3,44.8,44.0,44.5,3686089.0
PHENIXINS,2014-07-17,31.5,32.7,31.5,32.5,94600.0
IFILISLMF1,2019-03-11,5.8,5.8,5.6,5.7,53020.0
NAVANAPHAR,2024-07-15,94.8,95.9,91.8,92.3,348222.0
ISLAMICFIN,2008-04-12,334.5,343.75,329.0,330.75,13150.0
MHSML,2023-12-24,26.5,26.5,26.5,26.5,40.0
GLOBALINS,2017-07-08,16.5,16.7,16.4,16.5,107871.0
PADMAOIL,2008-12-15,1224.0,1225.0,1200.0,1207.0,3500.0
DHAKABANK,2020-08-01,11.0,11.4,10.7,11.1,167342.0
VAMLRBBF,2017-08-20,10.2,10.2,10.2,10.2,500.0
DELTASPINN,2008-02-14,94.75,95.0,93.5,94.25,7440.0
PRIMEBANK,2012-04-23,36.7,37.1,36.5,36.8,753500.0
BDCOM,2012-09-05,21.3,21.7,21.3,21.3,104500.0
CVOPRL,2019-03-01,170.0,184.5,169.0,184.2,301431.0
AMBEEPHA,2008-03-30,144.0,144.0,133.0,134.9,6200.0
FIRSTFIN,2017-02-05,12.4,12.4,11.6,12.0,241005.0
RUPALILIFE,2016-03-21,40.2,40.2,38.5,38.7,154504.0
DBH1STMF,2022-09-13,6.9,6.9,6.9,6.9,7403.0
ISLAMIBANK,2002-09-22,3122.0,3125.0,3120.0,3123.25,127.0
DAFODILCOM,2016-07-02,22.7,22.9,21.5,21.7,616599.0
WATACHEM,2017-12-06,161.5,162.2,160.1,160.3,3982.0
BEXIMCO,2022-10-27,119.4,120.6,117.5,118.7,5420968.0
PREMIERLEA,2015-01-29,9.4,9.6,9.3,9.4,70775.0
FEKDIL,2023-06-11,19.1,19.2,18.5,18.6,2040262.0
COPPERTECH,2024-11-24,17.0,17.1,16.3,16.5,272829.0
STANDARINS,2023-07-17,43.3,43.3,43.3,43.3,19515.0
GHCL,2018-08-19,42.4,42.4,40.5,41.0,275971.0
ETL,2020-04-10,9.1,9.6,9.0,9.5,3129430.0
HEIDELBCEM,2013-05-29,267.0,271.0,267.0,268.6,10900.0
SHAHJABANK,2019-06-26,25.1,25.9,24.9,25.2,341745.0
ACIFORMULA,2024-10-01,130.4,132.0,128.1,128.8,16588.0
AFTABAUTO,2023-04-10,24.5,24.5,24.5,24.5,66847.0
PRIMEBANK,2022-06-13,19.8,19.9,19.7,19.8,92863.0
BDONLINE,2008-09-16,52.6,54.5,52.5,53.9,370500.0
SONARBAINS,2012-08-08,31.0,32.2,31.0,31.9,23000.0
SSSTEEL,2023-05-23,16.6,16.6,16.6,16.6,3912.0
PRAGATIINS,2009-10-13,1231.0,1255.0,1195.0,1223.0,4830.0
BXPHARMA,2000-06-14,33.7,33.7,33.6,33.6,18700.0
SPCERAMICS,2009-03-29,101.9,102.2,96.0,96.7,998700.0
ASIAPACINS,2009-12-24,657.0,674.75,642.0,651.0,28200.0
DESCO,2012-06-14,89.2,90.5,88.5,89.1,76500.0
AMANFEED,2019-04-23,43.2,43.2,42.4,42.5,163943.0
PRIMEINSUR,2009-03-22,306.5,311.0,293.25,294.75,6400.0
DBH,2023-01-01,57.8,57.8,57.8,57.8,2.0
JANATAINS,2016-03-02,12.2,12.2,11.7,11.8,24139.0
ARAMITCEM ,2018-08-27,23.5,23.5,23.3,23.3,9172.0
KPCL,2017-05-17,58.6,59.0,58.0,58.1,330242.0
BSRMLTD,2015-12-27,124.6,124.6,121.8,122.4,174409.0
MEGHNALIFE,2012-07-10,138.0,139.9,131.9,132.7,156850.0
PHOENIXFIN,2011-04-26,1200.0,1210.0,1135.0,1148.0,20250.0
PRAGATIINS,2012-09-18,70.1,72.7,70.1,71.4,19200.0
FUWANGCER,2012-12-13,21.5,22.1,21.5,21.9,139000.0
SAIFPOWER,2016-03-20,63.2,63.6,62.7,62.9,262387.0
TALLUSPIN,2015-05-26,15.0,15.5,14.9,15.3,114952.0
HEIDELBCEM,2011-06-09,3010.0,3039.0,3010.0,3019.0,1005.0
ACIFORMULA,2013-05-11,73.2,73.8,72.7,72.9,23900.0
PRIMEINSUR,2010-10-28,1305.0,1390.0,1305.0,1332.0,106300.0
PIONEERINS,2018-11-13,27.2,27.5,26.7,27.0,71768.0
GREENDELT,2006-05-30,536.0,540.0,536.0,538.25,300.0
PRIMELIFE,2023-01-03,52.1,52.1,52.1,52.1,5629.0
RAHIMAFOOD,2009-10-09,205.0,209.75,198.75,201.75,57800.0
IFIC1STMF,2016-02-03,4.3,4.4,4.3,4.4,209898.0
ATCSLGF,2017-12-13,11.5,11.5,11.5,11.5,31468.0
BSRMSTEEL,2021-06-23,59.0,59.3,56.4,56.8,596872.0
ZAHEENSPIN,2019-01-21,12.3,12.3,11.9,11.9,659184.0
FUWANGFOOD,2004-04-02,11.8,11.8,11.7,11.7,12000.0
GLOBALINS,2010-02-06,631.0,648.5,627.0,629.75,76500.0
EXIMBANK,2013-06-13,15.2,15.4,14.7,14.7,915000.0
BDCOM,2015-07-10,25.6,25.8,25.4,25.7,161563.0
SUNLIFEINS,2018-07-02,24.8,25.1,24.8,25.0,19750.0
NLI1STMF,2014-08-13,9.4,9.4,9.1,9.1,383500.0
BANKASIA,2014-04-30,18.1,19.0,17.9,18.4,459000.0
TITASGAS,2012-09-18,95.0,97.0,92.5,93.5,5600500.0
CENTRALPHL,2023-12-03,16.6,17.8,16.5,17.8,7054586.0
NPOLYMER,2024-07-28,39.4,39.6,38.6,38.6,86201.0
BDONLINE,2004-01-24,24.0,24.2,23.5,23.6,63000.0
SALAMCRST,2012-05-29,53.6,54.2,52.0,53.6,150000.0
RDFOOD,2023-01-03,36.2,36.2,36.2,36.2,1000.0
SINGERBD,2016-05-30,146.9,147.5,146.2,146.9,67268.0
MEGHNACEM,2021-08-02,72.6,72.6,72.6,72.6,2680.0
NTC,2016-06-28,490.2,507.0,490.0,504.4,646.0
BENGALWTL,2024-07-16,22.2,23.7,22.2,23.3,177524.0
ICB,2022-05-26,95.8,100.0,95.5,98.6,20806.0
FBFIF,2018-10-28,4.1,4.3,4.1,4.2,446958.0
PRIMETEX,2012-05-16,24.0,24.4,23.6,23.8,34500.0
NHFIL,2013-05-21,25.8,25.8,24.5,24.9,57000.0
INTECH,2021-05-17,38.9,38.9,37.0,37.3,394362.0
BANKASIA,2015-09-08,14.8,15.2,14.8,14.9,68079.0
NTLTUBES,2022-08-11,79.5,79.5,79.5,79.5,33042.0
ECABLES,2009-04-01,587.0,635.0,572.0,619.75,18560.0
NPOLYMAR,2009-01-12,1168.0,1170.0,1147.0,1153.5,3370.0
TRUSTBANK,2023-01-19,34.9,35.0,34.9,34.9,19377.0
HAKKANIPUL,2015-05-04,21.7,22.2,21.4,21.7,21200.0
EXIM1STMF,2014-04-17,7.5,7.5,7.5,7.5,500.0
SAIFPOWER,2020-12-08,14.4,15.1,14.4,14.7,1619921.0
QUASEMIND,2024-11-13,23.5,23.9,23.0,23.6,148419.0
BXPHARMA,2011-10-01,126.0,130.0,115.0,119.6,186350.0
SHYAMPSUG,2015-10-11,6.6,6.6,6.2,6.2,1662.0
MEGHNALIFE,2018-01-22,57.2,57.8,57.2,57.6,4533.0
PHOENIXFIN,2022-07-26,16.8,17.2,16.2,16.5,269110.0
CONFIDCEM,2007-06-09,388.0,392.0,378.0,383.25,5980.0
ICBISLAMIC,2006-03-30,102.0,105.0,101.75,102.5,2250.0
AGRANINS,2016-05-05,12.9,13.1,12.8,12.9,5390.0
MTBL,2005-04-28,347.5,347.5,324.0,340.5,10850.0
FUWANGFOOD,2002-08-28,10.8,10.8,10.6,10.6,303000.0
CITYBANK,2019-06-18,27.5,27.6,27.2,27.5,982792.0
LIBRAINFU,2010-02-22,1841.0,1841.0,1841.0,1841.0,20.0
ABB1STMF,2012-09-10,9.5,10.4,9.5,10.1,191000.0
ISLAMICFIN,2020-07-19,12.1,12.1,12.1,12.1,272.0
PHPMF1,2011-04-24,8.3,8.4,8.2,8.2,813000.0
BEXIMCO,2013-04-30,45.6,46.0,42.9,43.6,2138400.0
ALARABANK,2018-12-08,20.2,21.3,20.2,21.1,603626.0
AMANFEED,2020-07-20,26.8,26.8,26.8,26.8,3290.0
NTLTUBES,2010-07-13,1632.0,1660.0,1622.0,1627.25,1200.0
USMANIAGL,2024-03-14,43.6,45.4,43.6,44.7,3245.0
BDTHAI,1999-07-29,285.0,285.0,285.0,285.0,70.0
GRAMEEN1,2009-03-03,94.4,94.4,91.0,91.9,254500.0
REPUBLIC,2012-04-10,62.0,62.5,59.5,60.3,163500.0
AIBLPBOND,2023-12-06,0.0,0.0,0.0,4895.0,0.0
CVOPRL,2024-11-25,101.8,103.8,101.4,102.1,21241.0
APEXADELFT,2011-06-28,3020.0,3031.0,3000.0,3019.75,2820.0
ICBSONALI1,2017-07-03,7.5,7.7,7.4,7.6,351100.0
SAMORITA,2019-03-04,67.4,67.7,66.8,67.0,5924.0
TITASGAS,2009-09-29,693.0,694.75,678.0,679.25,316400.0
JANATAINS,2017-11-26,15.6,15.6,15.2,15.3,6379.0
SHURWID,2023-03-14,14.1,14.2,13.9,13.9,218828.0
PRIMETEX,2019-11-14,19.8,19.8,19.2,19.5,94272.0
HAKKANIPUL,2017-02-23,53.1,53.1,52.0,52.2,172680.0
UNIQUEHRL,2023-09-17,71.0,74.6,71.0,74.1,4123583.0
IFILISLMF1,2014-09-24,5.5,5.5,5.3,5.3,330000.0
KPCL,2021-03-05,39.1,39.1,37.8,37.8,479036.0
SHYAMPSUG,2008-02-06,13.5,14.0,13.4,13.7,3300.0
PURABIGEN,2012-07-19,71.4,71.5,68.1,69.2,9500.0
ABBANK,2003-07-20,201.25,201.25,200.25,200.5,5.0
IPDC,2025-01-19,17.3,17.3,16.9,17.1,279495.0
RECKITTBEN,2011-09-25,1010.2,1046.0,993.3,1016.4,14550.0
MARICO,2021-03-08,2380.0,2380.0,2365.0,2370.4,4235.0
IFILISLMF1,2019-07-17,7.3,7.5,7.2,7.3,67378.0
PHENIXINS,2010-12-28,1525.0,1540.0,1480.0,1498.25,15180.0
ANWARGALV,2024-12-02,69.1,69.7,67.9,68.1,159851.0
BPML,2023-07-23,77.2,77.4,75.9,76.0,408745.0
APOLOISPAT,2023-09-18,8.2,8.2,8.2,8.2,1103.0
DSES,2017-07-17,1327.41,1332.37,1321.96,1324.13,114760790.0
BAYLEASING,2021-03-06,28.5,28.9,27.0,27.2,1459643.0
AGRANINS,2019-03-20,29.8,29.8,27.1,27.6,251987.0
SHYAMPSUG,2015-08-02,7.1,7.1,7.1,7.1,1300.0
MONNOSTAF,2018-12-23,1714.6,1714.6,1550.0,1573.6,8768.0
BDCOM,2022-07-28,29.6,30.0,29.6,29.6,771106.0
SHASHADNIM,2017-07-25,70.0,70.7,69.8,70.1,130810.0
ECABLES,2002-12-15,210.5,210.5,208.0,209.5,7030.0
ICB3RDNRB,2024-01-17,6.5,6.5,6.5,6.5,5600.0
PDL,2019-05-30,15.4,15.5,15.2,15.4,397782.0
PADMALIFE,2018-11-22,22.8,23.6,22.8,23.0,23890.0
MODERNDYE,2017-03-22,156.1,158.5,156.1,157.0,760.0
PRIMELIFE,2014-08-31,82.0,82.0,79.1,79.6,13350.0
CENTRALINS,2009-12-01,297.0,301.0,297.0,298.0,700.0
ACI,2012-12-06,173.5,173.5,171.6,171.9,2300.0
ATCSLGF,2019-07-02,10.6,10.7,10.5,10.7,37550.0
SHARPIND,2025-03-25,20.4,21.7,20.4,20.9,458539.0
BANKASIA,2016-03-11,18.1,18.9,18.1,18.5,54161.0
FINEFOODS,2017-06-06,27.2,27.7,26.9,27.6,346537.0
PRIMEBANK,2024-03-24,21.7,22.2,21.7,21.9,43583.0
IMAMBUTTON,2014-04-16,7.6,7.8,7.5,7.5,15500.0
FINEFOODS,2012-06-26,22.5,23.3,22.2,22.8,16500.0
SAPORTL,2022-06-07,29.4,30.4,29.4,30.2,626733.0
ICBSONALI1,2023-06-21,0.0,0.0,0.0,7.8,0.0
EMERALDOIL,2023-04-11,35.6,36.0,33.5,34.7,214365.0
SAPORTL,2012-08-27,33.0,34.9,33.0,33.9,135000.0
DHAKABANK,2006-07-03,420.0,421.0,410.0,410.5,40650.0
OLYMPIC ,2018-01-24,280.6,287.0,280.0,286.2,418611.0
SIMTEX,2018-03-29,27.8,28.2,27.6,28.1,90133.0
HRTEX,2009-06-09,231.25,236.0,224.5,227.75,4850.0
MIDASFIN,2023-10-31,10.0,10.0,10.0,10.0,2000.0
SAIHAMTEX,2012-01-16,51.0,51.0,46.8,46.8,1548300.0
SHAHJABANK,2008-02-13,360.0,360.0,356.0,357.25,24800.0
SINGERBD,2013-09-12,196.3,197.9,195.0,196.0,99050.0
NITOLINS,2018-05-03,32.0,33.8,32.0,32.0,1662.0
ABBANK,2015-09-16,21.7,21.7,21.4,21.5,279460.0
TALLUSPIN,2010-04-27,184.75,199.0,184.75,197.5,5510.0
RUPALIBANK,2004-01-09,256.0,259.0,251.0,253.0,9190.0
ONEBANKLTD,2015-08-01,15.4,15.8,15.4,15.7,817436.0
BRACBANK,2010-05-04,558.0,562.0,556.0,560.25,59300.0
PEOPLESINS,2008-07-09,840.0,860.0,834.25,857.0,11340.0
SOUTHEASTB,2008-03-25,562.0,562.0,550.5,556.75,66250.0
NRBBANK,2024-04-29,10.1,10.6,9.9,9.9,8748413.0
BDAUTOCA,2011-03-08,455.0,474.0,451.25,469.25,1550.0
DSHGARME,2011-04-17,674.0,674.0,632.0,645.5,7620.0
JANATAINS,2018-11-13,13.4,13.5,13.2,13.3,6950.0
ASIAPACINS,2022-03-15,56.2,56.4,55.6,55.6,63665.0
MLDYEING,2022-11-21,24.8,24.8,24.8,24.8,1490.0
EHL,2023-01-30,105.5,108.3,102.8,106.7,2911566.0
CVOPRL,2012-09-20,225.9,226.9,218.0,219.8,39900.0
AZIZPIPES,2003-03-02,120.0,123.5,120.0,122.25,975.0
MEGHNAPET,2022-07-24,39.3,42.6,39.3,42.3,210296.0
KPCL,2023-11-23,26.6,26.6,26.6,26.6,9200.0
SANDHANINS,2024-02-28,31.0,31.9,30.7,30.9,400988.0
BEXIMCO,2001-06-21,44.6,45.3,44.6,45.0,15900.0
BDWELDING,2008-06-24,22.1,22.3,22.0,22.0,19000.0
RNSPIN,2013-10-28,28.6,30.2,28.6,29.0,2372250.0
SINGERBD,2018-06-25,185.9,191.9,182.0,185.1,420478.0
SALAMCRST,2021-02-05,20.7,21.3,20.3,20.4,260261.0
NAVANACNG,2011-03-05,155.1,158.5,153.3,154.4,85700.0
ORIONINFU,2023-03-07,324.0,335.0,317.0,331.5,331559.0
NBL,1999-10-05,61.0,61.5,60.0,60.5,1160.0
BSRMLTD,2016-01-20,125.8,125.8,124.0,124.4,140240.0
SOUTHEASTB,2020-10-09,13.3,13.3,12.9,13.2,1580941.0
IFILISLMF1,2017-05-25,8.4,8.5,8.3,8.4,60788.0
PREMIERBAN,2012-07-17,17.1,17.3,16.9,16.9,144750.0
ALPHATOBA,2008-04-16,14.0,14.0,14.0,14.0,200.0
ALARABANK,2023-04-03,23.6,23.6,23.6,23.6,289207.0
EXIM1STMF,2017-09-08,7.9,8.0,7.8,7.9,342817.0
DSES,2021-05-10,1593.75,1599.46,1582.08,1594.43,235204110.0
MPETROLEUM,2018-09-04,181.5,183.2,181.5,182.7,8541.0
ATLASBANG,2017-11-23,129.0,129.0,125.3,125.9,20387.0
FORTUNE,2025-02-18,18.6,18.9,18.1,18.2,666114.0
MEGCONMILK,2018-10-29,18.2,19.4,18.2,18.6,67710.0
DACCADYE,2023-08-13,13.4,13.4,13.2,13.2,402891.0
SEMLIBBLSF,2022-08-25,8.7,8.7,8.5,8.6,40972.0
IBBLPBOND,2019-01-04,929.5,929.5,929.5,929.5,200.0
ATCSLGF,2023-06-22,9.7,9.7,9.7,9.7,80.0
EBL,2018-04-04,42.0,42.3,40.9,41.5,209346.0
ONEBANKLTD,2017-08-02,19.7,20.0,19.6,19.9,1506568.0
ENVOYTEX,2018-09-23,33.5,33.9,31.0,33.2,44551.0
MIRACLEIND,2003-12-30,9.3,9.3,9.3,9.3,180.0
MALEKSPIN,2012-09-25,34.1,36.5,33.7,35.3,3377500.0
FUWANGFOOD,2000-06-09,16.5,16.7,16.2,16.3,195000.0
CITYBANK,2018-06-02,41.1,43.0,41.1,42.7,1441598.0
MITHUNKNIT,2011-08-08,1464.0,1480.0,1420.0,1433.5,3000.0
CMCKAMAL,2015-02-07,14.3,14.4,14.1,14.2,275501.0
MTBL,2008-06-03,530.0,541.0,529.0,539.5,11850.0
FUWANGFOOD,2008-02-09,24.0,24.0,23.5,23.6,151500.0
BEACHHATCH,2021-11-05,13.4,13.8,13.4,13.7,225937.0
GSPFINANCE,2024-11-26,6.4,6.4,5.9,6.0,62392.0
ABBANK,2019-04-30,10.9,11.0,10.7,10.8,359898.0
MALEKSPIN,2012-04-10,34.1,34.8,32.8,33.1,1113000.0
ASIAPACINS,2019-03-28,22.7,23.1,22.3,22.6,125015.0
MIRACLEIND,2004-05-10,11.4,11.4,11.0,11.0,83500.0
SEMLFBSLGF,2021-11-04,7.6,7.7,7.5,7.5,96234.0
TUNGHAI,2022-07-26,6.3,6.3,5.7,5.8,195185.0
UCBL,2012-01-19,39.6,40.5,39.0,40.2,983500.0
IBNSINA,2021-06-29,245.0,246.0,244.0,245.4,12700.0
SAPORTL,2024-04-02,26.5,26.7,26.2,26.3,159624.0
RUPALIBANK,2014-12-01,65.7,66.5,65.7,66.2,44900.0
APOLOISPAT,2018-01-15,16.4,16.5,16.2,16.3,588920.0
IFILISLMF1,2012-03-19,5.1,5.2,5.0,5.1,429000.0
ZAHINTEX,2012-02-15,36.8,38.8,36.8,37.9,457000.0
ICB,2018-05-07,143.5,144.9,141.5,142.8,184266.0
CONFIDCEM,2013-06-16,106.0,109.0,105.6,108.1,273580.0
BDCOM,2017-02-07,45.8,46.0,43.6,44.0,1569001.0
AAMRATECH,2018-11-29,31.1,31.5,30.1,30.3,470368.0
ANWARGALV,2015-04-11,68.0,68.4,64.3,65.2,94917.0
RENWICKJA,2016-05-30,280.0,280.1,275.0,277.1,750.0
GLAXOSMITH,2013-10-20,890.0,890.0,890.0,890.0,50.0
NATLIFEINS,2020-08-24,236.0,236.0,222.0,228.1,45260.0
EHL,2007-06-08,172.5,172.5,165.0,167.0,36000.0
BIFC,2023-05-29,9.5,9.5,9.5,9.5,17073.0
PHOENIXFIN,2014-07-13,24.3,24.9,24.2,24.6,60500.0
BOC,2006-06-12,116.0,116.8,115.0,116.5,2150.0
DOMINAGE,2021-12-10,33.1,33.7,32.2,32.4,666176.0
PADMALIFE,2014-04-21,70.0,70.1,69.0,69.3,37500.0
PADMAOIL,2017-08-20,259.9,264.9,256.7,257.1,119364.0
HRTEX,2014-11-20,29.7,29.7,29.1,29.3,79000.0
MEGHNACEM,2002-06-10,369.0,370.0,366.75,367.75,1500.0
FIDELASSET,2009-10-14,447.0,455.75,434.25,440.5,84350.0
PRIMEBANK,2000-11-15,336.0,336.0,330.0,332.5,1450.0
NBL,2011-09-20,65.8,67.0,64.1,64.3,797700.0
SPCL,2018-08-07,91.0,97.0,91.0,97.0,1230776.0
SAIHAMTEX,2018-05-03,19.6,20.5,19.0,19.9,344211.0
NCCBANK,2019-12-12,12.0,12.2,11.9,12.0,264896.0
MEGHNALIFE,2016-03-13,58.5,59.6,57.0,59.0,100492.0
FUWANGFOOD,2021-08-22,20.5,21.2,20.5,20.7,3572856.0
NAHEEACP,2022-08-23,71.0,71.0,69.5,69.8,567508.0
AIL,2018-11-26,68.0,68.5,66.2,66.5,197451.0
ISNLTD,2024-09-09,41.0,42.3,40.5,41.1,27702.0
UNITEDFIN,2022-11-24,15.8,15.8,15.8,15.8,595.0
CVOPRL,2023-10-09,163.7,165.0,163.7,163.7,89557.0
ACI,2015-05-25,460.0,474.8,454.1,464.0,206512.0
SEAPEARL,2022-05-24,43.8,44.4,42.9,43.1,163119.0
SINGERBD,2024-08-15,141.2,149.3,135.1,148.1,261947.0
SAMATALETH,2024-03-27,58.0,58.0,54.0,55.0,11842.0
LOVELLO,2021-09-23,35.3,35.5,34.3,34.5,833056.0
BDTHAI,2009-10-29,835.0,844.0,817.0,823.25,24520.0
MEGCONMILK,2009-11-26,34.6,35.6,33.5,34.0,52500.0
SAVAREFR,2012-04-10,58.8,58.8,58.5,58.7,700.0
HRTEX,2024-10-02,33.0,33.0,29.8,30.1,131359.0
CENTRALINS,2011-07-24,790.0,819.75,790.0,806.75,13580.0
MATINSPINN,2024-05-08,47.8,47.8,47.0,47.2,39372.0
ORIONINFU,2008-12-23,164.75,177.0,162.0,174.75,15560.0
BGIC,2000-11-14,249.75,249.75,249.75,249.75,10.0
ACI,2023-04-04,260.2,260.2,260.2,260.2,107.0
UTTARABANK,2010-01-02,1649.75,1699.75,1645.0,1670.0,119640.0
ICBIBANK,2024-12-04,3.1,3.2,3.0,3.1,241260.0
RECKITTBEN,2023-01-18,4760.7,4795.0,4760.7,4762.5,103.0
IDLC,2008-03-12,2100.0,2100.0,2030.0,2093.5,1300.0
IFIC,2014-12-24,25.8,26.2,25.5,25.9,168352.0
AIL,2024-09-19,94.5,95.8,94.5,95.4,334455.0
PRIMETEX,2021-10-24,21.8,21.8,20.1,20.3,20520.0
BSC,2024-11-17,100.6,100.6,95.6,96.4,1645889.0
GREENDELMF,2022-05-31,7.1,7.2,7.0,7.0,172935.0
DANDYDYE,2008-03-25,46.75,55.0,46.75,52.0,2250.0
SOUTHEASTB,2023-09-20,13.3,13.3,13.3,13.3,10.0
PARAMOUNT,2023-02-27,38.0,38.0,38.0,38.0,22990.0
AFTABAUTO,2022-01-19,30.4,30.4,29.6,29.9,17631.0
NPOLYMAR,2010-11-01,1121.0,1143.75,1106.25,1110.75,12150.0
UCB,2023-06-04,12.4,12.4,12.4,12.4,62176.0
ISLAMIBANK,2011-04-27,449.75,468.75,443.0,465.25,68280.0
AGNISYSL,2015-12-29,21.8,21.8,21.3,21.4,400962.0
APEXTANRY,2003-07-15,210.0,212.0,210.0,211.75,1110.0
GPHISPAT,2022-07-27,48.2,48.2,46.9,46.9,584015.0
GEMINISEA,2024-03-18,0.0,0.0,0.0,336.6,0.0
HFL,2018-11-12,23.6,23.9,22.6,22.7,150233.0
BANKASIA,2015-04-16,13.1,13.4,13.1,13.4,49663.0
DELTASPINN,2008-06-03,107.75,107.75,102.5,103.25,3480.0
ABBANK,2006-05-04,321.0,321.0,314.0,314.5,615.0
UNITEDINS,2016-04-01,24.2,24.2,24.2,24.2,827.0
ACI,2010-11-24,395.0,407.0,395.0,398.2,105800.0
JUTESPINN,2019-07-23,74.9,74.9,68.4,74.9,1460.0
GULFOODS,1999-12-27,126.75,128.5,126.5,127.25,3900.0
DOMINAGE,2022-10-23,21.8,21.8,21.8,21.8,1632.0
SIMTEX,2022-09-25,17.5,18.7,17.5,18.3,1200566.0
AZIZPIPES,2013-07-14,16.7,17.0,16.5,16.6,6350.0
OIMEX,2022-12-28,18.4,18.4,18.4,18.4,1700.0
FAREASTFIN,2023-07-27,0.0,0.0,0.0,5.9,0.0
AZIZPIPES,2019-01-21,189.0,191.0,185.0,186.8,43174.0
NLI1STMF,2013-11-27,9.2,9.2,8.9,9.0,674000.0
BENGALFINE,2009-03-29,65.25,65.25,65.25,65.25,150.0
SAMORITA,2011-10-01,1300.0,1300.0,1230.0,1252.25,650.0
PUBALIBANK,2017-03-20,24.5,25.0,24.1,24.7,493030.0
SPCL,2017-09-17,144.2,145.0,142.3,142.6,167594.0
MITHUNKNIT,2010-01-19,672.0,707.0,672.0,696.0,15740.0
GENNEXT,2021-12-30,5.8,5.9,5.7,5.8,540510.0
NRBBANK,2024-12-02,13.9,14.7,13.7,14.1,21478510.0
PRIMETEX,2009-06-24,234.0,270.0,225.0,267.25,174450.0
SAMORITA,2023-12-19,80.0,82.8,80.0,82.1,185782.0
ACI,2024-05-14,145.1,145.2,141.4,141.8,18263.0
HWAWELLTEX,2025-03-23,40.7,41.2,40.5,41.1,4500.0
UNILEVERCL,2023-08-29,2054.0,2055.0,2050.0,2051.2,618.0
GSPFINANCE,2015-02-06,13.5,13.7,12.8,13.0,478857.0
PTL,2020-09-30,63.9,65.7,62.7,65.7,7683135.0
PRIMELIFE,2021-12-01,51.6,56.0,51.5,54.5,53099.0
BATASHOE,2004-12-29,192.0,196.0,190.0,194.2,5.0
BEACHHATCH,2023-08-20,43.2,43.8,41.9,43.5,470887.0
BRACBANK,2009-02-16,575.5,577.0,548.5,560.5,39450.0
TRUSTB1MF,2021-11-04,5.1,5.3,5.0,5.2,280404.0
ZEALBANGLA,2007-11-18,14.1,14.1,13.8,13.9,7200.0
BERGERPBL,2017-09-24,2090.0,2100.0,2090.0,2096.4,94.0
TRUSTBANK,2013-09-15,16.6,16.7,16.2,16.2,190000.0
CITYBANK,2020-08-24,21.6,21.7,20.8,21.1,2723811.0
UTTARAFIN,2019-03-10,56.9,56.9,55.7,55.9,16884.0
JAMUNAOIL,2016-01-12,196.0,196.5,193.8,195.4,104221.0
BDFINANCE,2019-02-13,17.5,18.0,17.3,17.5,594018.0
NORTHERN,2017-05-12,532.0,545.0,532.0,542.2,28098.0
AMBEEPHA,2011-07-08,401.1,414.0,391.3,401.8,7500.0
GBBPOWER,2021-12-13,36.7,38.1,35.5,36.0,1841453.0
SAIHAMTEX,2011-08-25,79.0,83.9,79.0,83.6,379900.0
NLI1STMF,2017-04-17,14.2,14.4,14.1,14.2,14565.0
REPUBLIC,2024-01-15,45.3,45.8,44.0,45.6,572649.0
QUEENSOUTH,2018-10-10,40.2,40.5,39.0,39.1,173932.0
UNIONBANK,2022-09-26,9.3,9.3,9.3,9.3,38605.0
UNITEDINS,2014-09-06,34.0,34.3,33.5,33.7,800.0
STANDBANKL,2006-08-28,241.0,245.0,236.0,237.5,21800.0
HEIDELBCEM,2014-10-29,516.6,518.8,512.5,513.4,36350.0
MARICO,2022-08-01,2440.1,2461.9,2440.1,2458.5,2417.0
BEXIMCO,2021-02-09,112.7,116.6,112.3,115.6,13370815.0
GREENDELMF,2010-12-21,11.0,11.6,10.7,11.2,1997500.0
RENATA,2013-10-23,702.0,714.0,702.0,708.6,2350.0
EMERALDOIL,2021-02-05,17.8,18.2,17.7,17.9,289436.0
FAREASTLIF,2023-04-13,76.3,78.1,75.0,75.1,791574.0
METROSPIN,2008-12-17,32.7,32.7,32.5,32.5,17000.0
ALLTEX,2007-07-02,67.25,71.0,66.75,67.25,4950.0
CENTRALPHL,2020-02-13,9.6,10.0,9.4,9.9,2417954.0
HAKKANIPUL,2022-05-25,53.0,53.0,50.8,51.0,44103.0
AMCL(PRAN),2006-01-10,412.0,418.0,412.0,412.5,210.0
ICBSONALI1,2025-03-18,5.8,6.0,5.8,5.9,261059.0
MERCANBANK,2021-08-07,14.4,14.6,14.4,14.5,807074.0
MHSML,2021-11-24,25.7,26.6,25.3,26.0,1195513.0
BSC,2019-02-17,47.9,49.1,47.5,47.6,852173.0
EASTLAND,2007-09-08,287.25,289.75,280.0,286.75,800.0
BDTHAI,2013-01-28,34.5,34.5,33.8,34.0,87100.0
SHAHJABANK,2024-11-28,18.1,18.3,17.9,17.9,938892.0
EASTERNINS,2013-11-14,38.7,39.5,38.5,38.6,5400.0
PF1STMF,2011-02-14,12.0,12.5,11.3,11.3,345000.0
RAHIMTEXT,2023-01-31,166.9,166.9,166.9,166.9,51.0
MJLBD,2024-05-13,81.5,82.5,81.5,81.9,8770.0
ABBANK,2006-11-16,791.5,828.0,770.0,809.5,8415.0
GOLDENSON,2022-12-19,18.2,18.2,18.2,18.2,6.0
APEXFOODS,2010-02-05,1110.0,1143.0,1102.0,1130.25,1435.0
RUPALIBANK,2018-07-30,37.3,37.3,36.4,36.5,226635.0
KPCL,2022-08-22,26.6,26.6,26.6,26.6,116059.0
SUNLIFEINS,2019-05-29,26.4,26.4,25.4,25.6,36637.0
EBL,2010-04-07,675.0,676.75,661.25,664.0,176260.0
EBL,2007-12-08,840.0,840.0,803.0,805.5,12780.0
ACFL,2024-08-27,19.5,19.5,18.5,19.0,53798.0
IFILISLMF1,2015-03-31,5.6,5.6,5.5,5.6,105020.0
AOL,2021-04-27,47.6,49.7,46.3,48.3,2048033.0
OIMEX,2023-10-02,19.5,20.7,19.5,19.7,597509.0
RUPALILIFE,2024-05-30,152.0,156.3,152.0,155.4,812134.0
PRIMETEX,2010-11-03,380.0,380.0,375.0,376.25,6000.0
KPCL,2015-10-18,70.4,70.5,69.9,70.1,425399.0
FORTUNE,2018-06-24,29.5,30.0,29.3,29.5,896108.0
USMANIAGL,2005-01-16,1751.0,1800.0,1751.0,1764.5,210.0
ISLAMIBANK,2006-04-25,4349.0,4440.0,4347.0,4407.0,1361.0
MEGHNAPET,2016-01-31,5.3,5.5,5.3,5.4,1484.0
DBH,2022-09-18,57.8,58.6,57.8,57.8,160792.0
TAKAFULINS,2016-05-05,13.0,13.7,12.9,13.4,30058.0
ACI,2006-06-08,70.0,73.3,69.9,72.9,0.0
UNITEDFIN,2025-02-09,13.1,13.4,12.9,12.9,475521.0
NCCBANK,2001-12-30,249.5,251.25,244.0,244.5,55400.0
SAIHAMTEX,2023-10-15,17.6,17.6,17.6,17.6,1.0
EBL,2021-06-21,34.0,34.8,33.8,34.7,1362759.0
BEXIMCO,2007-01-24,38.0,38.8,37.7,37.8,55100.0
RECKITTBEN,2021-09-05,4345.0,4355.0,4280.0,4338.5,2543.0
ICBIBANK,2022-11-08,5.4,5.4,5.4,5.4,110.0
NORTHRNINS,2024-12-18,30.9,30.9,29.2,29.4,12785.0
RUPALIBANK,2009-06-23,665.0,666.0,650.0,650.75,2830.0
KDSALTD,2016-07-26,58.9,59.2,57.5,57.8,168975.0
KBPPWBIL,2018-10-14,13.7,13.9,13.7,13.8,132458.0
SAIHAMTEX,2008-03-07,145.0,145.0,141.0,143.75,320.0
SONALIPAPR,2022-09-18,664.0,665.5,623.0,630.5,207103.0
ARAMIT,2012-11-26,231.5,231.5,221.0,225.9,5800.0
EXCELSHOE,2003-01-13,22.0,22.25,21.5,21.75,1500.0
SALAMCRST,2023-06-20,33.3,33.3,33.3,33.3,2.0
SHEPHERD,2017-05-22,38.8,39.7,38.6,39.4,241233.0
STANDBANKL,2012-05-20,22.9,23.1,22.4,22.5,383000.0
CITYGENINS,2009-09-07,380.0,380.0,360.0,363.0,54500.0
AMCL(PRAN),2023-07-24,265.6,268.7,265.6,267.4,8096.0
SQURPHARMA,2019-12-15,190.1,191.0,189.0,190.4,89393.0
NAVANACNG,2015-04-10,51.8,52.3,51.3,51.5,89365.0
TOSRIFA,2022-09-19,24.2,24.2,24.2,24.2,362166.0
SEMLIBBLSF,2021-01-21,11.6,11.6,11.0,11.4,694713.0
MITHUNKNIT,2021-08-26,21.8,22.3,21.0,21.3,275855.0
FIRSTFIN,2017-04-10,14.6,15.0,14.6,14.6,47938.0
UNITEDFIN,2019-10-23,16.3,16.3,16.0,16.1,313493.0
QSMDRYCELL,2016-01-02,123.0,125.5,121.0,123.7,458381.0
CVOPRL,2012-12-30,171.2,172.0,170.2,170.8,4300.0
WATACHEM,2024-05-13,135.4,139.4,134.6,134.9,2267.0
ISLAMICFIN,2014-02-17,19.7,20.0,19.5,19.6,192500.0
FLEASEINT,2007-08-02,304.0,304.0,292.5,293.75,5800.0
HWAWELLTEX,2022-10-03,47.7,48.3,46.5,46.8,9960.0
AFTABAUTO,2012-05-30,140.0,140.1,137.7,139.5,260900.0
RDFOOD,2012-09-01,42.5,43.6,40.7,41.1,976400.0
QSMDRYCELL,2011-06-26,80.0,81.5,79.5,79.9,83500.0
PUBALIBANK,2007-06-19,666.0,667.0,658.0,660.75,23605.0
NTC,2022-03-20,777.0,777.0,748.5,748.9,5538.0
GRAMEENS2,2013-06-06,24.7,24.9,23.5,23.7,1933500.0
VAMLRBBF,2025-03-19,5.6,5.7,5.5,5.6,1002538.0
ISNLTD,2013-03-03,16.3,16.3,16.0,16.1,7000.0
EXIM1STMF,2021-03-15,5.5,5.6,5.5,5.5,114475.0
NORTHERN,2024-11-10,124.9,125.0,111.9,115.3,4075.0
BEXTEX,2000-11-19,129.5,130.75,127.75,127.75,13050.0
NTC,2009-02-02,1900.0,1900.0,1900.0,1900.0,20.0
GEMINISEA,2015-08-31,407.5,412.9,399.0,401.1,3671.0
ESQUIRENIT,2023-11-01,0.0,0.0,0.0,34.5,0.0
CENTRALINS,2022-10-16,38.0,38.0,37.2,37.2,42667.0
NTLTUBES,2007-02-10,2540.0,2540.0,2381.0,2439.0,18450.0
NCCBANK,2019-02-07,14.3,14.5,14.0,14.1,535432.0
EBL,2015-07-07,24.1,24.8,23.1,24.5,138737.0
MAQENTER,2008-01-28,19.25,21.75,19.25,21.75,21100.0
SILCOPHL,2022-01-30,24.9,25.0,24.5,24.6,295048.0
AMCL(PRAN),2011-04-19,1723.0,1723.0,1632.0,1642.0,4730.0
ILFSL,2017-12-28,21.7,22.2,21.7,22.1,355185.0
POPULARLIF,2017-10-24,67.8,68.7,67.1,68.0,54220.0
ACMELAB,2018-10-25,87.0,87.4,86.5,86.8,49102.0
MEGHNALIFE,2016-04-02,61.0,61.0,58.0,58.4,167428.0
SEBL1STMF,2013-05-21,8.9,8.9,8.8,8.8,153500.0
SPCERAMICS,2019-05-12,9.1,9.2,9.1,9.1,44002.0
DAFODILCOM,2016-01-18,24.5,24.9,23.7,24.9,494922.0
ONEBANKLTD,2005-09-26,293.5,294.75,292.75,293.5,5050.0
IDLC,2015-11-19,62.0,62.6,61.4,62.1,749932.0
ATLASBANG,2015-10-02,127.8,131.3,127.8,129.1,821.0
ASIAPACINS,2022-04-07,52.5,52.5,50.0,50.0,39473.0
NITOLINS,2008-08-20,331.0,336.75,327.0,333.0,7500.0
SUMITPOWER,2016-01-25,40.9,41.0,40.1,40.4,990638.0
JAMUNAOIL,2016-10-30,196.0,196.0,193.2,194.4,149030.0
PUBALIBANK,2006-08-15,750.0,780.0,742.0,756.75,29960.0
INTECH,2016-02-14,13.1,13.2,12.8,12.9,198672.0
BANGAS,2008-02-20,287.0,287.0,287.0,287.0,5.0
DHAKAINS,2020-12-28,55.5,56.4,53.5,53.7,257845.0
ACIFORMULA,2021-06-28,142.0,147.0,142.0,145.4,31039.0
STANDARINS,2010-05-19,469.0,469.0,445.0,452.5,20100.0
HRTEX,2022-01-31,56.6,56.6,54.9,56.0,275725.0
ACMELAB,2022-01-31,92.6,92.8,90.8,91.4,169573.0
FINEFOODS,2018-01-04,37.5,38.6,37.5,38.2,474582.0
RANFOUNDRY,2022-08-03,168.7,173.9,167.2,167.7,17506.0
PREMIERBAN,2018-03-20,12.5,12.6,12.3,12.3,420155.0
MERCINS,2020-02-11,45.0,46.7,43.2,43.6,934986.0
PRAGATIINS,2021-05-27,81.9,87.0,80.0,85.8,1535046.0
AZIZPIPES,2008-02-20,190.0,205.0,190.0,195.75,4030.0
ICB1STNRB,2010-04-08,473.5,485.0,472.0,478.5,11750.0
BXPHARMA,2011-02-15,105.0,109.5,96.0,109.1,407400.0
ZAHINTEX,2017-04-19,23.3,23.3,22.6,22.7,536890.0
AMANFEED,2023-04-06,33.5,33.5,33.5,33.5,191.0
APEXADELFT,1999-12-21,135.0,135.0,130.0,131.25,520.0
RELIANCINS,2018-04-09,46.7,47.0,46.7,47.0,20275.0
SOUTHEASTB,2023-12-07,13.3,13.3,13.3,13.3,3270.0
DHAKAINS,2018-07-01,25.0,25.7,25.0,25.4,139325.0
ATLASBANG,2004-07-02,246.0,247.8,245.0,247.4,2800.0
AZIZPIPES,2024-11-13,52.5,52.5,50.3,50.6,3356.0
PREMIERBAN,2009-05-31,200.0,203.0,191.5,194.5,36400.0
MONNOAGML,2025-01-12,332.0,338.5,332.0,335.9,13193.0
MICEMENT,2013-07-28,91.0,91.0,88.0,88.4,98000.0
MERCANBANK,2013-01-20,18.9,18.9,18.6,18.6,218500.0
ISLAMIBANK,2010-04-19,467.0,489.0,467.0,476.0,85110.0
RSRMSTEEL,2017-03-27,94.6,94.6,90.0,91.2,2210569.0
SONALILIFE,2022-09-13,55.9,56.5,54.2,54.8,74851.0
TITASGAS,2017-12-21,43.9,44.3,43.6,43.9,198004.0
NAVANACNG,2024-08-28,24.0,24.7,24.0,24.5,68016.0
PREMIERLEA,2021-11-17,11.2,11.4,10.9,11.1,798259.0
GENNEXT,2022-09-22,6.2,6.3,6.1,6.2,1398071.0
AMANFEED,2017-04-19,80.3,80.9,79.5,80.0,436601.0
IFILISLMF1,2022-09-19,6.4,6.4,6.4,6.4,1.0
DESCO,2009-11-06,1388.0,1455.0,1385.0,1446.0,181100.0
PRIME1ICBA,2019-10-02,6.4,6.4,6.2,6.2,33818.0
CITYGENINS,2013-10-29,28.6,29.4,27.4,28.9,120900.0
PRIMEINSUR,2009-08-20,414.75,440.0,413.0,435.75,42450.0
MERCINS,2022-08-31,32.8,34.7,32.8,34.3,153724.0
JAMUNAOIL,2020-01-01,142.2,144.0,141.9,143.6,22588.0
POPULAR1MF,2013-07-05,5.8,6.0,5.7,5.8,1529500.0
IBNSINA,2020-08-01,215.3,217.0,210.0,211.4,5584.0
RECKITTBEN,2004-08-15,133.0,134.6,131.9,132.8,650.0
SINOBANGLA,2021-05-01,50.9,51.4,49.4,50.0,448062.0
KOHINOOR,2024-08-04,601.0,609.0,600.6,600.6,25702.0
HWAWELLTEX,2019-11-02,40.0,40.0,39.0,39.5,4833.0
ICBAMCL2ND,2014-10-16,5.9,6.0,5.7,5.7,70000.0
ABBANK,2014-08-21,23.3,24.0,23.1,23.2,1078500.0
SINGERBD,2017-06-09,193.0,193.9,192.0,192.8,73119.0
BEXGSUKUK,2024-01-29,80.0,81.5,80.0,80.0,19616.0
ICB1STNRB,2014-03-30,27.3,27.3,27.1,27.2,6000.0
SONARBAINS,2022-10-18,49.6,49.6,49.6,49.6,16762.0
ASIAPACINS,2022-12-22,43.2,43.2,43.2,43.2,582.0
NRBBANK,2024-10-14,12.2,12.3,11.8,11.9,4650120.0
SQUARETEXT,2011-05-12,113.0,113.0,109.5,110.2,58150.0
POPULARLIF,2010-11-10,5500.0,5640.0,5450.0,5501.0,3100.0
PRAGATIINS,2024-03-13,58.5,58.6,58.4,58.5,11585.0
DBH1STMF,2024-10-22,4.3,4.4,4.2,4.4,141364.0
WATACHEM,2021-09-05,306.8,306.8,306.8,306.8,10.0
AMCL(PRAN),2020-06-30,180.0,180.0,179.9,180.0,1130.0
GQBALLPEN,2005-08-12,66.1,66.3,66.0,66.0,2550.0
REPUBLIC,2021-04-10,55.6,56.4,54.0,54.2,345260.0
IFIC,2020-07-20,8.6,8.6,8.6,8.6,37822.0
MBPLCPBOND,2024-02-29,0.0,0.0,0.0,5000.0,0.0
GP,2013-01-22,169.9,169.9,168.8,169.1,113800.0
BPPL,2022-06-03,32.1,32.1,31.8,31.9,159679.0
NCCBLMF1,2019-09-23,6.2,6.2,6.0,6.1,104772.0
MONOSPOOL,2024-11-24,120.7,120.7,115.3,116.4,22348.0
EASTRNLUB,2015-12-08,410.1,428.7,406.3,417.6,1277.0
USMANIAGL,2016-01-28,87.5,88.0,87.0,87.6,2672.0
CITYGENINS,2010-12-08,610.0,630.0,602.25,621.5,50250.0
BARKAPOWER,2021-07-02,29.2,29.2,27.2,27.5,1151223.0
RANFOUNDRY,2012-12-12,62.0,62.0,62.0,62.0,3000.0
ALPHATOBA,2009-02-12,22.5,22.5,21.1,21.5,150.0
MTBL,2010-10-24,547.25,550.0,541.0,545.0,139300.0
MIDASFIN,2009-12-07,457.0,462.0,445.5,459.5,12500.0
ICBIBANK,2010-03-29,935.0,945.0,927.0,930.0,5520.0
TITASGAS,2010-04-25,680.0,695.0,680.0,688.5,310200.0
RAKCERAMIC,2018-12-27,39.4,39.5,38.8,39.0,184374.0
CONTININS,2010-01-14,450.0,454.0,442.25,449.25,37100.0
STANDBANKL,2017-12-01,12.5,12.6,12.2,12.4,3014180.0
HRTEX,2016-05-22,19.2,19.4,18.4,18.7,71904.0
CONTININS,2023-06-12,33.4,33.4,30.2,30.4,96797.0
FBFIF,2021-06-07,6.4,6.7,6.3,6.6,15156123.0
UNITEDAIR,2010-09-16,450.0,453.75,442.0,443.5,299600.0
PF1STMF,2020-09-23,7.9,8.2,7.7,8.1,1642881.0
ICB,2009-03-05,2124.5,2172.0,2124.5,2146.0,650.0
BDLAMPS,2004-10-05,456.0,456.25,450.5,454.0,330.0
UNITEDINS,2019-12-18,47.2,50.5,47.2,50.2,7077.0
MTBL,2009-03-12,413.25,422.0,410.0,412.75,124950.0
MEGHNACEM,2000-05-28,201.75,202.5,195.0,196.0,51550.0
PRAGATILIF,2021-02-08,99.9,100.8,95.0,96.7,182041.0
PEOPLESINS,2016-08-14,14.2,14.2,14.2,14.2,3732.0
DHAKAINS,2023-08-24,54.3,54.5,53.3,53.6,35509.0
ARAMIT,2019-01-24,420.0,420.0,407.2,408.5,35199.0
MLDYEING,2018-06-12,46.4,47.5,42.5,45.6,3534492.0
DESCO,2016-03-23,50.0,50.1,48.9,49.4,102900.0
PRIMELIFE,2013-12-15,102.0,102.9,101.0,102.2,4850.0
DACCADYE,2011-03-30,73.8,74.6,71.9,72.6,639000.0
STANDARINS,2019-06-16,30.5,30.9,29.8,30.3,110573.0
UNIONCAP,2023-04-25,7.9,7.9,7.6,7.7,333458.0
RDFOOD,2012-08-13,25.9,26.0,24.4,24.6,462400.0
USMANIAGL,2015-09-30,108.3,110.9,108.3,109.4,21967.0
AFTABAUTO,2023-07-20,28.7,28.9,27.5,27.7,274214.0
IPDC,2019-12-23,24.8,25.1,24.8,25.0,738008.0
BENGALWTL,2020-09-01,17.7,18.0,17.1,17.4,102780.0
ACI,2022-09-18,282.6,284.5,278.1,279.3,91864.0
ALLTEX,2006-10-12,57.0,57.25,57.0,57.0,700.0
EHL,2002-05-05,86.0,87.0,86.0,86.5,560.0
QUEENSOUTH,2021-12-22,24.7,24.7,24.3,24.4,137957.0
SANDHANINS,2021-12-22,33.7,33.7,32.7,33.1,251132.0
BSCCL,2020-08-12,135.8,138.7,134.9,135.7,461757.0
BEACONPHAR,2021-12-05,125.9,126.0,123.1,124.1,286332.0
ASIAINS,2024-09-22,33.3,33.7,32.5,32.8,41175.0
SALVOCHEM,2011-03-07,55.0,57.0,54.9,56.1,1128500.0
NORTHRNINS,2014-07-07,34.5,35.0,34.4,34.9,83000.0
NRBCBANK,2022-11-14,17.6,17.6,17.6,17.6,1050.0
PEOPLESINS,2024-03-12,42.5,42.5,40.7,40.9,199081.0
SALEHCARPT,1999-03-06,5.5,5.5,5.4,5.4,19600.0
SUNLIFEINS,2023-05-15,60.7,61.0,58.2,58.5,822166.0
SINGERBD,2016-08-09,191.9,192.0,187.5,189.2,402451.0
ASIAINS,2015-05-04,17.3,17.3,16.9,17.1,12826.0
ALARABANK,2017-09-03,20.0,20.5,20.0,20.1,5039534.0
ECABLES,2006-06-22,163.0,163.5,161.5,162.5,520.0
LIBRAINFU,2018-04-04,551.5,588.7,551.5,588.7,16802.0
POWERGRID,2013-03-20,53.7,54.0,53.5,53.6,15000.0
BBSCABLES,2023-09-13,49.9,49.9,49.9,49.9,458.0
NEWLINE,2024-11-25,12.0,12.5,11.2,11.2,67459.0
NTLTUBES,2015-11-06,93.1,94.5,93.1,93.7,8419.0
IBBLPBOND,2015-11-19,967.5,970.0,967.5,969.5,28.0
PRAGATIINS,2021-08-02,51.3,52.4,48.8,49.1,184441.0
SAPORTL,2014-07-07,23.3,23.8,23.1,23.3,91100.0
LEGACYFOOT,2024-02-08,77.3,80.9,77.3,79.0,357748.0
EASTERNINS,2016-04-27,22.2,23.9,22.2,22.3,66.0
RUNNERAUTO,2021-02-08,64.0,66.3,64.0,65.6,283937.0
HRTEX,2011-03-11,326.0,346.75,321.5,340.75,4600.0
PRIMEINSUR,2015-12-05,16.0,16.1,15.2,15.3,91744.0
GREENDELT,2017-01-17,59.8,63.8,59.4,60.9,40037.0
BENGALWTL,2024-12-05,18.6,18.6,18.0,18.1,295138.0
EHL,2022-04-28,55.0,55.8,54.5,55.4,207107.0
INDEXAGRO,2024-05-09,70.1,72.0,70.0,70.6,29044.0
ORIONPHARM,2015-11-06,40.6,41.0,39.2,39.4,467313.0
KPPL,2016-04-17,11.0,11.0,10.8,10.8,34810.0
LINDEBD,2023-11-23,0.0,0.0,0.0,1397.7,0.0
MITHUNKNIT,2016-12-14,67.7,69.0,67.6,68.7,889390.0
RECKITTBEN,2011-08-02,885.0,940.0,882.0,916.0,1050.0
PF1STMF,2021-09-22,9.7,10.3,9.7,9.8,534438.0
BDLAMPS,2010-01-31,2200.0,2320.0,2200.0,2315.25,6720.0
LAFSURCEML,2005-03-19,505.0,517.75,498.0,510.0,67850.0
PROGRESLIF,2015-01-11,58.0,58.1,58.0,58.0,650.0
EASTRNLUB,2006-09-17,121.0,130.0,121.0,125.5,100.0
POWERGRID,2024-04-17,41.6,41.6,40.0,40.1,82146.0
ICBEPMF1S1,2017-04-18,8.2,8.8,8.0,8.8,4817612.0
SSSTEEL,2021-12-19,20.1,20.3,19.5,19.6,1993881.0
DHAKABANK,2019-07-15,13.6,13.7,13.5,13.5,373528.0
AMCL(PRAN),2023-06-19,260.3,262.7,258.0,259.7,13714.0
SONALIPAPR,2023-01-10,615.1,615.1,615.1,615.1,737.0
SONALILIFE,2023-09-05,80.2,81.8,78.0,79.1,376317.0
NPOLYMAR,2016-03-10,89.0,89.1,86.6,87.2,274775.0
STANCERAM,2008-06-03,115.0,115.0,105.5,108.25,500.0
ECABLES,2008-01-30,540.0,540.0,505.0,517.75,6210.0
ONEBANKLTD,2021-02-24,10.0,10.0,9.9,9.9,677674.0
ISNLTD,2019-02-07,31.7,31.7,31.1,31.2,20495.0
PROVATIINS,2011-08-16,573.25,588.0,571.0,575.0,800.0
IPDC,2009-08-31,390.0,407.0,390.0,391.5,28750.0
APEXADELFT,2000-12-07,280.0,295.0,262.0,288.5,640.0
BDFINANCE,2008-11-02,311.0,330.0,311.0,327.25,45850.0
SANDHANINS,2016-07-13,35.6,35.8,35.6,35.8,12474.0
RENATA,2002-11-16,649.0,649.0,649.0,649.0,55.0
LEGACYFOOT,2013-11-03,18.5,18.9,18.4,18.5,11000.0
PARAMOUNT,2009-01-01,151.0,151.0,147.0,149.0,3400.0
FBFIF,2016-05-06,5.9,5.9,5.9,5.9,2576.0
OLYMPIC,2007-04-12,248.0,248.0,230.0,233.25,6300.0
BDFINANCE,2022-09-07,44.1,44.1,44.1,44.1,6043.0
NILOYCEM,2007-04-06,74.5,74.75,72.25,72.75,3300.0
HRTEX,2012-11-06,29.8,30.4,28.7,29.8,157000.0
BDFINANCE,2022-10-24,44.1,44.1,44.1,44.1,82310.0
FUWANGFOOD,2022-11-23,23.5,23.5,23.5,23.5,301.0
PRIMEBANK,2013-09-01,36.1,36.1,35.2,35.5,246500.0
AMCL(PRAN),2016-06-01,206.0,206.0,201.0,201.7,53044.0
ICB3RDNRB,2012-12-08,4.8,5.0,4.8,4.8,256500.0
SAMORITA,2018-01-10,70.9,71.0,69.4,70.1,16909.0
CONFIDCEM,2008-10-23,339.5,339.5,329.0,335.75,8200.0
ACI,2009-12-21,431.0,438.0,431.0,432.3,56550.0
LAFSURCEML,2015-06-17,121.1,121.4,118.8,119.0,367609.0
PRAGATILIF,2007-11-25,1302.0,1302.0,1250.0,1258.25,5950.0
BEXIMCO,2008-10-20,210.0,225.0,206.0,222.0,1088900.0
UTTARAFIN,2014-08-31,70.0,70.0,67.8,68.1,97700.0
ORIONINFU,2019-10-10,56.3,57.4,55.2,55.4,181845.0
EMERALDOIL,2024-02-13,94.2,94.2,81.7,82.3,1311252.0
SQUARETEXT,2024-09-25,52.6,53.1,51.2,51.7,112138.0
POWERGRID,2006-10-17,210.0,210.0,207.0,209.0,0.0
UTTARAFIN,2017-05-21,57.3,58.2,57.1,58.0,45636.0
SAIHAMTEX,2013-05-27,27.3,28.4,27.2,27.9,229400.0
PURABIGEN,2021-05-05,39.4,39.4,36.7,37.1,3096121.0
VFSTDL,2025-02-12,8.4,9.1,8.4,9.1,1619050.0
KEYACOSMET,2022-07-21,6.7,6.8,6.6,6.6,1854095.0
KAY&QUE,2009-02-03,497.0,500.0,467.0,470.0,8300.0
BGIC,2003-01-27,201.25,203.75,201.0,202.25,120.0
RUPALIINS,2024-09-08,25.1,25.5,24.0,24.1,134689.0
EBL1STMF,2025-03-04,5.0,5.1,4.7,4.8,208255.0
SAPORTL,2011-09-01,172.0,173.9,150.2,157.0,136300.0
METROSPIN,2023-10-11,25.3,25.3,25.3,25.3,255.0
UTTARABANK,2011-09-06,77.0,80.3,76.3,78.4,2120650.0
ASIAPACINS,2022-08-23,47.5,47.5,45.2,45.9,107190.0
GHAIL,2019-04-12,19.9,20.3,19.6,19.7,568577.0
FEKDIL,2022-10-10,20.4,20.7,18.4,18.9,1226939.0
BDFINANCE,2015-06-21,10.0,10.1,9.9,9.9,72544.0
GSPFINANCE,2025-04-07,6.2,6.2,5.8,5.9,98530.0
KPCL,2017-11-20,67.2,67.4,66.8,67.2,865330.0
MONNOCERA,2013-03-04,24.2,25.3,24.2,24.2,3850.0
PEOPLESINS,2017-06-18,20.6,21.5,20.6,21.1,2813.0
BANKASIA,2012-07-22,23.9,24.5,23.8,24.4,114500.0
GENEXIL,2022-11-09,111.0,120.0,107.3,116.0,10851005.0
POWERGRID,2012-02-08,53.0,53.4,52.1,52.6,50500.0
VFSTDL,2024-07-08,14.3,15.2,14.2,15.1,1416927.0
AL-HAJTEX,2023-09-10,178.2,183.1,175.0,179.2,145577.0
RAHIMAFOOD,2011-04-05,528.0,528.0,498.0,516.25,8550.0
KARNAPHULI,2024-06-03,29.9,30.6,29.6,30.5,190201.0
GRAMEENS2,2019-10-03,13.2,13.2,13.1,13.2,287965.0
TALLUSPIN,2022-12-26,10.1,10.1,10.1,10.1,50.0
BDWELDING,2021-05-01,19.8,19.8,19.0,19.1,281719.0
ISLAMIBANK,2024-07-11,32.6,32.6,32.6,32.6,1672.0
SEBL1STMF,2012-05-22,10.1,10.1,9.9,10.0,36000.0
UNITEDFIN,2016-11-07,17.0,17.3,17.0,17.2,19868.0
CENTRALINS,2013-11-14,30.2,31.4,30.2,30.8,8800.0
QUEENSOUTH,2020-10-13,27.1,28.7,27.1,27.6,97287.0
PRIMETEX,2017-09-07,28.5,28.8,28.0,28.1,138907.0
MIRACLEIND,2003-01-21,9.1,9.1,9.0,9.0,30000.0
AMBEEPHA,2007-02-09,51.0,52.0,51.0,51.2,700.0
UNILEVERCL,2022-11-22,2849.0,2849.0,2849.0,2849.0,704.0
MATINSPINN,2019-05-09,36.0,37.0,35.5,36.4,2034.0
FBFIF,2015-09-08,8.6,8.9,8.0,8.7,46918.0
SHASHADNIM,2020-06-10,23.9,24.9,23.5,24.7,346395.0
UNITEDINS,2019-07-30,65.3,73.3,65.2,70.4,572606.0
ASIAINS,2025-01-16,27.4,28.5,27.4,28.2,36934.0
SHAHJABANK,2009-09-11,254.0,265.0,250.0,261.0,321100.0
BDTHAI,2013-09-16,29.0,29.0,27.1,28.3,1069500.0
UNIQUEHRL,2023-01-05,58.3,58.9,57.3,57.5,296930.0
NILOYCEM,2006-12-02,45.5,45.5,45.0,45.25,100.0
PREMIERBAN,2023-01-25,13.3,13.5,13.3,13.3,733757.0
UNITEDFIN,2019-06-13,20.3,21.5,20.3,20.9,1497915.0
SONARGAON,2013-12-24,21.0,21.5,20.5,20.6,192500.0
ZAHEENSPIN,2022-12-01,8.7,9.2,8.7,8.8,156333.0
STANCERAM,2014-08-05,39.5,39.5,38.7,39.1,6500.0
CONFIDCEM,2012-04-06,128.4,128.4,117.3,118.6,190320.0
ALARABANK,2011-03-27,45.1,46.0,42.9,43.7,987500.0
UNIONCAP,2010-06-15,123.0,123.9,118.1,121.5,1702000.0
RELIANCE1,2016-06-16,7.9,8.0,7.9,7.9,23770.0
SINOBANGLA,2013-08-09,20.4,21.0,20.2,20.2,278000.0
PHARMAID,2012-12-18,137.6,139.0,137.6,138.6,11300.0
FLEASEINT,2011-12-13,68.4,71.8,68.0,70.9,101000.0
FLEASEINT,2009-11-19,1060.0,1196.25,1060.0,1168.0,93400.0
PHENIXINS,2015-09-11,22.6,22.7,22.5,22.6,10900.0
BATASHOE,2000-06-12,117.0,117.0,117.0,117.0,200.0
NBL,2018-09-18,9.3,9.4,9.2,9.3,2479668.0
SANDHANINS,2025-03-12,23.9,25.4,22.7,22.9,2950354.0
SAPORTL,2011-08-17,80.5,81.0,78.5,79.1,94500.0
ENVOYTEX,2017-05-11,40.0,40.0,39.5,39.8,11122.0
AGNISYSL,2005-05-09,24.2,24.7,23.8,24.0,25000.0
BNICL,2020-11-29,45.1,47.5,45.1,46.1,1399442.0
SONARGAON,2008-12-10,170.0,170.0,170.0,170.0,500.0
RAHIMTEXT,2008-04-20,427.0,465.0,427.0,451.25,80.0
ADNTEL,2020-12-01,47.2,48.4,42.8,43.7,3126359.0
SUMITPOWER,2023-04-13,34.0,34.0,34.0,34.0,17800.0
ICBAMCL2ND,2024-01-15,8.7,8.7,8.7,8.7,112435.0
KEYACOSMET,2011-11-15,56.4,57.8,50.8,51.3,385500.0
ICB1STNRB,2010-11-08,452.5,471.5,452.5,469.0,9250.0
PROVATIINS,2011-04-17,703.75,703.75,676.0,684.75,2800.0
SUMITPOWER,2012-08-29,63.4,66.5,63.4,65.1,3540000.0
BGIC,2018-01-21,20.7,21.0,20.4,20.9,92554.0
JUTESPINN,2014-02-26,75.0,76.0,73.5,74.4,1750.0
ICBEPMF1S1,2014-05-05,5.7,5.7,5.6,5.6,70500.0
JANATAINS,2009-06-16,746.0,746.0,711.0,716.75,1020.0
APEXADELFT,2002-09-04,166.0,166.0,163.25,164.0,1420.0
BEDL,2013-08-19,37.6,37.6,36.1,37.2,727600.0
ZAHINTEX,2019-08-05,8.3,8.3,8.2,8.3,13675.0
ALARABANK,2016-12-06,12.9,13.0,12.9,12.9,162211.0
FINEFOODS,2012-09-24,29.5,30.0,28.9,29.2,183500.0
MTB,2023-12-03,15.5,15.5,15.5,15.5,192.0
RENATA,2022-10-04,1303.2,1303.2,1303.2,1303.2,370.0
SINGERBD,2003-07-05,1455.0,1455.0,1453.25,1454.25,105.0
RINGSHINE,2021-06-01,6.4,6.4,6.4,6.4,258948.0
PRIMELIFE,2021-12-15,57.9,59.4,57.0,57.3,15049.0
GREENDELMF,2015-06-04,4.1,4.2,4.0,4.0,143282.0
AIBL1STIMF,2019-09-30,6.7,7.0,6.7,6.9,5113.0
OAL,2021-06-04,6.8,6.9,6.8,6.8,141350.0
GOLDENSON,2020-07-14,5.5,5.5,5.5,5.5,8449.0
GLOBALINS,2008-07-14,271.0,272.0,265.0,268.0,8650.0
SOUTHEASTB,2020-03-09,13.4,13.8,13.1,13.6,2794725.0
GP,2010-09-03,338.0,342.9,322.5,324.5,1539400.0
NCCBANK,2001-11-10,232.0,232.0,222.5,223.5,18100.0
RANFOUNDRY,2022-05-24,179.8,179.8,166.0,166.4,30000.0
CBLPBOND,2023-11-05,0.0,0.0,0.0,1037500.0,0.0
RELIANCE1,2015-08-06,7.1,7.2,7.0,7.1,148530.0
CONFIDCEM,2010-03-23,1455.0,1458.0,1390.0,1408.0,62340.0
KDSALTD,2025-03-04,42.6,44.6,42.4,43.8,1645540.0
NFML,2023-01-16,15.0,15.0,15.0,15.0,26311.0
UNIQUEHRL,2019-11-17,48.0,48.9,47.1,48.3,303965.0
EASTLAND,2019-02-10,26.8,27.0,26.5,26.7,203145.0
PREMIERCEM,2023-06-01,57.0,61.5,56.8,59.7,1766558.0
PURABIGEN,2022-11-22,26.9,27.5,26.8,27.2,121032.0
DELTALIFE,2020-09-02,72.2,72.3,70.0,70.1,36895.0
IFIC1STMF,2023-05-14,5.1,5.1,5.1,5.1,100.0
ALAMINCHEM,2009-01-18,4.5,4.5,4.5,4.5,500.0
NRBBANK,2024-09-04,12.1,12.2,12.0,12.1,2287224.0
BESTHLDNG,2024-06-11,29.5,30.2,29.3,29.4,1698529.0
SILCOPHL,2020-02-26,25.4,26.4,25.3,25.9,1322661.0
ABBANK,2013-03-03,29.4,29.5,28.0,28.2,341750.0
SHAHJABANK,2014-11-12,11.6,12.1,11.6,11.9,224918.0
CENTRALINS,2007-12-26,215.0,215.0,215.0,215.0,120.0
SEAPEARL,2022-10-30,164.0,176.9,164.0,173.7,2251183.0
SREEPURTEX,2009-02-22,22.5,24.75,22.5,24.25,1050.0
RELIANCE1,2024-08-21,18.3,18.3,17.7,17.8,425679.0
SQUARETEXT,2002-11-09,26.5,27.1,26.4,26.5,42650.0
BSC,2015-02-04,376.2,379.1,366.0,368.7,13743.0
SOUTHEASTB,2002-04-08,236.0,237.25,232.0,232.25,11200.0
SOUTHEASTB,2005-01-18,613.75,619.75,601.0,612.5,21650.0
SAPORTL,2023-01-09,30.0,30.5,29.9,30.3,1344224.0
SONALIANSH,2022-07-17,466.0,479.9,464.0,471.2,16394.0
RENWICKJA,2009-08-19,788.0,798.75,764.0,767.0,2390.0
POPULAR1MF,2019-03-19,4.3,4.4,4.3,4.3,29100.0
FAREASTLIF,2012-01-19,146.0,147.8,141.6,146.5,43600.0
AL-HAJTEX,2025-02-10,125.0,132.4,125.0,132.4,399015.0
PRIMEBANK,2005-02-04,724.75,724.75,702.0,706.25,31750.0
MAKSONSPIN,2010-07-12,87.8,87.8,81.0,82.1,721500.0
DHAKAINS,2011-06-20,1111.0,1140.0,1105.75,1133.5,2550.0
MIRACLEIND,2022-09-01,34.2,34.8,34.0,34.3,803487.0
EBL,2024-01-23,29.8,32.8,29.8,30.4,466709.0
AGRANINS,2016-03-24,15.3,15.4,15.3,15.3,15306.0
ARAMIT,2010-10-02,594.0,594.9,583.0,584.2,20050.0
JAMUNAOIL,2010-08-25,426.0,429.1,421.0,423.2,246500.0
FIDELASSET,2009-03-09,470.0,475.0,463.0,469.25,85250.0
BDWELDING,2003-01-25,5.9,6.0,5.9,5.9,13500.0
BGIC,2001-06-30,232.0,232.0,227.0,227.5,130.0
MEGHNALIFE,2013-02-18,123.6,124.0,121.0,121.7,81500.0
USMANIAGL,2025-01-12,38.0,38.3,36.0,37.1,2365.0
APOLOISPAT,2018-08-08,12.3,12.4,12.1,12.2,1036193.0
ICBAMCL2ND,2013-11-28,6.0,6.1,5.9,5.9,113000.0
MPETROLEUM,2024-07-09,202.9,203.0,200.0,202.9,21651.0
LANKABAFIN,2023-01-17,26.0,26.0,26.0,26.0,149248.0
NTLTUBES,2003-12-22,719.0,720.0,697.0,703.25,10855.0
MBL1STMF,2021-11-10,8.5,8.5,8.3,8.4,300884.0
KOHINOOR,2017-06-07,410.5,420.0,410.2,419.4,1381.0
UTTARABANK,2006-04-30,1560.0,1560.0,1472.0,1522.75,1735.0
FUWANGFOOD,2010-03-29,69.8,70.2,68.8,69.0,299000.0
FAMILYTEX,2014-07-24,23.2,23.6,23.2,23.3,834000.0
MAKSONSPIN,2010-08-19,74.8,74.8,72.0,72.3,913500.0
COPPERTECH,2023-03-28,36.9,36.9,36.9,36.9,145.0
KBPPWBIL,2021-03-16,8.2,8.2,8.0,8.0,288511.0
SKTRIMS,2019-09-24,44.9,44.9,42.9,43.0,154726.0
BXPHARMA,2011-03-03,105.0,112.3,101.0,110.8,1655950.0
HEIDELBCEM,2005-06-13,694.5,694.5,680.0,687.75,2220.0
BOC,2006-05-25,98.5,98.5,98.0,98.1,1500.0
CONFIDCEM,2022-04-20,111.1,113.5,109.6,112.8,62542.0
AFTABAUTO,2016-08-06,49.0,49.4,48.6,48.6,76624.0
OLYMPIC,2015-03-22,218.2,224.0,218.2,223.6,90674.0
EASTRNLUB,2014-10-09,414.0,427.8,412.2,416.7,3950.0
BRACBANK,2007-03-10,1315.0,1325.0,1280.0,1298.75,64450.0
DSHGARME,2015-09-29,93.0,93.0,88.7,89.3,26809.0
PEOPLESINS,2021-02-15,37.5,38.7,37.3,37.5,272651.0
SONALIPAPR,2023-11-09,615.1,615.1,615.1,615.1,234.0
MITHUNKNIT,2013-02-10,105.0,106.0,102.5,105.1,86600.0
CNATEX,2016-04-10,8.9,9.5,8.9,9.3,6837930.0
JMISMDL,2025-01-30,137.0,139.5,134.0,134.7,70364.0
KAY&QUE,2024-07-10,228.0,235.1,228.0,232.1,47448.0
GREENDELMF,2021-04-26,7.3,7.5,7.3,7.4,288634.0
DESHBANDHU,2011-06-30,67.9,68.5,65.5,66.6,326500.0
PHARMAID,2024-06-26,639.1,660.0,639.0,656.6,18228.0
PUBALIBANK,2023-11-01,27.5,28.0,27.5,28.0,165257.0
PROVATIINS,2016-10-01,13.2,13.5,13.1,13.4,12364.0
ALLTEX,2021-05-19,9.0,9.2,8.5,8.8,182975.0
LIBRAINFU,2021-09-30,910.5,937.9,902.0,932.7,6852.0
EASTERNINS,2022-10-11,51.8,51.8,51.4,51.4,107998.0
IBNSINA,2007-05-29,490.0,493.0,488.0,490.25,100.0
PROGRESLIF,2025-02-09,35.8,36.4,35.8,35.9,3543.0
ISLAMICFIN,2011-03-24,680.0,680.0,650.0,663.0,55150.0
DELTASPINN,2020-12-10,6.9,7.1,6.5,6.9,786768.0
RENATA,2011-08-08,11105.0,11370.0,11105.0,11206.5,110.0
MERCINS,2011-09-28,520.0,529.0,513.5,517.5,19800.0
NITOLINS,2008-04-22,267.0,276.0,265.0,267.75,15500.0
MONNOFABR,2021-06-16,14.6,14.6,14.6,14.6,1735.0
SKICL,2023-04-11,46.1,46.2,46.1,46.1,48261.0
MIRACLEIND,2008-07-17,32.0,32.9,31.5,31.6,111500.0
ARAMITCEM,2024-05-20,18.7,19.7,18.7,19.0,5705.0
KDSALTD,2021-10-28,71.3,73.8,70.7,73.2,411046.0
BDLAMPS,2022-10-06,331.5,345.0,324.0,329.2,205906.0
GRAMEENS2,2008-10-11,49.0,49.8,47.0,49.0,608000.0
BDLAMPS,2006-02-04,601.0,601.0,597.0,598.0,460.0
GQBALLPEN,2007-08-29,98.1,102.9,98.1,99.1,10750.0
BDONLINE,2008-03-04,53.0,54.3,53.0,53.7,171000.0
KPCL,2021-06-21,39.0,40.0,38.6,39.1,933533.0
FAREASTFIN,2023-03-16,5.9,5.9,5.9,5.9,4000.0
SHURWID,2015-04-20,22.1,22.1,20.1,20.3,467095.0
RUPALIBANK,2004-08-06,167.0,170.0,167.0,169.5,1820.0
IFIC,2017-12-01,23.6,24.7,23.5,24.5,6947274.0
FEDERALINS,2025-02-18,17.7,18.0,17.5,17.6,157060.0
ARAMITCEM,2021-08-04,25.9,25.9,24.3,24.7,127996.0
AGRANINS,2010-01-14,515.0,537.0,512.0,530.25,102300.0
APEXSPINN,2006-12-03,250.0,250.0,242.0,248.5,460.0
UTTARAFIN,2005-02-26,1020.0,1025.0,1010.0,1019.25,1350.0
OLYMPIC,2023-02-08,155.0,159.8,153.2,155.6,2342735.0
RAHMANCHEM,2007-09-27,44.0,44.0,44.0,44.0,120.0
MARICO,2013-05-15,387.1,387.1,387.1,387.1,100.0
KBPPWBIL,2018-04-26,16.4,16.5,16.0,16.2,392430.0
ZAHINTEX,2014-12-18,17.0,17.2,16.6,16.8,39483.0
APEXSPINN,2007-08-27,288.0,288.0,286.0,287.0,40.0
FORTUNE,2023-03-13,75.7,75.7,75.7,75.7,24363.0
GP,2016-02-02,256.3,262.0,256.3,261.0,121140.0
NLI1STMF,2013-04-30,9.0,9.0,9.0,9.0,9000.0
DSSL,2017-07-25,23.0,23.2,22.5,22.7,863742.0
ASIAPACINS,2017-11-01,20.5,20.5,19.9,20.4,79870.0
PAPERPROC,2023-10-03,226.8,227.0,223.0,223.2,47997.0
LAFSURCEML,2009-05-04,420.0,423.0,405.75,408.0,59100.0
AAMRATECH,2021-10-27,28.9,29.2,27.5,27.8,250752.0
SEMLLECMF,2024-11-12,6.3,6.4,6.1,6.2,280082.0
MEGCONMILK,2008-11-16,7.3,8.6,7.2,8.4,121000.0
RUPALIINS,2013-07-10,32.6,32.7,31.8,31.9,50400.0
BSRMLTD,2021-08-02,67.5,68.7,64.1,64.6,173295.0
NPOLYMAR,2011-02-24,603.0,606.25,578.0,589.75,890.0
LAFSURCEML,2009-12-22,500.0,510.75,500.0,506.75,42200.0
IBP,2022-08-30,18.3,19.8,18.2,19.6,7361138.0
RECKITTBEN,2010-04-20,2050.0,2050.0,1948.0,1948.6,1700.0
EBL,2009-06-30,415.0,443.0,415.0,435.75,19980.0
FUWANGCER,2022-10-30,17.4,17.4,17.4,17.4,1122.0
LIBRAINFU,2022-11-08,883.6,883.6,883.6,883.6,8.0
CAPMIBBLMF,2024-08-15,10.5,10.6,10.3,10.4,83971.0
PURABIGEN,2022-12-28,28.0,29.5,28.0,28.2,331597.0
BATASHOE,2001-06-11,114.9,116.0,114.0,115.6,5400.0
STANDBANKL,2017-11-27,15.6,16.3,15.5,16.1,12828941.0
APEXFOODS,2019-06-11,124.0,131.5,124.0,129.3,25892.0
TAMIJTEX,2023-11-27,0.0,0.0,0.0,178.3,0.0
ISNLTD,2008-10-26,37.9,37.9,34.6,34.7,254500.0
SAMATALETH,2016-09-06,27.1,27.1,27.1,27.1,510.0
MODERNIND,2009-09-09,225.0,229.0,225.0,227.5,150.0
BSCCL,2018-01-14,106.0,108.5,106.0,107.3,65706.0
DHAKABANK,2001-10-18,368.0,370.0,366.0,369.0,1850.0
ALLTEX,2009-07-20,119.5,119.5,115.0,116.25,18150.0
PRIMEBANK,2011-10-04,41.7,42.2,41.1,41.2,935500.0
CITYBANK,2021-01-06,27.5,27.9,26.8,27.2,2931129.0
NORTHRNINS,2020-01-28,23.8,24.3,23.6,23.9,752646.0
MIRACLEIND,2018-08-04,39.5,41.5,39.5,41.3,1122069.0
NBL,1999-06-29,58.25,59.0,57.25,58.25,740.0
BDWELDING,2023-09-21,22.2,22.4,22.1,22.2,97911.0
BBS,2023-07-03,21.6,21.6,21.6,21.6,4897.0
BENGALWTL,2023-11-22,23.5,25.3,23.5,24.8,923078.0
BNICL,2024-03-03,53.2,53.9,52.3,52.7,65237.0
AFTABAUTO,2019-11-28,26.6,26.6,25.9,26.3,198115.0
LRGLOBMF1,2021-10-14,9.0,9.1,9.0,9.0,897020.0
ISNLTD,2003-09-25,12.4,12.4,12.3,12.3,11000.0
GLOBALINS,2015-05-25,15.5,17.1,15.5,16.9,37393.0
DUTCHBANGL,2023-04-30,62.6,62.6,62.6,62.6,13510.0
UNITEDAIR,2018-07-24,3.5,3.6,3.4,3.4,1498587.0
ICB,2013-05-19,1400.0,1440.0,1400.0,1421.0,3750.0
OLYMPIC,2013-03-24,100.0,101.5,98.1,99.3,593500.0
DHAKAINS,2024-02-14,52.3,52.9,52.1,52.2,88952.0
SONALILIFE,2022-05-06,56.2,56.9,54.8,56.0,95590.0
BIFC,2022-02-06,7.0,7.0,6.7,6.7,13448.0
PRAGATILIF,2024-01-24,105.5,108.0,105.1,106.0,177325.0
KDSALTD,2021-02-23,43.9,43.9,42.7,43.4,31586.0
BXSYNTH,2016-05-29,6.5,6.7,6.5,6.6,59131.0
DHAKAINS,2016-03-04,17.5,17.5,17.5,17.5,5550.0
MBL1STMF,2023-03-21,6.6,6.6,6.6,6.6,2138.0
KEYACOSMET,2001-12-29,17.2,17.2,17.0,17.1,365500.0
MEGHNACEM,2011-03-08,210.8,221.6,209.0,220.2,50700.0
CONTININS,2023-09-27,46.5,47.0,45.5,46.2,710323.0
NPOLYMAR,2021-06-29,56.1,56.5,55.1,55.3,753675.0
DESCO,2009-12-30,1527.0,1530.0,1504.0,1505.75,63950.0
GREENDELT,2019-09-29,60.0,60.0,57.7,58.2,515.0
ICBAMCL1ST,2007-05-09,330.0,338.75,330.0,335.25,3100.0
RUPALIINS,2024-02-15,35.0,36.2,34.6,35.3,503510.0
FUWANGCER,2010-09-03,419.0,420.0,400.0,401.75,119550.0
BPPL,2024-06-11,12.8,13.2,12.8,13.0,179929.0
CITYBANK,2005-04-25,701.25,705.0,690.0,698.5,1800.0
UPGDCL,2024-04-29,132.8,132.8,126.5,126.6,31822.0
SPCERAMICS,2012-12-11,26.0,26.5,25.0,25.2,224100.0
DHAKAINS,2013-09-26,42.2,43.0,42.1,42.7,114500.0
GEMINISEA,2023-11-29,601.0,625.0,601.0,615.4,88108.0
BIFC,2023-08-23,0.0,0.0,0.0,9.5,0.0
ICBAMCL1ST,2010-04-05,505.0,506.5,502.5,504.5,2200.0
BATBC,2022-11-03,518.7,518.7,518.7,518.7,9922.0
ISLAMIBANK,2005-09-29,4678.0,4680.0,4651.0,4660.25,624.0
